,BHK,Price,Area,Location,Bathrooms,Balcony,Facing,Floor,Total Floors,Store_Room,Study_Room,Pooja_Room,Servant_Room,Others_Room,Property_Age_Years,Area_Type_Encoded,Furnishing_Level_Code,Facility_Premium,Lift,Maintenance,WaterStorage,VaastuCompliant,FireSecurity,VisitorParking,Intercom,Park,AiryRooms,Gym,Overlook_Pool,Overlook_Club,LogPrice
0,3,5000000.0,1059.0,"Haridevpur, Putiary, Kolkata",2,2,Missing,4.0,4.0,0,0,0,0,0,7.5,0,0,3,1,1,1,0,1,0,1,0,1,0,0,0,15.424948670398354
1,3,7700000.0,2370.0,"BataNagar, Kolkata",2,2,Missing,14.0,14.0,1,0,0,0,0,7.5,2,2,6,1,1,0,0,0,1,0,0,1,0,0,0,15.856731016694035
2,3,5100000.0,1350.0,"Diamond Park, Joka",2,2,South,4.0,4.0,0,0,1,0,0,7.5,0,1,0,1,0,0,0,0,0,0,0,1,0,0,0,15.444751293772967
3,2,12500000.0,1175.0,"Kasba, Kolkata",2,0,Missing,4.0,5.0,0,0,0,0,0,7.5,2,0,0,0,0,0,0,0,0,0,0,0,0,0,0,16.341239282272525
4,2,12200000.0,879.0,"New Town, Kolkata",2,2,Missing,6.0,9.0,0,0,0,0,0,7.5,1,1,0,0,0,0,0,0,0,0,0,0,0,0,0,16.316946591670696
5,1,2500000.0,402.0,"Belur, Howrah",1,1,Missing,3.0,4.0,0,0,0,0,0,0.5,1,0,3,1,0,1,1,1,1,1,1,1,0,0,0,14.731801689838349
6,3,6800000.0,1305.0,"BataNagar, Kolkata",2,2,South-East,6.0,14.0,0,0,0,0,0,7.5,1,1,4,1,0,0,1,1,0,1,1,0,1,0,0,15.732433317205148
7,2,3400000.0,1086.0,"Konnagar, Hooghly",2,3,South-East,1.0,11.0,0,0,0,0,0,12.5,1,1,0,1,0,0,0,0,0,0,0,0,0,0,0,15.039286283703994
8,3,9000000.0,1150.0,"Rajarhat, Kolkata",2,3,South,5.0,14.0,0,1,1,0,0,-1.42,2,0,8,1,1,1,1,1,1,1,1,1,1,0,0,16.012735246411598
9,3,6600000.0,1022.0,"Belur, Howrah",3,2,Missing,3.0,4.0,0,0,0,0,0,0.5,1,0,3,1,1,1,1,1,1,1,1,0,0,0,0,15.702580358511794
10,4,9000000.0,1700.0,"Chiriamore, BT Road",3,1,South-East,1.0,4.0,0,1,0,0,0,12.5,2,1,0,1,0,1,0,0,0,0,0,0,0,0,0,16.012735246411598
11,2,3500000.0,654.0,"Belur, Howrah",2,1,Missing,3.0,4.0,0,0,0,0,0,0.5,1,0,3,1,0,1,1,1,1,0,1,1,0,0,0,15.068273812173887
12,2,5500000.0,860.0,"Joka, Kolkata South",2,2,Missing,11.0,13.0,0,0,0,0,0,0.5,2,0,0,1,1,1,1,1,1,1,1,0,0,0,0,15.520258832020865
13,2,3500000.0,950.0,"Haridevpur, Putiary, Kolkata",2,1,West,3.0,3.0,0,0,0,0,0,0.5,2,0,0,1,0,1,0,0,0,0,0,0,0,0,0,15.068273812173887
14,3,15000000.0,1457.0,"New Town, Kolkata",3,2,Missing,9.0,9.0,0,0,0,0,0,3.0,2,1,4,1,1,1,0,1,0,0,1,1,1,0,0,16.52356082573315
15,2,5200000.0,515.0,"Joka, Kolkata South",2,1,North-East,11.0,12.0,0,0,0,0,0,0.5,0,2,5,1,1,1,1,1,1,1,1,1,1,0,0,15.46416937585933
16,3,6000000.0,1223.0,"Kaikhali, VIP Road",2,2,South-East,4.0,4.0,0,0,0,0,0,7.5,0,2,0,1,1,0,0,0,0,0,0,0,0,0,0,15.607270193858982
17,3,4000000.0,1101.0,"Barasat, Kolkata North",2,2,South-East,4.0,4.0,1,0,0,0,0,3.0,2,1,4,1,0,0,1,0,0,0,1,1,1,0,0,15.201805169084134
18,2,4200000.0,840.0,"Barrackpore, Kolkata",2,2,South-East,3.0,14.0,0,0,0,0,0,3.0,1,0,5,1,1,1,1,1,1,1,1,1,1,0,0,15.250595321348806
19,3,23000000.0,1458.0,"Prce Anwar Shah Rd, Kolkata",2,2,North-East,19.0,35.0,0,0,0,1,0,12.5,0,2,3,1,0,0,0,0,0,1,0,1,1,0,0,16.951004817371683
20,3,5500000.0,1175.0,"Khardah, BT Road",2,2,South-East,10.0,14.0,0,0,0,0,0,3.0,2,0,0,1,1,0,0,0,0,1,1,0,0,0,0,15.520258832020865
21,4,9250000.0,1850.0,"Lake Town, Kolkata",3,2,Missing,4.0,5.0,0,0,0,0,0,12.5,1,2,0,0,0,0,0,0,0,0,0,0,0,0,0,16.04013421759671
22,3,5200000.0,1185.0,"Kamalgazi, Southern Bypass",2,1,South,2.0,4.0,0,0,0,0,0,0.5,2,0,1,1,1,0,0,0,0,0,1,0,1,0,0,15.46416937585933
23,4,10000000.0,1700.0,"Bansdroni, Kolkata",3,1,Missing,3.0,4.0,0,0,0,0,0,7.5,2,0,0,0,0,0,0,0,0,0,0,0,0,0,0,16.118095750958314
24,3,15000000.0,1587.0,"Alipore, Kolkata",2,1,Missing,4.0,5.0,0,0,0,0,0,12.5,0,0,0,0,0,0,0,0,0,0,0,0,0,0,0,16.52356082573315
25,2,5000000.0,820.0,"Garia, Kolkata",2,1,West,2.0,4.0,0,0,0,0,0,3.0,0,0,0,0,1,1,0,0,1,0,0,0,0,0,0,15.424948670398354
26,3,5400000.0,1250.0,"Ashokgarh, BT Road",2,2,West,1.0,4.0,0,0,0,0,0,12.5,2,0,0,0,0,1,0,0,0,0,0,0,0,0,0,15.501909696719672
27,3,7300000.0,1289.0,"Barasat, Kolkata North",2,2,South-East,11.0,11.0,0,0,1,0,0,3.0,2,0,3,1,1,0,0,0,0,1,1,1,1,0,0,15.803385043104912
28,2,2600000.0,695.0,"Panchpota, Kolkata",1,1,West,1.0,4.0,0,0,0,0,0,0.5,2,0,0,0,0,0,0,0,0,0,0,0,0,0,0,14.77102238760702
29,3,15000000.0,1483.0,"Phoolbagan, Kankurgachi",3,1,Missing,4.0,4.0,0,0,0,0,0,12.5,0,2,0,0,0,0,0,0,0,0,0,0,0,0,0,16.52356082573315
30,4,9500000.0,1800.0,"Belgharia, BT Road",4,3,Missing,6.0,6.0,0,0,0,0,0,3.0,1,0,0,0,0,0,0,0,0,0,0,0,0,0,0,16.066802461833923
31,2,6000000.0,952.0,"Joka, Kolkata South",2,2,Missing,11.0,23.0,0,0,0,0,0,-2.42,2,0,3,1,0,0,0,0,0,1,1,0,1,0,0,15.607270193858982
32,3,7000000.0,1261.0,"Madhyamgram, Kolkata",2,2,Missing,4.0,7.0,0,0,0,0,0,-2.17,2,0,0,1,0,0,0,0,0,1,0,0,1,0,0,15.76142084987672
33,3,9500000.0,1206.0,"Kalikapur, Kolkata",2,1,Missing,1.0,3.0,0,0,0,0,0,12.5,1,0,0,0,0,0,0,0,0,0,0,0,0,0,0,16.066802461833923
34,3,13000000.0,2000.0,"Behala Chowrasta, Kolkata",3,3,Missing,4.0,4.0,0,0,0,0,0,12.5,2,1,0,0,0,0,0,0,0,0,0,0,0,0,0,16.380459992348886
35,2,4200000.0,950.0,"Sakher Bazar, Barisha",2,1,North-East,2.0,3.0,0,0,0,0,0,7.5,2,0,1,0,1,1,1,0,0,0,0,0,0,0,0,15.250595321348806
36,2,3200000.0,749.0,"Rajpur, Southern Bypass",2,1,Missing,2.0,4.0,0,0,0,0,0,3.0,2,0,0,0,0,0,0,0,0,0,0,0,0,0,0,14.978661680269907
37,2,2800000.0,863.0,"Boral, Kolkata",2,1,South-West,3.0,3.0,0,0,0,0,0,7.5,2,0,0,0,0,1,0,0,1,0,0,0,0,0,0,14.845130332288226
38,6,16000000.0,2640.0,"Shreebhumi, Kolkata",4,2,Missing,3.0,5.0,0,0,0,0,0,7.5,0,2,2,1,0,0,0,0,0,0,0,1,0,0,0,16.588099342704055
39,2,5700000.0,965.0,"Rajarhat, Kolkata",2,1,West,3.0,12.0,0,0,0,0,0,0.5,2,0,3,1,0,1,0,1,0,1,1,1,1,0,0,15.555976908243359
40,3,5000000.0,1498.0,"Madhyamgram, Kolkata",2,3,North,5.0,5.0,0,0,0,0,0,12.5,1,2,3,1,1,1,0,1,0,1,0,1,0,0,0,15.424948670398354
41,2,5000000.0,999.0,"East Rajapur, Santoshpur",2,1,Missing,1.0,5.0,0,0,0,0,0,12.5,2,0,0,1,0,0,0,1,0,0,0,0,0,0,0,15.424948670398354
42,4,5800000.0,1310.0,"Madhyamgram, Kolkata",2,2,South,7.0,7.0,0,1,0,0,0,7.5,2,2,5,1,1,0,1,0,0,1,1,0,1,0,0,15.573368647930426
43,3,6800000.0,1390.0,"Madhyamgram, Kolkata",2,1,East,1.0,4.0,0,1,1,0,0,3.0,2,0,7,1,1,1,1,0,1,1,1,1,1,0,0,15.732433317205148
44,2,4500000.0,913.0,"East Kodalia, New Barrakpur, Kolkata",2,1,West,4.0,4.0,0,0,0,0,0,3.0,2,0,0,1,1,0,0,1,1,0,1,0,0,0,0,15.319588176962746
45,2,6200000.0,1620.0,"Nitai Nagar, Mukundapur",2,1,South-East,2.0,4.0,0,0,0,0,0,12.5,2,2,0,0,0,1,1,0,0,0,0,0,0,0,0,15.64006001130563
46,3,14000000.0,1643.0,"New Town, Kolkata",3,1,West,7.0,7.0,0,0,0,1,0,3.0,2,2,5,1,1,1,0,1,1,1,1,1,1,0,0,16.454567959008102
47,3,5500000.0,1427.0,"Rajarhat, Kolkata",2,1,Missing,4.0,4.0,0,0,1,0,0,12.5,2,2,4,1,1,1,0,0,1,0,1,1,1,0,0,15.520258832020865
48,3,8800000.0,1850.0,"Dobson Road Ganges, Howrah",2,0,Missing,10.0,10.0,0,0,0,0,0,12.5,0,1,0,0,0,0,0,0,0,0,0,0,0,0,0,15.990262393084793
49,2,11200000.000000002,1195.0,"Tollygunge, Kolkata",2,1,Missing,4.0,4.0,0,0,0,0,0,12.5,1,1,3,1,1,1,0,1,1,0,1,0,1,0,0,16.231424425551033
50,3,7700000.0,812.0,"Rajarhat, Kolkata",2,1,South,18.0,27.0,0,0,0,0,0,-2.42,1,0,3,1,0,0,0,0,0,1,1,0,1,0,0,15.856731016694035
52,2,7000000.0,1090.0,"Bally, Howrah",2,1,Missing,2.0,9.0,0,0,0,0,0,0.5,0,2,0,0,1,0,0,0,0,0,0,0,0,0,0,15.76142084987672
53,3,6100000.0,1500.0,"Madhyamgram, Kolkata",2,2,Missing,2.0,5.0,0,0,0,0,0,7.5,2,1,4,1,1,1,1,1,1,1,1,0,1,0,0,15.623799493077952
54,3,4200000.0,1236.0,"Maheshtala, Kolkata",2,1,East,9.0,15.0,0,0,1,0,0,7.5,2,1,6,1,1,1,1,1,1,0,1,1,1,0,0,15.250595321348806
55,2,9600000.0,926.0,"New Town, Kolkata",2,2,East,5.0,6.0,0,0,0,0,0,3.0,2,0,1,1,0,0,0,0,0,1,1,0,0,0,0,16.077273760604726
56,3,6300000.0,1500.0,"Santragachi, Ramrajatala, Ramrajtala, Howrah",2,2,North-East,1.0,5.0,0,1,1,0,0,3.0,1,2,0,1,0,1,0,0,1,0,0,0,0,0,0,15.656060350091908
57,2,4000000.0,1030.0,"Baguiati, Kolkata",2,2,Missing,5.0,5.0,0,0,0,0,0,7.5,2,2,5,1,1,1,0,1,1,0,1,1,1,0,0,15.201805169084134
58,2,11500000.0,1075.0,"Alipore, Kolkata",2,1,Missing,7.0,15.0,0,0,0,0,0,12.5,0,2,3,0,1,0,0,1,1,0,0,0,1,0,0,16.257857680289998
60,3,7750000.0,1253.0,"Sodepur, Kolkata North",2,2,West,3.0,21.0,0,0,0,0,0,-0.67,2,0,4,1,1,0,1,0,0,1,1,0,1,0,0,15.86320353036178
61,3,7000000.0,1306.0,"Behala, Kolkata",2,2,East,11.0,12.0,0,1,0,0,0,3.0,2,1,6,1,0,0,0,0,0,0,1,1,1,0,0,15.76142084987672
62,2,9200000.0,1291.0,"Santragachi, Howrah",2,1,South,5.0,10.0,1,1,1,0,0,3.0,0,1,2,1,1,1,1,1,1,1,1,0,0,0,0,16.034714150714915
63,3,15600000.0,2113.0,"Action Area 3, Kolkata",4,2,North-East,11.0,28.0,0,0,0,1,0,7.5,2,2,7,1,1,1,0,1,1,1,1,1,1,0,0,16.562781536322326
64,2,3050000.0,764.0,"Nager Bazar, Jessore Road",2,1,Missing,2.0,5.0,0,0,0,0,0,7.5,1,0,0,0,0,0,0,0,0,0,0,0,0,0,0,14.930652476452392
65,3,11000000.0,980.0,"BB Block Sector 1 Salt Lake, Kolkata",2,2,South-West,2.0,4.0,0,0,0,0,0,12.5,0,0,0,0,0,1,0,0,0,0,0,0,0,0,0,16.213405921671733
66,3,5715000.0,1270.0,"Nayabad, Kolkata",2,1,South-West,3.0,3.0,0,0,1,0,0,7.5,1,2,0,1,0,1,0,1,1,0,0,0,0,0,0,15.55860503018916
67,1,4700000.0,550.0,"Lake Market, Sarat Bose Road",1,0,East,1.0,3.0,0,0,0,0,0,12.5,1,0,0,0,0,0,1,0,0,0,1,0,0,0,0,15.363073279446223
68,3,8000000.0,1000.0,"Manicktala, Kolkata North",2,1,Missing,2.0,4.0,0,0,0,0,0,7.5,0,0,0,1,0,0,0,1,0,0,0,0,0,0,0,15.894952224644102
69,2,2650000.0,712.0,"BataNagar, Kolkata",2,1,South,8.0,14.0,0,0,0,0,0,7.5,2,2,2,1,1,1,1,1,1,1,1,0,1,0,0,14.790070575320824
70,2,5500000.0,850.0,"Mahamayatala, Garia",2,1,East,3.0,4.0,0,0,0,0,0,7.5,1,2,0,1,1,1,0,1,1,1,1,0,0,0,0,15.520258832020865
71,2,3500000.0,750.0,"Bara Nagar, Kolkata",2,1,West,2.0,3.0,0,0,0,0,0,12.5,0,1,0,0,0,1,0,0,0,0,0,0,0,0,0,15.068273812173887
72,3,7000000.0,1048.0,"Bablatala, Rajarhat",2,1,North,3.0,6.0,0,0,0,0,0,7.5,2,2,0,1,1,1,0,1,1,0,1,0,0,0,0,15.76142084987672
73,3,6000000.0,1750.0,"Sodepur, Kolkata North",3,2,South,4.0,4.0,0,0,1,0,0,12.5,0,0,1,1,0,1,0,0,0,0,0,1,0,0,0,15.607270193858982
74,2,5100000.0,880.0,"Garia, Kolkata",2,1,South,2.0,5.0,0,0,0,0,0,12.5,0,1,5,1,1,0,1,1,1,1,1,0,1,0,0,15.444751293772967
75,4,16000000.0,1995.0,"New Town, Kolkata",3,1,North-East,6.0,6.0,0,0,0,1,0,7.5,2,2,6,1,1,1,1,1,1,1,1,1,1,0,0,16.588099342704055
76,2,2700000.0,720.0,"Biren Roy Road, Kolkata",2,1,South,2.0,3.0,0,0,0,0,0,3.0,2,1,0,1,0,0,0,0,0,0,0,0,0,0,0,14.80876270134486
77,3,7000000.0,1050.0,"Haltu, Kolkata",3,1,South-East,1.0,4.0,0,0,0,0,0,12.5,2,1,0,0,1,1,0,0,0,0,0,0,0,0,0,15.76142084987672
78,2,3600000.0,850.0,"Behala, Kolkata",2,1,West,2.0,4.0,1,0,0,0,0,7.5,2,2,2,1,0,1,1,0,0,0,0,1,0,0,0,15.096444681204078
79,2,3400000.0,720.0,"Bangur, Lake Town",2,1,Missing,3.0,5.0,0,0,0,0,0,12.5,0,0,0,0,0,0,0,0,0,0,0,0,0,0,0,15.039286283703994
80,2,4600000.0,905.0,"Narendrapur, Kolkata",2,1,Missing,1.0,5.0,0,0,0,0,0,0.5,2,0,0,0,0,0,0,0,0,0,0,0,0,0,0,15.341567078850604
81,2,5200000.0,897.0,"Rajarhat, Kolkata",2,0,West,12.0,12.0,0,0,0,0,0,7.5,0,2,3,1,1,1,1,1,0,1,1,0,1,0,0,15.46416937585933
82,3,6200000.0,900.0,"Action Area 3, Kolkata",2,1,East,1.0,14.0,0,0,0,0,0,7.5,0,2,5,1,1,1,1,1,1,0,1,1,1,0,0,15.64006001130563
83,2,8000000.0,970.0,"New Town, Kolkata",2,1,Missing,4.0,4.0,0,0,0,0,0,3.0,2,2,4,1,0,0,0,0,1,0,1,0,1,0,0,15.894952224644102
84,2,4000000.0,750.0,"Rajarhat, Kolkata",2,1,North-East,4.0,4.0,0,0,0,0,0,3.0,1,2,5,1,1,1,1,1,1,1,1,1,1,0,0,15.201805169084134
85,2,4850000.0,950.0,"Sakher Bazar, Barisha",2,1,North,2.0,4.0,0,0,0,0,0,7.5,2,0,0,1,1,0,0,0,0,0,0,0,0,0,0,15.394489469099211
86,3,5100000.0,1220.0,"Dum Dum Cantt, South Dumdum",2,2,West,2.0,4.0,0,0,0,0,0,0.5,2,0,0,1,0,1,1,0,0,0,0,0,0,0,0,15.444751293772967
87,3,8000000.0,1215.0,"Joka, Kolkata South",2,1,Missing,6.0,11.0,0,0,0,0,0,3.0,2,0,5,1,1,0,0,0,0,1,0,1,1,0,0,15.894952224644102
88,3,8000000.0,1790.0,"Maheshtala, Kolkata",3,3,South-East,8.0,28.0,0,0,0,0,0,3.0,2,1,0,0,1,0,0,0,1,1,0,0,0,0,0,15.894952224644102
89,3,7500000.0,1353.0,"Char Park, Kolkata",2,1,South-East,1.0,5.0,0,0,0,0,0,3.0,0,1,0,1,1,1,0,1,1,1,1,0,0,0,0,15.830413711839864
90,2,2500000.0,840.0,"Chsurah, Hooghly",2,1,East,3.0,3.0,0,0,0,0,0,12.5,0,0,0,0,0,0,0,0,0,0,0,1,0,0,0,14.731801689838349
91,2,3000000.0,900.0,"Dum Dum, Kolkata",1,1,Missing,3.0,4.0,0,0,0,0,0,7.5,2,0,0,0,0,0,0,0,0,0,0,0,0,0,0,14.914123179965662
92,3,5400000.0,1274.0,"Barrackpore, Kolkata",2,2,Missing,2.0,4.0,0,0,0,0,0,3.0,2,2,7,1,0,1,1,1,1,1,1,1,1,0,0,15.501909696719672
93,3,19000000.0,2079.0,"Garia, Kolkata",3,2,Missing,7.0,18.0,0,0,0,1,0,12.5,2,0,0,1,0,0,0,1,1,0,0,0,0,0,0,16.759949589762293
94,2,14000000.0,1235.0,"Ballygunge, Kolkata",2,1,North,2.0,5.0,0,0,0,0,0,3.0,2,1,4,1,1,1,0,1,0,0,1,0,0,0,0,16.454567959008102
95,2,3000000.0,876.0,"Daksh Jagatdal, Narendrapur",2,1,Missing,2.0,3.0,0,0,0,0,0,0.5,2,0,0,1,0,0,0,0,0,0,0,0,0,0,0,14.914123179965662
96,3,13000000.0,1660.0,"Bablatala, Rajarhat",2,1,North,6.0,12.0,0,0,0,1,0,7.5,1,2,5,1,1,1,1,1,1,1,1,0,1,0,0,16.380459992348886
97,2,4000000.0,1010.0,"Narendrapur, Kolkata",2,1,North-East,2.0,4.0,0,0,0,0,0,3.0,2,0,2,1,1,1,1,0,0,1,1,0,1,0,0,15.201805169084134
98,2,3000000.0,780.0,"Baguiati, Kolkata",1,0,Missing,,,0,0,0,0,0,12.5,2,0,0,0,0,0,0,0,0,0,0,0,0,0,0,14.914123179965662
99,2,2000000.0,712.0,"Maheshtala, Kolkata",2,1,East,11.0,14.0,0,1,0,0,0,3.0,1,1,4,1,1,1,1,1,0,1,1,1,1,0,0,14.508658238524095
100,3,8000000.0,1245.0,"Dum Dum, Kolkata",2,1,South,2.0,4.0,0,0,0,0,0,12.5,2,0,5,1,1,1,0,1,0,0,1,1,1,0,0,15.894952224644102
101,2,2300000.0,759.0,"Madhyamgram, Kolkata",2,1,West,,,0,0,0,0,0,0.5,2,0,0,1,0,1,0,0,1,0,0,0,0,0,0,14.648420115681892
102,2,3825000.0,850.0,"Jagacha, Howrah",2,1,Missing,2.0,4.0,0,0,1,0,0,0.5,2,0,0,0,0,0,0,0,0,0,0,0,0,0,0,15.157069286680647
103,3,6200000.0,1057.0,"Rajarhat, Kolkata",2,2,North-East,2.0,4.0,0,0,0,0,0,7.5,2,2,6,1,1,0,1,1,1,1,1,1,1,0,1,15.64006001130563
104,3,6500000.0,1220.0,"EM Bypass, Kolkata South",2,1,South-West,3.0,3.0,0,0,0,0,0,12.5,2,1,4,1,0,1,0,1,0,1,0,1,0,0,0,15.687312888712007
105,3,29000000.0,1677.0,"Mukundapur, Kolkata",3,2,East,20.0,46.0,0,0,0,0,0,0.5,0,0,2,1,1,1,1,1,1,1,1,0,1,0,0,17.182806422433504
106,2,2300000.0,840.0,"Sheoraphuli, Hooghly",2,1,North-East,1.0,5.0,0,0,0,0,0,7.5,1,1,0,1,0,1,1,0,0,0,0,0,0,0,0,14.648420115681892
107,3,6400000.0,1223.0,"Rajarhat, Kolkata",2,1,South,2.0,4.0,0,0,0,0,0,7.5,2,0,4,0,0,0,0,0,0,0,0,1,1,0,0,15.671808704579888
108,3,8000000.0,1245.0,"Dum Dum, Kolkata",2,1,South,2.0,4.0,0,0,0,0,0,12.5,0,0,4,1,1,0,0,0,0,0,1,0,1,0,0,15.894952224644102
109,3,33000000.0,2081.0,"Mukundapur, Kolkata",4,2,Missing,34.0,46.0,0,0,0,0,0,0.5,2,0,3,1,0,0,1,0,0,1,1,0,1,0,0,17.312018149733785
110,2,3900000.0,920.0,"Madhyamgram, Kolkata",2,1,North,3.0,4.0,0,0,0,0,0,-0.5,2,0,3,1,1,1,1,1,1,1,1,0,1,0,0,15.176487367510099
111,4,13000000.0,1750.0,"Garia, Kolkata",3,2,South,,,0,0,0,0,0,0.5,2,0,2,1,0,0,0,0,0,1,1,0,1,0,0,16.380459992348886
112,2,8600000.0,680.0,"EM Bypass, Kolkata South",2,1,South-East,11.0,18.0,0,0,0,0,0,0.5,0,0,3,1,1,1,1,1,1,1,1,0,1,0,0,15.967272877502799
113,2,9000000.0,954.0,"Rajarhat, Kolkata",2,1,Missing,22.0,23.0,0,0,0,0,0,0.5,1,0,3,1,0,0,1,1,1,0,0,0,1,0,0,16.012735246411598
114,2,11500000.0,1068.0,"Tollygunge Phari, Kolkata",2,1,North,4.0,16.0,0,0,0,0,0,12.5,1,0,2,1,1,1,1,1,1,0,1,0,0,0,0,16.257857680289998
115,3,4700000.0,1120.0,"Garia, Kolkata",2,1,East,1.0,8.0,0,0,0,0,0,3.0,2,0,4,1,1,1,0,1,0,1,1,0,1,0,0,15.363073279446223
116,2,4000000.0,805.0,"Garia, Kolkata",2,1,North-West,4.0,4.0,0,0,0,0,0,7.5,0,1,0,1,1,1,0,1,0,1,0,0,0,0,0,15.201805169084134
117,3,30000000.0,2400.0,"Ashoka Road, Alipore",3,2,North,1.0,4.0,0,1,0,0,0,12.5,2,1,3,1,0,1,1,1,0,0,0,1,0,0,0,17.216707972959764
118,2,5500000.0,831.0,"Rajarhat, Kolkata",2,1,South,10.0,13.0,0,0,0,0,0,7.5,2,0,2,1,0,0,0,0,1,0,1,1,1,0,0,15.520258832020865
119,2,14900000.0,1350.0,"Ballygunge Place, Kolkata",2,1,Missing,2.0,11.0,0,0,0,0,0,12.5,2,2,4,1,0,1,1,1,0,0,0,1,0,0,0,16.51687183802978
120,2,8000000.0,830.0,"Chetla, Kolkata",2,1,South,1.0,4.0,0,0,0,0,0,12.5,2,2,0,1,0,1,0,1,0,0,0,0,0,0,0,15.894952224644102
121,4,20000000.0,2000.0,"Ballygunge, Kolkata",4,3,North,1.0,10.0,0,0,0,0,0,12.5,2,2,3,0,1,0,0,1,0,0,0,0,0,0,0,16.811242881518265
122,3,6000000.0,1227.0,"Nayabad, Kolkata",2,1,South-East,3.0,4.0,0,0,0,0,0,3.0,2,1,0,1,0,0,0,0,0,0,1,0,0,0,0,15.607270193858982
123,3,6200000.0,1277.0,"Madhyamgram, Kolkata",2,1,North-West,4.0,7.0,0,0,0,0,0,3.0,2,0,3,1,1,1,0,1,1,1,0,0,1,0,0,15.64006001130563
124,2,4200000.0,1058.0,"Bablatala, Rajarhat",2,2,East,5.0,27.0,0,0,0,0,0,12.5,2,1,5,1,0,0,0,0,0,1,1,0,1,0,0,15.250595321348806
125,2,12900000.0,700.0,"Tollygunge, Kolkata",2,1,Missing,17.0,17.0,0,0,0,0,0,0.5,1,2,6,1,1,1,1,1,1,1,1,1,1,0,0,16.372737946851277
126,3,22000000.0,1100.0,"New Alipore, Kolkata",3,2,Missing,9.0,12.0,0,0,0,0,0,0.5,0,0,1,1,0,0,0,0,0,0,1,0,1,0,0,16.906553056777135
127,2,9500000.0,1148.0,"Sarat Ghosh Garden, Southern Avenue",2,1,South,4.0,4.0,0,0,0,0,0,12.5,2,2,1,1,1,1,0,1,0,0,0,1,0,0,0,16.066802461833923
128,2,2500000.0,796.0,"Bhatrapally, Barasat",2,1,South,3.0,3.0,0,0,0,0,0,12.5,2,0,2,1,0,1,0,1,1,0,0,0,1,0,0,14.731801689838349
129,4,62400000.0,3200.0,"Park Street, Kolkata",4,0,East,5.0,10.0,0,0,1,1,0,12.5,2,2,2,1,0,1,1,1,1,0,0,0,0,0,0,17.949075849365297
130,3,5500000.0,1051.0,"Purba Sthi, Kolkata",2,1,Missing,2.0,7.0,0,0,0,0,0,0.5,2,0,2,1,1,1,0,0,0,0,0,1,0,0,0,15.520258832020865
131,4,11500000.0,1817.0,"Belgharia, BT Road",3,1,South-East,11.0,13.0,0,0,0,0,0,7.5,2,0,2,1,1,1,1,1,1,1,1,0,1,0,0,16.257857680289998
132,3,10000000.0,1330.0,"Joka, Kolkata South",2,1,Missing,4.0,5.0,0,0,0,0,0,7.5,2,0,0,0,0,0,0,0,0,0,0,0,0,0,0,16.118095750958314
133,3,5900000.0,1124.0,"Rajarhat, Kolkata",2,2,North,2.0,6.0,0,0,0,0,0,3.0,2,0,8,1,1,1,1,1,0,1,1,1,1,0,0,15.59046307836746
134,3,10000000.0,1495.0,"Tollygunge, Kolkata",2,1,Missing,3.0,4.0,0,0,1,0,0,12.5,2,1,0,1,0,0,0,0,0,0,0,0,0,0,0,16.118095750958314
135,3,5800000.0,1200.0,"226 Nayabad Avenue, Kolkata South",2,1,South-East,4.0,4.0,0,0,0,0,0,7.5,2,1,0,1,0,1,1,1,1,0,0,0,0,0,0,15.573368647930426
136,3,10500000.0,1355.0,"Rajarhat, Kolkata",2,1,North,9.0,10.0,0,0,0,0,0,0.5,2,2,3,1,0,0,0,0,0,1,1,0,1,0,0,16.166885910365842
137,3,6500000.0,1314.0,"Rajarhat, Kolkata",2,2,North,4.0,5.0,0,0,0,0,0,3.0,2,0,2,1,0,0,0,0,0,1,0,0,1,0,0,15.687312888712007
138,3,4500000.0,1277.0,"Bhadrakali, Uttarpara",2,1,South-West,3.0,3.0,0,0,0,0,0,12.5,2,0,1,1,1,1,0,1,1,0,0,1,0,0,0,15.319588176962746
139,3,4800000.0,1524.0,"Maheshtala, Kolkata",3,1,West,12.0,15.0,0,0,0,0,0,7.5,1,0,4,1,1,1,0,0,1,0,1,0,1,0,0,15.38412668421143
140,3,8500000.0,1355.0,"Rajarhat, Kolkata",2,1,North-East,9.0,10.0,0,0,0,0,0,0.5,2,1,3,1,1,1,1,1,0,1,1,0,1,0,0,15.955576839107596
141,3,5000000.0,1300.0,"Rajarhat, Kolkata",2,2,Missing,5.0,5.0,0,0,0,0,0,3.0,0,0,2,1,0,1,0,1,1,1,1,0,1,1,0,15.424948670398354
142,3,18000000.0,1750.0,"Tangra, Kolkata",3,1,North-East,9.0,13.0,0,0,0,0,0,7.5,1,2,2,1,1,0,1,0,0,1,0,0,1,0,0,16.705882371415992
143,2,4000000.0,750.0,"Jatdas Nagar, BT Road",2,1,East,1.0,2.0,0,0,0,0,0,7.5,0,1,0,0,0,1,0,0,0,0,0,0,0,0,0,15.201805169084134
144,3,12000000.0,1644.0,"Patuli, EM Bypass",2,1,North-West,7.0,9.0,0,0,0,0,0,12.5,2,1,5,1,1,1,1,1,0,0,1,1,0,0,0,16.300417291085605
145,3,7500000.0,1300.0,"Behala, Kolkata",2,2,South,1.0,4.0,0,0,0,0,0,12.5,0,2,0,1,0,1,1,1,0,0,0,0,0,0,0,15.830413711839864
146,5,10000000.0,2081.0,"Desh Bandhu Nagar, Baguiati",2,2,Missing,4.0,4.0,0,0,0,0,0,12.5,2,0,0,1,1,0,0,0,0,0,0,0,0,0,0,16.118095750958314
147,4,31000000.0,2017.0,"Tangra, Kolkata",3,2,South,23.0,26.0,0,0,0,1,0,3.0,2,2,2,1,0,0,0,0,0,1,1,0,1,0,0,17.249497794707484
148,2,8500000.0,1316.0,"Tollygunge, Kolkata",2,1,South,6.0,12.0,0,0,0,0,0,3.0,2,0,3,1,0,0,0,0,0,0,1,0,1,0,0,15.955576839107596
149,2,5700000.0,792.0,"New Town, Kolkata",2,3,Missing,1.0,5.0,0,0,0,0,0,-0.5,1,0,0,0,0,0,0,0,0,0,0,0,0,0,0,15.555976908243359
150,3,13500000.0,1475.0,"New Town, Kolkata",2,1,South,17.0,25.0,0,0,0,0,0,0.5,2,0,2,1,1,1,0,1,1,1,1,0,1,0,0,16.41820031748273
151,2,4500000.0,1100.0,"Botanical Garden Area, Howrah",2,1,Missing,4.0,4.0,0,0,0,0,0,12.5,0,2,0,0,0,0,0,0,0,0,0,0,0,0,0,15.319588176962746
152,3,8500000.0,1220.0,"Jadavpur, Kolkata",2,1,Missing,4.0,4.0,0,0,0,0,0,3.0,2,1,0,1,0,0,0,0,0,0,0,0,0,0,0,15.955576839107596
153,3,8500000.0,1565.0,"Muchipara, Kolkata",3,3,South-East,3.0,4.0,0,0,0,0,0,7.5,2,2,2,1,1,1,1,1,0,0,0,1,0,0,0,15.955576839107596
154,2,7400000.0,1090.0,"EM Bypass, Kolkata South",2,1,Missing,4.0,11.0,0,0,0,0,0,7.5,0,0,0,0,0,0,0,0,0,0,0,0,0,0,0,15.816990693309524
155,3,6000000.0,1119.0,"Uttarpara, Hooghly",2,2,South,11.0,14.0,0,0,0,0,0,-0.75,2,0,8,1,1,1,0,1,1,1,1,1,1,0,0,15.607270193858982
156,2,3779999.9999999995,700.0,"Bally, Howrah",1,1,South,4.0,4.0,0,0,0,0,0,7.5,0,1,0,0,0,0,1,0,0,0,0,1,0,0,0,15.145234832146
157,2,3700000.0,750.0,"Naktala, Garia",2,1,South-East,2.0,3.0,0,0,0,0,0,7.5,0,0,0,0,0,1,1,0,0,0,0,0,0,0,0,15.123843647884687
158,2,5800000.0,638.0,"Rajarhat, Kolkata",2,1,Missing,11.0,27.0,0,0,0,0,0,-1.5,0,0,2,1,0,0,0,0,0,1,1,0,1,0,0,15.573368647930426
159,3,7500000.0,1384.0,"A Block Lake Town, Kolkata",2,2,East,4.0,4.0,0,0,0,0,0,12.5,2,0,0,0,0,0,0,0,0,0,0,0,0,0,0,15.830413711839864
160,3,9800000.0,830.0,"Dum Dum, Kolkata",2,2,North-East,1.0,13.0,0,0,0,0,0,0.5,0,0,6,1,1,1,1,1,1,1,1,1,1,0,0,16.097893045681612
161,2,11200000.000000002,1202.0,"Kadapara, Kankurgachi",2,1,Missing,7.0,7.0,0,0,0,0,0,12.5,2,2,3,1,0,1,0,0,1,0,1,1,1,0,0,16.231424425551033
162,4,8800000.0,3200.0,"Joka, Kolkata South",4,1,South,2.0,2.0,0,0,1,1,0,12.5,1,0,0,0,0,1,1,0,1,0,0,0,0,0,0,15.990262393084793
163,2,4500000.0,831.0,"Behala, Kolkata",2,0,East,4.0,5.0,0,0,0,0,0,12.5,0,0,0,1,1,1,0,1,0,0,0,0,0,0,0,15.319588176962746
164,2,4300000.0,1158.0,"Netaji Nagar, Kolkata, Kolkata South",2,0,Missing,2.0,6.0,0,0,0,0,0,12.5,2,0,2,1,0,1,0,1,0,1,0,0,0,0,0,15.274125813221904
165,2,3000000.0,736.0,"Hanskhali Pool, Howrah",2,1,East,5.0,10.0,0,0,0,0,0,7.5,2,2,2,1,0,1,0,1,1,1,0,0,0,0,0,14.914123179965662
166,2,2600000.0,680.0,"Baishali Park, Brahmapur, Kolkata",1,0,South,1.0,3.0,0,0,0,0,0,0.5,0,0,2,0,0,1,1,0,0,0,0,1,0,0,0,14.77102238760702
167,3,3500000.0,1114.0,"Jhorehat, Duillya, Howrah",2,1,South,2.0,5.0,0,0,0,0,0,3.0,2,1,2,1,1,1,0,1,1,0,1,1,1,0,0,15.068273812173887
168,3,7200000.0,1124.0,"Madurdaha, EM Bypass, Kolkata South",2,1,South-East,2.0,3.0,0,0,0,0,0,12.5,1,0,0,1,0,1,1,0,0,0,0,0,0,0,0,15.789591722875162
169,3,5600000.0,1116.0,"Chsurah, Hooghly",2,1,South-West,2.0,5.0,0,0,0,0,0,3.0,2,2,3,1,1,1,0,1,0,1,0,1,0,0,0,15.53827733427679
170,2,8200000.0,954.0,"Majarhati, New Town",2,1,South-East,14.0,23.0,0,0,0,0,0,0.5,1,0,3,1,1,1,1,1,1,1,1,1,1,0,0,15.919644834185693
171,3,4700000.0,1015.0,"Kestopur, Kolkata",2,1,West,3.0,4.0,0,0,1,0,0,3.0,0,1,0,1,0,1,1,0,0,0,0,0,0,0,0,15.363073279446223
172,2,7000000.0,650.0,"Northern Avenue, BT Road",2,1,Missing,2.0,4.0,0,0,0,0,0,12.5,0,2,0,0,1,0,0,0,0,0,0,1,0,0,0,15.76142084987672
173,3,7800000.0,792.0,"Joka, Kolkata South",3,2,Missing,12.0,14.0,0,0,0,0,0,0.5,0,0,3,1,1,1,0,1,1,1,1,0,1,0,0,15.86963441986494
174,2,3400000.0,774.0,"Rajarhat, Kolkata",2,1,Missing,4.0,5.0,0,0,0,0,0,3.0,1,2,1,1,0,0,1,0,0,1,1,0,1,0,0,15.039286283703994
175,3,7770999.999999999,1274.0,"Madurdaha, EM Bypass, Kolkata South",2,1,Missing,2.0,2.0,0,0,0,0,0,7.5,2,0,1,1,1,1,1,1,0,1,0,0,0,0,0,15.865909542874938
176,2,3800000.0,970.0,"RK Pally, Narendrapur",2,1,Missing,2.0,3.0,0,0,0,0,0,12.5,2,2,0,0,1,1,0,0,0,0,1,0,0,0,0,15.150511887854474
177,3,11000000.0,1490.0,"Bosepukur, Kasba",2,1,South,3.0,3.0,0,0,0,0,0,12.5,2,1,0,1,1,1,0,0,0,0,0,0,0,0,0,16.213405921671733
178,2,2500000.0,592.0,"Khardah, BT Road",1,1,Missing,,,0,0,0,0,0,0.5,2,0,0,1,0,0,0,0,0,0,0,0,0,0,0,14.731801689838349
179,2,9000000.0,1118.0,"EM Bypass, Kolkata South",2,0,East,2.0,17.0,0,0,1,0,0,3.0,2,0,5,1,1,1,0,1,1,1,1,1,1,0,0,16.012735246411598
180,3,12500000.0,1809.0,"Action Area 3, Kolkata",3,2,North-East,25.0,29.0,0,0,0,0,0,7.5,2,1,6,1,1,1,1,1,1,1,1,1,1,0,0,16.341239282272525
181,4,32000000.0,3390.0,"New Town, Kolkata",4,1,West,17.0,18.0,0,0,1,1,0,12.5,1,2,3,1,1,1,1,1,1,1,1,0,1,0,0,17.281246492014
182,2,2600000.0,740.0,"Maheshtala, Kolkata",2,1,Missing,9.0,14.0,0,0,0,0,0,3.0,1,0,3,1,0,0,0,0,0,1,1,0,1,0,0,14.77102238760702
183,3,5500000.0,1250.0,"Salua, New Town",2,1,South-East,2.0,5.0,0,0,0,0,0,3.0,2,0,0,1,0,1,0,1,1,1,0,0,0,0,0,15.520258832020865
184,2,8000000.0,958.0,"Bansdroni, Kolkata",2,1,South-East,3.0,4.0,0,0,0,0,0,12.5,2,2,5,1,0,1,0,0,0,1,0,1,0,0,0,15.894952224644102
185,3,13500000.0,1200.0,"Sector 3 Salt Lake, Kolkata",2,1,Missing,1.0,4.0,0,0,0,0,0,12.5,0,0,0,0,0,0,0,0,0,0,0,0,0,0,0,16.41820031748273
186,3,10700000.0,1665.0,"EM Bypass, Kolkata South",2,1,South-East,7.0,11.0,0,0,0,0,0,7.5,2,2,4,1,1,0,0,1,1,1,0,0,1,0,0,16.185754392890075
187,2,12500000.0,1116.0,"Park Street, Kolkata",2,1,South,2.0,4.0,0,0,0,0,0,7.5,2,2,0,1,1,1,0,1,0,0,0,0,0,0,0,16.341239282272525
188,3,9000000.0,1450.0,"Uttarpara, Hooghly",2,2,South-East,3.0,11.0,0,0,0,0,0,0.5,1,2,5,1,0,0,0,0,0,1,1,0,1,0,0,16.012735246411598
189,3,6000000.0,1337.0,"Action Area 3, Kolkata",2,1,North-East,3.0,4.0,0,0,0,0,0,3.0,2,1,0,1,1,1,0,0,1,0,0,0,0,0,0,15.607270193858982
190,3,12000000.0,1345.0,"Alipore, Kolkata",2,1,Missing,2.0,5.0,1,0,1,0,0,12.5,0,2,6,1,1,1,1,0,1,0,0,1,0,0,0,16.300417291085605
191,3,4900000.0,1120.0,"Behala, Kolkata",2,1,North,2.0,3.0,0,0,0,0,0,12.5,0,0,3,1,1,1,0,1,1,0,1,1,1,0,0,15.404745967162468
192,2,2800000.0,809.0,"Rajarhat, Kolkata",2,1,South-East,4.0,5.0,0,1,0,0,0,7.5,2,0,3,1,1,0,1,0,0,1,1,1,1,0,0,14.845130332288226
193,4,20299999.999999996,1700.0,"Pratapaditya, Sarat Bose Road",3,1,East,2.0,4.0,0,0,0,0,0,12.5,1,0,2,1,1,1,0,1,1,0,0,1,0,0,0,16.8261314932731
194,3,41000000.0,2550.0,"EM Bypass, Kolkata South",3,2,Missing,4.0,45.0,0,0,0,0,0,-1.42,2,0,2,1,0,0,0,0,0,0,1,0,1,0,0,17.529082649058825
195,1,2200000.0,567.0,"Behala, Kolkata",1,1,Missing,3.0,4.0,0,0,0,0,0,12.5,1,0,0,0,0,0,0,0,1,0,1,0,0,0,0,14.603968372873895
196,2,4600000.0,632.0,"Serampore, Hooghly",2,1,South,9.0,22.0,0,0,0,0,0,3.0,0,2,4,1,1,1,1,1,1,1,1,0,1,0,0,15.341567078850604
197,2,1800000.0,500.0,"Boral, Kolkata",1,1,North-West,,,0,0,0,0,0,12.5,0,0,0,0,1,0,0,1,0,0,0,0,0,0,0,14.403297778421795
198,2,3500000.0,1050.0,"Pratapgarh, Garia",1,1,Missing,,,0,0,0,0,0,12.5,2,1,0,0,0,0,0,0,0,0,0,0,0,0,0,15.068273812173887
199,2,4200000.0,897.0,"Bara Nagar, Kolkata",2,1,Missing,5.0,5.0,0,0,0,0,0,7.5,2,1,3,1,1,0,1,0,0,1,1,0,1,0,0,15.250595321348806
200,3,24000000.0,1677.0,"Mukundapur, Kolkata",3,1,East,,,0,0,0,1,0,0.5,2,0,2,1,1,1,1,1,1,1,1,0,1,0,0,16.993564429978885
201,2,4500000.0,987.0,"SK Deb Road, South Dumdum",2,1,South,4.0,5.0,0,0,0,0,0,0.5,2,0,0,1,0,0,0,0,0,0,0,0,0,0,0,15.319588176962746
202,3,8200000.0,1295.0,"Garia, Kolkata",3,1,South,10.0,18.0,0,0,0,0,0,3.0,2,1,8,1,1,0,0,0,0,1,1,1,1,0,0,15.919644834185693
204,3,13500000.0,1400.0,"New Town, Kolkata",2,2,Missing,6.0,13.0,0,0,0,0,0,-0.5,1,0,0,0,0,0,0,0,0,0,0,0,0,0,0,16.41820031748273
205,3,3600000.0,1012.0,"Bijoygarh, Kolkata",2,1,South-East,2.0,3.0,0,0,0,0,0,12.5,2,2,1,0,0,0,0,0,0,0,0,0,0,0,0,15.096444681204078
206,2,4300000.0,720.0,"P Majumder Road, Kolkata",2,1,North-East,2.0,4.0,0,0,0,0,0,3.0,2,1,0,0,0,0,0,0,0,0,0,0,0,0,0,15.274125813221904
207,3,3432000.0,1144.0,"Halisahar, Kanchrapara, North 24 Parganas",2,1,North,2.0,5.0,0,0,0,0,0,0.5,2,0,0,1,0,1,0,0,1,0,0,0,0,0,0,15.048654030965238
208,2,4900000.0,1017.0,"Joka, Kolkata South",2,2,Missing,1.0,4.0,0,0,0,0,0,12.5,0,1,0,0,0,0,0,0,0,0,0,0,0,0,0,15.404745967162468
209,2,5500000.0,915.0,"Baruipur, Kolkata South",2,1,South,3.0,14.0,0,0,0,0,0,0.5,2,0,4,1,1,1,0,1,1,1,1,0,1,0,0,15.520258832020865
210,2,3500000.0,677.0,"Garia, Kolkata",2,1,South-East,1.0,2.0,0,0,0,0,0,12.5,2,0,0,0,0,0,0,0,0,0,0,0,0,0,0,15.068273812173887
211,3,7200000.0,1265.0,"Fartabad, Garia",2,1,North-East,3.0,4.0,0,0,0,0,0,7.5,2,0,0,1,1,1,0,1,1,1,1,0,0,0,0,15.789591722875162
212,3,7000000.0,1270.0,"Mahamayatala, Garia",2,1,South-East,3.0,4.0,0,0,0,0,0,12.5,2,0,0,1,1,0,0,1,1,1,1,0,0,0,0,15.76142084987672
213,2,2600000.0,780.0,"Bansdroni, Kolkata",2,1,South-East,2.0,2.0,0,1,1,0,0,3.0,2,0,0,0,0,0,0,0,0,0,0,0,0,0,0,14.77102238760702
214,2,3500000.0,1100.0,"Math Bagan, Sodepur",2,1,Missing,,,0,0,0,0,0,7.5,2,0,0,0,0,0,0,0,0,0,0,0,0,0,0,15.068273812173887
215,4,25000000.0,2000.0,"Ballygunge Circular Road, Kolkata",4,3,Missing,1.0,6.0,0,0,0,0,0,12.5,1,2,1,1,1,0,0,0,0,0,0,0,0,0,0,17.034386422832473
216,2,3200000.0,805.0,"Italgacha, North Dumdum",2,1,Missing,3.0,3.0,0,0,0,0,0,12.5,1,2,0,0,0,1,0,1,0,0,0,0,0,0,0,14.978661680269907
217,3,6400000.0,1293.0,"Char Park, Kolkata",2,1,South-East,5.0,5.0,0,0,0,0,0,12.5,0,0,0,1,0,1,0,1,1,0,0,0,0,0,0,15.671808704579888
218,3,8700000.0,1292.0,"Tollygunge, Kolkata",2,0,Missing,8.0,9.0,0,0,0,0,0,7.5,2,0,0,0,0,0,0,0,0,0,0,0,0,0,0,15.978833698567334
219,3,6948000.0,1198.0,"Dum Dum Park, Kolkata",2,1,Missing,4.0,7.0,0,0,0,0,0,-0.25,2,0,0,0,1,1,0,1,1,0,0,0,0,0,0,15.753964550269432
220,2,3500000.0,980.0,"Baguiati, Kolkata",2,1,Missing,1.0,3.0,0,0,0,0,0,7.5,2,0,0,0,0,0,0,0,0,0,0,0,0,0,0,15.068273812173887
221,3,5206000.0,1157.0,"VIP Road, Kolkata",2,1,Missing,2.0,3.0,0,0,0,0,0,-0.25,2,0,6,1,1,1,1,1,1,0,0,1,0,0,0,15.465322556622684
222,2,2700000.0,820.0,"Haridevpur, Putiary, Kolkata",1,1,Missing,1.0,3.0,0,0,0,0,0,7.5,2,0,0,0,0,0,0,0,0,0,0,0,0,0,0,14.80876270134486
223,2,4200000.0,838.0,"Bara Nagar, Kolkata",2,1,South,4.0,4.0,0,0,0,0,0,12.5,0,2,0,1,0,1,0,1,1,0,0,0,0,0,0,15.250595321348806
224,3,4400000.0,1238.0,"Baguiati, Kolkata",2,1,South,1.0,1.0,0,0,1,0,0,12.5,0,0,1,0,1,1,1,0,1,0,0,0,0,0,0,15.29711532616119
225,2,4900000.0,1000.0,"Tollygunge, Kolkata",2,2,South-East,5.0,5.0,0,0,0,0,0,12.5,2,1,0,1,1,1,0,1,1,0,0,0,0,0,0,15.404745967162468
226,2,3400000.0,899.0,"South Dumdum, Kolkata",2,1,West,3.0,5.0,0,0,0,0,0,3.0,2,1,2,1,1,1,1,0,0,0,0,1,0,0,0,15.039286283703994
227,3,9100000.0,1188.0,"New Town, Kolkata",2,3,South-East,1.0,12.0,0,0,0,0,0,0.5,2,0,2,1,1,1,1,1,1,1,1,0,1,0,0,16.02378508137718
228,2,5500000.0,970.0,"Siriti Muchi Para, Diamond Harbour Road",2,1,North-East,1.0,3.0,0,0,0,0,0,12.5,1,0,0,1,0,0,0,0,0,0,0,0,0,0,0,15.520258832020865
229,2,4000000.0,1050.0,"Lake Town, Kolkata",2,1,East,3.0,4.0,0,0,0,0,0,12.5,0,0,0,1,0,1,0,1,0,0,0,0,0,0,0,15.201805169084134
230,2,6150000.0,795.0,"Jadavpur, Kolkata",2,1,South,2.0,4.0,0,0,0,0,0,-0.5,2,0,0,0,0,0,0,0,0,0,0,0,0,0,0,15.631962802384313
231,3,13000000.0,686.0,"New Town, Kolkata",2,2,North,1.0,20.0,0,0,0,0,0,7.5,0,0,2,1,0,0,0,0,0,1,1,0,1,0,0,16.380459992348886
232,3,15000000.0,1122.0,"New Town Action area 1A, Kolkata",2,2,South,1.0,4.0,0,1,1,0,0,3.0,0,2,0,1,1,0,0,1,0,0,0,0,0,0,0,16.52356082573315
233,3,5430000.0,905.0,"Char Park, Kolkata",2,1,West,1.0,4.0,0,1,0,0,0,0.5,2,0,0,1,1,1,0,0,0,0,0,0,0,0,0,15.507449876072164
234,2,11000000.0,1075.0,"Chakraberia , Ballygunge",2,1,South,2.0,4.0,0,0,0,0,0,12.5,2,2,3,1,1,1,1,1,0,0,0,1,0,0,0,16.213405921671733
235,3,7200000.0,1110.0,"Rathtala, Kolkata South",2,1,South,1.0,4.0,0,0,0,0,0,7.5,2,0,1,1,1,0,0,1,0,1,0,0,1,0,0,15.789591722875162
236,3,7300000.0,1380.0,"Saha Para, Fartabad, Garia",2,2,North-East,2.0,4.0,0,0,0,0,0,7.5,2,0,6,1,1,0,1,1,1,1,1,1,1,0,0,15.803385043104912
237,2,4300000.0,950.0,"New Shakuntala Park, Sarsuna, Kolkata",2,1,South,2.0,4.0,0,0,0,0,0,12.5,2,1,1,0,0,0,0,0,0,0,0,1,0,0,0,15.274125813221904
238,2,4000000.0,812.0,"Joka, Kolkata South",2,0,South-East,,,0,0,0,0,0,7.5,2,2,3,1,1,1,0,1,1,0,0,1,1,0,0,15.201805169084134
239,2,3000000.0,476.0,"milan tirtha club, Kolkata South",2,0,North,,,0,0,0,0,0,-1.0,1,0,0,0,1,1,1,1,0,0,0,0,0,0,0,14.914123179965662
240,2,6000000.0,1800.0,"Rajarhat, Kolkata",2,1,South,5.0,5.0,0,0,0,0,0,12.5,2,2,2,1,1,0,0,0,0,1,1,0,1,0,0,15.607270193858982
241,2,5700000.0,823.0,"Sector 3 Salt Lake, Kolkata",2,2,East,,,0,0,0,0,0,12.5,0,1,0,0,0,0,0,0,0,0,0,0,0,0,0,15.555976908243359
242,2,4700000.0,1100.0,"Vedic Village, Kolkata",2,1,East,1.0,5.0,0,0,0,0,0,3.0,2,2,0,1,1,1,0,1,1,1,1,0,0,0,0,15.363073279446223
243,2,5600000.0,996.0,"Sodepur, Kolkata North",2,1,North-East,15.0,21.0,0,0,0,0,0,3.0,0,0,5,1,1,0,1,0,0,1,1,0,1,0,0,15.53827733427679
244,3,13500000.0,1288.0,"Jodhpur Park, Kolkata",2,2,Missing,2.0,4.0,0,0,0,0,0,12.5,1,1,1,0,0,0,0,0,0,0,0,0,0,0,0,16.41820031748273
245,3,6800000.0,1181.0,"Daksh Dari, Kolkata",2,1,South-East,3.0,4.0,0,0,0,0,0,0.5,2,0,0,1,0,1,1,1,0,0,0,0,0,0,0,15.732433317205148
246,3,10500000.0,1170.0,"Patuli, EM Bypass",2,1,South-West,5.0,7.0,0,0,0,0,0,7.5,2,0,0,1,1,0,0,1,1,1,0,0,0,0,0,16.166885910365842
247,3,8500000.0,1860.0,"Narendrapur, Kolkata",3,2,South-East,1.0,4.0,0,0,0,0,0,3.0,2,0,8,1,1,1,1,1,1,1,1,1,1,0,0,15.955576839107596
248,2,5600000.0,1200.0,"Shibpur, Howrah",2,1,South-East,12.0,13.0,0,0,0,0,0,12.5,2,2,0,1,0,1,0,0,0,0,0,0,0,0,0,15.53827733427679
249,2,2300000.0,715.0,"Ariadaha, Bara Nagar",1,1,Missing,2.0,3.0,0,0,0,0,0,7.5,0,0,0,0,0,0,0,0,0,0,0,0,0,0,0,14.648420115681892
250,2,4000000.0,835.0,"Nayabad, Kolkata",2,1,North-East,2.0,3.0,0,0,0,0,0,7.5,2,0,1,0,0,0,1,0,0,0,0,0,0,0,0,15.201805169084134
251,1,2000000.0,560.0,"Jawpur, Kolkata",1,1,South-East,5.0,5.0,0,0,0,0,0,7.5,0,1,0,0,0,1,0,0,0,0,0,0,0,0,0,14.508658238524095
252,1,2115000.0,470.0,"Jamuna Nagar, EM Bypass",1,1,North-West,3.0,4.0,0,0,0,0,0,3.0,2,0,0,0,0,0,0,0,0,0,0,0,0,0,0,14.564565843275643
253,2,3200000.0,650.0,"Patipukur, South Dumdum",2,2,Missing,1.0,2.0,0,0,0,0,0,7.5,0,0,0,0,0,0,0,0,0,0,0,0,0,0,0,14.978661680269907
254,1,2200000.0,556.0,"Patuli, EM Bypass",1,1,West,,,0,0,0,0,0,12.5,2,0,0,0,0,1,0,0,0,0,0,0,0,0,1,14.603968372873895
255,3,5800000.0,1039.0,"Serampore, Hooghly",2,1,South,17.0,29.0,0,0,0,0,0,0.5,2,0,6,1,0,0,0,0,0,0,1,1,1,0,0,15.573368647930426
256,4,30000000.0,2400.0,"sarat Chatterjee Avenue, Kolkata South",3,0,Missing,1.0,5.0,0,1,0,1,0,7.5,2,2,0,0,0,0,0,0,0,0,0,0,0,0,0,17.216707972959764
257,3,7350000.0,876.0,"New Town, Kolkata",2,1,South,3.0,4.0,0,0,0,0,0,0.5,0,0,0,1,1,1,0,1,1,1,0,0,0,0,0,15.810211007243431
258,2,4500000.0,916.0,"Bara Nagar, Kolkata",2,1,North-East,2.0,4.0,0,0,0,0,0,3.0,0,1,0,1,1,1,0,0,0,0,0,0,0,0,0,15.319588176962746
259,3,6500000.0,1275.0,"Kalikapur, Kolkata",2,1,Missing,1.0,3.0,0,0,0,0,0,12.5,2,2,0,0,1,1,0,0,1,0,0,0,0,0,0,15.687312888712007
260,3,7300000.0,1315.0,"Saha Para, Fartabad, Garia",2,1,Missing,2.0,4.0,0,0,0,0,0,7.5,2,0,2,1,1,1,0,1,1,1,0,0,1,0,0,15.803385043104912
261,3,4600000.0,987.0,"Barasat, Kolkata North",2,1,North-West,5.0,11.0,0,0,0,0,0,3.0,2,0,4,1,1,0,0,0,0,1,1,0,1,0,0,15.341567078850604
262,3,7500000.0,1510.0,"Kamalgazi, Southern Bypass",2,2,South-West,11.0,12.0,0,0,0,0,0,3.0,2,1,2,1,1,1,0,1,1,1,0,0,1,0,0,15.830413711839864
263,3,12500000.0,1750.0,"Action Area 1, Kolkata",2,2,South-East,2.0,4.0,0,0,0,0,0,3.0,2,0,0,1,1,1,1,1,1,1,1,0,0,0,0,16.341239282272525
264,2,3100000.0,745.0,"Garia, Kolkata",2,1,East,1.0,3.0,0,0,0,0,0,7.5,2,2,0,0,0,1,1,0,0,0,0,0,0,0,0,14.946912992035967
265,2,3200000.0,675.0,"Kalikapur, Kolkata",2,1,Missing,2.0,6.0,0,0,0,0,0,12.5,0,0,0,0,0,0,0,0,0,0,0,0,0,0,0,14.978661680269907
266,2,3200000.0,1260.0,"Hridaypur, Kolkata",2,1,Missing,2.0,4.0,0,0,1,0,0,12.5,0,0,0,0,0,0,0,0,0,0,0,0,0,0,0,14.978661680269907
267,2,2300000.0,780.0,"Agarpara, Panihati",2,1,South,4.0,4.0,0,0,0,0,0,7.5,2,1,0,1,1,0,0,0,0,0,1,0,0,0,0,14.648420115681892
268,2,10000000.0,1150.0,"Jessore Road, Kolkata",2,2,North,,,0,0,0,0,0,12.5,2,0,5,1,0,0,1,0,0,1,1,1,1,0,0,16.118095750958314
269,2,2700000.0,900.0,"Jatragachhi, Kolkata East",2,1,South-West,3.0,6.0,0,0,0,0,0,7.5,0,2,0,1,1,1,1,1,1,0,0,0,0,0,0,14.80876270134486
270,3,6000000.0,1171.0,"Behala, Kolkata",2,1,North,4.0,5.0,0,0,0,0,0,3.0,2,0,0,1,1,1,0,1,0,0,0,1,0,0,0,15.607270193858982
271,2,4000000.0,830.0,"Kasba, Kolkata",2,1,Missing,3.0,3.0,0,0,0,0,0,12.5,1,0,0,0,0,0,0,0,0,0,0,0,0,0,0,15.201805169084134
272,3,11200000.000000002,1460.0,"Patuli, EM Bypass",2,1,South-East,10.0,10.0,0,0,0,0,0,7.5,2,2,5,1,1,0,0,1,1,1,1,1,1,0,0,16.231424425551033
273,3,10800000.0,1152.0,"Patuli, EM Bypass",2,1,South-East,4.0,18.0,0,0,0,0,0,3.0,2,0,7,1,1,1,1,1,1,1,1,1,1,0,0,16.195056784687036
274,2,3600000.0,850.0,"Behala Unique Park, Kolkata",2,1,North,1.0,4.0,0,0,0,0,0,12.5,0,1,0,0,0,0,0,0,0,0,0,0,0,0,0,15.096444681204078
275,2,4000000.0,850.0,"Bishnupur, Kolkata",2,1,South,1.0,4.0,0,0,0,0,0,3.0,0,0,2,1,0,0,0,0,0,1,0,0,1,0,0,15.201805169084134
276,2,3690000.0,945.0,"Ramnarayan Government Colony, Behala",2,1,Missing,2.0,4.0,0,0,0,0,0,7.5,2,1,1,0,0,0,0,0,0,0,0,1,0,0,0,15.121137287019383
277,3,12500000.0,1359.0,"New Town, Kolkata",2,1,South-East,12.0,12.0,0,0,0,0,0,0.5,2,0,3,1,1,1,0,1,0,1,1,0,1,0,0,16.341239282272525
278,3,6000000.0,1130.0,"Garia, Kolkata",2,1,South-East,3.0,4.0,0,0,0,0,0,12.5,2,0,4,1,1,0,0,1,1,1,1,0,1,0,0,15.607270193858982
279,2,4750000.0,975.0,"Nager Bazar, Jessore Road",2,2,East,4.0,4.0,0,0,0,0,0,7.5,2,1,2,1,0,1,1,0,1,0,1,1,0,0,0,15.373655386537118
280,1,2000000.0,509.0,"Barasat, Kolkata North",1,0,East,3.0,8.0,0,0,0,0,0,7.5,2,1,6,1,1,1,1,1,1,1,0,0,1,0,0,14.508658238524095
281,1,2600000.0,415.0,"Kasba, Kolkata",1,1,South,2.0,3.0,0,0,0,0,0,12.5,0,0,1,0,1,1,0,0,0,0,0,1,0,0,0,14.77102238760702
282,2,2100000.0,620.0,"Mohan Pur, Barrackpore",1,1,South,2.0,3.0,0,0,0,0,0,7.5,0,0,0,0,0,0,0,1,0,0,1,0,0,0,0,14.557448378884015
283,3,11000000.0,1480.0,"DA Block Newtown, New Town",2,2,South-East,2.0,4.0,0,0,0,0,0,0.5,2,0,0,1,1,1,1,1,1,1,1,0,0,0,0,16.213405921671733
284,3,16500000.0,1550.0,"New Town, Kolkata",2,1,South-East,12.0,15.0,0,0,0,0,0,3.0,2,2,11,1,1,1,1,1,1,1,1,1,1,0,0,16.61887099947687
285,2,6200000.0,822.0,"Tangra, Kolkata",2,1,Missing,5.0,5.0,0,0,0,0,0,3.0,0,0,2,1,1,1,1,1,1,0,1,0,0,0,0,15.64006001130563
286,3,8500000.0,1265.0,"Rajpur, Southern Bypass",2,1,North-East,4.0,12.0,0,0,0,0,0,3.0,1,0,0,0,0,0,0,0,0,0,0,0,0,0,0,15.955576839107596
287,3,8700000.0,1274.0,"Kamalgazi, Southern Bypass",2,1,Missing,7.0,11.0,0,0,0,0,0,3.0,2,2,5,1,1,1,1,1,1,1,1,1,1,0,0,15.978833698567334
288,2,6100000.0,975.0,"Rajarhat, Kolkata",2,1,South-East,2.0,19.0,0,0,0,0,0,3.0,2,0,4,1,1,0,0,0,0,1,1,0,1,0,0,15.623799493077952
289,2,4000000.0,1100.0,"Amtala, Kolkata South",2,1,South-West,4.0,5.0,0,0,0,0,0,12.5,2,2,8,1,1,1,0,1,1,1,1,1,0,0,0,15.201805169084134
290,2,8500000.0,1053.0,"Char Park, Kolkata",2,1,East,10.0,13.0,0,0,0,0,0,0.5,2,0,2,1,1,1,0,1,0,1,1,0,1,0,0,15.955576839107596
291,2,6600000.0,1010.0,"Rajarhat, Kolkata",2,1,West,9.0,11.0,0,0,0,0,0,3.0,2,2,8,1,1,1,1,1,1,1,1,1,1,0,0,15.702580358511794
292,2,3800000.0,956.0,"Airport, Dum Dum",2,1,North,4.0,5.0,0,0,0,0,0,12.5,0,2,4,1,1,0,0,0,0,1,1,0,1,0,0,15.150511887854474
293,3,17500000.0,1495.0,"Khidirpur, Kolkata",2,1,Missing,4.0,9.0,0,0,0,0,0,12.5,1,1,5,1,1,0,0,0,0,1,1,1,1,0,0,16.677711496036597
294,3,8500000.0,1220.0,"New Town, Kolkata",2,1,North,1.0,4.0,0,0,0,0,0,3.0,2,1,1,1,0,0,0,0,0,0,0,0,0,0,0,15.955576839107596
295,2,3500000.0,875.0,"Birati, Kolkata",2,1,South-West,2.0,4.0,0,0,0,0,0,3.0,2,0,0,1,1,1,1,1,1,0,1,0,0,0,0,15.068273812173887
296,3,9900000.0,1300.0,"BT Road, Kolkata",3,1,North,21.0,24.0,0,0,0,0,0,3.0,2,0,2,1,0,0,0,0,0,1,1,0,1,0,0,16.108045416114916
297,2,4225000.0,529.0,"Khardah, BT Road",2,1,South-East,6.0,12.0,0,0,0,0,0,0.5,0,0,4,1,1,1,0,1,1,1,1,0,1,0,0,15.256530055459773
298,3,6000000.0,1200.0,"Bally, Howrah",3,2,South-East,4.0,4.0,0,0,1,0,0,12.5,0,2,1,1,0,1,0,0,0,0,0,1,0,0,0,15.607270193858982
299,2,3400000.0,848.0,"East Balia, Garia",2,1,South-West,2.0,3.0,0,0,0,0,0,12.5,1,1,0,1,1,1,0,1,1,0,0,0,0,0,1,15.039286283703994
300,2,4536000.0,1080.0,"Durganagar, Belgharia Expressway, Kolkata",2,1,South-West,5.0,6.0,0,0,0,0,0,0.5,2,0,0,0,0,0,0,0,0,0,0,0,0,0,0,15.327556344848254
301,2,2750000.0,624.0,"Sree Colony, Kolkata",2,1,South,1.0,4.0,0,0,0,0,0,12.5,1,1,0,0,0,1,1,0,1,0,1,0,0,0,0,14.827111833279051
302,3,4800000.0,1127.0,"Narendrapur, Kolkata",2,2,North-West,5.0,7.0,0,0,0,0,0,0.5,1,0,3,1,1,1,0,1,1,0,1,0,1,0,0,15.38412668421143
303,2,2200000.0,723.0,"Serampore, Hooghly",2,1,West,1.0,4.0,0,0,0,0,0,7.5,2,0,0,0,1,1,0,1,0,0,1,0,0,0,0,14.603968372873895
304,2,5200000.0,1200.0,"Nager Bazar, Jessore Road",2,1,South-East,5.0,5.0,0,0,1,0,0,12.5,1,2,2,1,0,0,0,0,0,0,0,1,0,0,0,15.46416937585933
305,2,3600000.0,868.0,"Jadavgarh Colony, Haltu",2,2,Missing,1.0,5.0,0,0,0,0,0,12.5,0,0,0,0,0,0,0,0,0,0,0,0,0,0,0,15.096444681204078
306,3,6800000.0,1254.0,"Sodepur, Kolkata North",2,1,North-East,6.0,19.0,0,0,0,0,0,7.5,2,1,4,1,1,0,1,1,0,1,1,1,1,0,0,15.732433317205148
307,2,6559999.999999999,818.0,"New Town, Kolkata",2,2,East,5.0,12.0,0,0,0,0,0,0.5,2,0,2,1,1,1,1,1,1,1,1,0,1,0,0,15.696501313359285
308,3,12200000.0,1238.0,"EM Bypass, Kolkata South",2,1,South-East,15.0,18.0,0,0,0,0,0,0.5,0,0,2,1,0,0,0,0,0,1,1,0,1,0,0,16.316946591670696
309,3,25000000.0,1710.0,"Triangular Park, Ballygunge",3,1,North-West,2.0,7.0,0,0,0,0,0,3.0,2,0,0,1,1,0,0,1,1,1,0,0,0,0,0,17.034386422832473
310,2,4963000.0,1056.0,"Airport 2 No. Gate, North Dumdum",2,1,North,4.0,7.0,0,0,0,0,0,0.5,2,0,4,1,1,1,0,1,1,1,1,0,1,0,0,15.417521156060591
311,3,4901000.0,1167.0,"Belgharia Expressway, Kolkata",2,1,North-West,4.0,6.0,0,0,0,0,0,0.5,2,0,1,1,0,1,0,1,0,1,0,0,0,0,0,15.404950027931655
312,4,24500000.0,2200.0,"New Town, Kolkata",4,1,South-East,5.0,12.0,0,0,0,1,0,0.5,2,0,12,1,1,1,1,1,1,1,1,1,1,0,0,17.01418371633128
313,2,2900000.0,840.0,"Malancha Mahi Nagar, Kolkata",2,1,East,4.0,4.0,0,0,0,0,0,3.0,0,2,0,1,1,1,0,1,1,1,1,0,0,0,0,14.88022163978423
314,2,5200000.0,918.0,"Baruipur, Kolkata South",2,1,South-West,8.0,14.0,0,0,0,0,0,3.0,2,0,9,1,0,0,0,0,0,1,1,1,1,0,0,15.46416937585933
315,3,6500000.0,1275.0,"Mahamayatala, Garia",2,1,South-East,3.0,4.0,0,0,0,0,0,12.5,2,0,2,0,0,0,0,0,0,0,0,0,1,0,0,15.687312888712007
316,2,2100000.0,627.0,"Garia, Kolkata",1,1,South,4.0,4.0,0,0,0,0,0,7.5,2,0,0,0,1,1,0,1,0,0,0,0,0,0,0,14.557448378884015
317,3,5200000.0,1185.0,"Sonarpur, Kolkata",2,1,South-East,2.0,4.0,0,0,0,0,0,7.5,2,0,3,1,1,1,1,1,1,1,1,0,1,0,0,15.46416937585933
318,3,7500000.0,1251.0,"Fartabad, Garia",2,2,North-East,3.0,4.0,0,0,0,0,0,7.5,2,1,5,1,1,0,1,1,1,1,1,1,1,0,0,15.830413711839864
319,3,8500000.0,1209.0,"Garia, Kolkata",3,1,South,9.0,18.0,0,0,0,0,0,3.0,2,2,9,1,1,1,1,1,1,1,1,1,1,0,0,15.955576839107596
320,3,11000000.0,1693.0,"Kalikapur, Kolkata",3,1,South-East,3.0,4.0,0,0,0,0,0,3.0,2,0,3,1,1,0,1,0,0,0,1,0,1,0,0,16.213405921671733
321,4,17000000.0,1493.0,"Ballygunge, Kolkata",3,1,South-East,4.0,4.0,0,0,0,1,0,0.5,2,0,3,1,0,1,1,0,1,1,0,1,0,0,0,16.648723960844016
322,2,3500000.0,850.0,"Behala, Kolkata",2,1,South,1.0,3.0,0,0,0,0,0,3.0,2,1,0,1,0,1,0,1,0,0,0,0,0,0,0,15.068273812173887
323,2,2958000.0,870.0,"Narendrapur, Kolkata",2,1,West,3.0,4.0,0,0,0,0,0,0.5,2,0,1,1,1,1,0,0,1,1,0,0,1,0,0,14.900024260319086
324,3,19900000.0,1214.0,"New Alipore, Kolkata",3,2,South,11.0,12.0,0,0,0,1,0,0.5,1,0,2,1,1,1,0,1,1,0,1,1,1,0,0,16.806230339945976
325,4,48000000.0,2914.0,"East Kolkata Township, BT Road",4,2,North-West,30.0,42.0,0,0,1,1,0,-2.25,2,0,9,1,1,1,0,1,1,1,1,1,1,0,0,17.6867115897055
326,4,13500000.0,1958.0,"Rajarhat, Kolkata",3,1,East,3.0,9.0,0,0,0,0,0,3.0,2,0,3,1,1,1,1,1,1,1,1,0,1,0,0,16.41820031748273
327,3,4250000.0,1050.0,"New Garia, Kolkata",2,1,South-East,1.0,2.0,0,0,0,0,0,0.5,2,0,2,0,0,0,1,0,0,0,0,1,0,0,0,15.26242977619469
328,2,5500000.0,1044.0,"Fartabad, Garia",2,1,South-West,4.0,5.0,0,0,0,0,0,0.5,2,0,0,1,0,1,0,0,1,0,0,0,0,0,0,15.520258832020865
329,3,4838000.0,1008.0,"Rajarhat, Kolkata",2,1,South,4.0,5.0,0,0,0,0,0,3.0,2,0,0,1,1,1,1,1,1,0,0,0,0,0,0,15.39201217684907
330,3,7559999.999999999,1400.0,"Santoshpur, Kolkata",2,2,South-West,2.0,3.0,0,0,0,0,0,3.0,2,0,2,1,1,1,0,0,0,0,0,1,0,0,0,15.83838188043084
331,2,5400000.0,900.0,"Kalikapur, Kolkata",2,1,South-East,2.0,3.0,0,0,0,0,0,3.0,2,0,1,1,1,1,1,0,0,0,0,1,0,0,0,15.501909696719672
332,2,4400000.0,989.0,"Nayabad, Kolkata",2,2,South-East,1.0,7.0,0,0,0,0,0,0.5,2,0,3,1,0,1,1,1,0,0,1,1,0,0,0,15.29711532616119
335,3,6250000.0,1202.0,"New Garia, Kolkata",2,1,South-East,2.0,4.0,0,0,0,0,0,0.5,2,0,3,1,0,0,1,0,0,0,0,1,0,0,0,15.648092181712572
336,3,4906000.0,1022.0,"Rajarhat, Kolkata",2,1,East,3.0,5.0,0,0,0,0,0,3.0,2,0,0,1,1,1,1,1,1,0,0,0,0,0,0,15.405969707632593
337,3,4400000.0,989.0,"Nayabad, Kolkata",2,1,North-East,2.0,7.0,0,0,0,0,0,0.5,2,0,2,1,1,1,1,1,0,1,0,1,0,0,0,15.29711532616119
338,1,2500000.0,500.0,"New Garia, Kolkata",1,1,South-West,1.0,3.0,0,0,0,0,0,0.5,2,0,3,1,0,0,1,0,0,0,0,1,0,0,0,14.731801689838349
339,2,4560000.0,950.0,"Rajarhat, Kolkata",2,1,North-West,3.0,5.0,0,0,0,0,0,3.0,2,0,0,1,1,1,1,1,1,0,1,0,0,0,0,15.33283340078879
340,2,4537000.0,945.0,"Rajarhat, Kolkata",2,1,South-West,3.0,5.0,0,0,0,0,0,3.0,2,0,0,1,1,1,1,1,1,0,0,0,0,0,0,15.32777677905604
341,2,4464000.0,930.0,"Rajarhat, Kolkata",2,1,North-East,3.0,5.0,0,0,0,0,0,3.0,2,0,0,1,1,1,1,1,1,0,0,0,0,0,0,15.311556007057595
342,2,4277000.0,891.0,"Rajarhat, Kolkata",2,1,West,4.0,5.0,0,0,0,0,0,3.0,2,0,0,1,1,1,1,1,1,0,0,0,0,0,0,15.268762621017762
343,2,4536000.0,945.0,"Rajarhat, Kolkata",2,1,West,4.0,5.0,0,0,0,0,0,3.0,2,0,0,1,1,1,1,1,1,0,0,0,0,0,0,15.327556344848254
344,3,10500000.0,1160.0,"Patuli, EM Bypass",2,1,North-East,5.0,7.0,0,0,0,0,0,7.5,2,0,4,1,1,1,1,1,1,1,1,1,1,0,0,16.166885910365842
345,4,45000000.0,2799.0,"Tollygunge, Kolkata",5,3,Missing,11.0,29.0,0,0,0,0,0,-1.67,2,0,6,1,0,0,0,0,0,0,1,1,1,0,0,17.622173069956816
346,3,7000000.0,1210.0,"Baruipur, Kolkata South",2,1,South-East,8.0,14.0,0,0,0,0,0,3.0,2,0,3,1,1,1,1,1,1,1,1,0,1,0,0,15.76142084987672
347,3,25000000.0,1389.0,"Mukundapur, Kolkata",2,2,South-East,30.0,46.0,0,0,0,1,0,7.5,2,0,2,1,1,1,1,1,1,1,1,0,1,0,0,17.034386422832473
348,2,5300000.0,862.0,"New Town, Kolkata",2,1,East,3.0,4.0,0,0,0,0,0,7.5,2,2,0,1,1,1,1,1,1,1,0,0,0,0,0,15.483217567201578
349,2,9500000.0,1242.0,"New Town Action area 1A, Kolkata",2,1,East,2.0,13.0,0,0,1,0,0,7.5,2,2,0,1,1,1,1,1,1,1,1,0,0,0,0,16.066802461833923
350,3,7200000.0,560.0,"Action Area 3, Kolkata",2,1,North-West,2.0,5.0,0,0,1,0,0,3.0,0,0,0,0,1,1,0,1,1,0,0,0,0,0,0,15.789591722875162
351,2,8000000.0,1022.0,"New Town, Kolkata",2,1,North,3.0,5.0,0,0,0,0,0,7.5,2,2,4,1,1,0,1,0,0,1,1,0,1,0,0,15.894952224644102
352,2,5100000.0,996.0,"Rajarhat, Kolkata",2,1,West,2.0,7.0,0,0,0,0,0,3.0,2,0,2,1,0,1,1,1,1,0,1,0,1,0,0,15.444751293772967
353,4,16700000.0,3540.0,"Rajarhat, Kolkata",5,3,North,,,0,0,0,1,0,3.0,2,0,3,1,1,1,0,1,1,1,1,0,1,0,0,16.630919337267223
354,3,12000000.0,2500.0,"Rajarhat, Kolkata",3,3,South-West,2.0,4.0,0,0,0,1,0,7.5,2,0,3,1,1,1,0,1,1,1,1,0,1,0,0,16.300417291085605
355,3,5764000.0,1441.0,"Airport, Dum Dum",3,2,Missing,2.0,4.0,0,0,0,0,0,-1.0,2,0,0,0,0,0,0,0,0,0,0,0,0,0,0,15.567142409592167
356,3,4126000.0,1115.0,"Airport, Dum Dum",2,1,South-East,1.0,4.0,0,0,0,0,0,3.0,2,0,0,1,1,1,1,1,1,1,1,0,0,0,0,15.232819214978791
357,2,3000000.0,740.0,"Baruipur, Kolkata South",2,1,East,2.0,4.0,0,0,0,0,0,3.0,2,0,1,1,0,0,0,0,0,1,1,0,1,0,0,14.914123179965662
358,3,5300000.0,1125.0,"Mahamayatala, Garia",2,1,North-East,4.0,4.0,0,0,0,0,0,7.5,2,0,2,1,1,1,0,1,0,1,1,0,1,0,0,15.483217567201578
359,3,10200000.0,1350.0,"Rajarhat, Kolkata",2,1,South-East,10.0,10.0,0,0,0,0,0,0.5,2,0,2,1,1,1,1,1,1,1,1,0,1,0,0,16.13789837629371
360,3,7600000.0,1226.0,"Garia, Kolkata",3,1,North-West,15.0,15.0,0,0,0,0,0,3.0,2,0,5,1,1,0,0,0,0,1,1,1,1,0,0,15.843658936835498
361,4,16500000.0,2160.0,"BT Road, Kolkata",3,2,South-East,15.0,25.0,0,0,0,0,0,0.5,2,0,2,1,0,0,1,0,0,1,1,0,1,0,0,16.61887099947687
362,2,4400000.0,918.0,"Baruipur, Kolkata South",2,1,South-West,2.0,14.0,0,0,0,0,0,3.0,2,0,7,1,1,1,1,1,1,1,1,1,1,0,0,15.29711532616119
363,3,8600000.0,1349.0,"Rajarhat, Kolkata",2,1,South-East,6.0,11.0,0,0,0,0,0,3.0,2,0,3,1,1,1,1,1,1,1,1,0,1,0,0,15.967272877502799
364,3,13500000.0,1290.0,"Rajarhat, Kolkata",2,1,South-East,10.0,13.0,0,0,0,0,0,3.0,2,2,3,1,1,1,1,1,1,1,1,0,1,0,0,16.41820031748273
365,2,7200000.0,920.0,"Rajarhat, Kolkata",2,1,South,5.0,9.0,0,0,0,0,0,0.5,2,0,2,1,1,1,1,1,1,1,1,0,1,0,0,15.789591722875162
366,3,20000000.0,1415.0,"Salt Lake, Kolkata",2,1,South-East,8.0,25.0,0,0,0,0,0,3.0,2,2,3,1,1,1,1,1,1,1,1,0,1,0,0,16.811242881518265
367,1,5000000.0,560.0,"CD Block Newtown, Action Area 1",1,0,Missing,,,0,0,0,0,0,0.5,0,0,0,0,0,0,0,0,0,0,0,0,0,0,0,15.424948670398354
368,3,13000000.0,1670.0,"New Town, Kolkata",3,2,South-West,7.0,12.0,0,0,0,0,0,3.0,2,0,11,1,1,1,1,1,1,1,1,1,1,0,0,16.380459992348886
369,4,12800000.0,1817.0,"Belgharia, BT Road",3,1,South-East,9.0,13.0,0,0,0,0,0,3.0,2,1,3,1,0,0,0,0,0,1,1,0,1,0,0,16.36495580701484
370,3,10700000.0,1264.0,"New Town, Kolkata",2,1,South,3.0,12.0,0,0,0,0,0,3.0,2,0,0,1,1,1,1,1,1,1,0,0,0,0,0,16.185754392890075
371,4,18000000.0,2071.0,"BT Road, Kolkata",3,1,South,21.0,25.0,0,0,0,0,0,3.0,2,0,6,1,0,0,1,0,0,1,1,0,1,0,0,16.705882371415992
372,3,11500000.0,1261.0,"New Town, Kolkata",2,1,Missing,9.0,12.0,0,0,0,0,0,0.5,2,2,3,1,1,1,1,1,1,1,1,0,1,0,0,16.257857680289998
373,2,6000000.0,950.0,"Mukundapur Colony, Santoshpur",2,1,South-East,3.0,5.0,0,0,0,0,0,7.5,0,2,0,0,1,1,0,1,1,0,0,0,0,0,0,15.607270193858982
374,2,6300000.0,980.0,"Action Area 2, Kolkata",2,1,East,3.0,4.0,0,0,0,0,0,0.5,2,0,0,1,1,0,0,1,0,0,0,0,0,0,0,15.656060350091908
375,3,7250000.0,1368.0,"Action Area 2, Kolkata",2,2,South,3.0,4.0,0,0,0,0,0,0.5,2,0,0,1,1,0,0,1,0,0,0,0,0,0,0,15.796512164761882
376,3,11600000.0,1400.0,"Rajarhat, Kolkata",3,1,West,6.0,10.0,0,0,0,0,0,0.5,2,0,2,1,1,1,1,1,1,1,1,0,1,0,0,16.266515742283485
377,3,24000000.0,1475.0,"Mukundapur, Kolkata",3,2,North-East,20.0,46.0,0,0,0,0,0,0.5,1,0,6,1,1,1,1,1,1,1,1,1,1,0,0,16.993564429978885
378,2,6200000.0,970.0,"Panchasayar, EM Bypass",2,1,South-East,1.0,4.0,0,0,0,0,0,12.5,2,0,2,1,1,1,0,1,0,1,1,1,1,0,0,15.64006001130563
379,6,32500000.0,3000.0,"Jodhpur Park, Kolkata",4,3,South,3.0,4.0,0,0,0,0,0,7.5,2,0,1,1,1,1,0,0,0,1,0,0,0,0,0,17.296750678069195
380,4,29000000.0,3620.0,"Garia, Kolkata",4,3,North-East,3.0,22.0,0,0,0,1,0,12.5,2,0,6,1,1,1,0,1,1,1,1,1,1,0,0,17.182806422433504
381,2,7500000.0,1027.0,"Nayabad, Kolkata",2,1,South-East,4.0,11.0,0,0,0,0,0,3.0,2,0,4,1,0,1,0,1,0,1,1,1,1,0,0,15.830413711839864
382,3,4500000.0,931.0,"Joka, Kolkata South",2,2,Missing,1.0,10.0,0,0,0,0,0,0.5,2,0,4,1,1,0,1,1,1,1,1,1,1,0,0,15.319588176962746
383,3,6900000.0,1278.0,"Baruipur, Kolkata South",2,1,North-West,8.0,14.0,1,0,0,0,0,3.0,2,0,9,1,0,0,0,0,0,1,1,1,1,0,0,15.747032114495013
384,3,5600000.0,1225.0,"Mahamayatala, Garia",2,1,South-East,4.0,4.0,0,0,0,0,0,7.5,2,0,3,1,1,1,0,1,1,1,1,0,1,0,0,15.53827733427679
385,2,3000000.0,799.0,"Rajarhat, Kolkata",2,1,Missing,4.0,4.0,0,0,0,0,0,3.0,2,0,0,1,0,0,0,0,0,0,0,0,0,0,0,14.914123179965662
386,3,15300000.0,1551.0,"Dum Dum, Kolkata",2,2,South,1.0,13.0,0,1,1,0,0,0.5,2,2,3,1,1,1,1,1,1,1,1,0,1,0,0,16.54336345172214
387,1,2230000.0,531.0,"Birati, Kolkata",1,1,East,2.0,4.0,0,0,0,0,0,3.0,2,0,0,1,0,0,0,0,0,0,0,0,0,0,0,14.617512591866694
388,3,5200000.0,1060.0,"Serampore, Hooghly",2,1,North-East,8.0,29.0,0,0,0,0,0,0.5,2,0,2,1,1,1,1,1,1,1,1,0,1,0,0,15.46416937585933
389,3,16500000.0,1373.0,"EM Bypass, Kolkata South",2,2,North-East,12.0,17.0,0,0,0,0,0,3.0,2,0,3,1,1,1,1,1,1,1,1,0,1,0,0,16.61887099947687
390,3,11399999.999999998,1360.0,"Char Park, Kolkata",2,1,South-West,11.0,11.0,0,0,0,0,0,0.5,2,0,2,1,1,1,1,1,1,1,1,0,1,0,0,16.249124001084017
391,3,10700000.0,1650.0,"Garia, Kolkata",2,1,East,1.0,4.0,0,1,0,0,0,7.5,2,1,3,1,1,1,1,1,1,0,1,0,1,0,0,16.185754392890075
392,4,21000000.0,2850.0,"Moore Avenue, Tollygunge",4,2,South-East,1.0,4.0,0,0,0,0,0,12.5,2,2,2,1,1,1,0,0,0,0,0,1,0,0,0,16.860033043306743
393,1,15000000.0,970.0,"New Town, Kolkata",1,1,South-East,11.0,23.0,0,0,0,0,0,0.5,2,2,10,1,1,1,1,1,1,1,1,1,1,0,0,16.52356082573315
394,3,16500000.0,2054.0,"New Town, Kolkata",3,2,Missing,11.0,33.0,0,0,0,0,0,3.0,2,0,11,1,1,1,1,1,1,1,1,1,1,0,0,16.61887099947687
395,3,9500000.0,1255.0,"Char Park, Kolkata",2,2,West,3.0,11.0,0,0,0,0,0,0.5,2,0,2,1,1,1,1,1,1,1,1,0,1,0,0,16.066802461833923
396,2,3704999.9999999995,950.0,"Airport, Dum Dum",2,1,South-West,2.0,5.0,0,0,0,0,0,0.5,2,0,0,1,0,0,0,0,0,0,0,0,0,0,0,15.125194086617821
397,2,3825000.0,805.0,"Airport, Dum Dum",2,1,South-East,4.0,5.0,0,0,0,0,0,0.5,2,0,0,1,0,0,0,0,0,0,0,0,0,0,0,15.157069286680647
398,3,5900000.0,1000.0,"Joka, Kolkata South",2,1,West,13.0,15.0,0,0,0,0,0,3.0,2,0,2,1,0,0,1,0,0,1,0,1,1,0,0,15.59046307836746
399,3,6600000.0,1128.0,"Joka, Kolkata South",2,3,East,3.0,15.0,0,0,0,0,0,3.0,2,0,2,1,0,0,1,0,0,1,0,1,1,0,0,15.702580358511794
400,3,13700000.000000002,1551.0,"Dum Dum, Kolkata",2,2,South,5.0,13.0,0,0,0,0,0,3.0,2,0,4,1,0,0,1,0,0,1,1,0,1,0,0,16.432906463791053
401,2,6000000.0,1010.0,"Rajarhat, Kolkata",2,1,East,8.0,11.0,0,0,0,0,0,3.0,2,0,8,1,1,1,1,1,1,1,1,1,1,0,0,15.607270193858982
402,2,5100000.0,1158.0,"Rajarhat, Kolkata",2,2,East,1.0,7.0,0,0,0,0,0,3.0,2,0,8,1,1,1,1,1,1,1,1,1,1,0,0,15.444751293772967
403,3,9200000.0,1474.0,"Rajarhat, Kolkata",2,1,South,6.0,9.0,0,0,0,0,0,3.0,2,0,8,1,1,1,1,1,1,1,1,1,1,0,0,16.034714150714915
404,3,12300000.0,1369.0,"New Town, Kolkata",2,1,South,4.0,12.0,0,0,0,0,0,3.0,2,0,6,1,1,0,0,0,0,1,1,0,1,0,0,16.325109901643454
405,3,9400000.0,1260.0,"Char Park, Kolkata",2,1,South-West,3.0,11.0,0,0,0,0,0,0.5,2,0,2,1,1,1,1,1,1,1,1,0,1,0,0,16.056220353623207
406,2,6000000.0,971.0,"Rajarhat, Kolkata",2,1,East,10.0,10.0,0,0,0,0,0,0.5,2,0,4,1,0,0,0,1,1,1,1,0,1,0,0,15.607270193858982
407,4,17500000.0,1493.0,"Ballygunge, Kolkata",3,1,South-East,2.0,4.0,0,0,0,1,0,0.5,2,0,3,1,0,1,1,0,1,1,0,1,0,0,0,16.677711496036597
408,3,6300000.0,1326.0,"Behala Chowrasta, Kolkata",2,2,East,2.0,11.0,0,0,0,0,0,7.5,2,2,5,1,1,1,1,1,1,1,1,1,1,0,0,15.656060350091908
409,2,4100000.0,1052.0,"Shibrampur, Shibrampur Mauza, Kolkata",2,1,South-East,8.0,11.0,0,0,0,0,0,7.5,2,0,5,1,1,1,1,1,1,1,1,1,1,0,0,15.226497775576945
410,2,5500000.0,940.0,"Joka, Kolkata South",2,1,South-West,4.0,14.0,0,0,0,0,0,3.0,2,0,7,1,1,1,1,1,1,1,1,1,1,0,0,15.520258832020865
411,2,5500000.0,940.0,"Joka, Kolkata South",2,1,South,4.0,14.0,0,0,0,0,0,3.0,2,0,7,1,1,1,1,1,1,1,1,1,1,0,0,15.520258832020865
412,2,5200000.0,890.0,"Joka, Kolkata South",2,2,North-East,12.0,14.0,0,0,0,0,0,3.0,2,0,7,1,1,1,1,1,1,1,1,1,1,0,0,15.46416937585933
413,3,8700000.0,1412.0,"Saradapally, Kolkata South",2,2,South-East,1.0,5.0,0,0,0,0,0,7.5,2,2,2,1,1,1,1,1,1,0,0,1,0,0,0,15.978833698567334
414,2,3000000.0,839.0,"Garia Gardens, Kolkata",2,1,South-East,1.0,2.0,1,0,0,0,0,0.5,2,0,0,0,0,1,1,0,0,0,0,1,0,0,0,14.914123179965662
415,3,4448000.0,1055.0,"New Town, Kolkata",2,1,South-East,2.0,4.0,0,0,0,0,0,3.0,2,0,0,1,1,1,0,0,1,0,0,0,0,0,0,15.307965339732673
416,3,8500000.0,1298.0,"Kalikapur, Kolkata",2,1,South-West,3.0,4.0,0,0,0,0,0,3.0,2,0,0,1,1,1,1,1,1,1,1,0,0,0,0,15.955576839107596
417,2,5100000.0,860.0,"Joka, Kolkata South",2,2,North,4.0,15.0,0,0,0,0,0,3.0,2,0,2,1,0,0,1,0,0,1,0,0,1,1,0,15.444751293772967
418,2,8500000.0,1000.0,"Mudially, Sarat Bose Road",2,1,South-West,3.0,8.0,0,0,0,0,0,12.5,2,0,4,1,1,1,0,0,0,0,0,1,1,0,0,15.955576839107596
419,3,4500000.0,1200.0,"Airport, Dum Dum",2,2,South-East,1.0,4.0,0,0,0,0,0,12.5,2,0,0,0,0,0,0,0,0,0,0,0,0,0,0,15.319588176962746
420,2,5088000.0,960.0,"Action Area 2, Kolkata",2,1,East,2.0,4.0,0,0,0,0,0,0.5,2,0,0,1,1,0,0,1,1,0,0,0,0,0,0,15.442395580542957
421,3,8500000.0,764.0,"BT Road, Kolkata",2,1,South-East,2.0,11.0,0,0,0,0,0,3.0,0,0,3,1,1,1,1,1,1,1,1,0,1,0,0,15.955576839107596
422,4,25000000.0,2452.0,"Topsia, EM Bypass",4,1,North-West,18.0,19.0,0,0,0,0,0,3.0,2,0,6,1,1,1,1,1,1,1,1,1,1,0,0,17.034386422832473
423,3,21100000.0,1985.0,"Topsia, EM Bypass",3,1,South,16.0,19.0,0,0,0,0,0,3.0,2,0,6,1,1,1,1,1,1,1,1,1,1,0,0,16.86478364583966
424,3,5500000.0,1150.0,"Rajarhat, Kolkata",2,1,North,3.0,5.0,0,0,0,0,0,3.0,2,0,2,1,1,1,1,1,1,1,1,0,1,0,0,15.520258832020865
425,4,17000000.0,3500.0,"Rajarhat, Kolkata",4,2,North-West,3.0,4.0,0,0,0,0,0,3.0,2,0,5,1,1,1,1,1,1,1,1,1,1,0,0,16.648723960844016
426,2,7700000.0,910.0,"BT Road, Kolkata",2,1,South-East,3.0,24.0,0,0,0,0,0,3.0,2,0,5,1,1,1,1,1,1,1,1,1,1,0,0,15.856731016694035
427,4,24500000.0,1235.0,"New Town, Kolkata",4,2,South-West,16.0,20.0,0,1,0,0,0,3.0,0,0,10,1,0,0,0,0,0,1,1,1,1,0,0,17.01418371633128
428,4,22000000.0,2621.0,"EM Bypass, Kolkata East",4,3,South-East,4.0,22.0,0,0,0,0,0,3.0,2,0,6,1,0,0,0,0,0,1,1,1,1,0,0,16.906553056777135
429,3,12000000.0,1328.0,"EM Bypass, Kolkata South",2,1,North,10.0,27.0,0,0,0,0,0,12.5,2,1,6,1,1,1,0,1,1,1,1,1,1,1,0,16.300417291085605
430,3,7500000.0,1404.0,"Fartabad, Garia",2,2,North-East,4.0,4.0,0,0,0,0,0,7.5,0,0,3,1,1,1,0,1,0,0,1,1,1,0,0,15.830413711839864
431,2,6300000.0,1145.0,"Durganagar, Belgharia Expressway, Kolkata",2,3,North-West,3.0,6.0,0,1,0,0,0,3.0,2,0,10,1,1,1,1,1,1,1,1,1,1,0,0,15.656060350091908
432,2,6500000.0,1175.0,"Durganagar, Belgharia Expressway, Kolkata",2,3,South-East,5.0,6.0,0,1,0,0,0,3.0,2,0,10,1,1,1,1,1,1,1,1,1,1,0,0,15.687312888712007
433,2,5700000.0,1022.0,"Durganagar, Belgharia Expressway, Kolkata",2,3,North-East,2.0,6.0,0,0,0,0,0,3.0,2,0,9,1,1,1,1,1,1,1,1,1,1,0,0,15.555976908243359
434,3,5200000.0,1437.0,"Panihati, Kolkata",2,1,South-West,4.0,9.0,0,0,0,0,0,7.5,2,1,0,1,1,1,1,1,1,0,0,0,0,0,0,15.46416937585933
435,3,7400000.0,1225.0,"EM Bypass, Kolkata South",2,1,South-East,1.0,4.0,0,0,0,0,0,12.5,2,0,5,1,1,1,0,0,0,1,1,1,1,0,0,15.816990693309524
436,3,6906000.0,1303.0,"Action Area 2, Kolkata",2,2,South-West,1.0,4.0,0,0,0,0,0,0.5,2,0,0,1,1,0,0,1,0,0,0,0,0,0,0,15.747901301733686
437,3,12000000.0,1765.0,"Garia, Kolkata",2,2,South-West,5.0,10.0,0,0,0,0,0,12.5,2,0,2,1,1,0,0,0,0,1,1,0,1,0,0,16.300417291085605
438,2,3529999.9999999995,954.0,"Rajarhat, Kolkata",2,1,South-East,4.0,4.0,0,0,0,0,0,0.5,2,0,1,1,0,1,1,1,1,0,0,1,1,0,0,15.076808712195557
439,4,24500000.0,2945.0,"Survey Park, Santoshpur",4,2,South-West,9.0,13.0,1,0,0,0,0,12.5,2,0,5,1,1,0,0,1,1,1,1,1,1,0,0,17.01418371633128
440,4,34000000.0,2800.0,"Tollygunge, Kolkata",3,1,South,17.0,17.0,0,0,0,1,0,3.0,2,0,5,1,1,1,1,1,1,1,1,1,1,0,0,17.341871111992198
441,1,2256000.0,480.0,"Airport 2 No. Gate, North Dumdum",1,1,South,4.0,7.0,0,0,0,0,0,0.5,2,0,5,1,1,1,0,1,0,1,1,0,1,0,0,14.629104334862399
442,2,2250000.0,750.0,"Amarabati, Sodepur",2,1,South-West,4.0,4.0,0,0,0,0,0,3.0,2,0,0,1,1,1,1,0,1,0,0,0,0,0,0,14.626441218624949
443,4,55000000.0,3200.0,"Ballygunge, Kolkata",4,3,East,1.0,4.0,1,0,0,1,0,12.5,1,0,5,1,1,1,1,1,0,1,1,1,1,0,0,17.822843761378564
444,2,5500000.0,1158.0,"Rajarhat, Kolkata",2,2,East,6.0,7.0,0,0,0,0,0,3.0,2,0,8,1,1,1,1,1,1,1,1,1,1,0,0,15.520258832020865
445,3,5700000.0,1160.0,"Kamalgazi, Southern Bypass",2,1,Missing,3.0,4.0,0,0,0,0,0,3.0,2,0,2,1,1,1,1,1,1,0,0,1,0,0,0,15.555976908243359
446,2,6200000.0,920.0,"Baishnabghata Bye Lane, Garia",2,1,Missing,2.0,4.0,0,0,0,0,0,0.5,2,0,2,1,1,1,1,1,1,0,0,1,0,0,0,15.64006001130563
447,3,8600000.0,1300.0,"Garia, Kolkata",2,2,North-East,2.0,3.0,0,0,0,0,0,3.0,2,0,1,1,0,1,0,1,1,0,0,1,0,0,0,15.967272877502799
448,2,5000000.0,1060.0,"Narendrapur, Kolkata",2,1,South-East,4.0,7.0,0,0,0,0,0,7.5,2,0,5,1,1,1,1,1,1,1,1,1,1,0,0,15.424948670398354
449,2,4310000.0,917.0,"Garia, Kolkata",2,1,South,1.0,4.0,0,0,0,0,0,3.0,2,0,1,1,1,1,1,1,1,0,0,1,0,0,0,15.276448694098464
450,3,12500000.0,1468.0,"Briji, Garia",3,1,South,4.0,7.0,0,0,0,0,0,3.0,2,0,4,1,1,1,1,1,1,1,0,1,1,0,0,16.341239282272525
451,2,5550000.0,895.0,"Hdustan More, Garia",2,1,West,1.0,4.0,0,0,0,0,0,3.0,2,0,1,1,1,1,1,1,1,0,0,1,0,0,0,15.52930866590278
452,3,5500000.0,1100.0,"Hdustan More, Garia",2,1,North-East,1.0,3.0,0,0,0,0,0,3.0,2,0,1,0,0,1,1,1,1,0,0,1,0,0,0,15.520258832020865
453,3,8100000.0,1200.0,"Baishnabghata, Garia",2,1,South-East,1.0,3.0,0,0,0,0,0,3.0,2,0,1,1,0,1,1,1,1,0,0,1,0,0,0,15.90737474309945
454,2,6700000.0,980.0,"Baishnabghata, Garia",2,1,East,3.0,3.0,0,0,0,0,0,3.0,2,0,1,1,0,1,1,1,1,0,0,1,0,0,0,15.717618233614914
455,3,5200000.0,1200.0,"Garia, Kolkata",2,1,North-East,1.0,4.0,0,0,0,0,0,12.5,2,0,2,1,1,1,1,1,1,0,0,1,1,0,0,15.46416937585933
456,3,7600000.0,1680.0,"Mahamayatala, Garia",2,1,North-East,2.0,4.0,0,0,0,0,0,3.0,2,0,1,1,0,1,1,1,1,0,0,1,0,0,0,15.843658936835498
457,3,5200000.0,1338.0,"Narendrapur, Kolkata",2,1,South-East,1.0,5.0,0,0,0,0,0,7.5,2,0,5,1,1,1,1,1,1,1,1,1,1,0,0,15.46416937585933
458,2,5700000.0,1060.0,"Narendrapur, Kolkata",2,1,South,3.0,5.0,0,0,0,0,0,7.5,2,2,3,1,1,1,1,1,1,1,1,1,1,0,0,15.555976908243359
459,3,6800000.0,1280.0,"Saha Para, Fartabad, Garia",2,1,North-East,4.0,4.0,0,0,0,0,0,7.5,2,2,7,1,0,0,0,0,0,1,1,1,1,0,0,15.732433317205148
460,4,5180000.0,1400.0,"Mahamayatala, Garia",4,2,South-East,1.0,3.0,1,0,0,0,0,3.0,2,0,1,1,0,1,1,1,0,0,0,1,0,0,0,15.46031580728584
461,3,6700000.0,1202.0,"Action Area 2, Kolkata",2,1,South-West,4.0,4.0,0,0,0,0,0,3.0,2,0,0,1,1,1,1,1,1,1,1,0,0,0,0,15.717618233614914
462,3,8600000.0,1250.0,"Action Area 1, Kolkata",2,1,South-West,4.0,4.0,0,0,0,0,0,3.0,2,0,0,1,1,0,1,1,1,0,0,0,0,0,0,15.967272877502799
463,3,10300000.0,1341.0,"Action Area 1, Kolkata",2,1,South-East,1.0,4.0,0,0,0,0,0,3.0,2,0,0,1,1,0,1,1,1,0,0,0,0,0,0,16.14765455028724
474,3,6919000.0,1193.0,"Kalikapur, Kolkata",2,1,South-West,2.0,3.0,0,0,0,0,0,0.5,2,0,2,1,1,1,1,0,0,1,0,1,0,0,0,15.749781953010494
475,3,5200000.0,1111.0,"Nayabad, Kolkata",2,1,North-East,3.0,3.0,0,0,0,0,0,3.0,2,0,2,1,1,1,1,0,0,0,0,1,0,0,0,15.46416937585933
477,3,7800000.0,1300.0,"Kalikapur, Kolkata",2,1,South-East,2.0,3.0,0,0,0,0,0,3.0,2,0,2,1,1,1,1,0,0,1,0,1,0,0,0,15.86963441986494
479,3,7041000.0,1214.0,"Madurdaha, EM Bypass, Kolkata South",2,1,South-East,1.0,3.0,0,0,0,0,0,3.0,2,0,2,1,1,1,1,0,0,0,0,1,0,0,0,15.767260905526541
480,2,2400000.0,600.0,"Chaitalpara, Bally, Howrah",2,1,South,3.0,4.0,0,0,0,0,0,12.5,0,0,0,0,0,1,0,0,0,0,0,0,0,0,0,14.690979711984754
481,2,7000000.0,842.0,"BT Road, Kolkata",2,1,South,4.0,24.0,0,0,0,0,0,0.5,2,0,5,1,1,1,1,1,1,1,1,1,1,0,0,15.76142084987672
482,2,7400000.0,896.0,"BT Road, Kolkata",2,1,North,14.0,24.0,0,0,0,0,0,3.0,2,0,6,1,1,1,1,1,1,1,1,1,1,0,0,15.816990693309524
483,3,23000000.0,1770.0,"New Town, Kolkata",3,2,North-East,15.0,29.0,0,0,0,0,0,0.5,2,0,3,1,1,1,1,1,1,1,1,0,1,0,0,16.951004817371683
484,3,16700000.0,2185.0,"New Town, Kolkata",4,3,East,3.0,21.0,0,0,0,1,0,3.0,2,0,4,1,1,1,1,1,1,1,1,0,1,0,0,16.630919337267223
485,2,6600000.0,972.0,"Garia, Kolkata",2,1,North-West,4.0,4.0,0,0,0,0,0,7.5,2,2,6,1,1,1,1,1,1,1,1,1,1,0,0,15.702580358511794
486,2,10000000.0,1464.0,"New Town, Kolkata",2,2,North-East,6.0,21.0,0,0,0,0,0,3.0,2,0,4,1,1,1,1,1,1,1,1,0,1,0,0,16.118095750958314
487,3,7000000.0,1320.0,"Madurdaha, EM Bypass, Kolkata South",2,2,South-East,1.0,3.0,0,0,0,0,0,3.0,2,2,0,1,1,1,0,0,1,0,0,1,0,0,0,15.76142084987672
488,3,5200000.0,1040.0,"Serampore, Hooghly",2,1,South-East,23.0,26.0,0,0,0,0,0,0.5,2,1,7,1,1,1,1,1,1,1,1,1,1,0,0,15.46416937585933
489,2,5800000.0,1054.0,"Madhyamgram, Kolkata",2,1,South,6.0,6.0,0,0,0,0,0,0.5,2,0,4,1,1,1,1,1,1,1,1,0,1,0,0,15.573368647930426
490,2,5300000.0,1056.0,"Madhyamgram, Kolkata",2,1,East,6.0,6.0,0,0,0,0,0,0.5,2,0,4,1,1,1,1,1,1,1,1,0,1,0,0,15.483217567201578
491,2,5300000.0,1023.0,"Madhyamgram, Kolkata",2,1,North,5.0,6.0,0,0,0,0,0,0.5,2,0,4,1,1,1,1,1,1,1,1,0,1,0,0,15.483217567201578
492,3,4300000.0,1108.0,"Baruipur, Kolkata South",2,1,East,2.0,4.0,1,0,0,0,0,0.5,2,0,7,1,1,1,0,1,1,1,1,1,1,0,0,15.274125813221904
493,2,3700000.0,820.0,"Baruipur, Kolkata South",2,1,North,2.0,4.0,1,0,0,0,0,3.0,2,0,8,1,1,1,0,0,1,1,1,1,1,0,0,15.123843647884687
494,3,7500000.0,1264.0,"EM Bypass, Kolkata South",2,1,South-East,8.0,15.0,0,0,0,0,0,0.5,2,2,3,1,0,0,1,0,0,1,1,0,1,0,0,15.830413711839864
496,4,30000000.0,4500.0,"EM Bypass, Kolkata South",4,3,North-West,22.0,27.0,0,0,0,0,0,7.5,2,2,2,1,0,0,0,0,0,0,1,0,0,0,0,17.216707972959764
497,2,3800000.0,890.0,"Rajarhat, Kolkata",2,1,South-West,4.0,5.0,0,0,0,0,0,3.0,0,0,3,1,1,1,0,1,1,1,1,0,1,0,0,15.150511887854474
498,3,6000000.0,1260.0,"EM Bypass, Kolkata South",3,1,South-East,1.0,4.0,0,0,0,0,0,12.5,2,0,4,1,1,0,0,0,0,1,0,1,1,0,0,15.607270193858982
499,2,7200000.0,1105.0,"Kasba, Kolkata",2,1,South,2.0,4.0,0,0,0,0,0,0.5,2,0,5,1,1,1,1,0,1,1,0,1,1,0,0,15.789591722875162
500,3,17000000.0,1479.0,"Tollygunge, Kolkata",2,2,South-East,9.0,17.0,0,0,0,0,0,3.0,1,0,6,1,1,1,1,1,1,1,1,1,1,0,0,16.648723960844016
501,3,7900000.0,1567.0,"Rajarhat, Kolkata",3,1,West,3.0,7.0,0,0,0,0,0,3.0,2,0,5,1,1,1,1,1,1,1,1,1,1,0,0,15.882373444019521
502,3,9500000.0,1250.0,"Char Park, Kolkata",2,2,North-East,4.0,11.0,0,0,0,0,0,0.5,2,0,2,1,1,1,1,1,1,1,1,0,1,0,0,16.066802461833923
503,3,9600000.0,1144.0,"New Town, Kolkata",2,1,South,10.0,12.0,0,0,0,0,0,3.0,2,0,3,1,0,0,0,0,0,1,1,0,1,0,0,16.077273760604726
504,2,7900000.0,952.0,"BT Road, Kolkata",2,1,East,14.0,25.0,0,0,0,0,0,3.0,2,0,3,1,0,0,1,0,0,1,1,0,1,0,0,15.882373444019521
505,2,4200000.0,1000.0,"Bonhooghly, BT Road",2,1,South-West,4.0,4.0,0,0,1,0,0,12.5,2,1,3,1,1,0,0,0,1,0,0,1,0,0,0,15.250595321348806
506,3,9500000.0,1480.0,"CE Block Newtown, New Town",3,2,South-East,4.0,4.0,0,0,0,0,0,3.0,2,0,0,1,1,1,1,1,1,1,1,0,0,0,0,16.066802461833923
507,3,10200000.0,1480.0,"BF Block Newtown, Action Area 1, Kolkata",3,3,South-East,4.0,4.0,0,0,0,0,0,3.0,2,0,0,1,1,1,1,1,1,1,1,0,0,0,0,16.13789837629371
508,2,5900000.0,989.0,"Madhyamgram, Kolkata",2,1,North,5.0,6.0,0,0,0,0,0,3.0,2,0,6,1,1,1,1,1,1,1,1,1,1,0,0,15.59046307836746
509,3,8500000.0,1250.0,"DC Block Newtown, Action Area 1",2,1,South-East,1.0,4.0,0,0,0,0,0,3.0,2,0,0,1,1,0,1,0,0,0,0,0,0,0,0,15.955576839107596
510,2,6300000.0,891.0,"EM Bypass, Kolkata South",2,1,West,2.0,16.0,0,0,0,0,0,3.0,2,0,3,1,1,0,1,1,1,1,1,0,1,0,0,15.656060350091908
511,2,5083000.0,959.0,"Jatragachhi, Kolkata East",2,1,North-East,4.0,5.0,0,0,0,0,0,3.0,2,0,0,1,1,1,1,1,1,1,0,0,0,0,0,15.441412393163231
512,3,10000000.0,1300.0,"Lake Town, Kolkata",2,1,Missing,1.0,4.0,0,0,0,0,0,3.0,0,0,0,0,0,0,0,0,0,0,0,0,0,0,0,16.118095750958314
513,2,4500000.0,979.0,"Nayabad, Kolkata",2,1,South-West,2.0,3.0,0,0,0,0,0,3.0,2,0,3,1,1,1,0,0,0,0,0,1,0,0,0,15.319588176962746
514,3,11000000.0,1454.0,"EM Bypass, Kolkata South",2,1,West,7.0,20.0,0,0,0,0,0,3.0,2,1,5,1,1,1,1,1,1,1,1,1,1,0,0,16.213405921671733
515,2,3208000.0,867.0,"Rajarhat, Kolkata",2,1,North,2.0,4.0,0,0,0,0,0,0.5,2,0,1,1,0,1,1,1,1,0,0,1,1,0,0,14.981158559689192
516,2,3547999.9999999995,959.0,"Rajarhat, Kolkata",2,1,North-East,4.0,4.0,0,0,0,0,0,0.5,2,0,1,1,0,1,1,1,1,0,0,1,1,0,0,15.081894904260496
517,2,3254999.9999999995,1050.0,"Agarpara, Panihati",2,1,South-East,1.0,4.0,0,0,1,0,0,3.0,2,0,0,1,1,1,1,1,1,0,0,0,0,0,0,14.995703140844421
518,2,3013000.0,837.0,"Airport, Dum Dum",2,1,South-East,5.0,5.0,0,0,0,0,0,0.5,2,0,0,1,0,0,0,0,0,0,0,0,0,0,0,14.918447150007504
519,3,11500000.0,1264.0,"EM Bypass, Kolkata South",3,1,South-East,14.0,27.0,0,0,0,0,0,3.0,2,0,6,1,1,1,1,1,1,1,1,1,1,1,0,16.257857680289998
520,2,2800000.0,730.0,"Behala Chowrasta, Kolkata",2,1,Missing,3.0,3.0,0,0,0,0,0,12.5,2,2,1,1,1,0,0,0,0,0,0,0,0,0,0,14.845130332288226
521,3,7547000.0,1424.0,"Narendrapur, Kolkata",2,1,South,7.0,20.0,1,0,0,0,0,3.0,2,0,4,1,1,0,0,0,0,1,1,0,1,0,0,15.836660823769979
522,3,7120000.0,1424.0,"Narendrapur, Kolkata",2,1,South-West,7.0,19.0,0,0,0,0,0,3.0,2,0,4,1,1,1,1,1,1,1,1,0,1,0,0,15.778418423837588
523,3,6888000.0,1379.0,"Narendrapur, Kolkata",2,2,South-East,13.0,19.0,0,0,0,0,0,3.0,2,0,4,1,1,1,1,1,1,1,1,0,1,0,0,15.745291470269716
524,2,5858000.0,1011.0,"Narendrapur, Kolkata",2,1,South-East,9.0,9.0,0,0,0,0,0,3.0,2,0,4,1,1,0,0,1,1,0,0,1,0,0,0,15.583318977076527
525,3,6500000.0,1049.0,"Nayabad, Kolkata",2,1,North-East,4.0,4.0,0,0,0,0,0,0.5,2,0,3,1,0,0,0,0,0,1,1,1,1,0,0,15.687312888712007
526,3,6000000.0,1223.0,"Nayabad, Kolkata",3,1,South-West,2.0,3.0,0,0,0,0,0,3.0,2,0,2,1,1,0,0,0,0,1,0,1,0,0,0,15.607270193858982
527,3,8600000.0,889.0,"BT Road, Kolkata",2,1,South,15.0,24.0,0,0,0,0,0,3.0,0,0,5,1,1,1,1,1,1,1,1,1,1,0,0,15.967272877502799
528,2,2450000.0,827.0,"New Barrakpur, Kolkata",2,1,South-East,3.0,4.0,0,0,1,0,0,3.0,2,1,0,1,1,1,1,1,1,0,0,0,0,0,0,14.711598990684092
529,2,2250000.0,844.0,"New Barrakpur, Kolkata",2,1,South-East,1.0,4.0,0,0,1,0,0,3.0,2,0,0,1,1,1,1,1,1,0,0,0,0,0,0,14.626441218624949
530,3,5500000.0,901.0,"Action Area 3, Kolkata",2,1,North-East,5.0,14.0,0,0,0,0,0,0.5,1,0,1,1,0,0,0,0,0,0,1,0,0,0,0,15.520258832020865
531,3,5200000.0,901.0,"Action Area 3, Kolkata",2,1,North-East,7.0,14.0,0,0,0,0,0,0.5,1,0,1,1,1,1,0,1,1,0,1,0,0,0,0,15.46416937585933
532,3,7800000.0,1185.0,"Omarhati, Kolkata",2,2,South-East,9.0,11.0,0,0,0,0,0,3.0,2,2,3,1,1,1,1,1,1,1,1,0,1,0,0,15.86963441986494
533,2,2270000.0,810.0,"New Barrakpur, Kolkata",2,1,South-East,2.0,4.0,0,0,1,0,0,3.0,2,0,0,1,1,1,1,1,1,0,0,0,0,0,0,14.635290829986122
534,3,6900000.0,1231.0,"Durganagar, Belgharia Expressway, Kolkata",2,3,North-East,1.0,6.0,0,0,0,0,0,3.0,2,0,9,1,1,1,1,1,1,1,1,1,1,0,0,15.747032114495013
535,2,2220000.0,765.0,"New Barrakpur, Kolkata",2,1,South-East,4.0,4.0,0,0,1,0,0,3.0,2,0,0,1,1,1,1,1,1,0,0,0,0,0,0,14.613018204298811
536,3,5850000.0,1300.0,"Tob Road, Kolkata",2,1,South-West,2.0,4.0,0,0,1,0,0,0.5,2,0,0,1,0,0,0,0,0,0,0,0,0,0,0,15.581952390148196
537,2,3600000.0,890.0,"Mahamayatala, Garia",2,1,South-East,1.0,3.0,1,0,0,0,0,3.0,2,0,0,0,0,1,1,1,0,0,0,1,0,0,0,15.096444681204078
538,3,2853000.0,1019.0,"Konnagar, Hooghly",2,1,South-East,1.0,5.0,0,0,0,0,0,0.5,2,0,3,1,1,1,1,1,1,1,1,1,0,0,0,14.863881980703813
539,2,2745000.0,915.0,"Konnagar, Hooghly",2,1,South-West,2.0,5.0,0,0,0,0,0,3.0,2,0,2,1,1,1,1,1,1,0,1,1,0,0,0,14.825291997224427
540,3,3440999.9999999995,1110.0,"Konnagar, Hooghly",2,1,North,5.0,5.0,0,0,0,0,0,3.0,2,0,2,1,1,1,1,1,1,0,0,1,0,0,0,15.051272975392768
541,2,1798999.9999999998,692.0,"Konnagar, Hooghly",2,1,East,2.0,5.0,0,0,0,0,0,3.0,2,0,2,1,1,1,1,1,1,0,0,1,0,0,0,14.402742068796885
542,2,2007000.0,772.0,"Konnagar, Hooghly",2,1,West,1.0,5.0,0,0,0,0,0,3.0,2,0,2,1,1,1,1,1,1,0,0,1,0,0,0,14.512152126034454
543,2,2077000.0,799.0,"Konnagar, Hooghly",2,1,West,2.0,5.0,0,0,0,0,0,3.0,2,0,2,1,1,1,1,1,1,0,0,1,0,0,0,14.546435584321783
544,3,2694000.0,1036.0,"Konnagar, Hooghly",2,2,East,3.0,5.0,0,0,0,0,0,3.0,2,0,2,1,1,1,1,1,1,1,0,1,0,0,0,14.806538007147626
545,2,2140000.0,778.0,"Konnagar, Hooghly",2,1,North,5.0,5.0,0,0,0,0,0,3.0,2,0,1,1,1,1,1,1,1,0,0,1,0,0,0,14.576316854287645
546,3,2650000.0,1060.0,"Konnagar, Hooghly",2,1,West,2.0,5.0,0,0,0,0,0,3.0,2,0,2,1,1,1,1,1,1,0,0,1,0,0,0,14.790070575320824
548,3,7600000.0,1404.0,"Durganagar, Belgharia Expressway, Kolkata",3,3,South-West,2.0,6.0,0,0,0,0,0,3.0,2,0,10,1,1,1,1,1,1,1,1,1,1,0,0,15.843658936835498
549,3,4800000.0,1150.0,"Rajarhat, Kolkata",2,1,South-West,1.0,5.0,0,0,0,0,0,3.0,0,0,3,1,1,1,0,1,1,1,1,0,1,0,0,15.38412668421143
550,4,21500000.0,1508.0,"Tollygunge, Kolkata",3,3,South,12.0,12.0,0,0,0,0,0,3.0,1,0,5,1,1,1,1,1,1,1,1,1,1,0,0,16.88356353960952
552,4,11700000.0,1885.0,"Kalikapur, Kolkata",3,2,East,3.0,4.0,0,0,0,0,0,3.0,2,0,0,1,1,1,1,1,1,1,1,0,0,0,0,16.275099485238066
553,4,11200000.000000002,1874.0,"Kalikapur, Kolkata",3,2,North-West,2.0,4.0,0,0,0,0,0,3.0,2,0,0,1,1,1,1,1,1,1,1,0,0,0,0,16.231424425551033
554,2,2039999.9999999998,680.0,"Khardah, BT Road",1,1,South-West,2.0,6.0,0,0,0,0,0,0.5,2,0,0,1,1,1,1,0,0,0,1,0,0,0,0,14.528460856016357
555,3,11000000.0,1328.0,"EM Bypass, Kolkata South",3,1,South-West,9.0,27.0,0,0,0,0,0,7.5,2,0,2,1,1,1,0,1,1,1,1,0,0,0,0,16.213405921671733
556,3,5200000.0,1040.0,"Serampore, Hooghly",3,1,South,17.0,29.0,0,0,0,0,0,3.0,0,0,3,1,0,0,0,0,0,0,1,0,1,0,0,15.46416937585933
557,2,3050000.0,870.0,"Narendrapur, Kolkata",2,1,East,2.0,4.0,0,0,0,0,0,3.0,2,0,1,1,1,1,0,0,1,1,0,0,1,0,0,14.930652476452392
558,3,4510000.0,1287.0,"Narendrapur, Kolkata",2,2,East,2.0,4.0,0,0,0,0,0,3.0,2,0,1,1,1,1,0,0,1,1,0,0,1,0,0,15.321807933208326
559,3,4690000.0,1339.0,"Narendrapur, Kolkata",2,2,South-East,1.0,4.0,0,0,0,0,0,3.0,2,0,0,1,1,1,0,0,1,1,0,0,1,0,0,15.360943353642055
560,2,3374000.0,978.0,"Narendrapur, Kolkata",2,1,South,1.0,4.0,0,0,0,0,0,3.0,2,0,1,1,0,0,0,0,0,1,0,0,1,0,0,15.03160983847212
562,3,4550000.0,1339.0,"Narendrapur, Kolkata",3,2,South,4.0,4.0,0,0,0,0,0,0.5,2,0,4,1,0,0,0,0,0,1,0,0,1,0,0,15.330638010707329
563,2,3372000.0,992.0,"Narendrapur, Kolkata",2,1,North,1.0,4.0,0,0,0,0,0,0.5,2,0,1,1,1,1,0,0,1,1,0,0,1,0,0,15.031016894663745
564,2,9000000.0,675.0,"Tollygunge, Kolkata",2,1,South-East,10.0,12.0,0,0,0,0,0,3.0,1,0,5,1,1,1,1,1,1,1,1,1,1,0,0,16.012735246411598
565,3,11100000.000000002,1264.0,"EM Bypass, Kolkata South",2,1,North-East,15.0,27.0,0,0,0,0,0,12.5,2,1,6,1,1,1,0,1,1,1,1,1,1,0,0,16.22245575637265
566,3,12000000.0,1751.0,"Action Area 1, Kolkata",3,1,South,2.0,4.0,0,0,0,0,0,3.0,1,0,0,1,1,0,1,1,1,0,0,0,0,0,0,16.300417291085605
567,3,18000000.0,1645.0,"Ranikuthi, Regent Park, Kolkata",3,1,North,12.0,15.0,0,0,0,0,0,7.5,2,0,4,1,0,0,0,0,1,1,0,1,1,0,0,16.705882371415992
568,4,28500000.0,1501.0,"New Town, Kolkata",5,2,South,7.0,20.0,0,0,0,1,0,3.0,0,0,6,1,0,0,0,0,0,1,1,1,1,0,0,17.1654146803266
569,4,9500000.0,1648.0,"Madhyamgram, Kolkata",3,2,South-West,2.0,6.0,0,0,0,0,0,0.5,2,0,4,1,1,1,1,1,1,1,1,0,1,0,0,16.066802461833923
570,2,5800000.0,1056.0,"Madhyamgram, Kolkata",2,1,North,1.0,6.0,0,0,0,0,0,0.5,2,0,4,1,1,1,1,1,1,1,1,0,1,0,0,15.573368647930426
571,2,2420000.0,834.0,"Agarpara, Panihati",2,1,South-East,1.0,4.0,0,0,1,0,0,3.0,2,0,0,1,1,1,1,1,1,0,0,0,0,0,0,14.699278511355924
572,2,2400000.0,750.0,"Airport, Dum Dum",1,0,South-East,5.0,5.0,0,0,0,0,0,3.0,2,0,0,1,0,0,0,0,0,0,0,0,0,0,0,14.690979711984754
573,3,6200000.0,1000.0,"Hdustan More, Garia",2,1,East,1.0,4.0,0,0,0,0,0,3.0,2,0,1,1,1,1,1,1,1,0,0,1,0,0,0,15.64006001130563
574,3,7500000.0,1239.0,"Joka, Kolkata South",2,2,North-West,10.0,23.0,0,0,0,0,0,3.0,2,0,5,1,0,0,0,0,0,1,1,1,1,0,0,15.830413711839864
575,3,6450000.0,1128.0,"Joka, Kolkata South",2,3,West,3.0,15.0,0,0,0,0,0,3.0,2,0,5,1,1,1,1,1,1,1,1,1,1,0,0,15.679590843810702
576,2,5000000.0,906.0,"Joka, Kolkata South",2,2,North,3.0,15.0,0,0,0,0,0,3.0,2,0,4,1,0,0,1,0,0,1,0,1,1,0,0,15.424948670398354
577,3,6509999.999999999,1128.0,"Joka, Kolkata South",2,3,South-East,3.0,15.0,0,0,0,0,0,3.0,2,0,5,1,1,1,1,1,1,1,0,1,1,0,0,15.688850167794572
578,3,7500000.0,1528.0,"Joka, Kolkata South",2,3,South,1.0,15.0,0,0,0,0,0,3.0,2,0,5,1,1,1,1,1,1,1,1,1,1,0,0,15.830413711839864
579,3,10500000.0,1545.0,"EM Bypass, Kolkata South",2,2,South-East,2.0,11.0,0,0,0,0,0,7.5,2,0,8,1,1,1,1,1,1,1,1,1,1,0,0,16.166885910365842
580,3,7200000.0,1370.0,"EM Bypass, Kolkata East",2,1,South-East,3.0,4.0,0,0,0,0,0,7.5,2,0,2,1,0,0,0,0,0,1,1,0,1,0,0,15.789591722875162
581,2,4000000.0,935.0,"EM Bypass, Kolkata South",2,1,South-West,2.0,4.0,0,0,0,0,0,12.5,2,0,4,1,1,0,1,0,0,1,1,1,1,0,0,15.201805169084134
582,3,10000000.0,1409.0,"Garia, Kolkata",2,1,East,4.0,4.0,0,0,0,0,0,12.5,1,0,4,1,1,1,1,0,0,1,1,1,1,0,0,16.118095750958314
583,3,7500000.0,1344.0,"Joka, Kolkata South",2,1,West,10.0,23.0,0,0,0,0,0,0.5,2,0,2,1,1,1,1,1,1,1,1,0,1,0,0,15.830413711839864
584,2,5100000.0,914.0,"Joka, Kolkata South",2,1,South,5.0,14.0,0,0,0,0,0,3.0,2,0,4,1,1,1,1,1,1,1,1,0,1,0,0,15.444751293772967
585,3,6200000.0,1228.0,"Omarhati, Kolkata",2,2,North-East,7.0,11.0,0,0,0,0,0,3.0,2,0,3,1,1,1,0,1,1,1,1,0,1,0,0,15.64006001130563
586,3,6220000.0,1885.0,"Omarhati, Kolkata",2,1,Missing,5.0,11.0,0,0,0,0,0,3.0,2,0,3,1,0,0,0,0,0,1,1,0,1,0,0,15.643280625487053
587,3,7500000.0,1170.0,"Rajarhat, Kolkata",2,1,South-East,8.0,11.0,0,0,0,0,0,3.0,2,1,3,1,1,0,1,1,1,1,1,0,1,0,0,15.830413711839864
588,3,7286000.0,1386.0,"New Town, Kolkata",2,2,South-East,3.0,4.0,0,0,0,0,0,0.5,2,0,0,1,1,0,1,1,1,1,1,0,1,0,0,15.801465393800157
589,2,5300000.0,1008.0,"Rajarhat, Kolkata",2,1,South-East,9.0,11.0,0,0,0,0,0,7.5,1,0,3,1,1,1,1,0,1,1,1,0,1,0,0,15.483217567201578
590,2,5100000.0,897.0,"Rajarhat, Kolkata",2,1,East,3.0,11.0,0,0,0,0,0,7.5,2,0,3,1,1,0,1,0,0,1,1,0,1,0,0,15.444751293772967
591,2,5280000.0,992.0,"Rajarhat, Kolkata",2,1,South,4.0,11.0,0,0,0,0,0,7.5,2,0,3,1,1,0,1,0,0,1,1,0,1,0,0,15.479436845076366
592,2,5150000.0,897.0,"Rajarhat, Kolkata",2,1,North-West,10.0,11.0,0,0,0,0,0,7.5,2,0,3,1,1,0,1,0,0,1,1,0,1,0,0,15.454507466814658
593,3,7300000.0,1369.0,"New Town, Kolkata",2,1,South-East,1.0,4.0,0,0,0,0,0,0.5,2,0,2,1,1,1,1,1,1,0,0,1,1,0,0,15.803385043104912
594,2,5100000.0,959.0,"New Town, Kolkata",2,1,North-East,1.0,4.0,0,0,0,0,0,0.5,2,0,2,1,1,1,1,1,1,0,0,1,1,0,0,15.444751293772967
595,2,5160000.0,897.0,"Rajarhat, Kolkata",2,1,North,10.0,11.0,0,0,0,0,0,3.0,2,0,4,1,1,0,1,0,0,1,1,0,1,0,0,15.456447331256177
596,2,5140000.0,897.0,"Rajarhat, Kolkata",2,1,North-East,5.0,11.0,0,0,0,0,0,3.0,2,0,4,1,1,0,1,0,0,1,1,0,1,0,0,15.452563831983857
597,2,5110000.0,897.0,"Rajarhat, Kolkata",2,1,North,4.0,11.0,0,0,0,0,0,3.0,2,0,4,1,1,0,1,0,0,1,1,0,1,0,0,15.446710157874584
598,2,3342000.0,955.0,"Kalaberia, Kolkata",2,2,North-East,4.0,4.0,0,0,0,0,0,3.0,2,0,0,1,1,0,1,1,0,0,0,0,0,0,0,15.022080287359454
599,2,2870000.0,820.0,"Kalaberia, Kolkata",2,1,South,3.0,4.0,0,0,0,0,0,3.0,2,0,0,1,1,1,1,1,0,0,0,0,0,0,0,14.869822936167798
600,3,3990000.0,1140.0,"Kalaberia, Kolkata",2,1,South-East,1.0,4.0,0,0,0,0,0,3.0,2,0,0,1,0,1,1,1,0,0,0,0,0,0,0,15.199302039492581
601,3,7256000.0,1369.0,"New Town, Kolkata",2,2,North,3.0,4.0,0,0,0,0,0,3.0,2,0,6,1,1,1,1,0,0,0,0,1,1,0,0,15.797339408594079
602,2,5088000.0,960.0,"New Town, Kolkata",2,1,South,3.0,4.0,0,0,0,0,0,3.0,2,0,4,1,1,1,1,0,0,0,0,1,1,0,0,15.442395580542957
603,2,5083000.0,959.0,"New Town, Kolkata",2,1,North-West,3.0,4.0,0,0,0,0,0,3.0,2,0,5,1,1,1,1,0,0,0,0,1,1,0,0,15.441412393163231
604,3,6540000.000000001,1234.0,"New Town, Kolkata",2,1,North,1.0,4.0,0,0,0,0,0,3.0,2,0,4,1,1,1,1,0,0,0,0,1,1,0,0,15.693447876338569
605,3,12000000.0,1150.0,"New Town, Kolkata",2,1,South-East,8.0,12.0,0,0,0,0,0,0.5,2,0,3,1,1,1,1,1,1,1,1,0,1,0,0,16.300417291085605
606,2,9500000.0,1105.0,"New Town Action area 1A, Kolkata",2,1,South,2.0,12.0,0,0,1,0,0,12.5,2,0,0,1,1,1,1,1,1,1,1,0,0,0,0,16.066802461833923
607,4,25000000.0,2200.0,"New Town, Kolkata",3,2,North-East,5.0,12.0,0,0,0,1,0,0.5,2,0,4,1,1,1,1,1,1,1,1,0,1,0,0,17.034386422832473
608,3,14200000.0,1500.0,"Action Area 1, Kolkata",3,3,North-West,10.0,11.0,0,0,0,0,0,3.0,2,1,0,1,1,1,1,1,1,1,0,0,0,0,0,16.468752592994022
609,3,16500000.0,1535.0,"New Town, Kolkata",2,1,North-East,12.0,15.0,0,0,0,0,0,3.0,2,2,6,1,1,1,1,1,1,1,1,1,1,0,0,16.61887099947687
610,3,17000000.0,1748.0,"New Town, Kolkata",3,1,Missing,2.0,12.0,0,0,0,0,0,3.0,2,0,3,1,0,0,0,0,0,1,1,0,1,0,0,16.648723960844016
611,3,13000000.0,1454.0,"EM Bypass, Kolkata South",0,0,Missing,,,0,0,0,0,0,3.0,2,0,0,0,0,0,0,0,0,0,0,0,0,0,0,16.380459992348886
612,3,7000000.0,1199.0,"Kamalgazi, Southern Bypass",2,1,North,2.0,4.0,0,0,0,0,0,7.5,2,0,4,1,1,0,0,0,0,1,1,0,1,0,0,15.76142084987672
613,3,10000000.0,1185.0,"New Town, Kolkata",2,1,South,14.0,23.0,0,0,0,0,0,0.5,2,0,5,1,1,0,0,0,1,1,1,0,1,0,0,16.118095750958314
614,2,1957999.9999999998,725.0,"Hdmotor, Uttarpara",2,1,North-East,4.0,4.0,0,0,0,0,0,0.5,2,0,2,1,1,1,1,1,1,1,1,1,0,0,0,14.487434612797692
615,2,3290999.9999999995,927.0,"Airport 2 No. Gate, North Dumdum",2,1,South-West,4.0,4.0,0,0,0,0,0,0.5,2,0,0,1,0,0,0,0,0,0,0,0,0,0,0,15.00670233178444
616,3,7320000.0,1464.0,"Kalikapur, Kolkata",2,1,North-West,3.0,4.0,0,0,0,0,0,3.0,1,0,0,1,1,1,1,1,1,1,1,0,0,0,0,15.806121022549506
617,2,2650000.0,831.0,"Durganagar, Belgharia Expressway, Kolkata",2,1,West,1.0,3.0,0,0,0,0,0,3.0,0,0,0,1,0,1,0,0,0,0,1,0,0,0,0,14.790070575320824
618,3,12800000.0,1503.0,"New Town, Kolkata",2,1,North-East,4.0,33.0,0,0,0,0,0,3.0,2,2,4,1,1,1,1,1,1,1,1,0,1,0,0,16.36495580701484
619,3,16000000.0,1557.0,"Ramgarh, Garia",2,1,South-East,9.0,13.0,0,0,0,0,0,12.5,2,0,3,1,1,0,0,1,1,1,1,1,1,0,0,16.588099342704055
620,3,10500000.0,1525.0,"Madurdaha, EM Bypass, Kolkata South",2,1,South-East,3.0,4.0,0,0,0,0,0,3.0,2,2,3,1,1,1,1,1,1,1,1,0,1,0,0,16.166885910365842
621,3,12500000.0,1752.0,"Action Area 1, Kolkata",2,1,South-West,2.0,4.0,0,0,0,0,0,3.0,2,0,0,1,1,0,1,1,1,0,0,0,0,0,0,16.341239282272525
622,3,12500000.0,1750.0,"Action Area 1, Kolkata",3,1,South-East,3.0,4.0,0,0,0,0,0,3.0,2,0,0,1,1,0,1,1,1,0,0,0,0,0,0,16.341239282272525
623,3,7700000.0,1295.0,"Kalikapur, Kolkata",2,1,North,3.0,4.0,0,0,0,0,0,3.0,2,0,0,1,1,0,0,1,1,0,1,0,0,0,0,15.856731016694035
624,3,6700000.0,1201.0,"Action Area 2, Kolkata",2,1,South-West,4.0,4.0,0,0,0,0,0,3.0,2,0,0,1,1,1,1,1,1,1,1,0,0,0,0,15.717618233614914
625,3,8450000.0,1300.0,"Purbalok, EM Bypass",2,2,South-East,4.0,4.0,0,0,0,0,0,0.5,2,0,0,1,1,1,0,0,0,0,0,0,0,0,0,15.949677117676545
626,2,7500000.0,977.0,"New Town, Kolkata",2,1,South,3.0,12.0,0,0,0,0,0,3.0,2,0,3,1,1,0,0,1,1,1,1,0,1,0,0,15.830413711839864
627,2,7600000.0,977.0,"New Town, Kolkata",2,1,East,4.0,12.0,0,0,0,0,0,3.0,2,0,3,1,0,0,0,0,0,1,1,0,1,0,0,15.843658936835498
628,4,27000000.0,2000.0,"New Alipore, Kolkata",3,3,South-East,11.0,12.0,0,0,0,1,0,0.5,2,0,7,1,1,1,1,1,1,1,1,1,1,0,0,17.11134746100564
629,3,8400000.0,1355.0,"Rajarhat, Kolkata",2,1,South,8.0,10.0,0,0,0,0,0,0.5,2,0,4,1,0,0,0,0,0,1,1,0,1,0,0,15.943742382861155
630,2,4500000.0,710.0,"Rajarhat, Kolkata",2,1,East,5.0,9.0,0,0,0,0,0,12.5,2,0,5,0,1,1,1,1,1,1,1,1,1,0,0,15.319588176962746
631,2,2100000.0,712.0,"New Barrakpur, Kolkata",2,1,South-East,1.0,4.0,0,0,1,0,0,3.0,2,0,0,1,1,1,1,1,1,0,0,0,0,0,0,14.557448378884015
632,2,3278000.0,874.0,"Narendrapur, Kolkata",2,1,Missing,1.0,7.0,0,0,0,0,0,0.5,2,0,1,0,0,0,0,0,0,0,1,1,1,0,0,15.00274434334993
633,2,3315000.0,884.0,"Narendrapur, Kolkata",2,1,Missing,5.0,7.0,0,0,0,0,0,0.5,2,0,1,0,0,0,0,0,0,0,1,1,1,0,0,15.013968483261179
634,3,6534999.999999999,1233.0,"Jatragachhi, Kolkata East",2,2,Missing,4.0,5.0,0,0,1,0,0,3.0,2,0,0,1,1,1,1,1,1,1,1,0,0,0,0,15.692683058062636
635,3,28000000.0,2250.0,"New Town, Kolkata",3,1,South,24.0,32.0,0,0,0,1,0,7.5,2,0,4,1,1,1,1,1,1,1,1,0,1,0,0,17.147715103853763
636,2,8000000.0,1013.0,"New Town, Kolkata",2,1,Missing,3.0,4.0,0,0,0,0,0,3.0,2,2,4,1,1,1,1,1,1,1,1,1,1,0,0,15.894952224644102
637,3,10700000.0,1264.0,"EM Bypass, Kolkata South",2,1,South-East,10.0,27.0,0,0,0,0,0,12.5,2,1,6,1,1,1,0,1,1,1,1,1,1,0,0,16.185754392890075
638,3,7250000.0,1368.0,"New Town, Kolkata",2,2,South-East,3.0,4.0,0,0,0,0,0,0.5,2,0,1,1,0,1,1,1,1,0,0,0,1,0,0,15.796512164761882
639,2,5083000.0,959.0,"New Town, Kolkata",2,1,North-East,2.0,4.0,0,0,0,0,0,0.5,2,0,1,1,0,1,1,1,1,0,0,0,1,0,0,15.441412393163231
640,2,5088000.0,960.0,"New Town, Kolkata",2,1,North,3.0,4.0,0,0,0,0,0,0.5,2,0,1,1,0,1,1,1,1,0,0,0,1,0,0,15.442395580542957
641,3,6906000.0,1303.0,"New Town, Kolkata",2,2,North-West,1.0,4.0,0,0,0,0,0,0.5,2,0,1,1,0,1,1,1,1,0,0,0,1,0,0,15.747901301733686
642,3,5102000.0,1063.0,"Atghara, Rajarhat, Kolkata East",2,1,South-West,4.0,4.0,0,0,0,0,0,0.5,2,0,0,1,1,1,1,1,0,0,0,0,0,0,0,15.445143373685443
643,3,7968000.000000001,1660.0,"Rajarhat Expressway, Kolkata",2,2,North,4.0,5.0,0,0,0,0,0,3.0,2,0,0,1,1,1,1,1,1,0,0,0,0,0,0,15.890944203748571
644,2,6050000.0,1100.0,"Action Area 2, Kolkata",2,1,South-East,1.0,4.0,0,0,0,0,0,3.0,2,0,0,1,1,1,1,1,0,0,0,0,0,0,0,15.615568995296266
645,3,9000000.0,1480.0,"Action Area 2, Kolkata",2,2,North-West,2.0,4.0,0,0,0,0,0,3.0,2,0,0,1,1,1,1,1,1,0,0,0,0,0,0,16.012735246411598
646,3,8470000.0,1303.0,"Action Area 2, Kolkata",2,1,South-West,2.0,4.0,0,0,0,0,0,3.0,2,0,0,1,1,1,0,1,1,1,0,0,0,0,0,15.952041184691984
647,2,3553000.0,935.0,"Rajarhat, Kolkata",2,1,North-West,3.0,4.0,0,0,0,0,0,3.0,2,0,0,1,1,1,1,1,1,0,0,0,0,0,0,15.083303156455418
648,2,3363000.0000000005,885.0,"Rajarhat, Kolkata",2,1,South-West,2.0,4.0,0,0,0,0,0,3.0,2,0,5,1,1,1,0,1,0,0,0,1,0,0,0,15.028344288075916
649,2,3420000.0000000005,900.0,"Rajarhat, Kolkata",2,2,West,2.0,4.0,0,0,0,0,0,3.0,2,0,0,1,1,1,1,0,0,0,0,0,0,0,0,15.045151401436407
650,1,4010000.0,891.0,"Rajarhat, Kolkata",1,1,North-West,2.0,4.0,0,1,0,0,0,3.0,2,0,6,1,1,1,1,1,1,0,0,1,1,0,0,15.20430204865928
651,2,6840000.000000001,1520.0,"Rajarhat, Kolkata",2,2,South-West,3.0,4.0,0,0,0,0,0,3.0,2,0,6,1,1,1,1,1,1,0,0,1,1,0,0,15.738298435797553
652,2,4437000.0,986.0,"Rajarhat, Kolkata",2,1,North-East,2.0,4.0,0,0,0,0,0,3.0,2,0,6,1,1,1,1,1,1,0,0,1,1,0,0,15.305489255738529
653,3,5276000.0,1319.0,"Rajarhat, Kolkata",2,1,South-West,2.0,4.0,0,0,0,0,0,0.5,2,0,0,1,1,1,1,1,0,0,0,0,0,0,0,15.478678982356852
654,3,6252000.0,1563.0,"Rajarhat, Kolkata",2,1,North-East,2.0,4.0,0,0,0,0,0,0.5,2,0,0,1,1,1,1,1,0,0,0,0,0,0,0,15.648412130472307
655,3,6275000.0,1255.0,"Jyangra, Rajarhat",2,1,North-East,2.0,5.0,0,0,0,0,0,3.0,2,0,0,1,1,0,1,0,0,0,0,0,0,0,0,15.652084202344659
656,2,5665000.0,1076.0,"Raigachi, Rajarhat",2,1,Missing,5.0,8.0,0,0,0,0,0,0.5,2,0,6,1,1,1,1,0,0,0,1,1,1,0,0,15.549817628966736
657,3,8715000.0,1660.0,"Raigachi, Rajarhat",2,2,South-East,3.0,8.0,0,0,0,0,0,0.5,2,0,0,1,1,1,1,1,1,1,1,0,0,0,0,15.980556351680946
658,2,6442000.0,1227.0,"Raigachi, Rajarhat",2,1,South-East,5.0,8.0,0,0,0,0,0,0.5,2,0,0,1,1,1,1,1,1,1,1,0,0,0,0,15.678349764104563
659,2,6625000.0,1262.0,"Raigachi, Rajarhat",2,1,South,6.0,8.0,0,0,0,0,0,0.5,2,0,5,1,1,1,1,1,1,1,0,1,1,0,0,15.706361080779946
660,2,6211000.0,1183.0,"Raigachi, Rajarhat",2,1,South-East,4.0,8.0,0,1,0,0,0,0.5,2,0,0,1,1,1,1,1,0,1,1,0,0,0,0,15.641832632546096
661,3,3679999.9999999995,1150.0,"Agarpara, Panihati",2,1,South-East,4.0,4.0,0,0,1,0,0,3.0,2,0,0,1,1,1,1,1,1,0,0,0,0,0,0,15.118423581884207
662,3,6500000.0,1271.0,"Kamarhati, Panihati",2,1,South-East,3.0,5.0,0,0,0,0,0,7.5,2,2,0,1,0,1,1,0,1,0,0,0,0,0,0,15.687312888712007
663,3,13500000.0,1328.0,"EM Bypass, Kolkata South",2,1,North-East,6.0,27.0,0,0,0,0,0,12.5,2,1,5,1,1,1,0,1,1,1,1,1,1,1,0,16.41820031748273
664,3,7000000.0,1320.0,"Narendrapur, Kolkata",2,1,North,3.0,7.0,0,0,0,0,0,3.0,2,1,3,1,0,1,1,1,1,1,1,0,1,0,0,15.76142084987672
665,4,16100000.000000002,1934.0,"BT Road, Kolkata",3,2,North-West,18.0,24.0,0,0,0,0,0,3.0,2,0,3,1,0,0,0,0,0,1,1,0,1,1,0,16.59432989206649
666,3,14200000.0,2550.0,"Rajarhat, Kolkata",3,2,East,2.0,2.0,0,0,0,0,0,7.5,1,2,4,1,1,0,1,0,0,1,1,0,1,0,0,16.468752592994022
667,5,95000000.0,6198.0,"Mukundapur, Kolkata",6,3,East,21.0,24.0,0,0,0,1,0,3.0,2,0,5,1,1,1,1,1,1,1,1,0,1,0,0,18.36938746009113
668,2,2902000.0,691.0,"Birati, Kolkata",2,1,South,2.0,4.0,0,0,0,0,0,3.0,2,0,0,1,0,0,0,0,0,0,0,0,0,0,0,14.88091105701615
669,3,6200000.0,1130.0,"Kamalgachhi More, Rajpur Sonarpur",2,1,North,3.0,5.0,0,0,0,0,0,7.5,2,2,4,1,1,0,0,0,0,1,1,0,1,0,0,15.64006001130563
670,4,56000000.0,4036.0,"Mukundapur, Kolkata",3,2,East,8.0,24.0,0,0,0,0,0,3.0,2,1,6,1,1,0,0,0,0,1,1,0,1,0,0,17.840862266556567
671,3,7200000.0,1303.0,"Behala, Kolkata",2,0,Missing,3.0,4.0,0,0,0,0,0,7.5,2,0,0,0,0,0,0,0,0,0,0,0,0,0,0,15.789591722875162
672,2,3272999.9999999995,935.0,"Kalaberia, Kolkata",2,2,West,4.0,4.0,0,0,0,0,0,3.0,2,0,0,1,1,1,1,1,0,0,0,0,0,0,0,15.001217859013366
673,3,21000000.0,1235.0,"New Town, Kolkata",3,2,North-East,20.0,20.0,0,0,0,0,0,3.0,0,0,3,1,1,1,1,1,1,1,1,0,1,0,0,16.860033043306743
674,3,6500000.0,1250.0,"Action Area 2B, New Town",2,1,South,2.0,4.0,0,0,0,0,0,0.5,2,0,0,1,1,0,0,1,0,0,0,0,0,0,0,15.687312888712007
675,3,6800000.0,1125.0,"Action Area 2B, New Town",2,1,South-East,3.0,4.0,0,0,0,0,0,3.0,2,0,0,1,1,0,0,1,0,0,0,0,0,0,0,15.732433317205148
677,2,3218000.0,894.0,"Rajarhat, Kolkata",2,1,North,3.0,4.0,0,0,0,0,0,3.0,2,0,0,1,1,1,1,1,1,1,1,0,0,0,0,14.984270917286437
678,2,3726000.0,1035.0,"Rajarhat, Kolkata",2,1,South-West,1.0,4.0,0,0,0,0,0,3.0,2,0,0,1,1,1,1,1,1,1,1,0,0,0,0,15.130846098527961
679,3,4600000.0,1124.0,"Rajarhat, Kolkata",2,1,South-West,3.0,4.0,0,0,0,0,0,3.0,2,0,0,1,1,1,1,1,1,1,0,0,0,1,0,15.341567078850604
680,3,4727000.0,1153.0,"Rajarhat, Kolkata",2,1,East,1.0,4.0,0,0,0,0,0,3.0,2,0,1,1,1,1,1,1,1,1,0,0,0,0,0,15.368801521326018
681,2,4262000.0,1040.0,"Rajarhat, Kolkata",2,1,South-West,2.0,4.0,0,0,0,0,0,3.0,2,0,0,1,1,1,1,1,1,1,0,0,0,0,0,15.2652493262723
682,3,3420000.0000000005,1120.0,"Madhyamgram, Kolkata",2,1,South-East,4.0,4.0,0,0,1,0,0,3.0,2,0,0,1,1,1,1,1,1,0,0,0,0,0,0,15.045151401436407
683,2,4200000.0,890.0,"Garia, Kolkata",2,1,South,2.0,4.0,0,0,0,0,0,3.0,2,0,1,1,0,1,1,1,1,0,0,1,0,0,0,15.250595321348806
684,3,8500000.0,1449.0,"Action Area 2, Kolkata",3,1,South,1.0,4.0,0,0,0,0,0,3.0,2,0,0,1,1,0,1,1,1,0,0,0,0,0,0,15.955576839107596
685,3,18500000.0,1920.0,"Jessore Road, Kolkata",3,2,North-West,8.0,13.0,0,0,0,0,0,12.5,2,2,8,1,1,1,1,1,1,1,1,1,1,0,0,16.733281344102608
686,2,2750000.0,781.0,"Airport, Dum Dum",2,1,South,5.0,5.0,0,0,0,0,0,3.0,2,0,0,1,0,0,1,0,0,0,0,0,0,0,0,14.827111833279051
687,2,4231000.0,1085.0,"Dum Dum Cantt, South Dumdum",2,1,South-East,1.0,4.0,0,0,0,0,0,3.0,2,0,0,1,1,0,1,0,0,1,0,0,0,0,0,15.25794916605292
688,2,3990000.0,973.0,"Airport, Dum Dum",2,1,East,5.0,5.0,0,0,0,0,0,3.0,2,0,0,1,1,0,1,0,0,1,0,0,0,0,0,15.199302039492581
689,2,3400000.0,919.0,"Airport, Dum Dum",2,1,North-West,2.0,4.0,0,0,0,0,0,3.0,2,0,0,1,1,0,1,0,0,1,0,0,0,0,0,15.039286283703994
690,3,4065000.0,1129.0,"Durganagar, Belgharia Expressway, Kolkata",2,1,North-East,3.0,4.0,0,0,0,0,0,3.0,2,0,1,1,1,0,1,0,0,0,0,0,0,0,0,15.217924546966477
691,2,3410000.0,921.0,"Airport, Dum Dum",2,1,North,2.0,4.0,0,0,0,0,0,3.0,2,0,0,1,1,0,1,0,0,1,0,0,0,0,0,15.04222314251479
692,2,3771000.0,1019.0,"Airport, Dum Dum",2,1,North,5.0,5.0,0,0,0,0,0,3.0,2,0,0,1,1,0,0,1,0,0,0,0,0,0,0,15.142851041422109
693,3,3884000.0000000005,1079.0,"Durganagar, Belgharia Expressway, Kolkata",2,1,North-East,5.0,5.0,0,0,0,0,0,3.0,2,0,1,1,1,0,1,0,0,0,0,1,0,0,0,15.172376365859849
694,2,3460000.0,935.0,"Airport, Dum Dum",2,1,East,1.0,5.0,0,0,0,0,0,3.0,2,0,0,1,1,0,1,0,0,0,0,0,0,0,0,15.056779436051206
695,2,3794000.0,1084.0,"Airport, Dum Dum",2,1,South,3.0,4.0,0,0,0,0,0,3.0,2,0,0,1,1,0,1,0,0,0,0,0,0,0,0,15.148931693051127
696,3,14500000.0,1163.0,"Dum Dum, Kolkata",2,2,South-East,7.0,13.0,0,0,0,0,0,0.5,1,0,9,1,1,1,1,1,1,1,1,1,1,0,0,16.489659276356317
697,3,6700000.0,1277.0,"Char Park, Kolkata",2,2,South-East,4.0,6.0,0,0,0,0,0,3.0,2,0,6,1,1,1,1,1,1,1,1,1,1,0,0,15.717618233614914
698,2,5491000.0,1036.0,"Narendrapur, Kolkata",2,1,South-West,15.0,19.0,0,0,0,0,0,3.0,2,0,2,1,1,1,1,1,1,1,1,0,1,0,0,15.518621128377184
699,2,5491000.0,1036.0,"Narendrapur, Kolkata",2,1,North,9.0,19.0,0,0,0,0,0,3.0,2,0,5,1,1,0,0,0,0,1,1,0,1,0,0,15.518621128377184
700,3,6500000.0,1200.0,"New Town, Kolkata",2,1,South-West,3.0,4.0,0,0,0,0,0,3.0,2,0,3,1,1,1,0,1,1,0,1,1,0,0,0,15.687312888712007
701,3,8300000.0,1250.0,"Action Area 1, Kolkata",2,1,South-East,1.0,4.0,0,0,0,0,0,3.0,2,0,4,1,1,1,1,1,1,0,0,1,0,0,0,15.931766193248746
702,2,6500000.0,1050.0,"Action Area 1, Kolkata",2,1,East,2.0,4.0,0,0,1,0,0,3.0,2,0,0,1,1,1,1,0,1,1,0,0,0,0,0,15.687312888712007
703,3,6895000.0,1379.0,"Narendrapur, Kolkata",2,2,South-West,7.0,19.0,0,0,0,0,0,3.0,2,0,3,1,0,0,0,0,0,1,1,0,1,0,0,15.746307214242162
704,3,10900000.0,1285.0,"Dum Dum, Kolkata",2,2,North-East,1.0,13.0,0,0,0,0,0,0.5,2,0,6,1,1,1,1,1,1,1,1,1,1,0,0,16.204273438942487
705,3,7547000.0,1424.0,"Narendrapur, Kolkata",2,1,South-East,13.0,19.0,0,0,0,0,0,3.0,2,0,1,1,0,0,0,0,0,1,1,0,1,0,0,15.836660823769979
706,2,5300000.0,992.0,"Rajarhat, Kolkata",2,1,South-East,9.0,11.0,0,0,0,0,0,3.0,2,0,4,1,1,0,1,0,0,1,1,0,1,0,0,15.483217567201578
707,2,3800000.0,800.0,"Garia Station Road, Kolkata",2,1,North-West,3.0,3.0,0,0,0,0,0,3.0,2,0,0,1,1,0,0,1,0,0,0,0,0,0,0,15.150511887854474
708,3,2562000.0,915.0,"Hdmotor, Uttarpara",2,1,South-West,3.0,3.0,0,0,0,0,0,0.5,2,0,2,1,1,1,1,1,1,0,0,1,0,0,0,14.756299151758803
709,2,1713000.0,685.0,"Hdmotor, Uttarpara",1,1,North-West,4.0,4.0,0,0,0,0,0,0.5,2,0,2,1,1,1,1,1,1,1,1,1,0,0,0,14.353757361077248
710,3,8000000.0,1204.0,"Rajarhat, Kolkata",3,1,Missing,2.0,10.0,0,0,0,1,0,0.5,0,0,1,1,1,1,0,1,1,0,1,0,1,0,0,15.894952224644102
711,2,6500000.0,900.0,"Action Area 1, Kolkata",2,1,South-East,2.0,4.0,0,0,0,0,0,0.5,2,0,0,0,1,1,1,0,1,1,0,0,0,0,0,15.687312888712007
712,2,5250000.0,992.0,"Rajarhat, Kolkata",2,1,North-West,4.0,11.0,0,0,0,0,0,3.0,2,0,4,1,1,0,1,0,0,1,1,0,1,0,0,15.473738825043979
713,3,8800000.0,1300.0,"Action Area 1, Kolkata",2,1,South-West,3.0,4.0,0,0,0,0,0,3.0,2,0,0,1,1,1,1,0,1,1,1,0,0,0,0,15.990262393084793
714,2,9900000.0,893.0,"Kalighat, Sarat Bose Road",2,1,South-East,2.0,4.0,0,0,0,1,0,0.5,2,0,3,1,0,1,1,0,1,1,0,1,0,0,0,16.108045416114916
715,3,14200000.0,1284.0,"Gariahat, Kolkata",2,1,South,3.0,4.0,0,0,0,0,0,3.0,2,0,3,1,1,1,1,0,1,1,0,0,0,0,0,16.468752592994022
716,3,7500000.0,1215.0,"Joka, Kolkata South",2,1,North-East,7.0,14.0,0,0,0,0,0,3.0,2,0,5,1,1,1,1,1,1,1,1,1,1,0,0,15.830413711839864
717,3,9000000.0,1356.0,"Joka, Kolkata South",3,3,South,14.0,15.0,0,0,0,0,0,0.5,2,0,6,1,1,1,1,1,1,1,1,1,1,0,0,16.012735246411598
718,3,7500000.0,1400.0,"Nayabad, Kolkata",2,2,South-East,3.0,3.0,0,0,1,0,0,0.5,2,0,0,1,1,1,0,1,1,0,0,0,0,0,0,15.830413711839864
719,3,12000000.0,2500.0,"Rajarhat, Kolkata",3,2,East,3.0,4.0,0,0,0,0,0,3.0,2,0,6,1,1,1,1,1,1,1,1,1,1,0,0,16.300417291085605
720,3,12700000.0,1008.0,"Tollygunge, Kolkata",2,2,North-East,12.0,12.0,0,0,0,0,0,3.0,1,0,5,1,1,1,1,1,1,1,1,1,1,0,0,16.357112630168974
721,3,7600000.0,1489.0,"Kalikapur, Kolkata",2,1,East,3.0,4.0,0,0,0,0,0,3.0,2,0,0,1,1,1,1,1,1,1,1,0,0,0,0,15.843658936835498
722,2,3800000.0,936.0,"Barasat, Kolkata North",2,3,North-West,11.0,11.0,0,0,0,0,0,0.5,2,2,3,1,1,1,1,1,1,1,1,0,1,0,0,15.150511887854474
723,4,30000000.0,2072.0,"Southend Park, Southern Avenue",3,1,South-East,2.0,4.0,0,0,0,0,0,0.5,2,0,3,1,0,1,1,0,1,1,0,1,0,0,0,17.216707972959764
724,3,11000000.0,1400.0,"Action Area 1, Kolkata",2,1,North-East,2.0,4.0,0,0,0,0,0,0.5,2,0,0,1,1,1,1,0,1,1,1,0,0,0,0,16.213405921671733
725,2,6700000.0,850.0,"Shibpur, Howrah",2,1,South-East,1.0,3.0,0,0,0,0,0,3.0,2,2,0,1,0,1,1,1,1,0,1,0,0,0,0,15.717618233614914
726,3,7500000.0,1100.0,"Baishnabghata Bye Lane, Garia",2,1,Missing,3.0,4.0,0,0,0,0,0,0.5,2,0,2,1,1,1,1,1,1,0,0,1,0,0,0,15.830413711839864
727,2,5000000.0,1035.0,"Dash Drone, Rajarhat",2,1,North-East,6.0,6.0,0,0,0,0,0,3.0,2,2,11,1,1,1,1,1,1,1,1,1,1,0,0,15.424948670398354
728,3,3929999.9999999995,1310.0,"Konnagar, Hooghly",2,2,South-East,2.0,5.0,0,0,0,0,0,0.5,2,0,2,1,1,1,1,1,1,0,0,1,0,0,0,15.184150238298338
729,3,2800000.0,1000.0,"Konnagar, Hooghly",2,1,North-West,4.0,5.0,0,0,0,0,0,3.0,2,0,2,1,1,1,1,1,1,0,0,1,0,0,0,14.845130332288226
730,2,1930999.9999999998,702.0,"Konnagar, Hooghly",2,1,North,5.0,5.0,0,0,0,0,0,3.0,2,0,2,1,1,1,1,1,1,0,0,1,0,0,0,14.473549079276907
732,3,5200000.0,1277.0,"Nayabad, Kolkata",2,1,North-East,2.0,4.0,0,0,0,0,0,3.0,2,0,3,1,0,0,1,0,0,0,0,1,0,0,0,15.46416937585933
733,3,6919000.0,1193.0,"Madurdaha, EM Bypass, Kolkata South",2,1,North-East,2.0,3.0,0,0,0,0,0,0.5,2,0,2,1,1,1,1,0,0,1,0,1,0,0,0,15.749781953010494
734,3,6688000.0,1153.0,"Madurdaha, EM Bypass, Kolkata South",2,1,South-East,1.0,3.0,0,0,0,0,0,0.5,2,0,2,1,1,1,0,1,0,0,0,1,0,0,0,15.715825583268195
735,3,7041000.0,1214.0,"Madurdaha, EM Bypass, Kolkata South",2,1,South-East,1.0,3.0,0,0,0,0,0,3.0,2,0,2,1,1,1,1,0,0,1,0,1,0,0,0,15.767260905526541
736,3,6780000.0,1169.0,"Madurdaha, EM Bypass, Kolkata South",2,2,North-East,2.0,3.0,0,0,0,0,0,3.0,2,0,2,1,1,1,1,0,0,0,0,1,0,0,0,15.729487807409193
737,3,7000000.0,1465.0,"Madurdaha, EM Bypass, Kolkata South",2,1,South-East,3.0,4.0,0,0,0,0,0,12.5,2,0,0,1,1,1,0,0,1,0,0,1,0,0,0,15.76142084987672
738,3,8000000.0,1460.0,"Santoshpur, Kolkata",2,2,South-West,2.0,3.0,0,0,0,0,0,3.0,2,0,0,1,1,1,0,0,1,0,0,1,0,0,0,15.894952224644102
739,3,7830000.0,1224.0,"Prce Anwarshaw Road connector, Kolkata South",2,1,North-East,1.0,3.0,0,0,0,0,0,3.0,2,0,0,1,1,1,0,0,1,0,0,1,0,0,0,15.873473195680898
740,3,4350000.0,1240.0,"Narendrapur, Kolkata",2,2,East,1.0,4.0,0,0,0,0,0,3.0,2,0,1,1,1,1,0,0,1,1,0,0,1,0,0,15.285686632949897
741,3,7000000.0,1432.0,"Madurdaha, EM Bypass, Kolkata South",2,1,South-West,1.0,4.0,0,0,0,0,0,3.0,2,0,2,1,1,1,1,0,0,1,0,1,0,0,0,15.76142084987672
742,3,5040000.0,1200.0,"Nayabad, Kolkata",2,1,South-East,2.0,3.0,0,0,0,0,0,3.0,2,0,2,1,1,1,1,0,0,0,0,1,0,0,0,15.43291683846023
743,3,7200000.0,1260.0,"Purbalok, EM Bypass",2,1,South-West,2.0,4.0,0,0,0,0,0,3.0,2,0,0,1,1,1,0,0,1,0,0,1,0,0,0,15.789591722875162
744,3,6000000.0,1460.0,"Nayabad, Kolkata",2,1,South-East,2.0,4.0,0,0,0,0,0,0.5,2,0,3,1,0,1,1,0,0,0,0,1,0,0,0,15.607270193858982
745,2,3057000.0,861.0,"Airport 2 No. Gate, North Dumdum",2,1,North-East,5.0,5.0,0,0,0,0,0,0.5,2,0,0,1,0,0,0,0,0,0,0,0,0,0,0,14.932944927991008
746,3,6802000.0,1308.0,"Jatragachhi, Kolkata East",2,2,North-East,2.0,5.0,0,0,1,0,0,3.0,2,0,0,1,1,1,1,1,1,1,1,0,0,0,0,15.73272739156485
747,3,10500000.0,1450.0,"Action Area 1, Kolkata",2,1,South-West,3.0,4.0,0,0,0,0,0,3.0,2,0,0,1,1,1,1,0,1,0,1,0,0,0,0,16.166885910365842
748,3,12000000.0,1749.0,"Action Area 1, Kolkata",3,1,South,2.0,4.0,0,0,0,0,0,0.5,2,0,0,0,1,0,1,1,1,0,0,0,0,0,0,16.300417291085605
749,2,2153000.0,769.0,"Konnagar, Hooghly",2,1,South-West,2.0,5.0,0,0,0,0,0,3.0,2,0,2,1,1,1,1,1,1,0,1,1,0,0,0,14.582373240814576
750,2,4390000.0,878.0,"Baguihati, VIP Road",2,1,West,3.0,4.0,0,0,0,0,0,3.0,2,0,0,1,1,1,0,1,0,0,0,0,0,0,0,15.29484001284176
751,2,4300000.0,860.0,"Baguihati, VIP Road",2,1,East,3.0,4.0,0,0,0,0,0,3.0,2,0,0,1,1,1,1,1,0,0,0,0,0,0,0,15.274125813221904
752,2,2950000.0,870.0,"Narendrapur, Kolkata",2,1,West,2.0,4.0,0,0,0,0,0,0.5,2,0,1,1,1,1,0,0,1,1,0,0,1,0,0,14.897316067298997
753,3,7000000.0,1000.0,"Action Area 2, Kolkata",2,1,North,1.0,4.0,0,0,0,0,0,-0.5,2,0,0,1,0,1,0,0,0,0,0,0,0,0,0,15.76142084987672
754,2,3550000.0,816.0,"Rathtala, Kolkata North",2,1,North-East,4.0,4.0,0,0,0,0,0,3.0,2,0,0,1,0,1,0,0,0,0,0,0,0,0,0,15.0824584431417
755,3,14000000.0,1568.0,"Shyamnagar, North 24 Parganas",2,3,South-West,17.0,17.0,0,0,1,0,0,3.0,2,2,5,1,1,1,1,1,1,1,1,0,1,0,0,16.454567959008102
756,2,14500000.0,1100.0,"New Town, Kolkata",2,1,North-East,15.0,20.0,0,1,0,0,0,3.0,2,0,5,1,1,1,1,1,1,1,1,1,1,0,0,16.489659276356317
757,2,3040000.0,870.0,"Narendrapur, Kolkata",2,1,West,1.0,4.0,0,0,0,0,0,3.0,2,0,1,1,1,1,0,0,1,1,0,0,1,0,0,14.92736840232972
758,3,16000000.0,1360.0,"Jodhpur Park, Kolkata",2,1,South,2.0,4.0,0,0,0,0,0,0.5,2,0,0,1,0,1,1,0,0,0,0,1,0,0,0,16.588099342704055
759,2,9700000.0,1118.0,"Jodhpur Garden, Lake Gardens, Kolkata",2,1,South,1.0,3.0,0,0,0,0,0,0.5,2,0,1,1,0,1,1,0,0,0,0,1,0,0,0,16.08763654656639
760,3,6216000.0,1295.0,"Bara Nagar, Kolkata",2,1,South-West,3.0,5.0,0,0,0,0,0,3.0,2,0,0,1,1,1,1,1,0,0,0,0,0,0,0,15.64263733190477
761,3,10500000.0,1395.0,"BT Road, Kolkata",3,1,South,8.0,24.0,0,0,0,0,0,3.0,2,0,3,1,0,0,0,0,0,1,1,0,1,0,0,16.166885910365842
762,2,6100000.0,850.0,"BT Road, Kolkata",2,1,South,11.0,24.0,0,0,0,0,0,3.0,2,0,3,1,0,0,0,0,0,1,1,0,1,0,0,15.623799493077952
763,2,9500000.0,958.0,"Belgachia, Jessore Road",2,2,East,10.0,18.0,0,0,0,0,0,3.0,2,0,4,1,0,0,1,0,0,1,1,0,1,0,0,16.066802461833923
764,3,5200000.0,1018.0,"Narendrapur, Kolkata",2,1,South-East,1.0,4.0,0,0,0,0,0,0.5,2,0,6,1,0,1,1,1,0,1,1,1,1,0,0,15.46416937585933
765,2,3200000.0,850.0,"Bishnupur, Kolkata",2,1,North,2.0,4.0,0,0,0,0,0,3.0,1,0,8,1,1,1,1,1,1,1,1,1,1,0,0,14.978661680269907
766,3,10500000.0,1390.0,"Nitai Nagar, Mukundapur",2,1,North,4.0,4.0,0,0,0,0,0,7.5,2,0,0,1,0,1,0,0,0,0,0,1,0,0,0,16.166885910365842
767,3,4000000.0,1210.0,"Konnagar, Hooghly",3,1,South,1.0,4.0,0,0,0,0,0,0.5,2,0,4,1,1,1,0,1,1,0,0,1,1,0,0,15.201805169084134
768,2,3676000.0,855.0,"Dum Dum Cantt, South Dumdum",2,1,South-East,1.0,5.0,0,0,0,0,0,0.5,2,0,0,1,1,0,1,1,1,0,0,0,0,0,0,15.117336034492498
769,3,12500000.0,1480.0,"New Town, Kolkata",2,2,West,5.0,16.0,0,0,0,0,0,3.0,2,0,5,1,1,0,1,0,0,1,1,0,1,0,0,16.341239282272525
770,3,9500000.0,1460.0,"CE Block Newtown, New Town",2,1,South-West,3.0,4.0,0,0,0,0,0,3.0,2,0,0,1,1,1,0,0,1,0,0,0,0,0,0,16.066802461833923
771,3,7400000.0,1251.0,"Fartabad, Garia",2,2,North-East,3.0,4.0,0,0,0,0,0,7.5,2,1,4,1,1,1,0,1,1,1,1,1,1,1,0,15.816990693309524
772,2,3200000.0,800.0,"Samajgarh, Bijoygarh, Kolkata",2,1,South,3.0,4.0,0,0,0,0,0,12.5,0,2,2,0,1,1,0,0,0,0,0,0,0,0,0,14.978661680269907
773,3,13000000.0,1670.0,"New Town, Kolkata",3,2,South-West,7.0,12.0,0,0,0,0,0,0.5,2,0,12,1,1,1,1,1,1,1,1,1,1,0,0,16.380459992348886
774,2,9000000.0,1214.0,"New Town, Kolkata",2,2,South-West,15.0,33.0,0,0,0,0,0,3.0,2,2,4,1,1,1,1,1,1,1,1,0,1,0,0,16.012735246411598
775,3,10200000.0,1264.0,"EM Bypass, Kolkata South",2,1,North-West,6.0,27.0,0,0,0,0,0,12.5,2,1,6,1,1,1,0,1,1,1,1,1,1,0,0,16.13789837629371
776,3,4986000.0,1108.0,"Nabodit, Nayabad",2,1,South-East,1.0,4.0,0,0,0,0,0,0.5,2,0,0,1,1,0,0,1,0,0,0,0,0,0,0,15.422144743627193
777,3,14400000.0,1284.0,"Gariahat, Kolkata",2,1,South-East,3.0,4.0,0,0,0,1,0,3.0,2,0,3,1,0,1,1,0,1,1,0,1,0,0,0,16.48273883399067
778,3,16100000.000000002,1381.0,"Gariahat, Kolkata",2,1,South-East,2.0,4.0,0,0,0,1,0,0.5,2,0,3,1,0,1,1,0,1,1,0,1,0,0,0,16.59432989206649
779,2,3306000.0,870.0,"Rajarhat, Kolkata",2,1,North-West,2.0,4.0,0,0,0,0,0,3.0,2,0,5,1,0,1,1,1,1,0,0,1,1,0,0,15.0112498598434
780,3,6813000.0,1514.0,"Rajarhat, Kolkata",2,2,South-East,2.0,4.0,0,0,0,0,0,3.0,2,0,6,1,1,1,1,1,1,0,0,1,1,0,0,15.734343256534013
781,3,10000000.0,1264.0,"EM Bypass, Kolkata South",2,1,South-East,10.0,27.0,0,0,0,0,0,7.5,2,0,2,1,1,1,1,1,1,1,1,0,0,0,0,16.118095750958314
782,3,9200000.0,1700.0,"Garia, Kolkata",2,1,North,2.0,7.0,0,0,0,0,0,3.0,2,0,4,1,0,1,1,1,1,1,1,0,1,0,0,16.034714150714915
783,2,2595000.0,811.0,"Sodepur, Kolkata North",2,1,North-East,5.0,6.0,0,0,0,0,0,0.5,2,0,0,1,0,1,1,0,1,0,0,0,0,0,0,14.769097459938507
784,3,6082000.0,1448.0,"Belgharia Expressway, Kolkata",2,1,South-West,4.0,6.0,0,0,0,0,0,0.5,2,0,0,1,0,1,0,1,0,1,0,0,0,0,0,15.620844311639033
785,2,3100000.0,837.0,"Airport, Dum Dum",2,1,South-West,4.0,4.0,0,0,0,0,0,3.0,2,0,0,1,1,0,1,0,0,0,0,0,0,0,0,14.946912992035967
786,2,4018000.0,980.0,"Airport, Dum Dum",2,1,North,3.0,5.0,0,0,0,0,0,3.0,2,0,0,1,1,0,1,0,0,1,0,0,0,0,0,15.206295073237026
787,3,4125000.0,1115.0,"Airport, Dum Dum",2,1,North-East,1.0,4.0,0,0,0,0,0,3.0,2,0,0,1,1,0,1,0,0,1,0,0,0,0,0,15.232576820175131
788,2,3000000.0,811.0,"Airport, Dum Dum",2,1,East,3.0,5.0,0,0,0,0,0,3.0,2,0,0,1,0,0,1,0,0,0,0,0,0,0,0,14.914123179965662
789,3,5400000.0,1350.0,"Airport, Dum Dum",2,1,East,1.0,5.0,0,0,0,0,0,3.0,2,0,0,1,1,0,1,0,0,0,0,0,0,0,0,15.501909696719672
790,2,3461999.9999999995,989.0,"Airport, Dum Dum",2,1,South,3.0,4.0,0,0,0,0,0,3.0,2,0,0,1,1,0,1,0,0,0,0,0,0,0,0,15.057357303568626
791,2,2730000.0,780.0,"Airport, Dum Dum",2,1,South-East,3.0,4.0,0,0,0,0,0,3.0,2,0,0,1,1,0,1,0,0,0,0,0,0,0,0,14.819812533461441
792,3,3815000.0,1100.0,"Airport, Dum Dum",2,1,South-West,2.0,4.0,0,0,0,0,0,3.0,2,0,0,1,0,0,1,0,0,0,0,0,0,0,0,15.154451484823857
793,3,6000000.0,1406.0,"Narendrapur, Kolkata",2,1,South,5.0,7.0,0,0,0,0,0,7.5,2,0,5,1,1,1,1,1,1,1,1,1,1,0,0,15.607270193858982
794,3,4193000.0,1198.0,"Bhadrakali, Uttarpara",2,1,South-West,4.0,4.0,0,0,0,0,0,0.5,2,0,2,1,1,1,1,1,1,0,0,1,0,0,0,15.248927264645598
795,3,4161999.9999999995,1287.0,"Narendrapur, Kolkata",2,2,North-East,1.0,4.0,0,0,0,0,0,3.0,2,0,1,1,0,0,0,0,0,1,0,0,1,0,0,15.24150652620479
796,3,4216000.0,1240.0,"Narendrapur, Kolkata",2,2,North-West,2.0,4.0,0,0,0,0,0,0.5,2,0,1,1,1,1,0,0,1,1,0,0,1,0,0,15.254397606394958
797,3,15000000.0,2185.0,"New Town, Kolkata",3,2,North-West,8.0,13.0,0,1,0,0,0,7.5,2,2,4,1,1,0,1,1,1,1,1,0,1,0,0,16.52356082573315
798,3,9500000.0,1200.0,"New Town, Kolkata",2,2,South,3.0,9.0,0,0,0,0,0,7.5,2,2,3,1,1,1,1,1,1,1,1,0,1,0,0,16.066802461833923
799,2,1893000.0,728.0,"Hdmotor, Uttarpara",2,1,South-West,4.0,4.0,0,0,0,0,0,0.5,2,0,2,1,1,1,1,1,1,0,1,1,0,0,0,14.453673958453338
800,3,2730000.0,1050.0,"Hdmotor, Uttarpara",2,1,South-East,4.0,4.0,0,0,0,0,0,0.5,2,0,2,1,1,1,1,1,0,1,1,1,0,0,0,14.819812533461441
801,2,2198000.0,785.0,"Hdmotor, Uttarpara",2,1,East,1.0,3.0,0,0,0,0,0,0.5,2,0,2,1,1,1,1,1,1,0,0,1,0,0,0,14.603058868904654
802,3,4032000.0,1440.0,"Hdmotor, Uttarpara",2,1,North-East,3.0,3.0,0,0,0,0,0,0.5,2,0,2,1,1,1,1,1,1,0,1,1,0,0,0,15.209773336749183
803,3,2850000.0,1000.0,"Hdmotor, Uttarpara",2,1,South-East,4.0,4.0,0,0,0,0,0,0.5,2,0,2,1,1,1,1,1,1,0,0,1,0,0,0,14.862829903121964
804,2,2163000.0,865.0,"Hdmotor, Uttarpara",2,1,North-East,4.0,4.0,0,0,0,0,0,0.5,2,0,2,1,1,1,1,1,1,1,1,1,0,0,0,14.58700716725594
805,2,2010000.0000000002,773.0,"Hdmotor, Uttarpara",2,1,South-East,2.0,3.0,0,0,0,0,0,0.5,2,0,2,1,1,1,1,1,1,1,1,1,0,0,0,14.513645777547573
806,3,3538000.0000000005,931.0,"Rajarhat, Kolkata",2,1,North-West,3.0,4.0,0,0,0,0,0,3.0,2,0,5,1,1,1,1,1,1,0,1,1,1,0,0,15.07907243634739
807,4,8707000.0,1935.0,"Rajarhat, Kolkata",4,2,West,2.0,4.0,0,0,0,0,0,3.0,2,0,6,1,1,1,1,1,0,1,0,1,1,0,0,15.979637972660866
808,3,19600000.0,1085.0,"New Town, Kolkata",3,3,East,6.0,20.0,0,1,0,0,0,0.5,0,0,3,1,1,1,1,1,1,1,1,0,1,0,0,16.791040175221152
809,2,2635000.0,732.0,"Rajarhat, Kolkata",2,1,South-West,2.0,4.0,0,0,0,0,0,3.0,2,0,0,1,1,1,1,1,1,1,0,0,0,0,0,14.784394119464169
810,2,3575000.0,872.0,"Rajarhat, Kolkata",2,1,South-East,1.0,4.0,0,0,0,0,0,3.0,2,0,1,1,1,0,1,1,0,1,0,0,0,0,0,15.089476013830486
812,3,9000000.0,1070.0,"New Town, Kolkata",2,1,East,2.0,10.0,0,0,0,0,0,7.5,0,0,4,1,1,1,1,1,1,1,1,0,1,0,0,16.012735246411598
813,2,5100000.0,906.0,"Joka, Kolkata South",2,2,North,11.0,15.0,0,0,0,0,0,3.0,2,0,5,1,1,1,1,1,1,1,1,1,1,0,0,15.444751293772967
814,2,5400000.0,998.0,"Fartabad, Garia",2,1,South-East,4.0,5.0,0,0,0,0,0,0.5,2,0,0,1,0,1,1,0,1,0,0,0,0,0,0,15.501909696719672
816,3,10500000.0,1500.0,"Action Area 1, Kolkata",2,2,South-East,1.0,12.0,0,0,0,0,0,0.5,2,0,4,1,1,1,1,1,1,1,0,1,0,0,0,16.166885910365842
817,3,6200000.0,1379.0,"Mahamayatala, Garia",2,1,South-East,4.0,4.0,0,0,0,0,0,12.5,2,0,1,1,0,1,0,1,1,0,1,1,0,1,0,15.64006001130563
818,3,8200000.0,1150.0,"Action Area 1, Kolkata",2,1,South,3.0,4.0,0,0,0,0,0,3.0,2,0,3,1,1,1,1,1,1,0,0,1,0,0,0,15.919644834185693
819,3,3300000.0,815.0,"Jugipara, Bara Nagar",2,1,North,1.0,4.0,0,0,0,0,0,3.0,2,0,1,1,0,0,0,0,0,0,0,1,0,0,0,15.009433329466965
820,3,23500000.0,918.0,"New Town, Kolkata",3,2,North-West,17.0,20.0,0,0,1,0,0,3.0,0,0,4,1,1,1,0,1,0,1,1,0,1,0,0,16.97251102166758
821,2,14500000.0,1100.0,"New Town, Kolkata",2,1,North,10.0,20.0,0,0,1,0,0,3.0,2,0,5,1,1,1,0,1,0,1,1,0,1,0,0,16.489659276356317
822,2,10000000.0,1057.0,"New Town, Kolkata",2,1,North-East,6.0,18.0,0,1,0,0,0,3.0,2,0,2,1,0,0,0,0,0,1,1,0,1,0,0,16.118095750958314
823,3,13500000.0,1156.0,"New Town, Kolkata",2,1,South-West,2.0,18.0,0,0,1,0,0,3.0,2,0,3,1,0,0,0,0,0,1,1,0,1,0,0,16.41820031748273
824,2,3329999.9999999995,740.0,"Alambazar, Bara Nagar",1,1,South,3.0,5.0,0,0,0,0,0,3.0,2,0,1,1,0,0,1,0,1,0,0,1,0,0,0,15.018483162256882
825,2,4600000.0,668.0,"Kamalgazi, Southern Bypass",2,1,Missing,2.0,4.0,0,0,0,0,0,3.0,2,2,2,1,0,1,1,1,1,0,0,1,0,0,0,15.341567078850604
826,2,4100000.0,837.0,"Hdustan More, Garia",2,1,East,3.0,3.0,0,0,0,0,0,3.0,2,0,0,1,0,1,1,0,1,0,0,0,0,0,0,15.226497775576945
827,2,3200000.0,900.0,"Pratapgarh, Garia",2,1,East,1.0,3.0,0,0,0,0,0,3.0,2,0,0,1,0,1,1,1,1,0,0,0,0,0,0,14.978661680269907
828,2,3800000.0,815.0,"East Rajapur, Santoshpur",2,1,West,3.0,3.0,0,0,0,0,0,7.5,2,0,1,0,0,1,0,0,1,0,0,1,0,0,0,15.150511887854474
829,2,3450000.0,852.0,"Elachi P, Kolkata",2,1,North-East,3.0,3.0,0,0,0,0,0,3.0,2,0,1,1,0,1,1,1,1,0,0,1,0,0,0,15.053885078862573
830,2,3600000.0,882.0,"Elachi P, Kolkata",2,1,East,3.0,3.0,0,0,0,0,0,3.0,2,0,1,1,0,1,1,1,1,0,0,1,0,0,0,15.096444681204078
831,2,3800000.0,768.0,"Garia, Kolkata",2,1,North-East,4.0,4.0,0,0,0,0,0,7.5,0,0,7,1,1,1,1,1,1,1,1,1,1,0,0,15.150511887854474
832,2,4100000.0,975.0,"Hdustan More, Garia",2,1,West,2.0,4.0,0,0,0,0,0,3.0,2,0,1,1,0,1,1,1,1,0,0,1,0,0,0,15.226497775576945
834,2,4640000.0,800.0,"Haltu, Kolkata",2,1,South-East,3.0,3.0,0,0,0,0,0,0.5,2,0,0,1,1,1,0,0,0,0,0,1,0,0,0,15.350225139719656
835,4,55000000.0,4450.0,"New Town, Kolkata",4,2,South,26.0,32.0,0,0,0,1,0,7.5,2,0,6,1,1,1,1,1,1,1,1,1,1,0,0,17.822843761378564
836,3,14500000.0,1181.0,"Lake Road, Southern Avenue",2,1,North-East,2.0,4.0,0,0,0,1,0,3.0,2,0,3,1,0,1,1,0,1,1,0,1,0,0,0,16.489659276356317
837,2,2490000.0,859.0,"New Barrakpur, Kolkata",2,1,East,2.0,4.0,0,0,1,0,0,3.0,2,0,0,1,1,1,1,1,1,0,0,0,0,0,0,14.727793670047236
838,2,2420000.0,803.0,"Agarpara, Panihati",2,1,South-West,2.0,4.0,0,0,1,0,0,3.0,2,0,0,1,1,1,1,1,1,0,0,0,0,0,0,14.699278511355924
839,3,7500000.0,1300.0,"Kamalgazi, Southern Bypass",2,1,North,3.0,4.0,0,0,0,0,0,7.5,2,0,4,1,1,0,0,0,0,1,1,0,1,0,0,15.830413711839864
840,3,7200000.0,1201.0,"Action Area 2, Kolkata",2,1,North-East,2.0,4.0,0,0,0,0,0,3.0,2,0,0,1,1,1,1,0,0,0,0,0,0,0,0,15.789591722875162
841,3,6443000.000000001,1239.0,"New Garia, Kolkata",2,1,South-East,4.0,4.0,0,0,0,0,0,3.0,2,0,3,1,0,0,1,0,0,0,0,1,0,0,0,15.678504983327969
842,3,4500000.0,1100.0,"Kaikhali, VIP Road",2,1,South-West,4.0,5.0,0,0,0,0,0,7.5,2,0,0,1,0,1,0,1,0,0,0,1,0,0,0,15.319588176962746
843,3,11500000.0,1291.0,"Rajarhat, Kolkata",2,2,South-East,5.0,13.0,0,0,0,0,0,3.0,2,0,3,1,1,1,1,1,1,1,1,0,1,0,0,16.257857680289998
844,1,4000000.0,615.0,"New Town, Kolkata",2,1,South,1.0,10.0,0,0,0,0,0,3.0,2,0,3,1,1,1,1,1,1,1,1,1,1,0,0,15.201805169084134
845,2,4040000.0,808.0,"Baguihati, VIP Road",2,1,South,3.0,4.0,0,0,0,0,0,3.0,2,0,0,1,1,1,1,1,0,0,0,0,0,0,0,15.211755497462054
846,3,4800000.0,1107.0,"Nayabad, Kolkata",2,1,South-East,1.0,3.0,0,0,0,0,0,0.5,2,0,2,1,1,1,1,0,0,0,0,1,0,0,0,15.38412668421143
847,2,4505000.0,850.0,"Santoshpur, Kolkata",1,1,South-East,3.0,3.0,0,0,0,0,0,0.5,2,0,2,1,1,1,1,0,0,0,0,1,0,0,0,15.320698671000134
848,3,41000000.0,2630.0,"Gopal Nagar , Alipore, Kolkata",3,1,South,2.0,10.0,0,0,0,0,0,3.0,2,1,0,1,1,1,1,1,1,1,1,1,0,0,0,17.529082649058825
849,2,2220000.0,764.0,"Agarpara, Panihati",2,1,South-East,4.0,4.0,0,0,1,0,0,3.0,2,0,0,1,1,1,1,1,1,0,0,0,0,0,0,14.613018204298811
850,2,2275000.0,650.0,"Airport, Dum Dum",1,1,South,,,0,0,0,0,0,0.5,2,0,0,1,0,0,0,0,0,0,0,0,0,0,0,14.637491049927531
851,2,3157000.0,872.0,"Airport, Dum Dum",2,1,North-West,5.0,5.0,0,0,0,0,0,0.5,2,0,0,1,0,0,0,0,0,0,0,0,0,0,0,14.965133084296493
852,3,7859999.999999999,1497.0,"Raigachi, Rajarhat",2,2,North-East,6.0,8.0,0,0,0,0,0,0.5,2,0,0,1,1,1,1,1,1,1,1,0,0,0,0,15.877297291631844
853,2,6000000.0,885.0,"Char Park, Kolkata",2,1,South-East,6.0,9.0,0,0,0,0,0,3.0,2,0,8,1,1,1,1,1,1,1,1,1,1,0,0,15.607270193858982
854,3,9900000.0,1300.0,"BT Road, Kolkata",3,1,North,11.0,24.0,0,0,0,0,0,3.0,2,1,2,1,0,0,0,0,0,1,1,0,1,0,0,16.108045416114916
855,2,5900000.0,840.0,"BT Road, Kolkata",2,1,South,24.0,25.0,0,0,0,0,0,3.0,2,0,2,1,0,0,0,0,0,1,1,0,1,0,0,15.59046307836746
856,3,8300000.0,1300.0,"Kalikapur, Kolkata",2,1,South-West,1.0,3.0,0,0,0,0,0,3.0,2,0,0,1,1,1,0,0,1,0,0,1,0,0,0,15.931766193248746
857,3,9046000.0,1350.0,"Patuli, EM Bypass",2,1,East,1.0,4.0,0,0,0,0,0,3.0,2,0,0,1,0,1,1,0,1,0,0,0,0,0,0,16.017833339566018
858,3,8800000.0,1244.0,"Action Area 1, Kolkata",2,1,West,3.0,4.0,0,0,0,0,0,3.0,2,0,0,1,1,0,1,1,1,0,0,0,0,0,0,15.990262393084793
859,3,12000000.0,1700.0,"Action Area 1, Kolkata",2,2,South,2.0,4.0,0,0,0,0,0,0.5,2,0,0,1,1,1,1,0,0,0,1,0,0,0,0,16.300417291085605
860,3,4410000.0,1050.0,"Nayabad, Kolkata",2,1,Missing,2.0,4.0,1,1,0,0,0,-0.5,2,0,0,0,0,0,0,0,0,0,0,0,0,0,0,15.299385474180372
861,2,4805000.0,1001.0,"Char Park, Kolkata",2,1,North,1.0,6.0,0,0,0,0,0,3.0,2,0,4,1,1,1,1,0,0,0,0,1,1,0,0,15.385167808503054
862,3,5900000.0,1160.0,"Sodepur, Kolkata North",2,2,North-East,5.0,19.0,0,0,0,0,0,3.0,2,0,5,1,1,1,1,1,1,1,1,0,1,0,0,15.59046307836746
863,3,5851000.0,1245.0,"Nayabad, Kolkata",2,1,South-East,3.0,4.0,0,0,0,0,0,0.5,2,0,0,1,1,0,0,0,0,0,0,0,0,0,0,15.582123315681313
864,4,8970000.0,1795.0,"Kalikapur, Kolkata",3,2,West,2.0,4.0,0,0,0,0,0,3.0,2,0,0,1,1,1,1,1,1,1,1,0,0,0,0,16.009396345517693
865,2,2750000.0,720.0,"Nager Bazar, Jessore Road",1,1,East,1.0,3.0,0,0,0,0,0,3.0,2,0,0,0,0,0,0,0,0,0,0,0,0,0,0,14.827111833279051
866,3,10600000.0,1450.0,"Action Area 1, Kolkata",2,2,North-East,1.0,4.0,0,0,0,0,0,0.5,2,0,0,1,1,1,1,0,1,0,1,0,0,0,0,16.176364653421913
867,2,3556000.0,1016.0,"Durganagar, Belgharia Expressway, Kolkata",2,1,South-West,5.0,5.0,0,0,0,0,0,3.0,2,0,0,1,1,0,1,0,0,0,0,0,0,0,0,15.08414715683074
868,3,12500000.0,1720.0,"Action Area 1, Kolkata",3,1,South,2.0,4.0,0,0,0,0,0,0.5,2,0,0,1,0,1,0,0,0,0,0,0,0,0,0,16.341239282272525
869,3,7200000.0,1511.0,"Uttarpara, Hooghly",2,1,North,1.0,7.0,0,0,0,0,0,7.5,2,0,5,1,1,1,1,1,1,1,1,1,1,0,0,15.789591722875162
870,3,3800000.0,1357.0,"Hdmotor, Uttarpara",2,1,South-West,1.0,3.0,0,0,0,0,0,0.5,2,0,2,1,1,1,1,1,1,0,1,1,0,0,0,15.150511887854474
871,3,8200000.0,1250.0,"CC Block Newtown, Action Area 1, Kolkata",2,1,North-East,1.0,4.0,0,0,0,0,0,3.0,2,0,0,1,1,1,1,0,1,1,1,0,0,0,0,15.919644834185693
872,1,4100000.0,780.0,"Rajarhat, Kolkata",2,1,North-West,4.0,6.0,0,0,0,0,0,7.5,1,2,4,1,1,0,1,0,0,0,1,0,1,0,0,15.226497775576945
873,2,5500000.0,931.0,"Kamalgazi, Southern Bypass",2,1,South,4.0,4.0,0,0,0,0,0,7.5,2,0,4,1,1,0,0,0,0,1,1,0,1,0,0,15.520258832020865
874,3,7000000.0,1181.0,"Action Area 2, Kolkata",2,1,South,3.0,4.0,0,0,0,0,0,0.5,2,0,0,1,1,0,1,1,1,0,0,0,0,0,0,15.76142084987672
875,2,2974000.0,826.0,"Durganagar, Belgharia Expressway, Kolkata",2,1,North-West,2.0,4.0,0,0,0,0,0,3.0,2,0,0,1,1,0,1,1,0,0,0,0,0,0,0,14.905418742249658
876,3,10700000.0,1261.0,"New Town, Kolkata",3,1,South-West,3.0,12.0,0,0,0,0,0,3.0,2,0,4,1,1,1,1,1,1,1,1,0,1,0,0,16.185754392890075
877,3,3732000.0,1357.0,"Konnagar, Hooghly",2,1,South-East,4.0,5.0,0,0,0,0,0,3.0,2,0,2,1,1,1,1,1,1,1,1,0,0,0,0,15.132455108902176
878,3,2750000.0,1000.0,"Konnagar, Hooghly",2,1,West,4.0,5.0,0,0,0,0,0,3.0,2,0,2,1,1,1,1,1,1,1,1,1,0,0,0,14.827111833279051
879,2,2558000.0,930.0,"Konnagar, Hooghly",2,1,North-West,2.0,5.0,0,0,0,0,0,3.0,2,0,2,1,1,1,1,1,1,1,1,1,0,0,0,14.754736652051262
880,2,2382000.0,866.0,"Konnagar, Hooghly",2,1,West,3.0,5.0,0,0,0,0,0,3.0,2,0,2,1,1,1,1,1,1,1,1,1,0,0,0,14.683451448712576
881,2,2247000.0,817.0,"Konnagar, Hooghly",2,1,South,2.0,5.0,0,0,0,0,0,3.0,2,0,2,1,1,1,1,1,1,1,1,1,0,0,0,14.625106996205195
882,2,2142000.0,779.0,"Konnagar, Hooghly",2,1,South-West,2.0,5.0,0,0,0,0,0,3.0,2,0,2,1,1,1,1,1,1,0,1,1,0,0,0,14.57725099684313
883,3,2802000.0,1019.0,"Konnagar, Hooghly",2,1,South-East,1.0,5.0,0,0,0,0,0,3.0,2,0,2,1,1,1,1,1,1,0,1,1,0,0,0,14.845844362766963
884,3,2699000.0,1038.0,"Konnagar, Hooghly",2,2,North-East,1.0,5.0,0,0,0,0,0,3.0,2,0,2,1,1,1,1,1,1,1,1,1,0,0,0,14.808392262507668
885,2,2145000.0,825.0,"Konnagar, Hooghly",2,1,West,3.0,5.0,0,0,0,0,0,3.0,2,0,2,1,1,1,1,1,1,1,1,1,0,0,0,14.578650576544613
886,3,2223000.0,855.0,"Konnagar, Hooghly",2,1,East,2.0,5.0,0,0,0,0,0,3.0,2,0,2,1,1,1,1,1,1,1,1,1,0,0,0,14.614368642788788
887,3,2808000.0,1080.0,"Konnagar, Hooghly",2,1,North,2.0,5.0,0,0,0,0,0,3.0,2,0,2,1,1,1,1,1,1,1,1,1,0,0,0,14.847983400253131
888,2,1925000.0,550.0,"Hdmotor, Uttarpara",1,1,South-East,2.0,4.0,0,0,0,0,0,3.0,2,0,2,1,1,1,1,1,1,0,0,1,0,0,0,14.470437045184406
889,3,3500000.0,1000.0,"Hdmotor, Uttarpara",2,1,South-East,2.0,4.0,0,0,0,0,0,3.0,2,0,0,1,1,1,1,1,1,0,0,0,0,0,0,15.068273812173887
890,3,2684000.0,976.0,"Bhadrakali, Uttarpara",2,1,South-East,,,0,0,0,0,0,3.0,2,0,2,1,1,1,1,1,1,0,0,1,0,0,0,14.802819149651882
891,2,2760000.0,920.0,"Bhadrakali, Uttarpara",2,1,North,3.0,3.0,0,0,0,0,0,3.0,2,0,2,1,1,1,1,1,1,0,0,1,0,0,0,14.830741600012107
892,3,8500000.0,1373.0,"Uttarpara, Hooghly",2,1,South,7.0,11.0,0,0,0,0,0,3.0,2,0,5,1,1,1,0,1,1,1,1,1,1,0,0,15.955576839107596
893,2,2991000.0,787.0,"Rajarhat, Kolkata",2,1,South-East,2.0,4.0,0,0,0,0,0,3.0,2,0,5,1,1,1,1,0,0,0,0,1,1,0,0,14.91111867194837
894,2,4408000.0,1160.0,"Rajarhat, Kolkata",2,1,East,3.0,4.0,0,0,0,0,0,3.0,2,0,0,1,1,1,1,1,0,0,0,0,0,0,0,15.298931856675116
895,2,5800000.0,1025.0,"Uttarpara, Hooghly",2,0,South,4.0,11.0,0,0,0,0,0,3.0,2,1,5,1,1,1,1,1,1,1,1,1,1,0,0,15.573368647930426
896,2,9900000.0,1075.0,"Kalikapur, Kolkata",2,1,North-East,2.0,13.0,0,0,0,0,0,3.0,2,0,0,1,1,1,1,1,1,1,1,0,1,0,0,16.108045416114916
897,3,4560000.0,1339.0,"Narendrapur, Kolkata",2,2,South,4.0,4.0,0,0,0,0,0,3.0,2,0,1,1,0,0,0,0,0,1,0,0,1,0,0,15.33283340078879
898,2,2300000.0,605.0,"Bara Nagar, Kolkata",1,1,North-West,3.0,4.0,0,0,0,0,0,3.0,2,0,1,1,0,0,0,0,0,0,0,1,0,0,0,14.648420115681892
899,2,2950000.0,850.0,"Jugipara, Bara Nagar",2,1,South-West,3.0,4.0,0,0,0,0,0,3.0,2,0,1,1,0,0,0,0,0,0,0,1,0,0,0,14.897316067298997
900,3,7000000.0,1150.0,"Action Area 2, Kolkata",2,1,South,3.0,4.0,0,0,0,0,0,3.0,2,0,0,1,1,0,1,1,1,0,0,0,0,0,0,15.76142084987672
901,2,2960000.0,800.0,"Bara Nagar, Kolkata",1,1,South-West,3.0,4.0,0,0,0,0,0,3.0,2,0,1,1,0,0,0,0,0,0,0,1,0,0,0,14.900700164138025
902,3,9500000.0,1178.0,"Tangra, Kolkata",3,1,South,3.0,7.0,0,0,1,0,0,3.0,2,0,5,1,1,1,1,1,1,1,1,1,1,0,0,16.066802461833923
903,3,7600000.0,1176.0,"Kalikapur, Kolkata",2,1,South,3.0,4.0,0,0,0,0,0,3.0,2,0,0,1,1,1,1,1,1,1,1,0,0,0,0,15.843658936835498
904,3,5200000.0,1050.0,"Santoshpur, Kolkata",2,1,North-East,1.0,3.0,0,0,0,0,0,0.5,2,0,0,1,1,1,0,0,1,0,0,1,0,0,0,15.46416937585933
905,3,4200000.0,1167.0,"Rajarhat, Kolkata",2,1,South-West,3.0,4.0,0,0,0,0,0,3.0,2,0,0,1,1,1,1,1,1,1,1,0,0,0,0,15.250595321348806
906,2,4000000.0,890.0,"Rajarhat, Kolkata",2,1,South,4.0,5.0,0,0,0,0,0,3.0,2,0,2,1,1,1,1,1,1,1,1,0,1,0,0,15.201805169084134
907,2,4700000.0,1019.0,"Joka, Kolkata South",2,1,North-West,10.0,23.0,0,1,0,0,0,3.0,2,0,3,1,1,1,1,1,1,1,1,0,1,0,0,15.363073279446223
908,3,4333000.0,1239.0,"Kalaberia, Kolkata",2,1,South,3.0,4.0,0,0,0,0,0,3.0,2,0,0,1,1,1,1,1,0,0,0,0,0,0,0,15.281770931509003
909,2,3390000.0,945.0,"Kalaberia, Kolkata",2,2,South-East,2.0,4.0,0,0,0,0,0,0.5,2,0,0,1,0,1,0,1,1,0,0,0,0,0,0,15.03634077434184
910,2,4500000.0,1274.0,"Bishnupur, Kolkata",2,2,South,1.0,4.0,0,0,0,0,0,7.5,2,0,3,1,0,0,0,0,0,1,1,0,1,0,0,15.319588176962746
911,2,3308000.0,945.0,"Kalaberia, Kolkata",2,1,North-East,4.0,4.0,0,0,0,0,0,0.5,2,0,0,1,1,1,1,1,0,0,0,0,0,0,0,15.011854637423134
912,2,3274000.0,935.0,"Kalaberia, Kolkata",2,2,South,1.0,4.0,0,0,0,0,0,0.5,2,0,0,0,0,1,1,1,0,0,0,0,0,0,0,15.001523342349945
913,3,4334000.0,1238.0,"Kalaberia, Kolkata",2,1,North-West,2.0,4.0,0,0,0,0,0,0.5,2,0,0,1,0,1,1,1,1,0,0,0,0,0,0,15.282001691812148
914,3,4333000.0,1238.0,"Kalaberia, Kolkata",2,1,North-West,4.0,4.0,0,0,0,0,0,0.5,2,0,0,1,1,1,1,1,0,0,0,0,0,0,0,15.281770931509003
915,3,3990999.9999999995,1142.0,"Kalaberia, Kolkata",2,1,South-West,2.0,4.0,0,0,0,0,0,0.5,2,0,0,1,1,1,1,1,0,0,0,0,0,0,0,15.199552634594609
916,3,3990000.0,1140.0,"Kalaberia, Kolkata",2,1,South-West,4.0,4.0,0,0,0,0,0,0.5,2,0,0,1,1,1,0,1,1,0,0,0,0,0,0,15.199302039492581
917,2,3272999.9999999995,935.0,"Kalaberia, Kolkata",2,2,South,3.0,4.0,0,0,0,0,0,0.5,2,0,0,1,1,1,1,1,0,0,0,0,0,0,0,15.001217859013366
918,2,2876000.0,821.0,"Kalaberia, Kolkata",2,1,North,3.0,4.0,0,0,0,0,0,0.5,2,0,0,1,1,1,0,1,0,0,0,0,0,0,0,14.87191134552816
919,2,2870000.0,820.0,"Kalaberia, Kolkata",2,1,North,4.0,4.0,0,0,0,0,0,0.5,2,0,0,1,1,1,1,1,0,0,0,0,0,0,0,14.869822936167798
920,3,4505000.0,1274.0,"Bishnupur, Kolkata",2,2,South,1.0,4.0,0,0,0,0,0,7.5,2,0,3,1,1,1,0,1,1,1,1,0,1,0,0,15.320698671000134
921,2,3000000.0,850.0,"Bishnupur, Kolkata",2,1,East,2.0,4.0,0,0,0,0,0,7.5,2,0,3,1,1,1,0,1,1,1,1,0,1,0,0,14.914123179965662
922,2,4330000.0,980.0,"Omarhati, Kolkata",2,1,North-West,1.0,11.0,0,0,0,0,0,3.0,2,0,3,1,1,1,0,1,0,1,1,0,1,0,0,15.281078330925528
923,2,4500000.0,928.0,"Omarhati, Kolkata",2,1,South-West,3.0,11.0,0,0,0,0,0,3.0,2,0,3,1,0,0,0,0,0,1,1,0,1,0,0,15.319588176962746
924,2,6500000.0,1050.0,"CC Block Newtown, Action Area 1, Kolkata",2,1,South-East,4.0,4.0,0,0,0,0,0,3.0,2,2,0,1,1,1,1,0,1,1,1,0,0,0,0,15.687312888712007
925,2,3272000.0,935.0,"Kalaberia, Kolkata",2,2,North-East,3.0,5.0,0,0,0,0,0,0.5,2,0,1,1,1,1,1,0,0,0,0,1,0,0,0,15.0009122823282
926,2,3220000.0000000005,920.0,"Kalaberia, Kolkata",2,1,North-East,4.0,5.0,0,0,1,0,0,0.5,2,0,0,1,1,1,1,0,0,0,0,0,0,0,0,14.984892228079548
927,3,4333000.0,1238.0,"Kalaberia, Kolkata",2,1,North-West,3.0,5.0,0,0,0,0,0,0.5,2,0,0,1,1,1,0,1,0,0,0,0,0,0,0,15.281770931509003
928,2,3339000.0,954.0,"Kalaberia, Kolkata",2,2,South-East,3.0,5.0,0,0,0,0,0,0.5,2,0,2,1,1,1,1,1,0,0,0,1,0,0,0,15.021182218416612
929,3,7700000.0,1432.0,"Fartabad, Garia",3,1,South-East,3.0,4.0,0,0,0,0,0,7.5,0,0,4,1,1,1,0,1,0,1,1,1,1,0,0,15.856731016694035
930,3,5496000.0,1145.0,"Atghara, Rajarhat, Kolkata East",2,1,South-East,4.0,4.0,0,0,0,0,0,0.5,2,0,0,1,1,1,1,1,1,1,0,0,0,0,0,15.519531294834815
931,2,4800000.0,700.0,"CD Block Newtown, Action Area 1",2,0,South-East,3.0,4.0,0,0,0,0,0,3.0,2,0,0,1,1,1,0,0,0,0,1,0,0,0,0,15.38412668421143
932,3,9500000.0,1470.0,"Action Area 2B, New Town",2,2,East,3.0,4.0,0,0,0,0,0,0.5,2,0,0,1,1,0,1,0,1,1,1,0,0,0,0,16.066802461833923
933,3,11000000.0,1293.0,"Rajarhat, Kolkata",2,2,South-East,5.0,13.0,0,0,0,0,0,0.5,2,0,12,1,1,1,1,1,1,1,1,1,1,0,0,16.213405921671733
934,2,4000000.0,884.0,"Mahesh, Serampore, Hooghly",2,1,North-East,12.0,24.0,0,0,0,0,0,3.0,2,0,4,1,0,0,1,0,0,1,1,0,1,0,0,15.201805169084134
935,2,4200000.0,936.0,"Garia, Kolkata",2,1,Missing,,,0,0,0,0,0,7.5,0,1,0,0,0,0,0,0,0,0,0,0,0,0,0,15.250595321348806
936,2,2260000.0,868.0,"Hridaypur, Kolkata",2,1,South-East,3.0,3.0,0,0,1,0,0,3.0,2,0,0,1,1,1,1,1,1,0,0,0,0,0,0,14.630875813726247
937,3,11500000.0,1512.0,"Rajarhat, Kolkata",2,1,South-East,4.0,8.0,0,0,0,0,0,7.5,2,0,5,1,1,1,1,1,1,1,1,1,1,0,0,16.257857680289998
938,3,5600000.0,1185.0,"Omarhati, Kolkata",2,2,North-East,6.0,11.0,0,0,0,0,0,3.0,0,0,3,1,1,0,0,1,1,1,1,0,1,0,0,15.53827733427679
939,2,3740000.0,1084.0,"Airport, Dum Dum",2,1,North-West,3.0,5.0,0,0,0,0,0,0.5,2,0,0,1,0,0,0,0,0,0,0,0,0,0,0,15.134596436770359
940,3,7950000.0,1155.0,"BT Road, Kolkata",2,1,East,11.0,24.0,0,0,0,0,0,3.0,2,0,3,1,0,0,0,0,0,1,1,0,1,0,0,15.88868261241667
941,2,3457000.0,804.0,"Dum Dum Cantt, South Dumdum",2,1,West,1.0,5.0,0,0,0,0,0,0.5,2,0,0,1,1,0,1,1,1,0,0,0,0,0,0,15.055912008171871
942,2,2350000.0,905.0,"New Barrakpur, Kolkata",2,1,East,4.0,4.0,0,0,1,0,0,3.0,2,0,0,1,1,1,1,1,1,0,0,0,0,0,0,14.669926311652166
943,3,16500000.0,1601.0,"EM Bypass, Kolkata South",3,1,South-East,12.0,18.0,0,0,0,0,0,7.5,2,0,4,1,1,0,0,1,1,1,1,1,1,0,0,16.61887099947687
944,3,9000000.0,1242.0,"CE Block Newtown, New Town",2,1,South-West,3.0,4.0,0,0,0,0,0,0.5,2,0,0,1,1,1,1,1,1,0,0,0,0,0,0,16.012735246411598
945,2,2800000.0,726.0,"Briji, Garia",2,1,East,3.0,3.0,0,0,0,0,0,12.5,2,0,1,0,0,1,1,0,1,0,0,1,0,0,0,14.845130332288226
946,2,6051000.0,1100.0,"Action Area 2, Kolkata",2,1,North,2.0,4.0,0,0,0,0,0,3.0,2,0,0,1,1,1,0,1,0,0,0,0,0,0,0,15.615734270866385
947,3,3410000.0,1100.0,"Konnagar, Hooghly",2,1,South-West,5.0,5.0,0,0,0,0,0,0.5,2,0,2,1,1,1,1,1,1,1,0,1,0,0,0,15.04222314251479
948,3,6100000.0,1050.0,"Madurdaha, EM Bypass, Kolkata South",2,1,North-East,2.0,3.0,0,0,0,0,0,12.5,2,0,0,1,1,1,0,1,0,0,0,0,0,0,0,15.623799493077952
949,3,13000000.0,1660.0,"Rajarhat, Kolkata",3,1,East,8.0,8.0,0,0,0,0,0,7.5,2,0,5,1,1,1,1,1,1,1,1,1,1,0,0,16.380459992348886
950,3,8000000.0,1396.0,"Madurdaha, EM Bypass, Kolkata South",2,1,North-East,2.0,3.0,0,0,0,0,0,3.0,2,0,2,1,1,1,1,0,0,0,0,1,0,0,0,15.894952224644102
951,2,5600000.0,972.0,"Madurdaha, EM Bypass, Kolkata South",2,1,North-East,1.0,3.0,0,0,0,0,0,0.5,2,0,0,1,1,1,0,0,1,0,0,1,0,0,0,15.53827733427679
952,3,7250000.0,1407.0,"Madurdaha, EM Bypass, Kolkata South",3,1,South-East,2.0,3.0,0,0,0,0,0,0.5,2,0,0,1,1,1,0,0,1,0,0,1,0,0,0,15.796512164761882
953,3,9600000.0,1650.0,"Action Area 1, Kolkata",2,1,South-West,2.0,4.0,0,0,0,0,0,3.0,2,0,0,1,1,0,1,1,1,0,0,0,0,0,0,16.077273760604726
954,3,7000000.0,1136.0,"EM Bypass, Kolkata South",2,1,North-East,15.0,15.0,0,0,0,0,0,0.5,2,0,8,1,0,1,1,1,1,1,1,1,1,0,0,15.76142084987672
955,2,2330000.0,845.0,"New Barrakpur, Kolkata",2,1,North,2.0,4.0,0,0,1,0,0,3.0,2,0,0,1,1,1,1,1,1,0,0,0,0,0,0,14.66137925472634
956,3,7200000.0,1274.0,"EM Bypass, Kolkata South",2,1,South-East,9.0,15.0,0,0,0,0,0,0.5,2,0,2,1,0,0,1,0,0,1,1,0,1,0,0,15.789591722875162
957,2,2088000.0,696.0,"Jheel Bagan, Kolkata",2,1,North-West,3.0,4.0,0,0,0,0,0,3.0,2,0,0,1,1,1,1,1,0,0,0,0,0,0,0,14.551717706911754
958,2,2871000.0,776.0,"Airport, Dum Dum",2,1,South,5.0,5.0,0,0,0,0,0,3.0,2,0,0,1,1,0,1,0,0,0,0,0,0,0,0,14.870171307413834
959,3,4850000.0,1228.0,"Dum Dum Cantt, South Dumdum",2,1,North-East,4.0,6.0,0,0,0,0,0,3.0,2,0,0,1,1,1,1,0,1,1,0,0,0,0,0,15.394489469099211
960,3,3710000.0,1060.0,"Airport, Dum Dum",2,1,North,1.0,4.0,0,0,0,0,0,3.0,2,0,0,1,1,0,1,0,0,0,0,0,0,0,0,15.126542704125361
961,2,3649000.0,760.0,"Char Park, Kolkata",2,1,East,4.0,4.0,0,0,0,0,0,3.0,2,0,0,1,1,1,1,1,1,0,0,0,0,0,0,15.109963989466232
962,2,4129999.9999999995,860.0,"Char Park, Kolkata",2,1,North,4.0,4.0,0,0,0,0,0,3.0,2,0,0,1,1,1,1,1,1,0,0,0,0,0,0,15.233788207067937
963,2,4082000.0,850.0,"Char Park, Kolkata",2,1,West,4.0,4.0,0,0,0,0,0,3.0,2,0,0,1,1,1,1,1,1,0,0,0,0,0,0,15.222097867329849
964,2,3183000.0,663.0,"Char Park, Kolkata",2,1,East,4.0,4.0,0,0,0,0,0,3.0,2,0,0,1,1,1,1,1,1,0,0,0,0,0,0,14.973335020433204
965,2,4079999.9999999995,850.0,"Char Park, Kolkata",2,1,West,3.0,4.0,0,0,0,0,0,3.0,2,0,0,1,1,1,1,1,0,0,0,0,0,0,0,15.221607791478354
966,2,3811000.0,794.0,"Dashadrone, Rajarhat",2,1,South,4.0,4.0,0,0,0,0,0,0.5,2,0,0,1,1,1,1,1,1,0,0,0,0,0,0,15.153402442254283
967,2,3647999.9999999995,760.0,"Char Park, Kolkata",2,1,East,3.0,4.0,0,0,0,0,0,3.0,2,0,0,1,1,1,1,1,1,0,0,0,0,0,0,15.109689904299128
968,2,4128000.0,860.0,"Char Park, Kolkata",2,1,West,3.0,4.0,0,0,0,0,0,3.0,2,0,0,1,1,0,0,1,1,0,0,0,0,0,0,15.233303828391568
969,2,4435000.0,924.0,"Atghara, Rajarhat, Kolkata East",2,1,North-East,3.0,4.0,0,0,0,0,0,0.5,2,0,0,1,1,1,1,1,0,0,0,0,0,0,0,15.305038399204935
970,2,3182000.0,663.0,"Char Park, Kolkata",2,1,South-East,3.0,4.0,0,0,0,0,0,3.0,2,0,0,1,1,1,1,1,1,0,0,0,0,0,0,14.973020802147577
971,2,4138000.0000000005,862.0,"Atghara, Rajarhat, Kolkata East",2,1,North-East,2.0,4.0,0,0,0,0,0,0.5,2,0,0,1,1,1,0,1,0,0,0,0,0,0,0,15.235723378950235
972,2,3859000.0000000005,804.0,"Atghara, Rajarhat, Kolkata East",2,1,North-East,2.0,4.0,0,0,0,0,0,0.5,2,0,0,1,1,1,1,1,0,0,1,0,0,0,0,15.165918899654214
973,2,4574000.0,953.0,"Rajarhat, Kolkata",2,1,North-West,4.0,5.0,0,0,0,0,0,3.0,2,0,0,1,1,1,1,1,1,0,0,0,0,0,0,15.335898872191862
974,2,4340000.0,904.0,"Rajarhat, Kolkata",2,1,South-East,3.0,5.0,0,0,0,0,0,3.0,2,0,0,1,1,1,1,1,1,0,0,0,0,0,0,15.283385136491308
981,2,3162000.0,832.0,"Rajarhat, Kolkata",2,1,South-West,4.0,4.0,0,0,0,0,0,3.0,2,0,0,1,1,1,1,1,0,0,0,0,0,0,0,14.96671561300704
982,2,3549000.0,934.0,"Rajarhat, Kolkata",2,1,South,1.0,4.0,0,0,0,0,0,3.0,2,0,0,1,1,1,1,1,1,0,0,0,0,0,0,15.082176713398106
983,2,3120000.0,780.0,"Rajarhat, Kolkata",2,1,South-East,4.0,5.0,0,0,0,0,0,0.5,2,0,0,1,1,0,1,0,0,0,0,0,0,0,0,14.953343880298434
984,3,4300000.0,1075.0,"Rajarhat, Kolkata",2,1,North-East,4.0,5.0,0,0,0,0,0,0.5,2,0,0,1,1,0,1,0,0,0,0,0,0,0,0,15.274125813221904
985,2,2660000.0,856.0,"Madhyamgram, Kolkata",2,1,South-West,3.0,4.0,0,0,1,0,0,3.0,2,0,0,1,1,1,1,1,1,0,0,0,0,0,0,14.793837056697662
986,3,11000000.0,1480.0,"New Town, Kolkata",2,2,South-East,3.0,16.0,0,0,0,0,0,3.0,2,0,5,1,1,0,1,0,0,1,1,0,1,0,0,16.213405921671733
987,3,5300000.0,980.0,"Nayabad, Kolkata",2,1,North-West,1.0,4.0,0,0,0,0,0,3.0,2,2,3,1,0,0,0,0,0,0,0,1,0,0,0,15.483217567201578
988,2,4600000.0,830.0,"Sodepur, Kolkata North",2,1,South-West,17.0,21.0,0,0,0,0,0,7.5,2,2,4,1,1,0,1,0,0,1,1,0,1,0,0,15.341567078850604
989,2,2150000.0,765.0,"Tarapukur West, Panihati",2,1,South-East,4.0,6.0,0,0,0,0,0,0.5,2,0,0,1,0,1,1,0,1,0,0,0,0,0,0,14.580978865220017
990,2,4680000.0,900.0,"South Dumdum, Kolkata",2,1,South,1.0,6.0,0,0,0,0,0,3.0,2,0,0,1,1,1,1,0,0,0,0,0,0,0,0,15.35880888156902
991,3,4800000.0,1174.0,"Narendrapur, Kolkata",2,1,South-West,4.0,4.0,0,0,0,0,0,3.0,2,2,3,1,0,0,0,0,0,1,1,0,1,0,0,15.38412668421143
992,2,3600000.0,750.0,"Santragachi, Howrah",2,1,North-West,5.0,20.0,0,0,0,0,0,7.5,2,0,0,1,1,0,0,1,0,0,1,0,0,0,0,15.096444681204078
993,2,3700000.0,1012.0,"Rajarhat, Kolkata",2,2,South-East,1.0,4.0,0,0,0,0,0,3.0,2,0,0,1,1,1,1,1,1,1,1,0,1,0,0,15.123843647884687
994,2,3125000.0,906.0,"Rajarhat, Kolkata",2,1,South,1.0,4.0,0,0,0,0,0,3.0,2,0,0,1,1,1,1,1,1,1,1,0,0,0,0,14.954945161152589
995,2,2995000.0,894.0,"Rajarhat Expressway, Kolkata",2,1,West,3.0,4.0,0,0,0,0,0,3.0,2,0,0,1,1,1,1,1,1,1,0,0,0,0,0,14.912455123421447
996,2,5500000.0,1000.0,"Action Area 2B, New Town",2,1,South-West,3.0,4.0,0,0,0,0,0,0.5,2,0,0,1,1,0,0,1,0,0,0,0,0,0,0,15.520258832020865
997,2,2331000.0,777.0,"Rajarhat Expressway, Kolkata",2,1,South,3.0,4.0,0,0,0,0,0,3.0,2,0,0,1,1,1,1,1,1,1,0,0,0,0,0,14.661808347018232
998,2,3158000.0,987.0,"Rajarhat, Kolkata",2,2,South-West,4.0,4.0,0,0,0,0,0,3.0,2,0,1,1,1,1,1,1,0,0,0,0,0,0,0,14.965449790453786
999,2,2961000.0,911.0,"Rajarhat, Kolkata",2,1,South-East,1.0,4.0,0,0,0,0,0,3.0,2,0,3,1,1,1,1,1,1,0,0,1,0,1,0,14.901037944807413
1000,2,3244000.0,998.0,"Rajarhat, Kolkata",2,1,North-West,2.0,4.0,0,0,0,0,0,3.0,2,0,3,1,1,1,1,1,1,0,0,0,0,0,0,14.992318002478799
1001,2,3547999.9999999995,959.0,"Rajarhat, Kolkata",2,1,South-West,3.0,4.0,0,0,0,0,0,3.0,2,0,4,1,1,1,1,1,1,1,1,1,1,0,0,15.081894904260496
1002,3,4235000.0,1100.0,"Rajarhat, Kolkata",2,1,South-West,2.0,4.0,0,0,0,0,0,3.0,2,0,0,1,1,1,1,1,1,1,1,0,0,0,0,15.258894122195773
1003,3,4490000.0,1166.0,"Rajarhat, Kolkata",2,1,South-West,2.0,4.0,0,0,0,0,0,3.0,2,0,0,1,1,1,1,1,1,1,1,0,0,0,0,15.317363482435562
1004,2,3892000.0,1011.0,"Rajarhat, Kolkata",2,1,North,2.0,4.0,0,0,0,0,0,3.0,2,0,0,1,1,1,1,1,1,1,1,0,0,0,0,15.174433979225308
1005,2,3950000.0,1027.0,"Rajarhat, Kolkata",2,1,South-West,2.0,4.0,0,0,0,0,0,3.0,2,0,0,1,1,1,1,1,1,1,1,0,0,0,0,15.18922639004183
1006,3,4543000.0,1180.0,"Rajarhat, Kolkata",2,1,South-West,2.0,4.0,0,0,0,0,0,3.0,2,0,0,1,1,1,1,1,1,1,1,0,0,0,0,15.32909836486038
1007,2,5400000.0,867.0,"Dum Dum, Kolkata",2,1,South-East,2.0,5.0,0,0,0,0,0,3.0,2,2,3,1,0,1,0,0,0,0,0,1,0,0,0,15.501909696719672
1008,2,1914000.0,661.0,"Agarpara, Panihati",2,1,South-East,4.0,4.0,0,0,0,0,0,0.5,2,0,0,1,1,0,1,1,1,0,0,0,0,0,0,14.46470637346094
1009,2,2030000.0,700.0,"Agarpara, Panihati",1,1,South-East,4.0,4.0,0,0,0,0,0,0.5,2,0,0,1,1,0,1,1,1,0,0,0,0,0,0,14.523546843628687
1010,2,2204000.0,760.0,"Agarpara, Panihati",2,1,North,,,0,0,0,0,0,0.5,2,0,0,1,1,0,1,1,1,0,0,0,0,0,0,14.605784902975348
1011,2,1739999.9999999998,600.0,"Agarpara, Panihati",1,1,North,,,0,0,0,0,0,0.5,2,0,0,1,1,0,1,1,1,0,0,0,0,0,0,14.36939624590319
1012,2,2300000.0,735.0,"Agarpara, Panihati",1,1,South-East,1.0,4.0,0,0,0,0,0,0.5,2,0,0,1,1,0,1,1,1,0,0,0,0,0,0,14.648420115681892
1013,2,2450000.0,785.0,"Agarpara, Panihati",2,1,North-East,1.0,4.0,0,0,0,0,0,0.5,2,0,0,1,1,0,1,1,1,0,0,0,0,0,0,14.711598990684092
1014,3,3490000.0,1091.0,"Madhyamgram, Kolkata",2,1,North-East,2.0,3.0,0,0,1,0,0,3.0,2,0,0,1,1,1,1,1,1,0,0,0,0,0,0,15.06541258071152
1015,3,7400000.0,1283.0,"Nager Bazar, Jessore Road",2,1,East,1.0,4.0,0,0,0,0,0,7.5,2,2,0,1,0,0,1,1,1,1,1,0,0,0,0,15.816990693309524
1016,2,2350000.0,804.0,"Belgharia Expressway, Kolkata",2,1,North-East,2.0,2.0,0,0,0,0,0,0.5,2,0,0,1,0,0,0,0,0,0,0,0,0,0,0,14.669926311652166
1017,2,6000000.0,908.0,"Rajarhat, Kolkata",2,1,South-East,6.0,10.0,0,0,0,0,0,3.0,2,0,7,1,1,1,1,1,1,1,1,1,1,0,0,15.607270193858982
1018,2,2000000.0,840.0,"Serampore, Hooghly",1,1,West,1.0,4.0,0,0,0,0,0,12.5,2,0,2,1,0,1,0,0,1,0,0,1,0,0,0,14.508658238524095
1019,2,3800000.0,884.0,"Serampore, Hooghly",2,1,East,11.0,24.0,0,0,0,0,0,3.0,2,1,4,1,0,0,1,0,0,1,1,0,1,0,0,15.150511887854474
1021,2,4373000.0,841.0,"New Garia, Kolkata",2,1,North-West,1.0,4.0,0,0,0,0,0,0.5,2,0,3,1,0,1,1,0,0,0,0,1,0,0,0,15.290960059070997
1023,3,4738000.0,1089.0,"New Garia Housg Development Society, Panchpota, Kolkata",2,1,North-East,3.0,4.0,0,0,0,0,0,3.0,2,0,2,1,1,1,1,0,0,0,0,1,0,0,0,15.371125874760365
1024,2,3850000.0,770.0,"New Garia Housg Development Society, Panchpota, Kolkata",2,1,South-East,1.0,3.0,0,0,0,0,0,3.0,2,0,3,1,0,1,1,0,0,0,0,1,0,0,0,15.163583966004193
1025,3,7000000.0,1300.0,"Madurdaha, EM Bypass, Kolkata South",2,1,South-West,3.0,3.0,0,0,0,0,0,12.5,2,0,2,1,1,1,1,0,0,0,0,1,0,0,0,15.76142084987672
1026,2,3570000.0000000005,850.0,"Saha Para, Fartabad, Garia",2,1,South-East,2.0,4.0,0,0,0,0,0,3.0,2,0,3,0,0,1,1,0,0,0,1,1,0,0,0,15.088076433867828
1027,2,3640999.9999999995,867.0,"Saha Para, Fartabad, Garia",2,1,South-West,2.0,4.0,0,0,0,0,0,3.0,2,0,3,1,0,1,1,0,0,0,0,1,0,0,0,15.107769201807354
1028,3,6000000.0,1107.0,"Madurdaha, EM Bypass, Kolkata South",2,1,South,3.0,3.0,0,0,0,0,0,12.5,2,1,0,1,1,1,0,0,1,0,1,1,0,0,0,15.607270193858982
1029,3,4885000.0,1085.0,"Nabodit, Nayabad",2,1,North-East,2.0,3.0,0,0,0,0,0,3.0,2,0,3,1,0,1,1,0,0,0,0,1,0,0,0,15.40168004816729
1030,2,4000000.0,973.0,"Nayabad, Kolkata",2,1,South,3.0,4.0,0,0,0,0,0,3.0,2,0,3,0,0,1,1,0,1,0,0,1,0,0,0,15.201805169084134
1031,2,3150000.0,800.0,"Saha Para, Fartabad, Garia",2,1,South-East,1.0,3.0,0,0,0,0,0,0.5,0,0,3,1,0,1,1,0,0,0,0,1,0,0,0,14.962913328262083
1032,2,11500000.0,1555.0,"New Town, Kolkata",3,3,South-East,7.0,24.0,0,0,0,1,0,3.0,2,0,3,1,1,1,1,1,1,1,1,0,1,0,0,16.257857680289998
1033,2,2340000.0,777.0,"Agarpara, Panihati",2,1,South-West,1.0,4.0,0,0,1,0,0,3.0,2,0,0,1,1,1,1,1,1,0,0,0,0,0,0,14.66566191468422
1034,2,2170000.0,788.0,"New Barrakpur, Kolkata",2,1,North,4.0,4.0,0,0,1,0,0,3.0,2,0,0,1,1,1,1,1,1,0,0,0,0,0,0,14.59023818634603
1035,2,2170000.0,804.0,"Sheoraphuli, Hooghly",2,1,North-East,2.0,4.0,0,0,0,0,0,0.5,2,0,0,1,0,1,0,0,0,0,0,1,0,0,0,14.59023818634603
1036,3,7500000.0,1480.0,"Action Area 3, Kolkata",2,2,South-East,4.0,4.0,0,0,0,0,0,3.0,2,0,0,1,1,0,0,1,1,1,1,0,0,0,0,15.830413711839864
1037,2,2864000.0,682.0,"South Roy Nagar, Brahmapur, Kolkata",2,1,South-East,1.0,2.0,1,0,0,0,0,0.5,2,0,0,0,0,1,1,0,0,0,0,1,0,0,0,14.867730156224624
1038,3,3162000.0,930.0,"Boral, Kolkata",2,1,North-East,1.0,4.0,0,0,0,0,0,3.0,2,0,1,1,0,1,1,1,0,0,0,1,0,0,0,14.96671561300704
1039,3,3952000.0000000005,1040.0,"Boral, Kolkata",2,1,South-East,1.0,3.0,1,0,0,0,0,3.0,2,0,0,1,0,1,1,1,0,0,0,1,0,0,0,15.189732590886301
1040,3,3950000.0,1124.0,"Basunagar, Madhyamgram",2,1,North-East,2.0,4.0,0,0,1,0,0,3.0,2,0,0,1,1,1,1,1,1,0,0,0,0,0,0,15.18922639004183
1044,2,3200000.0,850.0,"Barasat, Kolkata North",2,1,South-East,4.0,5.0,0,0,0,0,0,0.5,2,2,3,1,1,1,1,1,1,0,1,0,1,0,0,14.978661680269907
1051,2,5000000.0,960.0,"Pratapgarh, Garia",2,1,South-West,3.0,4.0,0,0,0,0,0,7.5,2,0,2,1,1,1,0,1,1,1,1,0,1,0,0,15.424948670398354
1052,2,4500000.0,960.0,"EM Bypass, Kolkata South",2,1,South-East,3.0,5.0,0,0,0,0,0,12.5,2,0,2,1,0,1,1,1,1,1,1,1,0,0,0,15.319588176962746
1053,1,1830999.9999999998,436.0,"Bansdroni, Kolkata",1,1,East,2.0,2.0,1,0,0,0,0,0.5,2,0,0,0,0,1,1,0,0,0,0,1,0,0,0,14.420373369806143
1054,3,4900000.0,1225.0,"Airport, Dum Dum",2,1,North-East,1.0,6.0,0,0,0,0,0,0.5,2,0,0,1,1,1,0,0,1,0,0,0,0,0,0,15.404745967162468
1055,2,6200000.0,1036.0,"Kaikhali, VIP Road",2,2,South-West,4.0,6.0,0,0,0,0,0,7.5,2,2,4,1,1,1,1,1,1,1,1,0,1,0,0,15.64006001130563
1056,3,7700000.0,1090.0,"BT Road, Kolkata",2,1,South-West,4.0,11.0,0,0,0,0,0,0.5,2,0,4,1,0,0,0,0,0,1,1,1,1,0,0,15.856731016694035
1057,2,2800000.0,840.0,"Bishnupur, Kolkata",2,1,South-East,3.0,4.0,0,0,0,0,0,7.5,2,0,3,1,1,1,1,1,1,1,1,0,1,0,0,14.845130332288226
1058,3,15000000.0,1525.0,"EM Bypass, Kolkata South",3,1,North-West,4.0,7.0,0,0,1,0,0,3.0,2,0,6,1,1,0,0,0,0,1,1,0,1,0,0,16.52356082573315
1059,3,10400000.0,1340.0,"New Town Action area 1A, Kolkata",2,1,East,2.0,4.0,0,0,0,0,0,0.5,2,0,0,1,1,1,1,1,1,1,1,0,0,0,0,16.15731646026544
1060,3,4880000.0,1220.0,"Dum Dum Cantt, South Dumdum",2,1,South-East,2.0,4.0,0,0,0,0,0,3.0,2,0,0,1,1,0,1,0,0,0,0,0,0,0,0,15.400655982747342
1061,3,4811000.0,1218.0,"Dum Dum Cantt, South Dumdum",2,1,South,2.0,6.0,0,0,0,0,0,3.0,2,0,1,1,1,0,1,1,0,1,0,1,0,0,0,15.386415728538564
1062,3,6900000.0,1250.0,"Action Area 2, Kolkata",2,2,North-East,3.0,4.0,0,0,0,0,0,3.0,2,0,0,1,1,1,1,1,0,0,0,0,0,0,0,15.747032114495013
1063,2,2247000.0,817.0,"Konnagar, Hooghly",2,1,North-East,3.0,5.0,0,0,0,0,0,0.5,2,0,2,1,1,1,0,0,0,0,0,1,0,0,0,14.625106996205195
1064,2,2303000.0,853.0,"Konnagar, Hooghly",2,1,North-East,3.0,5.0,0,0,0,0,0,0.5,2,0,2,1,1,1,1,0,0,0,0,1,0,0,0,14.649723613018967
1065,2,2267000.0,817.0,"Konnagar, Hooghly",2,1,North-East,3.0,5.0,0,0,0,0,0,0.5,2,0,2,1,1,1,0,0,0,0,1,1,0,0,0,14.63396837060117
1066,2,2226000.0,817.0,"Konnagar, Hooghly",2,1,North-East,3.0,5.0,0,0,0,0,0,0.5,2,0,2,1,1,1,0,0,0,0,1,1,0,0,0,14.615717260053824
1067,2,2367000.0,853.0,"Konnagar, Hooghly",2,1,North-East,3.0,5.0,0,0,0,0,0,0.5,2,0,2,1,1,1,1,0,0,0,1,1,0,0,0,14.67713431097174
1068,2,2346000.0,853.0,"Konnagar, Hooghly",2,1,North-East,3.0,5.0,0,0,0,0,0,0.5,2,0,1,1,1,1,1,0,0,0,0,0,0,0,0,14.668222734452927
1069,2,2137000.0,770.0,"Konnagar, Hooghly",2,1,North,3.0,5.0,0,0,0,0,0,0.5,2,0,2,1,1,1,1,0,0,0,1,1,0,0,0,14.574914002246894
1070,2,2575000.0,928.0,"Konnagar, Hooghly",2,1,North-East,3.0,5.0,0,0,0,0,0,0.5,2,0,2,1,1,0,0,0,0,1,1,1,0,0,0,14.761360480429413
1071,2,2552000.0,928.0,"Konnagar, Hooghly",2,1,South-East,3.0,5.0,0,0,0,0,0,0.5,2,0,2,1,1,1,0,0,0,0,1,1,0,0,0,14.75238831529627
1072,2,2506000.0,928.0,"Konnagar, Hooghly",2,1,South-East,3.0,5.0,0,0,0,0,0,0.5,2,0,2,1,1,1,0,0,0,0,1,1,0,0,0,14.73419881348037
1073,3,3679999.9999999995,1363.0,"Konnagar, Hooghly",2,1,South-East,4.0,5.0,0,0,0,0,0,0.5,2,0,2,1,1,0,0,0,0,1,1,1,0,0,0,15.118423581884207
1074,3,3714000.0,1363.0,"Konnagar, Hooghly",2,1,South-East,4.0,5.0,0,0,0,0,0,0.5,2,0,2,1,1,1,0,0,0,0,1,1,0,0,0,15.127620290146233
1075,3,2775000.0,1000.0,"Konnagar, Hooghly",2,1,South-West,4.0,5.0,0,0,0,0,0,0.5,2,0,2,1,1,1,1,0,0,0,0,1,0,0,0,14.836161665522967
1076,3,2750000.0,1000.0,"Konnagar, Hooghly",2,1,South-West,4.0,5.0,0,0,0,0,0,0.5,2,0,2,1,1,1,1,0,0,0,0,1,0,0,0,14.827111833279051
1077,3,2725000.0,1000.0,"Konnagar, Hooghly",2,1,South-West,4.0,5.0,0,0,0,0,0,0.5,2,0,2,1,1,1,1,0,0,0,0,1,0,0,0,14.817979353051891
1078,3,2700000.0,1000.0,"Konnagar, Hooghly",2,1,South-West,4.0,5.0,0,0,0,0,0,0.5,2,0,2,1,1,1,1,0,0,0,0,1,0,0,0,14.80876270134486
1079,1,955000.0000000001,344.0,"Konnagar, Hooghly",1,1,North,1.0,5.0,0,0,0,0,0,0.5,2,0,2,1,1,1,0,0,0,0,0,1,0,0,0,13.769467666582738
1080,3,2761000.0,995.0,"Konnagar, Hooghly",2,1,South-West,1.0,5.0,0,0,0,0,0,0.5,2,0,2,1,1,1,1,0,0,0,1,1,0,0,0,14.831103853099838
1081,3,2673000.0,1038.0,"Konnagar, Hooghly",2,2,North-West,3.0,5.0,0,0,0,0,0,0.5,2,0,2,1,1,1,1,0,0,0,0,1,0,0,0,14.79871236923247
1082,3,2202000.0,855.0,"Konnagar, Hooghly",2,1,North-West,3.0,5.0,0,0,0,0,0,0.5,2,0,2,1,1,1,1,0,0,0,0,1,0,0,0,14.604877050397265
1083,2,1666000.0,647.0,"Konnagar, Hooghly",2,1,South-West,1.0,5.0,0,0,0,0,0,0.5,2,0,1,1,1,0,1,0,0,0,0,1,0,0,0,14.32593670194884
1084,2,2124000.0,825.0,"Konnagar, Hooghly",2,1,North-East,2.0,5.0,0,0,0,0,0,0.5,2,0,2,1,1,1,1,0,0,0,0,1,0,0,0,14.56881213215365
1085,2,2001000.0000000002,777.0,"Konnagar, Hooghly",2,1,South-East,4.0,5.0,0,0,0,0,0,0.5,2,0,2,1,1,1,1,0,0,0,0,1,0,0,0,14.50915811331587
1086,2,4565000.0,830.0,"Dum Dum, Kolkata",2,1,West,3.0,6.0,0,0,0,0,0,3.0,2,0,0,1,1,1,1,0,0,0,0,0,0,0,0,15.333929291069232
1087,2,2300000.0,838.0,"Madhyamgram, Kolkata",2,1,South-East,2.0,4.0,0,0,1,0,0,3.0,2,0,0,1,1,1,1,1,1,0,0,0,0,0,0,14.648420115681892
1088,3,2808000.0,1040.0,"Hdmotor, Uttarpara",2,1,South-East,2.0,4.0,0,0,0,0,0,0.5,2,0,2,1,1,1,1,1,1,1,1,1,0,0,0,14.847983400253131
1089,2,2650000.0,855.0,"Madhyamgram, Kolkata",2,1,South-West,3.0,4.0,0,0,1,0,0,3.0,2,0,3,1,1,1,1,1,1,0,0,1,0,0,0,14.790070575320824
1090,2,2741000.0,783.0,"Bhadrakali, Uttarpara",2,1,North-West,2.0,4.0,0,0,0,0,0,0.5,2,0,2,1,1,1,1,1,1,0,1,1,0,0,0,14.82383374011521
1091,2,3750000.0,850.0,"Baguihati, VIP Road",2,1,South-West,4.0,5.0,0,0,0,0,0,0.5,2,0,3,1,1,1,1,1,1,0,0,1,0,0,0,15.137266664613225
1092,2,4200000.0,1052.0,"Behala Chowrasta, Kolkata",2,1,South,4.0,11.0,0,0,0,0,0,7.5,2,0,5,1,1,1,1,1,1,1,1,1,1,0,0,15.250595321348806
1093,3,6600000.0,1050.0,"New Town Action Area 1C, Kolkata",2,0,South-West,3.0,4.0,0,0,0,0,0,0.5,2,0,0,1,1,1,1,0,1,0,1,0,0,0,0,15.702580358511794
1094,2,3500000.0,930.0,"Mahamayatala, Garia",2,1,North-West,1.0,3.0,1,0,0,0,0,3.0,2,0,0,1,0,1,1,1,0,0,0,1,0,0,0,15.068273812173887
1095,2,3600000.0,900.0,"Char Park, Kolkata",2,1,South,3.0,4.0,0,0,0,0,0,3.0,2,0,3,1,1,1,1,1,1,0,0,1,0,0,0,15.096444681204078
1096,2,1682000.0,647.0,"Konnagar, Hooghly",2,1,East,1.0,5.0,0,0,0,0,0,3.0,2,0,3,1,1,1,1,1,1,1,1,1,0,0,0,14.335494714045176
1097,2,2109000.0,703.0,"Bhadrakali, Uttarpara",2,1,South,3.0,3.0,0,0,0,0,0,3.0,2,0,2,1,1,1,1,1,1,0,0,1,0,0,0,14.561724933619168
1098,2,2577000.0,859.0,"Bhadrakali, Uttarpara",2,2,West,1.0,3.0,0,0,0,0,0,3.0,2,0,2,1,1,1,1,1,1,1,1,1,0,0,0,14.762136877682545
1099,3,5482000.0,1246.0,"Dunlop, Kolkata",2,2,North-East,2.0,4.0,0,0,0,0,0,3.0,2,0,1,1,0,0,0,0,0,0,0,1,0,0,0,15.51698073826003
1100,2,3167000.0,918.0,"Rajarhat, Kolkata",2,1,South,2.0,4.0,0,0,0,0,0,3.0,2,0,0,1,1,1,1,1,1,1,1,0,0,0,0,14.968295641276963
1101,2,2950000.0,812.0,"Jugipara, Bara Nagar",2,1,North-West,3.0,4.0,0,0,0,0,0,3.0,2,0,3,1,0,0,0,0,0,0,0,1,0,0,0,14.897316067298997
1102,2,2590000.0,700.0,"Bara Nagar, Kolkata",1,1,North-East,2.0,4.0,0,0,0,0,0,3.0,2,0,1,1,0,0,0,0,0,0,0,1,0,0,0,14.767168819776032
1103,3,3765000.0,1046.0,"Durganagar, Belgharia Expressway, Kolkata",2,1,South-West,3.0,5.0,0,0,0,0,0,3.0,2,0,0,1,1,0,1,0,0,0,0,0,0,0,0,15.141258684820345
1104,2,4478000.0,933.0,"Char Park, Kolkata",2,1,East,2.0,6.0,0,0,0,0,0,3.0,2,0,4,1,1,1,1,1,0,0,0,1,1,0,0,15.314687299454791
1105,2,3385000.0,915.0,"Rajarhat, Kolkata",2,1,North-West,1.0,4.0,0,0,0,0,0,3.0,2,0,4,1,1,1,1,1,1,1,1,1,1,0,0,15.034864759749444
1106,2,4635000.0,927.0,"Kalikapur, Kolkata",2,1,East,4.0,4.0,0,0,0,0,0,3.0,2,0,0,1,1,1,1,1,1,1,1,0,0,0,0,15.3491469727318
1107,2,2260000.0,960.0,"Madhyamgram, Kolkata",2,1,South,3.0,4.0,0,0,1,0,0,3.0,2,0,0,1,1,1,1,1,1,0,0,0,0,0,0,14.630875813726247
1108,2,4900000.0,864.0,"Action Area 2, Kolkata",2,1,South-West,4.0,4.0,0,0,0,0,0,0.5,2,0,0,1,1,1,1,1,0,0,0,0,0,0,0,15.404745967162468
1109,2,4396000.0,1142.0,"Rajarhat, Kolkata",2,1,South,2.0,4.0,0,0,0,0,0,3.0,2,0,0,1,1,1,1,1,1,1,1,0,0,0,0,15.29620582198515
1110,2,4200000.0,850.0,"Purbalok, EM Bypass",2,1,South-West,2.0,3.0,0,0,0,0,0,12.5,2,2,3,0,0,0,1,0,0,0,0,1,0,0,0,15.250595321348806
1111,3,5800000.0,1338.0,"New Garia, Kolkata",2,1,South-East,2.0,3.0,0,0,0,0,0,3.0,2,0,3,1,0,1,1,0,0,0,0,1,0,0,0,15.573368647930426
1112,2,3654999.9999999995,731.0,"Baguihati, VIP Road",2,1,North,3.0,4.0,0,0,0,0,0,3.0,2,0,0,1,1,1,1,1,0,0,0,0,0,0,0,15.11160692476379
1113,3,6185000.0,1237.0,"Baguiati, Kolkata",2,1,South,4.0,4.0,0,0,0,0,0,3.0,2,0,0,1,1,1,1,1,0,0,0,0,0,0,0,15.6376377254902
1114,2,4250000.0,850.0,"Bansdroni, Kolkata",2,1,North-West,2.0,3.0,1,0,0,0,0,3.0,2,0,1,1,0,1,1,1,0,0,0,1,0,0,0,15.26242977619469
1115,2,4517000.0,961.0,"Char Park, Kolkata",2,1,South-East,5.0,6.0,0,0,0,0,0,0.5,2,1,6,1,1,1,1,1,1,0,0,1,1,0,0,15.323358836022592
1116,2,2595000.0,810.0,"Agarpara, Panihati",2,1,West,2.0,4.0,0,0,1,0,0,3.0,2,0,0,1,1,1,1,1,1,0,0,0,0,0,0,14.769097459938507
1117,3,6240000.0,1200.0,"South Dumdum, Kolkata",2,1,North-East,6.0,6.0,0,0,0,0,0,3.0,2,0,1,1,1,1,1,0,0,0,0,1,0,0,0,15.646490900602007
1118,2,1926000.0000000002,642.0,"Boral, Kolkata",2,1,South-West,2.0,3.0,0,0,0,0,0,3.0,2,0,1,0,0,1,1,1,0,0,0,1,0,0,0,14.470956390550873
1119,2,3063000.0,806.0,"Mahamayatala, Garia",2,1,South-East,2.0,3.0,1,0,0,0,0,0.5,2,0,0,1,0,1,1,0,0,0,0,1,0,0,0,14.934905712292169
1120,3,4715000.0,1241.0,"Bablatala, Rajarhat",2,1,South,1.0,4.0,0,0,0,0,0,3.0,2,0,0,1,1,1,1,1,1,1,0,0,0,0,0,15.36625968613875
1121,2,4728000.0,892.0,"Action Area 2, Kolkata",2,1,South-West,4.0,4.0,0,0,0,0,0,3.0,2,0,0,1,1,0,0,1,0,0,0,0,0,0,0,15.36901304957397
1122,2,2100000.0,935.0,"New Barrakpur, Kolkata",2,1,East,1.0,4.0,0,0,1,0,0,3.0,2,0,0,1,1,1,1,1,1,0,0,0,0,0,0,14.557448378884015
1123,2,4598000.0,836.0,"Action Area 2, Kolkata",2,1,South,3.0,4.0,0,0,0,0,0,0.5,2,0,0,1,1,0,0,0,0,0,1,0,0,0,0,15.341132201791103
1124,3,4700000.0,1250.0,"Uttarpara, Hooghly",2,2,North-East,4.0,4.0,0,0,0,0,0,3.0,2,0,2,1,1,1,1,1,1,1,1,1,0,0,0,15.363073279446223
1125,3,7690000.000000001,1183.0,"Action Area 2, Kolkata",2,1,South-East,2.0,4.0,0,0,0,0,0,3.0,2,0,0,1,1,1,1,1,1,0,0,0,0,0,0,15.85543147152083
1126,2,2233000.0,812.0,"Konnagar, Hooghly",2,1,South-East,1.0,5.0,0,0,0,0,0,0.5,2,0,2,0,1,0,1,1,0,0,0,1,0,0,0,14.618856978650228
1127,2,2300000.0,803.0,"Sodepur, Kolkata North",2,1,East,1.0,4.0,0,0,1,0,0,3.0,2,0,0,1,0,0,1,1,1,0,0,0,0,0,0,14.648420115681892
1128,3,5700000.0,1101.0,"Sodepur, Kolkata North",2,1,East,12.0,19.0,0,0,0,0,0,3.0,2,0,5,1,1,1,1,1,1,1,1,0,1,0,0,15.555976908243359
1129,3,3979999.9999999995,1206.0,"Dum Dum Cantt, South Dumdum",2,1,North,1.0,4.0,0,0,0,0,0,3.0,2,0,0,1,1,0,1,0,0,0,0,0,0,0,0,15.19679262851687
1130,2,2574000.0,780.0,"Dum Dum Cantt, South Dumdum",2,1,South-West,4.0,4.0,0,0,0,0,0,3.0,2,0,0,1,1,0,1,0,0,0,0,0,0,0,0,14.760972055638522
1131,3,5700000.0,1070.0,"Kalikapur, Kolkata",2,1,South-East,1.0,4.0,0,0,0,0,0,12.5,2,0,0,1,1,1,0,0,0,0,0,0,0,0,0,15.555976908243359
1132,1,2264000.0,621.0,"Airport, Dum Dum",1,1,South,2.0,4.0,0,0,0,0,0,3.0,2,0,0,1,1,0,0,1,0,1,0,0,0,0,0,14.632644160001226
1133,2,3150000.0,700.0,"Baguihati, VIP Road",2,1,South-East,3.0,4.0,0,0,0,0,0,0.5,2,0,4,1,1,1,1,1,1,0,0,1,0,0,0,14.962913328262083
1134,2,3121000.0,918.0,"Rajarhat, Kolkata",2,1,South,3.0,4.0,0,0,0,0,0,3.0,2,0,4,1,1,1,1,1,0,0,1,1,1,0,0,14.95366434166299
1135,2,2425000.0,866.0,"Konnagar, Hooghly",2,1,North-West,2.0,5.0,0,0,0,0,0,3.0,2,0,2,1,1,1,1,1,1,1,1,1,0,0,0,14.70134249472477
1136,2,4600000.0,917.0,"Mahamayatala, Garia",2,1,South-East,2.0,4.0,0,0,0,0,0,0.5,2,0,0,1,0,1,0,0,0,0,0,0,0,0,0,15.341567078850604
1137,2,2082999.9999999998,817.0,"Hdmotor, Uttarpara",2,1,South,2.0,3.0,0,0,0,0,0,0.5,2,0,2,1,1,1,1,1,1,0,0,1,0,0,0,14.549320200319807
1139,1,1494000.0,610.0,"Hdmotor, Uttarpara",1,1,North-West,2.0,3.0,0,0,0,0,0,0.5,2,0,2,1,1,1,1,1,1,0,1,1,0,0,0,14.216968314018718
1140,2,3200000.0,780.0,"Rathtala, Kolkata North",1,1,South-East,3.0,3.0,0,0,0,0,0,3.0,2,0,1,0,0,0,0,0,0,0,0,1,0,0,0,14.978661680269907
1141,3,6800000.0,1112.0,"Action Area 2, Kolkata",2,1,South-East,3.0,4.0,0,0,0,0,0,0.5,2,0,0,1,1,1,1,0,0,0,0,0,0,0,0,15.732433317205148
1142,3,4550000.0,1120.0,"Airport 2 No. Gate, North Dumdum",2,1,North-West,3.0,4.0,0,0,0,0,0,0.5,2,0,0,1,0,0,0,0,0,0,0,0,0,0,0,15.330638010707329
1143,3,7500000.0,1260.0,"Joka, Kolkata South",2,1,South,5.0,14.0,0,0,0,0,0,3.0,2,0,7,1,1,1,1,1,1,1,1,1,1,0,0,15.830413711839864
1144,2,3150000.0,852.0,"Tantipara, Bara Nagar",1,1,South-West,3.0,3.0,0,0,0,0,0,3.0,2,0,1,1,0,0,0,0,0,0,0,1,0,0,0,14.962913328262083
1145,2,4594000.0,957.0,"Char Park, Kolkata",2,1,South-East,5.0,6.0,0,0,0,0,0,3.0,2,0,4,1,1,1,1,1,0,0,0,1,1,0,0,15.340261879906386
1146,3,14200000.0,798.0,"New Town, Kolkata",2,2,South-East,17.0,20.0,0,1,0,0,0,0.5,0,0,3,1,1,1,1,1,1,1,1,0,1,0,0,16.468752592994022
1147,2,2668000.0,667.0,"Nayabad, Kolkata",2,1,South,4.0,4.0,0,0,0,0,0,3.0,2,0,2,1,1,1,1,0,0,1,0,1,0,0,0,14.796840060830174
1148,2,2085000.0000000002,695.0,"Jheel Bagan, Kolkata",2,1,West,4.0,4.0,0,0,0,0,0,3.0,2,0,0,1,1,1,1,1,0,0,0,0,0,0,0,14.550279892831231
1149,2,2696000.0,793.0,"Rajarhat, Kolkata",2,1,South-East,3.0,4.0,0,0,0,0,0,3.0,2,0,4,1,0,0,0,0,0,0,1,1,1,0,0,14.807280121934147
1150,2,1669000.0000000002,642.0,"Konnagar, Hooghly",2,1,North-West,1.0,5.0,0,0,0,0,0,0.5,2,0,3,1,1,1,1,1,1,0,0,1,0,0,0,14.327735801804968
1151,3,8800000.0,1245.0,"Action Area 1, Kolkata",2,1,South-West,4.0,4.0,0,0,0,0,0,3.0,2,0,0,1,1,0,1,1,1,0,0,0,0,0,0,15.990262393084793
1152,2,3600000.0,850.0,"Nandi Bagan, Haltu",2,0,South-East,,,0,0,0,0,0,3.0,2,1,0,0,1,1,0,0,0,0,0,1,0,0,0,15.096444681204078
1153,3,7600000.0,1167.0,"EM Bypass, Kolkata South",2,1,South-East,14.0,15.0,0,0,0,0,0,0.5,2,2,2,1,1,1,1,1,1,1,1,0,1,0,0,15.843658936835498
1154,2,2562000.0,754.0,"Rajarhat, Kolkata",2,1,South,2.0,4.0,0,0,0,0,0,3.0,2,0,0,1,1,1,1,1,0,0,1,0,1,0,0,14.756299151758803
1155,3,6800000.0,1125.0,"Action Area 2, Kolkata",2,1,South-West,3.0,4.0,0,0,0,0,0,3.0,2,0,0,1,1,1,1,1,0,0,0,0,0,0,0,15.732433317205148
1156,2,4600000.0,1000.0,"New Garia, Kolkata",2,1,East,1.0,4.0,0,0,0,0,0,12.5,2,0,1,1,1,1,1,1,1,1,1,1,0,0,0,15.341567078850604
1157,2,9800000.0,1260.0,"Jadavpur, Kolkata",2,1,South,9.0,13.0,0,0,0,0,0,7.5,2,0,3,1,1,1,1,1,1,1,1,0,1,0,0,16.097893045681612
1158,3,5014000.0,1166.0,"Dum Dum Cantt, South Dumdum",2,1,South-West,3.0,5.0,0,0,0,0,0,0.5,2,0,0,1,1,0,1,1,1,0,0,0,0,0,0,15.42774475714192
1159,3,8200000.0,1450.0,"Action Area 2, Kolkata",3,1,South,1.0,4.0,0,0,0,0,0,3.0,2,0,0,1,1,0,1,1,1,0,0,0,0,0,0,15.919644834185693
1160,2,2600000.0,705.0,"Mahamayatala, Garia",2,1,South-East,1.0,3.0,1,0,0,0,0,3.0,2,0,1,1,0,1,1,1,0,0,0,1,0,0,0,14.77102238760702
1161,2,2800000.0,776.0,"Mahamayatala, Garia",2,1,South-East,2.0,3.0,0,0,0,0,0,3.0,2,0,0,0,1,1,0,1,0,0,0,0,0,0,0,14.845130332288226
1162,4,13000000.0,1940.0,"Rajarhat, Kolkata",4,3,South-East,9.0,17.0,0,0,0,1,0,3.0,2,0,2,1,1,1,1,1,1,0,1,0,1,0,0,16.380459992348886
1163,3,7000000.0,1050.0,"EM Bypass, Kolkata South",2,1,Missing,2.0,3.0,0,0,0,0,0,12.5,2,1,0,0,0,0,0,0,0,0,0,0,0,0,0,15.76142084987672
1164,2,6237000.0,945.0,"Moore Avenue, Tollygunge",2,1,South-East,3.0,4.0,1,0,0,0,0,0.5,2,0,0,1,1,1,1,1,0,1,0,1,0,0,0,15.64601001584174
1165,2,3121000.0,918.0,"Rajarhat, Kolkata",2,1,West,2.0,4.0,0,0,0,0,0,3.0,2,0,0,1,1,1,1,0,0,0,1,0,1,0,0,14.95366434166299
1166,2,2100000.0,700.0,"Sodepur, Kolkata North",1,1,South,3.0,4.0,0,0,0,0,0,3.0,2,0,0,1,0,0,1,1,0,0,0,0,0,0,0,14.557448378884015
1167,2,2848000.0,850.0,"Rajarhat, Kolkata",2,1,North-West,2.0,4.0,0,0,0,0,0,3.0,2,0,0,1,1,1,1,1,1,1,0,0,0,0,0,14.862127902637537
1168,2,3200000.0,867.0,"Rajarhat, Kolkata",2,1,South-West,1.0,4.0,0,0,0,0,0,3.0,2,0,0,1,1,1,1,1,1,1,1,0,1,0,0,14.978661680269907
1169,3,7000000.0,1359.0,"Sodepur, Kolkata North",2,2,North-West,17.0,19.0,0,0,0,0,0,3.0,2,0,5,1,1,1,1,1,1,1,1,0,1,0,0,15.76142084987672
1170,2,2747000.0,820.0,"Rajarhat, Kolkata",2,1,South-East,2.0,4.0,0,0,0,0,0,3.0,2,0,0,1,1,1,1,1,0,1,0,0,0,0,0,14.826020329110836
1171,2,4758000.0,865.0,"Dum Dum Park, Kolkata",2,1,South-West,2.0,7.0,0,0,0,0,0,0.5,2,0,4,1,1,1,1,1,1,0,0,1,0,0,0,15.375338180017359
1172,3,6600000.0,1200.0,"Dum Dum Park, Kolkata",2,1,South-East,6.0,7.0,0,0,0,0,0,0.5,2,0,4,1,1,1,1,1,0,0,0,1,0,0,0,15.702580358511794
1173,3,2365000.0,946.0,"Hdmotor, Uttarpara",2,1,Missing,4.0,4.0,0,0,0,0,0,0.5,2,0,2,1,1,1,1,1,1,0,1,1,0,0,0,14.676289002741061
1174,2,2047000.0,758.0,"Hdmotor, Uttarpara",2,1,South-West,1.0,4.0,0,0,0,0,0,0.5,2,0,2,1,1,1,1,1,1,1,1,1,0,0,0,14.531886353163092
1175,2,5700000.0,1050.0,"Rajarhat, Kolkata",2,1,South-West,3.0,9.0,0,0,0,0,0,3.0,2,0,7,1,1,1,1,1,1,1,1,1,1,0,0,15.555976908243359
1176,3,17500000.0,1836.0,"Chgrighata , Kolkata",3,3,West,2.0,12.0,0,0,0,0,0,0.5,2,0,4,1,1,1,1,0,1,1,1,1,1,0,0,16.677711496036597
1177,3,15000000.0,1460.0,"Hastgs, Kolkata Central",2,2,South-East,6.0,6.0,0,0,1,1,0,12.5,0,2,3,0,0,0,0,0,0,0,0,0,0,0,0,16.52356082573315
1178,3,6780000.0,1169.0,"Anandapur, EM Bypass",2,2,North-East,2.0,3.0,0,0,0,0,0,3.0,2,0,2,1,1,1,0,1,0,1,0,1,0,0,0,15.729487807409193
1179,1,946000.0000000001,344.0,"Konnagar, Hooghly",1,1,South,3.0,5.0,0,0,0,0,0,3.0,2,0,2,1,1,1,1,1,1,0,1,1,0,0,0,13.759998905115909
1180,2,2650000.0,895.0,"Baruipur, Kolkata South",2,1,East,2.0,4.0,0,0,0,0,0,3.0,2,0,3,1,0,0,1,1,1,0,1,0,1,0,0,14.790070575320824
1181,3,4100000.0,1038.0,"Kaikhali, VIP Road",2,1,North,2.0,4.0,0,0,0,0,0,3.0,2,0,0,1,1,0,1,1,1,0,0,0,0,0,0,15.226497775576945
1182,2,3134000.0,814.0,"Kaikhali, VIP Road",2,1,South-East,1.0,4.0,0,0,0,0,0,3.0,2,0,0,1,1,0,1,1,1,0,0,0,0,0,0,14.957821020979098
