Unnamed: 0,BHK,Price,Area,Location,Bathrooms,Balcony,Facing,Floor,Total Floors,Store_Room,Study_Room,Pooja_Room,Servant_Room,Others_Room,Property_Age_Years,Area_Type_Encoded,Furnishing_Level_Code,Facility_Premium,Lift,Maintenance,WaterStorage,VaastuCompliant,FireSecurity,VisitorParking,Intercom,Park,AiryRooms,Gym,Overlook_Pool,Overlook_Club,LogPrice,Latitude,Longitude
0,3,5000000.0,1059.0,"Putiary, Kolkata",2,2,Missing,4.0,4.0,0,0,0,0,0,7.5,0,0,3,1,1,1,0,1,0,1,0,1,0,0,0,15.424948670398354,22.4803617,88.3377899
1,3,7700000.0,2370.0,"Batanagar, South 24 Parganas",2,2,Missing,14.0,14.0,1,0,0,0,0,7.5,2,2,6,1,1,0,0,0,1,0,0,1,0,0,0,15.856731016694036,22.5132661,88.2229919
2,3,5100000.0,1350.0,"Diamond Park, Joka",2,2,South,4.0,4.0,0,0,1,0,0,7.5,0,1,0,1,0,0,0,0,0,0,0,1,0,0,0,15.444751293772969,22.4523378,88.3045283
3,2,12500000.0,1175.0,"Kasba, Kolkata",2,0,Missing,4.0,5.0,0,0,0,0,0,7.5,2,0,0,0,0,0,0,0,0,0,0,0,0,0,0,16.341239282272525,22.5044355,88.3721663
4,2,12200000.0,879.0,"New Town, Kolkata",2,2,Missing,6.0,9.0,0,0,0,0,0,7.5,1,1,0,0,0,0,0,0,0,0,0,0,0,0,0,16.316946591670696,22.5959131,88.4878653
5,1,2500000.0,402.0,"Belur, Howrah",1,1,Missing,3.0,4.0,0,0,0,0,0,0.5,1,0,3,1,0,1,1,1,1,1,1,1,0,0,0,14.731801689838347,22.6357323,88.3398223
6,3,6800000.0,1305.0,"Batanagar, South 24 Parganas",2,2,South-East,6.0,14.0,0,0,0,0,0,7.5,1,1,4,1,0,0,1,1,0,1,1,0,1,0,0,15.732433317205148,22.5132661,88.2229919
7,2,3400000.0,1086.0,"Konnagar, Hooghly",2,3,South-East,1.0,11.0,0,0,0,0,0,12.5,1,1,0,1,0,0,0,0,0,0,0,0,0,0,0,15.039286283703994,22.69972,88.3519784
8,3,9000000.0,1150.0,Rajarhat,2,3,South,5.0,14.0,0,1,1,0,0,-1.42,2,0,8,1,1,1,1,1,1,1,1,1,1,0,0,16.012735246411598,25.7967438,89.5446589
9,3,6600000.0,1022.0,"Belur, Howrah",3,2,Missing,3.0,4.0,0,0,0,0,0,0.5,1,0,3,1,1,1,1,1,1,1,1,0,0,0,0,15.702580358511794,22.6357323,88.3398223
10,4,9000000.0,1700.0,"BT Road, North 24 Parganas",3,1,South-East,1.0,4.0,0,1,0,0,0,12.5,2,1,0,1,0,1,0,0,0,0,0,0,0,0,0,16.012735246411598,22.7241945,88.4837829
11,2,3500000.0,654.0,"Belur, Howrah",2,1,Missing,3.0,4.0,0,0,0,0,0,0.5,1,0,3,1,0,1,1,1,1,0,1,1,0,0,0,15.068273812173889,22.6357323,88.3398223
12,2,5500000.0,860.0,"Joka, Kolkata South",2,2,Missing,11.0,13.0,0,0,0,0,0,0.5,2,0,0,1,1,1,1,1,1,1,1,0,0,0,0,15.520258832020865,22.4440966,88.3017146
13,2,3500000.0,950.0,"Putiary, Kolkata",2,1,West,3.0,3.0,0,0,0,0,0,0.5,2,0,0,1,0,1,0,0,0,0,0,0,0,0,0,15.068273812173889,22.4803617,88.3377899
14,3,15000000.0,1457.0,"New Town, Kolkata",3,2,Missing,9.0,9.0,0,0,0,0,0,3.0,2,1,4,1,1,1,0,1,0,0,1,1,1,0,0,16.52356082573315,22.5959131,88.4878653
15,2,5200000.0,515.0,"Joka, Kolkata South",2,1,North-East,11.0,12.0,0,0,0,0,0,0.5,0,2,5,1,1,1,1,1,1,1,1,1,1,0,0,15.46416937585933,22.4440966,88.3017146
16,3,6000000.0,1223.0,"Rajarhat, North 24 Parganas",2,2,South-East,4.0,4.0,0,0,0,0,0,7.5,0,2,0,1,1,0,0,0,0,0,0,0,0,0,0,15.607270193858982,22.6286173,88.44061
17,3,4000000.0,1101.0,"Barasat, Kolkata North",2,2,South-East,4.0,4.0,1,0,0,0,0,3.0,2,1,4,1,0,0,1,0,0,0,1,1,1,0,0,15.201805169084134,22.7240295,88.4889199
18,2,4200000.0,840.0,"Barrackpore, Kolkata",2,2,South-East,3.0,14.0,0,0,0,0,0,3.0,1,0,5,1,1,1,1,1,1,1,1,1,1,0,0,15.250595321348806,22.6380124,88.3958929
19,3,23000000.0,1458.0,"Prince Anwar Shah Road, Kolkata",2,2,North-East,19.0,35.0,0,0,0,1,0,12.5,0,2,3,1,0,0,0,0,0,1,0,1,1,0,0,16.951004817371683,22.5019776,88.3578139
20,3,5500000.0,1175.0,"BT Road, North 24 Parganas",2,2,South-East,10.0,14.0,0,0,0,0,0,3.0,2,0,0,1,1,0,0,0,0,1,1,0,0,0,0,15.520258832020865,22.7241945,88.4837829
21,4,9250000.0,1850.0,"Lake Town, Kolkata",3,2,Missing,4.0,5.0,0,0,0,0,0,12.5,1,2,0,0,0,0,0,0,0,0,0,0,0,0,0,16.04013421759671,22.6001077,88.4066981
22,3,5200000.0,1185.0,Kamalgazi,2,1,South,2.0,4.0,0,0,0,0,0,0.5,2,0,1,1,1,0,0,0,0,0,1,0,1,0,0,15.46416937585933,22.4495236,88.3955392
23,4,10000000.0,1700.0,"Bansdroni, Kolkata",3,1,Missing,3.0,4.0,0,0,0,0,0,7.5,2,0,0,0,0,0,0,0,0,0,0,0,0,0,0,16.118095750958314,22.4735864,88.3606732
24,3,15000000.0,1587.0,"Alipore, Kolkata",2,1,Missing,4.0,5.0,0,0,0,0,0,12.5,0,0,0,0,0,0,0,0,0,0,0,0,0,0,0,16.52356082573315,22.5264928,88.3323692
25,2,5000000.0,820.0,"Garia, Kolkata",2,1,West,2.0,4.0,0,0,0,0,0,3.0,0,0,0,0,1,1,0,0,1,0,0,0,0,0,0,15.424948670398354,22.4727076,88.3977962
26,3,5400000.0,1250.0,"BT Road, North 24 Parganas",2,2,West,1.0,4.0,0,0,0,0,0,12.5,2,0,0,0,0,1,0,0,0,0,0,0,0,0,0,15.501909696719672,22.7241945,88.4837829
27,3,7300000.0,1289.0,"Barasat, Kolkata North",2,2,South-East,11.0,11.0,0,0,1,0,0,3.0,2,0,3,1,1,0,0,0,0,1,1,1,1,0,0,15.803385043104912,22.7240295,88.4889199
28,2,2600000.0,695.0,"Panchpota, South 24 Parganas",1,1,West,1.0,4.0,0,0,0,0,0,0.5,2,0,0,0,0,0,0,0,0,0,0,0,0,0,0,14.77102238760702,22.4681162,88.4196482
29,3,15000000.0,1483.0,"Phoolbagan, Kankurgachi",3,1,Missing,4.0,4.0,0,0,0,0,0,12.5,0,2,0,0,0,0,0,0,0,0,0,0,0,0,0,16.52356082573315,22.5795389,88.3907166
30,4,9500000.0,1800.0,"Belgharia, North 24 Parganas",4,3,Missing,6.0,6.0,0,0,0,0,0,3.0,1,0,0,0,0,0,0,0,0,0,0,0,0,0,0,16.066802461833923,22.6656371,88.3980035
31,2,6000000.0,952.0,"Joka, Kolkata South",2,2,Missing,11.0,23.0,0,0,0,0,0,-2.42,2,0,3,1,0,0,0,0,0,1,1,0,1,0,0,15.607270193858982,22.4440966,88.3017146
32,3,7000000.0,1261.0,"Madhyamgram, North 24 Parganas",2,2,Missing,4.0,7.0,0,0,0,0,0,-2.17,2,0,0,1,0,0,0,0,0,1,0,0,1,0,0,15.76142084987672,22.6947839,88.4530183
33,3,9500000.0,1206.0,"Kalikapur, Kolkata",2,1,Missing,1.0,3.0,0,0,0,0,0,12.5,1,0,0,0,0,0,0,0,0,0,0,0,0,0,0,16.066802461833923,22.5053017,88.4009957
34,3,13000000.0,2000.0,"Behala Chowrasta, Kolkata",3,3,Missing,4.0,4.0,0,0,0,0,0,12.5,2,1,0,0,0,0,0,0,0,0,0,0,0,0,0,16.380459992348886,22.4873548,88.3133794
35,2,4200000.0,950.0,"Barisha, Kolkata",2,1,North-East,2.0,3.0,0,0,0,0,0,7.5,2,0,1,0,1,1,1,0,0,0,0,0,0,0,0,15.250595321348806,22.4767859,88.3047986
36,2,3200000.0,749.0,"Rajpur, South 24 Parganas",2,1,Missing,2.0,4.0,0,0,0,0,0,3.0,2,0,0,0,0,0,0,0,0,0,0,0,0,0,0,14.978661680269909,22.1018905,88.3745163
37,2,2800000.0,863.0,"Boral, Kolkata",2,1,South-West,3.0,3.0,0,0,0,0,0,7.5,2,0,0,0,0,1,0,0,1,0,0,0,0,0,0,14.845130332288226,22.5697,88.3630976
38,6,16000000.0,2640.0,"Lake Town, Kolkata",4,2,Missing,3.0,5.0,0,0,0,0,0,7.5,0,2,2,1,0,0,0,0,0,0,0,1,0,0,0,16.588099342704055,22.6001077,88.4066981
39,2,5700000.0,965.0,Rajarhat,2,1,West,3.0,12.0,0,0,0,0,0,0.5,2,0,3,1,0,1,0,1,0,1,1,1,1,0,0,15.55597690824336,25.7967438,89.5446589
40,3,5000000.0,1498.0,"Madhyamgram, North 24 Parganas",2,3,North,5.0,5.0,0,0,0,0,0,12.5,1,2,3,1,1,1,0,1,0,1,0,1,0,0,0,15.424948670398354,22.6947839,88.4530183
41,2,5000000.0,999.0,"Santoshpur, Kolkata",2,1,Missing,1.0,5.0,0,0,0,0,0,12.5,2,0,0,1,0,0,0,1,0,0,0,0,0,0,0,15.424948670398354,22.4960484,88.3822296
42,4,5800000.0,1310.0,"Madhyamgram, North 24 Parganas",2,2,South,7.0,7.0,0,1,0,0,0,7.5,2,2,5,1,1,0,1,0,0,1,1,0,1,0,0,15.573368647930426,22.6947839,88.4530183
43,3,6800000.0,1390.0,"Madhyamgram, North 24 Parganas",2,1,East,1.0,4.0,0,1,1,0,0,3.0,2,0,7,1,1,1,1,0,1,1,1,1,1,0,0,15.732433317205148,22.6947839,88.4530183
44,2,4500000.0,913.0,"New Barrackpur, North 24 Parganas",2,1,West,4.0,4.0,0,0,0,0,0,3.0,2,0,0,1,1,0,0,1,1,0,1,0,0,0,0,15.319588176962746,22.679688,88.4498321
45,2,6200000.0,1620.0,"Mukundapur, Kolkata",2,1,South-East,2.0,4.0,0,0,0,0,0,12.5,2,2,0,0,0,1,1,0,0,0,0,0,0,0,0,15.64006001130563,22.4956263,88.398449
46,3,14000000.0,1643.0,"New Town, Kolkata",3,1,West,7.0,7.0,0,0,0,1,0,3.0,2,2,5,1,1,1,0,1,1,1,1,1,1,0,0,16.454567959008102,22.5959131,88.4878653
47,3,5500000.0,1427.0,Rajarhat,2,1,Missing,4.0,4.0,0,0,1,0,0,12.5,2,2,4,1,1,1,0,0,1,0,1,1,1,0,0,15.520258832020865,25.7967438,89.5446589
48,3,8800000.0,1850.0,"Golabari, Howrah",2,0,Missing,10.0,10.0,0,0,0,0,0,12.5,0,1,0,0,0,0,0,0,0,0,0,0,0,0,0,15.990262393084793,22.5932398,88.3441315
49,2,11200000.000000002,1195.0,"Tollygunge, Kolkata",2,1,Missing,4.0,4.0,0,0,0,0,0,12.5,1,1,3,1,1,1,0,1,1,0,1,0,1,0,0,16.231424425551033,22.498636,88.3453908
50,3,7700000.0,812.0,Rajarhat,2,1,South,18.0,27.0,0,0,0,0,0,-2.42,1,0,3,1,0,0,0,0,0,1,1,0,1,0,0,15.856731016694036,25.7967438,89.5446589
52,2,7000000.0,1090.0,"Bally, Howrah",2,1,Missing,2.0,9.0,0,0,0,0,0,0.5,0,2,0,0,1,0,0,0,0,0,0,0,0,0,0,15.76142084987672,22.6469581,88.343612
53,3,6100000.0,1500.0,"Madhyamgram, North 24 Parganas",2,2,Missing,2.0,5.0,0,0,0,0,0,7.5,2,1,4,1,1,1,1,1,1,1,1,0,1,0,0,15.623799493077952,22.6947839,88.4530183
54,3,4200000.0,1236.0,"Maheshtala, Kolkata",2,1,East,9.0,15.0,0,0,1,0,0,7.5,2,1,6,1,1,1,1,1,1,0,1,1,1,0,0,15.250595321348806,22.5440241,88.2696868
55,2,9600000.0,926.0,"New Town, Kolkata",2,2,East,5.0,6.0,0,0,0,0,0,3.0,2,0,1,1,0,0,0,0,0,1,1,0,0,0,0,16.077273760604726,22.5959131,88.4878653
56,3,6300000.0,1500.0,"Ramrajatala, Howrah",2,2,North-East,1.0,5.0,0,1,1,0,0,3.0,1,2,0,1,0,1,0,0,1,0,0,0,0,0,0,15.656060350091908,22.5886606,88.2966655
57,2,4000000.0,1030.0,"Baguiati, Kolkata",2,2,Missing,5.0,5.0,0,0,0,0,0,7.5,2,2,5,1,1,1,0,1,1,0,1,1,1,0,0,15.201805169084134,22.613274,88.4246327
58,2,11500000.0,1075.0,"Alipore, Kolkata",2,1,Missing,7.0,15.0,0,0,0,0,0,12.5,0,2,3,0,1,0,0,1,1,0,0,0,1,0,0,16.257857680289998,22.5264928,88.3323692
60,3,7750000.0,1253.0,"Sodepur, Kolkata North",2,2,West,3.0,21.0,0,0,0,0,0,-0.67,2,0,4,1,1,0,1,0,0,1,1,0,1,0,0,15.86320353036178,22.7001796,88.3791567
61,3,7000000.0,1306.0,"Behala, Kolkata",2,2,East,11.0,12.0,0,1,0,0,0,3.0,2,1,6,1,0,0,0,0,0,0,1,1,1,0,0,15.76142084987672,22.501572,88.3209435
62,2,9200000.0,1291.0,"Santragachi, Howrah",2,1,South,5.0,10.0,1,1,1,0,0,3.0,0,1,2,1,1,1,1,1,1,1,1,0,0,0,0,16.034714150714915,22.5822129,88.2798107
63,3,15600000.0,2113.0,"Golabari, Howrah,",4,2,North-East,11.0,28.0,0,0,0,1,0,7.5,2,2,7,1,1,1,0,1,1,1,1,1,1,0,0,16.562781536322326,22.5932398,88.3441315
64,2,3050000.0,764.0,"Rajarhat, North 24 Parganas",2,1,Missing,2.0,5.0,0,0,0,0,0,7.5,1,0,0,0,0,0,0,0,0,0,0,0,0,0,0,14.930652476452392,22.6286173,88.44061
65,3,11000000.0,980.0,"BB Block Sector 1 Salt Lake, Kolkata",2,2,South-West,2.0,4.0,0,0,0,0,0,12.5,0,0,0,0,0,1,0,0,0,0,0,0,0,0,0,16.213405921671733,22.5946735,88.4054907
66,3,5715000.0,1270.0,"Nayabad, South 24 Parganas",2,1,South-West,3.0,3.0,0,0,1,0,0,7.5,1,2,0,1,0,1,0,1,1,0,0,0,0,0,0,15.55860503018916,22.477646,88.4399813
67,1,4700000.0,550.0,"Lake Market, Sarat Bose Road",1,0,East,1.0,3.0,0,0,0,0,0,12.5,1,0,0,0,0,0,1,0,0,0,1,0,0,0,0,15.363073279446224,22.5133442,88.3527932
68,3,8000000.0,1000.0,"Manicktala, Kolkata North",2,1,Missing,2.0,4.0,0,0,0,0,0,7.5,0,0,0,1,0,0,0,1,0,0,0,0,0,0,0,15.894952224644102,22.5841465,88.3788957
69,2,2650000.0,712.0,"Batanagar, South 24 Parganas",2,1,South,8.0,14.0,0,0,0,0,0,7.5,2,2,2,1,1,1,1,1,1,1,1,0,1,0,0,14.790070575320824,22.5132661,88.2229919
70,2,5500000.0,850.0,"Garia, Kolkata",2,1,East,3.0,4.0,0,0,0,0,0,7.5,1,2,0,1,1,1,0,1,1,1,1,0,0,0,0,15.520258832020865,22.4727076,88.3977962
71,2,3500000.0,750.0,"Baranagar, Kolkata",2,1,West,2.0,3.0,0,0,0,0,0,12.5,0,1,0,0,0,1,0,0,0,0,0,0,0,0,0,15.068273812173889,22.6380124,88.3958929
72,3,7000000.0,1048.0,"Rajarhat, North 24 Parganas",2,1,North,3.0,6.0,0,0,0,0,0,7.5,2,2,0,1,1,1,0,1,1,0,1,0,0,0,0,15.76142084987672,22.6286173,88.44061
73,3,6000000.0,1750.0,"Sodepur, Kolkata North",3,2,South,4.0,4.0,0,0,1,0,0,12.5,0,0,1,1,0,1,0,0,0,0,0,1,0,0,0,15.607270193858982,22.7001796,88.3791567
74,2,5100000.0,880.0,"Garia, Kolkata",2,1,South,2.0,5.0,0,0,0,0,0,12.5,0,1,5,1,1,0,1,1,1,1,1,0,1,0,0,15.444751293772969,22.4727076,88.3977962
75,4,16000000.0,1995.0,"New Town, Kolkata",3,1,North-East,6.0,6.0,0,0,0,1,0,7.5,2,2,6,1,1,1,1,1,1,1,1,1,1,0,0,16.588099342704055,22.5959131,88.4878653
76,2,2700000.0,720.0,"Biren Roy Road, Kolkata",2,1,South,2.0,3.0,0,0,0,0,0,3.0,2,1,0,1,0,0,0,0,0,0,0,0,0,0,0,14.80876270134486,22.4864389,88.2816299
77,3,7000000.0,1050.0,"Haltu, Kolkata",3,1,South-East,1.0,4.0,0,0,0,0,0,12.5,2,1,0,0,1,1,0,0,0,0,0,0,0,0,0,15.76142084987672,22.506758,88.3817559
78,2,3600000.0,850.0,"Behala, Kolkata",2,1,West,2.0,4.0,1,0,0,0,0,7.5,2,2,2,1,0,1,1,0,0,0,0,1,0,0,0,15.096444681204078,22.501572,88.3209435
79,2,3400000.0,720.0,"Bangur, Lake Town",2,1,Missing,3.0,5.0,0,0,0,0,0,12.5,0,0,0,0,0,0,0,0,0,0,0,0,0,0,0,15.039286283703994,22.6097509,88.4026439
80,2,4600000.0,905.0,"Narendrapur, South 24 Parganas",2,1,Missing,1.0,5.0,0,0,0,0,0,0.5,2,0,0,0,0,0,0,0,0,0,0,0,0,0,0,15.341567078850604,22.4541674,88.4183764
81,2,5200000.0,897.0,Rajarhat,2,0,West,12.0,12.0,0,0,0,0,0,7.5,0,2,3,1,1,1,1,1,0,1,1,0,1,0,0,15.46416937585933,25.7967438,89.5446589
82,3,6200000.0,900.0,"Golabari, Howrah,",2,1,East,1.0,14.0,0,0,0,0,0,7.5,0,2,5,1,1,1,1,1,1,0,1,1,1,0,0,15.64006001130563,22.5932398,88.3441315
83,2,8000000.0,970.0,"New Town, Kolkata",2,1,Missing,4.0,4.0,0,0,0,0,0,3.0,2,2,4,1,0,0,0,0,1,0,1,0,1,0,0,15.894952224644102,22.5959131,88.4878653
84,2,4000000.0,750.0,Rajarhat,2,1,North-East,4.0,4.0,0,0,0,0,0,3.0,1,2,5,1,1,1,1,1,1,1,1,1,1,0,0,15.201805169084134,25.7967438,89.5446589
85,2,4850000.0,950.0,"Barisha, Kolkata",2,1,North,2.0,4.0,0,0,0,0,0,7.5,2,0,0,1,1,0,0,0,0,0,0,0,0,0,0,15.394489469099211,22.4767859,88.3047986
86,3,5100000.0,1220.0,"Dum Dum Cantt, South Dumdum",2,2,West,2.0,4.0,0,0,0,0,0,0.5,2,0,0,1,0,1,1,0,0,0,0,0,0,0,0,15.444751293772969,22.6375838,88.412158
87,3,8000000.0,1215.0,"Joka, Kolkata South",2,1,Missing,6.0,11.0,0,0,0,0,0,3.0,2,0,5,1,1,0,0,0,0,1,0,1,1,0,0,15.894952224644102,22.4440966,88.3017146
88,3,8000000.0,1790.0,"Maheshtala, Kolkata",3,3,South-East,8.0,28.0,0,0,0,0,0,3.0,2,1,0,0,1,0,0,0,1,1,0,0,0,0,0,15.894952224644102,22.5440241,88.2696868
89,3,7500000.0,1353.0,"Char Park, Kolkata",2,1,South-East,1.0,5.0,0,0,0,0,0,3.0,0,1,0,1,1,1,0,1,1,1,1,0,0,0,0,15.830413711839864,22.578579,88.3551327
90,2,2500000.0,840.0,"Chuchura, Hooghly",2,1,East,3.0,3.0,0,0,0,0,0,12.5,0,0,0,0,0,0,0,0,0,0,0,1,0,0,0,14.731801689838347,22.8909117,88.3702844
91,2,3000000.0,900.0,"Dum Dum, Kolkata",1,1,Missing,3.0,4.0,0,0,0,0,0,7.5,2,0,0,0,0,0,0,0,0,0,0,0,0,0,0,14.914123179965662,22.6546116,88.4249902
92,3,5400000.0,1274.0,"Barrackpore, Kolkata",2,2,Missing,2.0,4.0,0,0,0,0,0,3.0,2,2,7,1,0,1,1,1,1,1,1,1,1,0,0,15.501909696719672,22.6380124,88.3958929
93,3,19000000.0,2079.0,"Garia, Kolkata",3,2,Missing,7.0,18.0,0,0,0,1,0,12.5,2,0,0,1,0,0,0,1,1,0,0,0,0,0,0,16.759949589762293,22.4727076,88.3977962
94,2,14000000.0,1235.0,"Ballygunge, Kolkata",2,1,North,2.0,5.0,0,0,0,0,0,3.0,2,1,4,1,1,1,0,1,0,0,1,0,0,0,0,16.454567959008102,22.5280337,88.3659084
95,2,3000000.0,876.0,"Narendrapur, South 24 Parganas",2,1,Missing,2.0,3.0,0,0,0,0,0,0.5,2,0,0,1,0,0,0,0,0,0,0,0,0,0,0,14.914123179965662,22.4541674,88.4183764
96,3,13000000.0,1660.0,"Rajarhat, North 24 Parganas",2,1,North,6.0,12.0,0,0,0,1,0,7.5,1,2,5,1,1,1,1,1,1,1,1,0,1,0,0,16.380459992348886,22.6286173,88.44061
97,2,4000000.0,1010.0,"Narendrapur, South 24 Parganas",2,1,North-East,2.0,4.0,0,0,0,0,0,3.0,2,0,2,1,1,1,1,0,0,1,1,0,1,0,0,15.201805169084134,22.4541674,88.4183764
98,2,3000000.0,780.0,"Baguiati, Kolkata",1,0,Missing,,,0,0,0,0,0,12.5,2,0,0,0,0,0,0,0,0,0,0,0,0,0,0,14.914123179965662,22.613274,88.4246327
99,2,2000000.0,712.0,"Maheshtala, Kolkata",2,1,East,11.0,14.0,0,1,0,0,0,3.0,1,1,4,1,1,1,1,1,0,1,1,1,1,0,0,14.508658238524095,22.5440241,88.2696868
100,3,8000000.0,1245.0,"Dum Dum, Kolkata",2,1,South,2.0,4.0,0,0,0,0,0,12.5,2,0,5,1,1,1,0,1,0,0,1,1,1,0,0,15.894952224644102,22.6546116,88.4249902
101,2,2300000.0,759.0,"Madhyamgram, North 24 Parganas",2,1,West,,,0,0,0,0,0,0.5,2,0,0,1,0,1,0,0,1,0,0,0,0,0,0,14.648420115681892,22.6947839,88.4530183
102,2,3825000.0,850.0,"Jagacha, Howrah",2,1,Missing,2.0,4.0,0,0,1,0,0,0.5,2,0,0,0,0,0,0,0,0,0,0,0,0,0,0,15.157069286680647,22.5918828,88.281562
103,3,6200000.0,1057.0,Rajarhat,2,2,North-East,2.0,4.0,0,0,0,0,0,7.5,2,2,6,1,1,0,1,1,1,1,1,1,1,0,1,15.64006001130563,25.7967438,89.5446589
104,3,6500000.0,1220.0,"EM Bypass, Kolkata South",2,1,South-West,3.0,3.0,0,0,0,0,0,12.5,2,1,4,1,0,1,0,1,0,1,0,1,0,0,0,15.687312888712007,22.4690721,88.3912838
105,3,29000000.0,1677.0,"Mukundapur, Kolkata",3,2,East,20.0,46.0,0,0,0,0,0,0.5,0,0,2,1,1,1,1,1,1,1,1,0,1,0,0,17.182806422433504,22.4956263,88.398449
106,2,2300000.0,840.0,"Sheoraphuli, Hooghly",2,1,North-East,1.0,5.0,0,0,0,0,0,7.5,1,1,0,1,0,1,1,0,0,0,0,0,0,0,0,14.648420115681892,22.7710139,88.3291849
107,3,6400000.0,1223.0,Rajarhat,2,1,South,2.0,4.0,0,0,0,0,0,7.5,2,0,4,0,0,0,0,0,0,0,0,1,1,0,0,15.671808704579888,25.7967438,89.5446589
108,3,8000000.0,1245.0,"Dum Dum, Kolkata",2,1,South,2.0,4.0,0,0,0,0,0,12.5,0,0,4,1,1,0,0,0,0,0,1,0,1,0,0,15.894952224644102,22.6546116,88.4249902
109,3,33000000.0,2081.0,"Mukundapur, Kolkata",4,2,Missing,34.0,46.0,0,0,0,0,0,0.5,2,0,3,1,0,0,1,0,0,1,1,0,1,0,0,17.312018149733785,22.4956263,88.398449
110,2,3900000.0,920.0,"Madhyamgram, North 24 Parganas",2,1,North,3.0,4.0,0,0,0,0,0,-0.5,2,0,3,1,1,1,1,1,1,1,1,0,1,0,0,15.1764873675101,22.6947839,88.4530183
111,4,13000000.0,1750.0,"Garia, Kolkata",3,2,South,,,0,0,0,0,0,0.5,2,0,2,1,0,0,0,0,0,1,1,0,1,0,0,16.380459992348886,22.4727076,88.3977962
112,2,8600000.0,680.0,"EM Bypass, Kolkata South",2,1,South-East,11.0,18.0,0,0,0,0,0,0.5,0,0,3,1,1,1,1,1,1,1,1,0,1,0,0,15.9672728775028,22.4690721,88.3912838
113,2,9000000.0,954.0,Rajarhat,2,1,Missing,22.0,23.0,0,0,0,0,0,0.5,1,0,3,1,0,0,1,1,1,0,0,0,1,0,0,16.012735246411598,25.7967438,89.5446589
114,2,11500000.0,1068.0,"Kalighat, Kolkata",2,1,North,4.0,16.0,0,0,0,0,0,12.5,1,0,2,1,1,1,1,1,1,0,1,0,0,0,0,16.257857680289998,22.5153313,88.3477052
115,3,4700000.0,1120.0,"Garia, Kolkata",2,1,East,1.0,8.0,0,0,0,0,0,3.0,2,0,4,1,1,1,0,1,0,1,1,0,1,0,0,15.363073279446224,22.4727076,88.3977962
116,2,4000000.0,805.0,"Garia, Kolkata",2,1,North-West,4.0,4.0,0,0,0,0,0,7.5,0,1,0,1,1,1,0,1,0,1,0,0,0,0,0,15.201805169084134,22.4727076,88.3977962
117,3,30000000.0,2400.0,"Alipore, South 24 Parganas",3,2,North,1.0,4.0,0,1,0,0,0,12.5,2,1,3,1,0,1,1,1,0,0,0,1,0,0,0,17.216707972959764,22.3392659,88.285288
118,2,5500000.0,831.0,Rajarhat,2,1,South,10.0,13.0,0,0,0,0,0,7.5,2,0,2,1,0,0,0,0,1,0,1,1,1,0,0,15.520258832020865,25.7967438,89.5446589
119,2,14900000.0,1350.0,"Ballygunge Place, Kolkata",2,1,Missing,2.0,11.0,0,0,0,0,0,12.5,2,2,4,1,0,1,1,1,0,0,0,1,0,0,0,16.51687183802978,22.5276506,88.3673772
120,2,8000000.0,830.0,"Chetla, Kolkata",2,1,South,1.0,4.0,0,0,0,0,0,12.5,2,2,0,1,0,1,0,1,0,0,0,0,0,0,0,15.894952224644102,22.5143251,88.3369583
121,4,20000000.0,2000.0,"Ballygunge, Kolkata",4,3,North,1.0,10.0,0,0,0,0,0,12.5,2,2,3,0,1,0,0,1,0,0,0,0,0,0,0,16.811242881518265,22.5280337,88.3659084
122,3,6000000.0,1227.0,"Nayabad, South 24 Parganas",2,1,South-East,3.0,4.0,0,0,0,0,0,3.0,2,1,0,1,0,0,0,0,0,0,1,0,0,0,0,15.607270193858982,22.477646,88.4399813
123,3,6200000.0,1277.0,"Madhyamgram, North 24 Parganas",2,1,North-West,4.0,7.0,0,0,0,0,0,3.0,2,0,3,1,1,1,0,1,1,1,0,0,1,0,0,15.64006001130563,22.6947839,88.4530183
124,2,4200000.0,1058.0,"Rajarhat, North 24 Parganas",2,2,East,5.0,27.0,0,0,0,0,0,12.5,2,1,5,1,0,0,0,0,0,1,1,0,1,0,0,15.250595321348806,22.6286173,88.44061
125,2,12900000.0,700.0,"Tollygunge, Kolkata",2,1,Missing,17.0,17.0,0,0,0,0,0,0.5,1,2,6,1,1,1,1,1,1,1,1,1,1,0,0,16.372737946851277,22.498636,88.3453908
126,3,22000000.0,1100.0,"New Alipore, Kolkata",3,2,Missing,9.0,12.0,0,0,0,0,0,0.5,0,0,1,1,0,0,0,0,0,0,1,0,1,0,0,16.906553056777135,22.5111647,88.3281116
127,2,9500000.0,1148.0,"Sarat Ghosh Garden, Kolkata",2,1,South,4.0,4.0,0,0,0,0,0,12.5,2,2,1,1,1,1,0,1,0,0,0,1,0,0,0,16.066802461833923,22.5111821,88.3781985
128,2,2500000.0,796.0,"Barasat, North 24 Parganas",2,1,South,3.0,3.0,0,0,0,0,0,12.5,2,0,2,1,0,1,0,1,1,0,0,0,1,0,0,14.731801689838347,22.7191072,88.4826229
129,4,62400000.0,3200.0,"Park Street, Kolkata",4,0,East,5.0,10.0,0,0,1,1,0,12.5,2,2,2,1,0,1,1,1,1,0,0,0,0,0,0,17.949075849365297,22.5551591,88.3501171
130,3,5500000.0,1051.0,"South Dum Dum, North 24 Parganas",2,1,Missing,2.0,7.0,0,0,0,0,0,0.5,2,0,2,1,1,1,0,0,0,0,0,1,0,0,0,15.520258832020865,22.6182558,88.393065
131,4,11500000.0,1817.0,"Belgharia, North 24 Parganas",3,1,South-East,11.0,13.0,0,0,0,0,0,7.5,2,0,2,1,1,1,1,1,1,1,1,0,1,0,0,16.257857680289998,22.6656371,88.3980035
132,3,10000000.0,1330.0,"Joka, Kolkata South",2,1,Missing,4.0,5.0,0,0,0,0,0,7.5,2,0,0,0,0,0,0,0,0,0,0,0,0,0,0,16.118095750958314,22.4440966,88.3017146
133,3,5900000.0,1124.0,Rajarhat,2,2,North,2.0,6.0,0,0,0,0,0,3.0,2,0,8,1,1,1,1,1,0,1,1,1,1,0,0,15.59046307836746,25.7967438,89.5446589
134,3,10000000.0,1495.0,"Tollygunge, Kolkata",2,1,Missing,3.0,4.0,0,0,1,0,0,12.5,2,1,0,1,0,0,0,0,0,0,0,0,0,0,0,16.118095750958314,22.498636,88.3453908
135,3,5800000.0,1200.0,"Nayabad, South 24 Parganas",2,1,South-East,4.0,4.0,0,0,0,0,0,7.5,2,1,0,1,0,1,1,1,1,0,0,0,0,0,0,15.573368647930426,22.477646,88.4399813
136,3,10500000.0,1355.0,Rajarhat,2,1,North,9.0,10.0,0,0,0,0,0,0.5,2,2,3,1,0,0,0,0,0,1,1,0,1,0,0,16.166885910365842,25.7967438,89.5446589
137,3,6500000.0,1314.0,Rajarhat,2,2,North,4.0,5.0,0,0,0,0,0,3.0,2,0,2,1,0,0,0,0,0,1,0,0,1,0,0,15.687312888712007,25.7967438,89.5446589
138,3,4500000.0,1277.0,"Bhadrakali, Uttarpara",2,1,South-West,3.0,3.0,0,0,0,0,0,12.5,2,0,1,1,1,1,0,1,1,0,0,1,0,0,0,15.319588176962746,22.6743641,88.3432884
139,3,4800000.0,1524.0,"Maheshtala, Kolkata",3,1,West,12.0,15.0,0,0,0,0,0,7.5,1,0,4,1,1,1,0,0,1,0,1,0,1,0,0,15.38412668421143,22.5440241,88.2696868
140,3,8500000.0,1355.0,Rajarhat,2,1,North-East,9.0,10.0,0,0,0,0,0,0.5,2,1,3,1,1,1,1,1,0,1,1,0,1,0,0,15.955576839107596,25.7967438,89.5446589
141,3,5000000.0,1300.0,Rajarhat,2,2,Missing,5.0,5.0,0,0,0,0,0,3.0,0,0,2,1,0,1,0,1,1,1,1,0,1,1,0,15.424948670398354,25.7967438,89.5446589
142,3,18000000.0,1750.0,"Tangra, Kolkata",3,1,North-East,9.0,13.0,0,0,0,0,0,7.5,1,2,2,1,1,0,1,0,0,1,0,0,1,0,0,16.705882371415992,22.5565107,88.3795946
143,2,4000000.0,750.0,"BT Road, North 24 Parganas",2,1,East,1.0,2.0,0,0,0,0,0,7.5,0,1,0,0,0,1,0,0,0,0,0,0,0,0,0,15.201805169084134,22.7241945,88.4837829
144,3,12000000.0,1644.0,"Adarsha Nagar, Kolkata",2,1,North-West,7.0,9.0,0,0,0,0,0,12.5,2,1,5,1,1,1,1,1,0,0,1,1,0,0,0,16.300417291085605,22.5008759,88.3739602
145,3,7500000.0,1300.0,"Behala, Kolkata",2,2,South,1.0,4.0,0,0,0,0,0,12.5,0,2,0,1,0,1,1,1,0,0,0,0,0,0,0,15.830413711839864,22.501572,88.3209435
146,5,10000000.0,2081.0,"Rajarhat, North 24 Parganas",2,2,Missing,4.0,4.0,0,0,0,0,0,12.5,2,0,0,1,1,0,0,0,0,0,0,0,0,0,0,16.118095750958314,22.6286173,88.44061
147,4,31000000.0,2017.0,"Tangra, Kolkata",3,2,South,23.0,26.0,0,0,0,1,0,3.0,2,2,2,1,0,0,0,0,0,1,1,0,1,0,0,17.249497794707484,22.5565107,88.3795946
148,2,8500000.0,1316.0,"Tollygunge, Kolkata",2,1,South,6.0,12.0,0,0,0,0,0,3.0,2,0,3,1,0,0,0,0,0,0,1,0,1,0,0,15.955576839107596,22.498636,88.3453908
149,2,5700000.0,792.0,"New Town, Kolkata",2,3,Missing,1.0,5.0,0,0,0,0,0,-0.5,1,0,0,0,0,0,0,0,0,0,0,0,0,0,0,15.55597690824336,22.5959131,88.4878653
150,3,13500000.0,1475.0,"New Town, Kolkata",2,1,South,17.0,25.0,0,0,0,0,0,0.5,2,0,2,1,1,1,0,1,1,1,1,0,1,0,0,16.41820031748273,22.5959131,88.4878653
151,2,4500000.0,1100.0,"Shibpur, Howrah",2,1,Missing,4.0,4.0,0,0,0,0,0,12.5,0,2,0,0,0,0,0,0,0,0,0,0,0,0,0,15.319588176962746,22.5685792,88.2942109
152,3,8500000.0,1220.0,"Jadavpur, Kolkata",2,1,Missing,4.0,4.0,0,0,0,0,0,3.0,2,1,0,1,0,0,0,0,0,0,0,0,0,0,0,15.955576839107596,22.495499,88.3709006
153,3,8500000.0,1565.0,"Muchipara, Kolkata",3,3,South-East,3.0,4.0,0,0,0,0,0,7.5,2,2,2,1,1,1,1,1,0,0,0,1,0,0,0,15.955576839107596,22.566664,88.3653411
154,2,7400000.0,1090.0,"EM Bypass, Kolkata South",2,1,Missing,4.0,11.0,0,0,0,0,0,7.5,0,0,0,0,0,0,0,0,0,0,0,0,0,0,0,15.816990693309524,22.4690721,88.3912838
155,3,6000000.0,1119.0,"Uttarpara, Hooghly",2,2,South,11.0,14.0,0,0,0,0,0,-0.75,2,0,8,1,1,1,0,1,1,1,1,1,1,0,0,15.607270193858982,22.6670459,88.3411458
156,2,3780000.0,700.0,"Bally, Howrah",1,1,South,4.0,4.0,0,0,0,0,0,7.5,0,1,0,0,0,0,1,0,0,0,0,1,0,0,0,15.145234832146,22.6469581,88.343612
157,2,3700000.0,750.0,"Naktala Colony, Kolkata",2,1,South-East,2.0,3.0,0,0,0,0,0,7.5,0,0,0,0,0,1,1,0,0,0,0,0,0,0,0,15.123843647884687,22.4765359,88.3654699
158,2,5800000.0,638.0,Rajarhat,2,1,Missing,11.0,27.0,0,0,0,0,0,-1.5,0,0,2,1,0,0,0,0,0,1,1,0,1,0,0,15.573368647930426,25.7967438,89.5446589
159,3,7500000.0,1384.0,"Rajarhat, North 24 Parganas",2,2,East,4.0,4.0,0,0,0,0,0,12.5,2,0,0,0,0,0,0,0,0,0,0,0,0,0,0,15.830413711839864,22.6286173,88.44061
160,3,9800000.0,830.0,"Dum Dum, Kolkata",2,2,North-East,1.0,13.0,0,0,0,0,0,0.5,0,0,6,1,1,1,1,1,1,1,1,1,1,0,0,16.097893045681612,22.6546116,88.4249902
161,2,11200000.000000002,1202.0,"Kankurgachi, Kolkata",2,1,Missing,7.0,7.0,0,0,0,0,0,12.5,2,2,3,1,0,1,0,0,1,0,1,1,1,0,0,16.231424425551033,22.5789725,88.3915174
162,4,8800000.0,3200.0,"Joka, Kolkata South",4,1,South,2.0,2.0,0,0,1,1,0,12.5,1,0,0,0,0,1,1,0,1,0,0,0,0,0,0,15.990262393084793,22.4440966,88.3017146
163,2,4500000.0,831.0,"Behala, Kolkata",2,0,East,4.0,5.0,0,0,0,0,0,12.5,0,0,0,1,1,1,0,1,0,0,0,0,0,0,0,15.319588176962746,22.501572,88.3209435
164,2,4300000.0,1158.0,"Bansdroni, South Kolkata",2,0,Missing,2.0,6.0,0,0,0,0,0,12.5,2,0,2,1,0,1,0,1,0,1,0,0,0,0,0,15.274125813221904,22.4734143,88.3608305
165,2,3000000.0,736.0,"Mourigram, Howrah",2,1,East,5.0,10.0,0,0,0,0,0,7.5,2,2,2,1,0,1,0,1,1,1,0,0,0,0,0,14.914123179965662,22.5802652,88.2560296
166,2,2600000.0,680.0,"Brahmapur Road, Kolkata",1,0,South,1.0,3.0,0,0,0,0,0,0.5,0,0,2,0,0,1,1,0,0,0,0,1,0,0,0,14.77102238760702,22.4599654,88.3645317
167,3,3500000.0,1114.0,Amta,2,1,South,2.0,5.0,0,0,0,0,0,3.0,2,1,2,1,1,1,0,1,1,0,1,1,1,0,0,15.068273812173889,22.5744025,88.0188847
168,3,7200000.0,1124.0,"Santoshpur, South 24 Parganas",2,1,South-East,2.0,3.0,0,0,0,0,0,12.5,1,0,0,1,0,1,1,0,0,0,0,0,0,0,0,15.789591722875162,22.5240566,88.2710655
169,3,5600000.0,1116.0,"Chuchura, Hooghly",2,1,South-West,2.0,5.0,0,0,0,0,0,3.0,2,2,3,1,1,1,0,1,0,1,0,1,0,0,0,15.53827733427679,22.8909117,88.3702844
170,2,8200000.0,954.0,"Rajarhat, North 24 Parganas",2,1,South-East,14.0,23.0,0,0,0,0,0,0.5,1,0,3,1,1,1,1,1,1,1,1,1,1,0,0,15.919644834185693,22.6286173,88.44061
171,3,4700000.0,1015.0,"Kestopur, Kolkata",2,1,West,3.0,4.0,0,0,1,0,0,3.0,0,1,0,1,0,1,1,0,0,0,0,0,0,0,0,15.363073279446224,22.5837959,88.4351768
172,2,7000000.0,650.0,"BT Road, North 24 Parganas",2,1,Missing,2.0,4.0,0,0,0,0,0,12.5,0,2,0,0,1,0,0,0,0,0,0,1,0,0,0,15.76142084987672,22.7241945,88.4837829
173,3,7800000.0,792.0,"Joka, Kolkata South",3,2,Missing,12.0,14.0,0,0,0,0,0,0.5,0,0,3,1,1,1,0,1,1,1,1,0,1,0,0,15.86963441986494,22.4440966,88.3017146
174,2,3400000.0,774.0,Rajarhat,2,1,Missing,4.0,5.0,0,0,0,0,0,3.0,1,2,1,1,0,0,1,0,0,1,1,0,1,0,0,15.039286283703994,25.7967438,89.5446589
175,3,7770999.999999999,1274.0,"Santoshpur, South 24 Parganas",2,1,Missing,2.0,2.0,0,0,0,0,0,7.5,2,0,1,1,1,1,1,1,0,1,0,0,0,0,0,15.865909542874938,22.5240566,88.2710655
176,2,3800000.0,970.0,"Narendrapur, South 24 Parganas",2,1,Missing,2.0,3.0,0,0,0,0,0,12.5,2,2,0,0,1,1,0,0,0,0,1,0,0,0,0,15.150511887854474,22.4541674,88.4183764
177,3,11000000.0,1490.0,"Bosepukur, Kolkata",2,1,South,3.0,3.0,0,0,0,0,0,12.5,2,1,0,1,1,1,0,0,0,0,0,0,0,0,0,16.213405921671733,22.5191703,88.3847542
178,2,2500000.0,592.0,"BT Road, North 24 Parganas",1,1,Missing,,,0,0,0,0,0,0.5,2,0,0,1,0,0,0,0,0,0,0,0,0,0,0,14.731801689838347,22.7241945,88.4837829
179,2,9000000.0,1118.0,"EM Bypass, Kolkata South",2,0,East,2.0,17.0,0,0,1,0,0,3.0,2,0,5,1,1,1,0,1,1,1,1,1,1,0,0,16.012735246411598,22.4690721,88.3912838
180,3,12500000.0,1809.0,"Golabari, Howrah,",3,2,North-East,25.0,29.0,0,0,0,0,0,7.5,2,1,6,1,1,1,1,1,1,1,1,1,1,0,0,16.341239282272525,22.5932398,88.3441315
181,4,32000000.0,3390.0,"New Town, Kolkata",4,1,West,17.0,18.0,0,0,1,1,0,12.5,1,2,3,1,1,1,1,1,1,1,1,0,1,0,0,17.281246492014,22.5959131,88.4878653
182,2,2600000.0,740.0,"Maheshtala, Kolkata",2,1,Missing,9.0,14.0,0,0,0,0,0,3.0,1,0,3,1,0,0,0,0,0,1,1,0,1,0,0,14.77102238760702,22.5440241,88.2696868
183,3,5500000.0,1250.0,"Rajarhat, North 24 Parganas",2,1,South-East,2.0,5.0,0,0,0,0,0,3.0,2,0,0,1,0,1,0,1,1,1,0,0,0,0,0,15.520258832020865,22.6286173,88.44061
184,2,8000000.0,958.0,"Bansdroni, Kolkata",2,1,South-East,3.0,4.0,0,0,0,0,0,12.5,2,2,5,1,0,1,0,0,0,1,0,1,0,0,0,15.894952224644102,22.4735864,88.3606732
185,3,13500000.0,1200.0,"Sector 3 Salt Lake, Kolkata",2,1,Missing,1.0,4.0,0,0,0,0,0,12.5,0,0,0,0,0,0,0,0,0,0,0,0,0,0,0,16.41820031748273,22.5708433,88.411041
186,3,10700000.0,1665.0,"EM Bypass, Kolkata South",2,1,South-East,7.0,11.0,0,0,0,0,0,7.5,2,2,4,1,1,0,0,1,1,1,0,0,1,0,0,16.185754392890075,22.4690721,88.3912838
187,2,12500000.0,1116.0,"Park Street, Kolkata",2,1,South,2.0,4.0,0,0,0,0,0,7.5,2,2,0,1,1,1,0,1,0,0,0,0,0,0,0,16.341239282272525,22.5551591,88.3501171
188,3,9000000.0,1450.0,"Uttarpara, Hooghly",2,2,South-East,3.0,11.0,0,0,0,0,0,0.5,1,2,5,1,0,0,0,0,0,1,1,0,1,0,0,16.012735246411598,22.6670459,88.3411458
189,3,6000000.0,1337.0,"Golabari, Howrah,",2,1,North-East,3.0,4.0,0,0,0,0,0,3.0,2,1,0,1,1,1,0,0,1,0,0,0,0,0,0,15.607270193858982,22.5932398,88.3441315
190,3,12000000.0,1345.0,"Alipore, Kolkata",2,1,Missing,2.0,5.0,1,0,1,0,0,12.5,0,2,6,1,1,1,1,0,1,0,0,1,0,0,0,16.300417291085605,22.5264928,88.3323692
191,3,4900000.0,1120.0,"Behala, Kolkata",2,1,North,2.0,3.0,0,0,0,0,0,12.5,0,0,3,1,1,1,0,1,1,0,1,1,1,0,0,15.404745967162468,22.501572,88.3209435
192,2,2800000.0,809.0,Rajarhat,2,1,South-East,4.0,5.0,0,1,0,0,0,7.5,2,0,3,1,1,0,1,0,0,1,1,1,1,0,0,14.845130332288226,25.7967438,89.5446589
193,4,20300000.0,1700.0,"Rajarhat, North 24 Parganas",3,1,East,2.0,4.0,0,0,0,0,0,12.5,1,0,2,1,1,1,0,1,1,0,0,1,0,0,0,16.8261314932731,22.6286173,88.44061
194,3,41000000.0,2550.0,"EM Bypass, Kolkata South",3,2,Missing,4.0,45.0,0,0,0,0,0,-1.42,2,0,2,1,0,0,0,0,0,0,1,0,1,0,0,17.529082649058825,22.4690721,88.3912838
195,1,2200000.0,567.0,"Behala, Kolkata",1,1,Missing,3.0,4.0,0,0,0,0,0,12.5,1,0,0,0,0,0,0,0,1,0,1,0,0,0,0,14.603968372873895,22.501572,88.3209435
196,2,4600000.0,632.0,"Serampore, Hooghly",2,1,South,9.0,22.0,0,0,0,0,0,3.0,0,2,4,1,1,1,1,1,1,1,1,0,1,0,0,15.341567078850604,22.7549951,88.3416672
197,2,1800000.0,500.0,"Boral, Kolkata",1,1,North-West,,,0,0,0,0,0,12.5,0,0,0,0,1,0,0,1,0,0,0,0,0,0,0,14.403297778421797,22.5697,88.3630976
198,2,3500000.0,1050.0,"Garia, South 24 Parganas",1,1,Missing,,,0,0,0,0,0,12.5,2,1,0,0,0,0,0,0,0,0,0,0,0,0,0,15.068273812173889,22.4662366,88.4050198
199,2,4200000.0,897.0,"Baranagar, Kolkata",2,1,Missing,5.0,5.0,0,0,0,0,0,7.5,2,1,3,1,1,0,1,0,0,1,1,0,1,0,0,15.250595321348806,22.6380124,88.3958929
200,3,24000000.0,1677.0,"Mukundapur, Kolkata",3,1,East,,,0,0,0,1,0,0.5,2,0,2,1,1,1,1,1,1,1,1,0,1,0,0,16.993564429978885,22.4956263,88.398449
201,2,4500000.0,987.0,"South Dum Dum, North 24 Parganas",2,1,South,4.0,5.0,0,0,0,0,0,0.5,2,0,0,1,0,0,0,0,0,0,0,0,0,0,0,15.319588176962746,22.6182558,88.393065
202,3,8200000.0,1295.0,"Garia, Kolkata",3,1,South,10.0,18.0,0,0,0,0,0,3.0,2,1,8,1,1,0,0,0,0,1,1,1,1,0,0,15.919644834185693,22.4727076,88.3977962
204,3,13500000.0,1400.0,"New Town, Kolkata",2,2,Missing,6.0,13.0,0,0,0,0,0,-0.5,1,0,0,0,0,0,0,0,0,0,0,0,0,0,0,16.41820031748273,22.5959131,88.4878653
205,3,3600000.0,1012.0,"Bijoygarh, Kolkata",2,1,South-East,2.0,3.0,0,0,0,0,0,12.5,2,2,1,0,0,0,0,0,0,0,0,0,0,0,0,15.096444681204078,22.4872704,88.3685589
206,2,4300000.0,720.0,"Lake Road, Kalighat, Kolkata",2,1,North-East,2.0,4.0,0,0,0,0,0,3.0,2,1,0,0,0,0,0,0,0,0,0,0,0,0,0,15.274125813221904,22.5117562,88.3538887
207,3,3432000.0,1144.0,"Halisahar, Kanchrapara, North 24 Parganas",2,1,North,2.0,5.0,0,0,0,0,0,0.5,2,0,0,1,0,1,0,0,1,0,0,0,0,0,0,15.048654030965238,22.9420463,88.4147984
208,2,4900000.0,1017.0,"Joka, Kolkata South",2,2,Missing,1.0,4.0,0,0,0,0,0,12.5,0,1,0,0,0,0,0,0,0,0,0,0,0,0,0,15.404745967162468,22.4440966,88.3017146
209,2,5500000.0,915.0,"Baruipur, South 24 Parganas",2,1,South,3.0,14.0,0,0,0,0,0,0.5,2,0,4,1,1,1,0,1,1,1,1,0,1,0,0,15.520258832020865,22.3606792,88.4322502
210,2,3500000.0,677.0,"Garia, Kolkata",2,1,South-East,1.0,2.0,0,0,0,0,0,12.5,2,0,0,0,0,0,0,0,0,0,0,0,0,0,0,15.068273812173889,22.4727076,88.3977962
211,3,7200000.0,1265.0,"Fartabad, Garia",2,1,North-East,3.0,4.0,0,0,0,0,0,7.5,2,0,0,1,1,1,0,1,1,1,1,0,0,0,0,15.789591722875162,22.4662345,88.4025921
212,3,7000000.0,1270.0,"Garia, Kolkata",2,1,South-East,3.0,4.0,0,0,0,0,0,12.5,2,0,0,1,1,0,0,1,1,1,1,0,0,0,0,15.76142084987672,22.4727076,88.3977962
213,2,2600000.0,780.0,"Bansdroni, Kolkata",2,1,South-East,2.0,2.0,0,1,1,0,0,3.0,2,0,0,0,0,0,0,0,0,0,0,0,0,0,0,14.77102238760702,22.4735864,88.3606732
214,2,3500000.0,1100.0,"Barrackpur-II, North 24 Parganas",2,1,Missing,,,0,0,0,0,0,7.5,2,0,0,0,0,0,0,0,0,0,0,0,0,0,0,15.068273812173889,22.9500602,88.4587242
215,4,25000000.0,2000.0,"Ballygunge Circular Road, Kolkata",4,3,Missing,1.0,6.0,0,0,0,0,0,12.5,1,2,1,1,1,0,0,0,0,0,0,0,0,0,0,17.034386422832473,22.5395543,88.3584527
216,2,3200000.0,805.0,"Italgacha, North Dumdum",2,1,Missing,3.0,3.0,0,0,0,0,0,12.5,1,2,0,0,0,1,0,1,0,0,0,0,0,0,0,14.978661680269909,22.6433833,88.424659
217,3,6400000.0,1293.0,"Char Park, Kolkata",2,1,South-East,5.0,5.0,0,0,0,0,0,12.5,0,0,0,1,0,1,0,1,1,0,0,0,0,0,0,15.671808704579888,22.578579,88.3551327
218,3,8700000.0,1292.0,"Tollygunge, Kolkata",2,0,Missing,8.0,9.0,0,0,0,0,0,7.5,2,0,0,0,0,0,0,0,0,0,0,0,0,0,0,15.978833698567334,22.498636,88.3453908
219,3,6948000.0,1198.0,"Dum Dum Park, Kolkata",2,1,Missing,4.0,7.0,0,0,0,0,0,-0.25,2,0,0,0,1,1,0,1,1,0,0,0,0,0,0,15.753964550269432,22.6210988,88.3978255
220,2,3500000.0,980.0,"Baguiati, Kolkata",2,1,Missing,1.0,3.0,0,0,0,0,0,7.5,2,0,0,0,0,0,0,0,0,0,0,0,0,0,0,15.068273812173889,22.613274,88.4246327
221,3,5206000.0,1157.0,"VIP Road, Kolkata",2,1,Missing,2.0,3.0,0,0,0,0,0,-0.25,2,0,6,1,1,1,1,1,1,0,0,1,0,0,0,15.465322556622684,26.1692257,91.8294037
222,2,2700000.0,820.0,"Putiary, Kolkata",1,1,Missing,1.0,3.0,0,0,0,0,0,7.5,2,0,0,0,0,0,0,0,0,0,0,0,0,0,0,14.80876270134486,22.4803617,88.3377899
223,2,4200000.0,838.0,"Baranagar, Kolkata",2,1,South,4.0,4.0,0,0,0,0,0,12.5,0,2,0,1,0,1,0,1,1,0,0,0,0,0,0,15.250595321348806,22.6380124,88.3958929
224,3,4400000.0,1238.0,"Baguiati, Kolkata",2,1,South,1.0,1.0,0,0,1,0,0,12.5,0,0,1,0,1,1,1,0,1,0,0,0,0,0,0,15.29711532616119,22.613274,88.4246327
225,2,4900000.0,1000.0,"Tollygunge, Kolkata",2,2,South-East,5.0,5.0,0,0,0,0,0,12.5,2,1,0,1,1,1,0,1,1,0,0,0,0,0,0,15.404745967162468,22.498636,88.3453908
226,2,3400000.0,899.0,"South Dumdum, Kolkata",2,1,West,3.0,5.0,0,0,0,0,0,3.0,2,1,2,1,1,1,1,0,0,0,0,1,0,0,0,15.039286283703994,22.6380124,88.3958929
227,3,9100000.0,1188.0,"New Town, Kolkata",2,3,South-East,1.0,12.0,0,0,0,0,0,0.5,2,0,2,1,1,1,1,1,1,1,1,0,1,0,0,16.02378508137718,22.5959131,88.4878653
228,2,5500000.0,970.0,"Diamond Harbour Road, Kolkata",2,1,North-East,1.0,3.0,0,0,0,0,0,12.5,1,0,0,1,0,0,0,0,0,0,0,0,0,0,0,15.520258832020865,22.4954675,88.3166809
229,2,4000000.0,1050.0,"Lake Town, Kolkata",2,1,East,3.0,4.0,0,0,0,0,0,12.5,0,0,0,1,0,1,0,1,0,0,0,0,0,0,0,15.201805169084134,22.6001077,88.4066981
230,2,6150000.0,795.0,"Jadavpur, Kolkata",2,1,South,2.0,4.0,0,0,0,0,0,-0.5,2,0,0,0,0,0,0,0,0,0,0,0,0,0,0,15.631962802384312,22.495499,88.3709006
231,3,13000000.0,686.0,"New Town, Kolkata",2,2,North,1.0,20.0,0,0,0,0,0,7.5,0,0,2,1,0,0,0,0,0,1,1,0,1,0,0,16.380459992348886,22.5959131,88.4878653
232,3,15000000.0,1122.0,"Rajarhat, North 24 Parganas",2,2,South,1.0,4.0,0,1,1,0,0,3.0,0,2,0,1,1,0,0,1,0,0,0,0,0,0,0,16.52356082573315,22.6286173,88.44061
233,3,5430000.0,905.0,"Char Park, Kolkata",2,1,West,1.0,4.0,0,1,0,0,0,0.5,2,0,0,1,1,1,0,0,0,0,0,0,0,0,0,15.507449876072164,22.578579,88.3551327
234,2,11000000.0,1075.0,"Chakraberia, Ballygunge",2,1,South,2.0,4.0,0,0,0,0,0,12.5,2,2,3,1,1,1,1,1,0,0,0,1,0,0,0,16.213405921671733,22.5326057,88.3546062
235,3,7200000.0,1110.0,"Rathtala, Kolkata",2,1,South,1.0,4.0,0,0,0,0,0,7.5,2,0,1,1,1,0,0,1,0,1,0,0,1,0,0,15.789591722875162,22.5135613,88.3812157
236,3,7300000.0,1380.0,"Fartabad, Garia",2,2,North-East,2.0,4.0,0,0,0,0,0,7.5,2,0,6,1,1,0,1,1,1,1,1,1,1,0,0,15.803385043104912,22.4662345,88.4025921
237,2,4300000.0,950.0,"Sarsuna, Kolkata",2,1,South,2.0,4.0,0,0,0,0,0,12.5,2,1,1,0,0,0,0,0,0,0,0,1,0,0,0,15.274125813221904,22.4809986,88.284838
238,2,4000000.0,812.0,"Joka, Kolkata South",2,0,South-East,,,0,0,0,0,0,7.5,2,2,3,1,1,1,0,1,1,0,0,1,1,0,0,15.201805169084134,22.4440966,88.3017146
239,2,3000000.0,476.0,"Garia, Kolkata",2,0,North,,,0,0,0,0,0,-1.0,1,0,0,0,1,1,1,1,0,0,0,0,0,0,0,14.914123179965662,22.4727076,88.3977962
240,2,6000000.0,1800.0,Rajarhat,2,1,South,5.0,5.0,0,0,0,0,0,12.5,2,2,2,1,1,0,0,0,0,1,1,0,1,0,0,15.607270193858982,25.7967438,89.5446589
241,2,5700000.0,823.0,"Sector 3 Salt Lake, Kolkata",2,2,East,,,0,0,0,0,0,12.5,0,1,0,0,0,0,0,0,0,0,0,0,0,0,0,15.55597690824336,22.5708433,88.411041
242,2,4700000.0,1100.0,"Rajarhat, North 24 Parganas",2,1,East,1.0,5.0,0,0,0,0,0,3.0,2,2,0,1,1,1,0,1,1,1,1,0,0,0,0,15.363073279446224,22.6286173,88.44061
243,2,5600000.0,996.0,"Sodepur, Kolkata North",2,1,North-East,15.0,21.0,0,0,0,0,0,3.0,0,0,5,1,1,0,1,0,0,1,1,0,1,0,0,15.53827733427679,22.7001796,88.3791567
244,3,13500000.0,1288.0,"Jodhpur Park, Kolkata",2,2,Missing,2.0,4.0,0,0,0,0,0,12.5,1,1,1,0,0,0,0,0,0,0,0,0,0,0,0,16.41820031748273,22.5056055,88.363674
245,3,6800000.0,1181.0,"Rajarhat, North 24 Parganas",2,1,South-East,3.0,4.0,0,0,0,0,0,0.5,2,0,0,1,0,1,1,1,0,0,0,0,0,0,0,15.732433317205148,22.6286173,88.44061
246,3,10500000.0,1170.0,"Adarsha Nagar, Kolkata",2,1,South-West,5.0,7.0,0,0,0,0,0,7.5,2,0,0,1,1,0,0,1,1,1,0,0,0,0,0,16.166885910365842,22.5008759,88.3739602
247,3,8500000.0,1860.0,"Narendrapur, South 24 Parganas",3,2,South-East,1.0,4.0,0,0,0,0,0,3.0,2,0,8,1,1,1,1,1,1,1,1,1,1,0,0,15.955576839107596,22.4541674,88.4183764
248,2,5600000.0,1200.0,"Shibpur, Howrah",2,1,South-East,12.0,13.0,0,0,0,0,0,12.5,2,2,0,1,0,1,0,0,0,0,0,0,0,0,0,15.53827733427679,22.5685792,88.2942109
249,2,2300000.0,715.0,"Baranagar, North 24 Parganas",1,1,Missing,2.0,3.0,0,0,0,0,0,7.5,0,0,0,0,0,0,0,0,0,0,0,0,0,0,0,14.648420115681892,22.6530765,88.3805962
250,2,4000000.0,835.0,"Nayabad, South 24 Parganas",2,1,North-East,2.0,3.0,0,0,0,0,0,7.5,2,0,1,0,0,0,1,0,0,0,0,0,0,0,0,15.201805169084134,22.477646,88.4399813
251,1,2000000.0,560.0,"South Dum Dum, North 24 Parganas",1,1,South-East,5.0,5.0,0,0,0,0,0,7.5,0,1,0,0,0,1,0,0,0,0,0,0,0,0,0,14.508658238524095,22.6182558,88.393065
252,1,2115000.0,470.0,"Adarsha Nagar, Kolkata",1,1,North-West,3.0,4.0,0,0,0,0,0,3.0,2,0,0,0,0,0,0,0,0,0,0,0,0,0,0,14.564565843275645,22.5008759,88.3739602
253,2,3200000.0,650.0,"Patipukur, South Dumdum",2,2,Missing,1.0,2.0,0,0,0,0,0,7.5,0,0,0,0,0,0,0,0,0,0,0,0,0,0,0,14.978661680269909,22.6065505,88.3952451
254,1,2200000.0,556.0,"Adarsha Nagar, Kolkata",1,1,West,,,0,0,0,0,0,12.5,2,0,0,0,0,1,0,0,0,0,0,0,0,0,1,14.603968372873895,22.5008759,88.3739602
255,3,5800000.0,1039.0,"Serampore, Hooghly",2,1,South,17.0,29.0,0,0,0,0,0,0.5,2,0,6,1,0,0,0,0,0,0,1,1,1,0,0,15.573368647930426,22.7549951,88.3416672
256,4,30000000.0,2400.0,"Sarat Chatterjee Avenue, Kolkata",3,0,Missing,1.0,5.0,0,1,0,1,0,7.5,2,2,0,0,0,0,0,0,0,0,0,0,0,0,0,17.216707972959764,22.5100135,88.3493094
257,3,7350000.0,876.0,"New Town, Kolkata",2,1,South,3.0,4.0,0,0,0,0,0,0.5,0,0,0,1,1,1,0,1,1,1,0,0,0,0,0,15.810211007243431,22.5959131,88.4878653
258,2,4500000.0,916.0,"Baranagar, Kolkata",2,1,North-East,2.0,4.0,0,0,0,0,0,3.0,0,1,0,1,1,1,0,0,0,0,0,0,0,0,0,15.319588176962746,22.6380124,88.3958929
259,3,6500000.0,1275.0,"Kalikapur, Kolkata",2,1,Missing,1.0,3.0,0,0,0,0,0,12.5,2,2,0,0,1,1,0,0,1,0,0,0,0,0,0,15.687312888712007,22.5053017,88.4009957
260,3,7300000.0,1315.0,"Fartabad, Garia",2,1,Missing,2.0,4.0,0,0,0,0,0,7.5,2,0,2,1,1,1,0,1,1,1,0,0,1,0,0,15.803385043104912,22.4662345,88.4025921
261,3,4600000.0,987.0,"Barasat, Kolkata North",2,1,North-West,5.0,11.0,0,0,0,0,0,3.0,2,0,4,1,1,0,0,0,0,1,1,0,1,0,0,15.341567078850604,22.7240295,88.4889199
262,3,7500000.0,1510.0,Kamalgazi,2,2,South-West,11.0,12.0,0,0,0,0,0,3.0,2,1,2,1,1,1,0,1,1,1,0,0,1,0,0,15.830413711839864,22.4495236,88.3955392
263,3,12500000.0,1750.0,"Action Area 1, Kolkata",2,2,South-East,2.0,4.0,0,0,0,0,0,3.0,2,0,0,1,1,1,1,1,1,1,1,0,0,0,0,16.341239282272525,22.5743093,88.4558557
264,2,3100000.0,745.0,"Garia, Kolkata",2,1,East,1.0,3.0,0,0,0,0,0,7.5,2,2,0,0,0,1,1,0,0,0,0,0,0,0,0,14.946912992035967,22.4727076,88.3977962
265,2,3200000.0,675.0,"Kalikapur, Kolkata",2,1,Missing,2.0,6.0,0,0,0,0,0,12.5,0,0,0,0,0,0,0,0,0,0,0,0,0,0,0,14.978661680269909,22.5053017,88.4009957
266,2,3200000.0,1260.0,"Hridaypur, North 24 Parganas",2,1,Missing,2.0,4.0,0,0,1,0,0,12.5,0,0,0,0,0,0,0,0,0,0,0,0,0,0,0,14.978661680269909,22.7109969,88.4699989
267,2,2300000.0,780.0,Panihati,2,1,South,4.0,4.0,0,0,0,0,0,7.5,2,1,0,1,1,0,0,0,0,0,1,0,0,0,0,14.648420115681892,22.6950342,88.4073585
268,2,10000000.0,1150.0,"Belgachia, Kolkata",2,2,North,,,0,0,0,0,0,12.5,2,0,5,1,0,0,1,0,0,1,1,1,1,0,0,16.118095750958314,22.6059241,88.3863913
269,2,2700000.0,900.0,"Action Area II, New Town",2,1,South-West,3.0,6.0,0,0,0,0,0,7.5,0,2,0,1,1,1,1,1,1,0,0,0,0,0,0,14.80876270134486,22.6129078,88.4665536
270,3,6000000.0,1171.0,"Behala, Kolkata",2,1,North,4.0,5.0,0,0,0,0,0,3.0,2,0,0,1,1,1,0,1,0,0,0,1,0,0,0,15.607270193858982,22.501572,88.3209435
271,2,4000000.0,830.0,"Kasba, Kolkata",2,1,Missing,3.0,3.0,0,0,0,0,0,12.5,1,0,0,0,0,0,0,0,0,0,0,0,0,0,0,15.201805169084134,22.5044355,88.3721663
272,3,11200000.000000002,1460.0,"Adarsha Nagar, Kolkata",2,1,South-East,10.0,10.0,0,0,0,0,0,7.5,2,2,5,1,1,0,0,1,1,1,1,1,1,0,0,16.231424425551033,22.5008759,88.3739602
273,3,10800000.0,1152.0,"Adarsha Nagar, Kolkata",2,1,South-East,4.0,18.0,0,0,0,0,0,3.0,2,0,7,1,1,1,1,1,1,1,1,1,1,0,0,16.195056784687036,22.5008759,88.3739602
274,2,3600000.0,850.0,"Behala, Kolkata",2,1,North,1.0,4.0,0,0,0,0,0,12.5,0,1,0,0,0,0,0,0,0,0,0,0,0,0,0,15.096444681204078,22.501572,88.3209435
275,2,4000000.0,850.0,"Bishnupur, Kolkata",2,1,South,1.0,4.0,0,0,0,0,0,3.0,0,0,2,1,0,0,0,0,0,1,0,0,1,0,0,15.201805169084134,22.4145089,88.2839351
276,2,3690000.0,945.0,"Behala, Kolkata",2,1,Missing,2.0,4.0,0,0,0,0,0,7.5,2,1,1,0,0,0,0,0,0,0,0,1,0,0,0,15.121137287019383,22.501572,88.3209435
277,3,12500000.0,1359.0,"New Town, Kolkata",2,1,South-East,12.0,12.0,0,0,0,0,0,0.5,2,0,3,1,1,1,0,1,0,1,1,0,1,0,0,16.341239282272525,22.5959131,88.4878653
278,3,6000000.0,1130.0,"Garia, Kolkata",2,1,South-East,3.0,4.0,0,0,0,0,0,12.5,2,0,4,1,1,0,0,1,1,1,1,0,1,0,0,15.607270193858982,22.4727076,88.3977962
279,2,4750000.0,975.0,"Rajarhat, North 24 Parganas",2,2,East,4.0,4.0,0,0,0,0,0,7.5,2,1,2,1,0,1,1,0,1,0,1,1,0,0,0,15.373655386537118,22.6286173,88.44061
280,1,2000000.0,509.0,"Barasat, Kolkata North",1,0,East,3.0,8.0,0,0,0,0,0,7.5,2,1,6,1,1,1,1,1,1,1,0,0,1,0,0,14.508658238524095,22.7240295,88.4889199
281,1,2600000.0,415.0,"Kasba, Kolkata",1,1,South,2.0,3.0,0,0,0,0,0,12.5,0,0,1,0,1,1,0,0,0,0,0,1,0,0,0,14.77102238760702,22.5044355,88.3721663
282,2,2100000.0,620.0,"Mohan Pur, Barrackpore",1,1,South,2.0,3.0,0,0,0,0,0,7.5,0,0,0,0,0,0,0,1,0,0,1,0,0,0,0,14.557448378884017,22.7720477,88.3986838
283,3,11000000.0,1480.0,"DA Block Newtown, New Town",2,2,South-East,2.0,4.0,0,0,0,0,0,0.5,2,0,0,1,1,1,1,1,1,1,1,0,0,0,0,16.213405921671733,22.5655274,88.4909785
284,3,16500000.0,1550.0,"New Town, Kolkata",2,1,South-East,12.0,15.0,0,0,0,0,0,3.0,2,2,11,1,1,1,1,1,1,1,1,1,1,0,0,16.61887099947687,22.5959131,88.4878653
285,2,6200000.0,822.0,"Tangra, Kolkata",2,1,Missing,5.0,5.0,0,0,0,0,0,3.0,0,0,2,1,1,1,1,1,1,0,1,0,0,0,0,15.64006001130563,22.5565107,88.3795946
286,3,8500000.0,1265.0,"Rajpur, South 24 Parganas",2,1,North-East,4.0,12.0,0,0,0,0,0,3.0,1,0,0,0,0,0,0,0,0,0,0,0,0,0,0,15.955576839107596,22.1018905,88.3745163
287,3,8700000.0,1274.0,Kamalgazi,2,1,Missing,7.0,11.0,0,0,0,0,0,3.0,2,2,5,1,1,1,1,1,1,1,1,1,1,0,0,15.978833698567334,22.4495236,88.3955392
288,2,6100000.0,975.0,Rajarhat,2,1,South-East,2.0,19.0,0,0,0,0,0,3.0,2,0,4,1,1,0,0,0,0,1,1,0,1,0,0,15.623799493077952,25.7967438,89.5446589
289,2,4000000.0,1100.0,"Bishnupur-I, South 24 Parganas",2,1,South-West,4.0,5.0,0,0,0,0,0,12.5,2,2,8,1,1,1,0,1,1,1,1,1,0,0,0,15.201805169084134,22.3786111,88.3175824
290,2,8500000.0,1053.0,"Char Park, Kolkata",2,1,East,10.0,13.0,0,0,0,0,0,0.5,2,0,2,1,1,1,0,1,0,1,1,0,1,0,0,15.955576839107596,22.578579,88.3551327
291,2,6600000.0,1010.0,Rajarhat,2,1,West,9.0,11.0,0,0,0,0,0,3.0,2,2,8,1,1,1,1,1,1,1,1,1,1,0,0,15.702580358511794,25.7967438,89.5446589
292,2,3800000.0,956.0,"Airport, Dum Dum",2,1,North,4.0,5.0,0,0,0,0,0,12.5,0,2,4,1,1,0,0,0,0,1,1,0,1,0,0,15.150511887854474,13.0479657,77.6452691
293,3,17500000.0,1495.0,"Khidirpur, Kolkata",2,1,Missing,4.0,9.0,0,0,0,0,0,12.5,1,1,5,1,1,0,0,0,0,1,1,1,1,0,0,16.677711496036597,22.5376181,88.3158211
294,3,8500000.0,1220.0,"New Town, Kolkata",2,1,North,1.0,4.0,0,0,0,0,0,3.0,2,1,1,1,0,0,0,0,0,0,0,0,0,0,0,15.955576839107596,22.5959131,88.4878653
295,2,3500000.0,875.0,"Birati, Kolkata",2,1,South-West,2.0,4.0,0,0,0,0,0,3.0,2,0,0,1,1,1,1,1,1,0,1,0,0,0,0,15.068273812173889,22.6546116,88.4249902
296,3,9900000.0,1300.0,"BT Road, North 24 Parganas",3,1,North,21.0,24.0,0,0,0,0,0,3.0,2,0,2,1,0,0,0,0,0,1,1,0,1,0,0,16.108045416114916,22.7241945,88.4837829
297,2,4225000.0,529.0,"BT Road, North 24 Parganas",2,1,South-East,6.0,12.0,0,0,0,0,0,0.5,0,0,4,1,1,1,0,1,1,1,1,0,1,0,0,15.256530055459772,22.7241945,88.4837829
298,3,6000000.0,1200.0,"Bally, Howrah",3,2,South-East,4.0,4.0,0,0,1,0,0,12.5,0,2,1,1,0,1,0,0,0,0,0,1,0,0,0,15.607270193858982,22.6469581,88.343612
299,2,3400000.0,848.0,"Garia, Kolkata",2,1,South-West,2.0,3.0,0,0,0,0,0,12.5,1,1,0,1,1,1,0,1,1,0,0,0,0,0,1,15.039286283703994,22.4727076,88.3977962
300,2,4536000.0,1080.0,"Barrackpur-II, North 24 Parganas",2,1,South-West,5.0,6.0,0,0,0,0,0,0.5,2,0,0,0,0,0,0,0,0,0,0,0,0,0,0,15.327556344848254,22.9500602,88.4587242
301,2,2750000.0,624.0,"Sree Colony, Kolkata",2,1,South,1.0,4.0,0,0,0,0,0,12.5,1,1,0,0,0,1,1,0,1,0,1,0,0,0,0,14.827111833279051,22.4851657,88.339032
302,3,4800000.0,1127.0,"Narendrapur, South 24 Parganas",2,2,North-West,5.0,7.0,0,0,0,0,0,0.5,1,0,3,1,1,1,0,1,1,0,1,0,1,0,0,15.38412668421143,22.4541674,88.4183764
303,2,2200000.0,723.0,"Serampore, Hooghly",2,1,West,1.0,4.0,0,0,0,0,0,7.5,2,0,0,0,1,1,0,1,0,0,1,0,0,0,0,14.603968372873895,22.7549951,88.3416672
304,2,5200000.0,1200.0,"Rajarhat, North 24 Parganas",2,1,South-East,5.0,5.0,0,0,1,0,0,12.5,1,2,2,1,0,0,0,0,0,0,0,1,0,0,0,15.46416937585933,22.6286173,88.44061
305,2,3600000.0,868.0,"Haltu, Kolkata",2,2,Missing,1.0,5.0,0,0,0,0,0,12.5,0,0,0,0,0,0,0,0,0,0,0,0,0,0,0,15.096444681204078,22.506758,88.3817559
306,3,6800000.0,1254.0,"Sodepur, Kolkata North",2,1,North-East,6.0,19.0,0,0,0,0,0,7.5,2,1,4,1,1,0,1,1,0,1,1,1,1,0,0,15.732433317205148,22.7001796,88.3791567
307,2,6559999.999999999,818.0,"New Town, Kolkata",2,2,East,5.0,12.0,0,0,0,0,0,0.5,2,0,2,1,1,1,1,1,1,1,1,0,1,0,0,15.696501313359285,22.5959131,88.4878653
308,3,12200000.0,1238.0,"EM Bypass, Kolkata South",2,1,South-East,15.0,18.0,0,0,0,0,0,0.5,0,0,2,1,0,0,0,0,0,1,1,0,1,0,0,16.316946591670696,22.4690721,88.3912838
309,3,25000000.0,1710.0,"Triangular Park, Ballygunge",3,1,North-West,2.0,7.0,0,0,0,0,0,3.0,2,0,0,1,1,0,0,1,1,1,0,0,0,0,0,17.034386422832473,22.5179974,88.3577197
310,2,4963000.0,1056.0,"North Dum Dum, Kolkata",2,1,North,4.0,7.0,0,0,0,0,0,0.5,2,0,4,1,1,1,0,1,1,1,1,0,1,0,0,15.417521156060593,22.6344962,88.4157144
311,3,4901000.0,1167.0,"Barrackpur-II, North 24 Parganas",2,1,North-West,4.0,6.0,0,0,0,0,0,0.5,2,0,1,1,0,1,0,1,0,1,0,0,0,0,0,15.404950027931656,22.9500602,88.4587242
312,4,24500000.0,2200.0,"New Town, Kolkata",4,1,South-East,5.0,12.0,0,0,0,1,0,0.5,2,0,12,1,1,1,1,1,1,1,1,1,1,0,0,17.01418371633128,22.5959131,88.4878653
313,2,2900000.0,840.0,"Hariharpur, South 24 Parganas",2,1,East,4.0,4.0,0,0,0,0,0,3.0,0,2,0,1,1,1,0,1,1,1,1,0,0,0,0,14.88022163978423,22.2523362,88.306594
314,2,5200000.0,918.0,"Baruipur, South 24 Parganas",2,1,South-West,8.0,14.0,0,0,0,0,0,3.0,2,0,9,1,0,0,0,0,0,1,1,1,1,0,0,15.46416937585933,22.3606792,88.4322502
315,3,6500000.0,1275.0,"Garia, Kolkata",2,1,South-East,3.0,4.0,0,0,0,0,0,12.5,2,0,2,0,0,0,0,0,0,0,0,0,1,0,0,15.687312888712007,22.4727076,88.3977962
316,2,2100000.0,627.0,"Garia, Kolkata",1,1,South,4.0,4.0,0,0,0,0,0,7.5,2,0,0,0,1,1,0,1,0,0,0,0,0,0,0,14.557448378884017,22.4727076,88.3977962
317,3,5200000.0,1185.0,"Sonarpur, South 24 Parganas",2,1,South-East,2.0,4.0,0,0,0,0,0,7.5,2,0,3,1,1,1,1,1,1,1,1,0,1,0,0,15.46416937585933,22.4441922,88.4325557
318,3,7500000.0,1251.0,"Fartabad, Garia",2,2,North-East,3.0,4.0,0,0,0,0,0,7.5,2,1,5,1,1,0,1,1,1,1,1,1,1,0,0,15.830413711839864,22.4662345,88.4025921
319,3,8500000.0,1209.0,"Garia, Kolkata",3,1,South,9.0,18.0,0,0,0,0,0,3.0,2,2,9,1,1,1,1,1,1,1,1,1,1,0,0,15.955576839107596,22.4727076,88.3977962
320,3,11000000.0,1693.0,"Kalikapur, Kolkata",3,1,South-East,3.0,4.0,0,0,0,0,0,3.0,2,0,3,1,1,0,1,0,0,0,1,0,1,0,0,16.213405921671733,22.5053017,88.4009957
321,4,17000000.0,1493.0,"Ballygunge, Kolkata",3,1,South-East,4.0,4.0,0,0,0,1,0,0.5,2,0,3,1,0,1,1,0,1,1,0,1,0,0,0,16.648723960844016,22.5280337,88.3659084
322,2,3500000.0,850.0,"Behala, Kolkata",2,1,South,1.0,3.0,0,0,0,0,0,3.0,2,1,0,1,0,1,0,1,0,0,0,0,0,0,0,15.068273812173889,22.501572,88.3209435
323,2,2958000.0,870.0,"Narendrapur, South 24 Parganas",2,1,West,3.0,4.0,0,0,0,0,0,0.5,2,0,1,1,1,1,0,0,1,1,0,0,1,0,0,14.900024260319086,22.4541674,88.4183764
324,3,19900000.0,1214.0,"New Alipore, Kolkata",3,2,South,11.0,12.0,0,0,0,1,0,0.5,1,0,2,1,1,1,0,1,1,0,1,1,1,0,0,16.806230339945976,22.5111647,88.3281116
325,4,48000000.0,2914.0,"BT Road, North 24 Parganas",4,2,North-West,30.0,42.0,0,0,1,1,0,-2.25,2,0,9,1,1,1,0,1,1,1,1,1,1,0,0,17.6867115897055,22.7241945,88.4837829
326,4,13500000.0,1958.0,Rajarhat,3,1,East,3.0,9.0,0,0,0,0,0,3.0,2,0,3,1,1,1,1,1,1,1,1,0,1,0,0,16.41820031748273,25.7967438,89.5446589
327,3,4250000.0,1050.0,"New Garia, Kolkata",2,1,South-East,1.0,2.0,0,0,0,0,0,0.5,2,0,2,0,0,0,1,0,0,0,0,1,0,0,0,15.26242977619469,22.4727076,88.3977962
328,2,5500000.0,1044.0,"Fartabad, Garia",2,1,South-West,4.0,5.0,0,0,0,0,0,0.5,2,0,0,1,0,1,0,0,1,0,0,0,0,0,0,15.520258832020865,22.4662345,88.4025921
329,3,4838000.0,1008.0,Rajarhat,2,1,South,4.0,5.0,0,0,0,0,0,3.0,2,0,0,1,1,1,1,1,1,0,0,0,0,0,0,15.39201217684907,25.7967438,89.5446589
330,3,7559999.999999999,1400.0,"Santoshpur, Kolkata",2,2,South-West,2.0,3.0,0,0,0,0,0,3.0,2,0,2,1,1,1,0,0,0,0,0,1,0,0,0,15.83838188043084,22.4960484,88.3822296
331,2,5400000.0,900.0,"Kalikapur, Kolkata",2,1,South-East,2.0,3.0,0,0,0,0,0,3.0,2,0,1,1,1,1,1,0,0,0,0,1,0,0,0,15.501909696719672,22.5053017,88.4009957
332,2,4400000.0,989.0,"Nayabad, South 24 Parganas",2,2,South-East,1.0,7.0,0,0,0,0,0,0.5,2,0,3,1,0,1,1,1,0,0,1,1,0,0,0,15.29711532616119,22.477646,88.4399813
335,3,6250000.0,1202.0,"New Garia, Kolkata",2,1,South-East,2.0,4.0,0,0,0,0,0,0.5,2,0,3,1,0,0,1,0,0,0,0,1,0,0,0,15.648092181712572,22.4727076,88.3977962
336,3,4906000.0,1022.0,Rajarhat,2,1,East,3.0,5.0,0,0,0,0,0,3.0,2,0,0,1,1,1,1,1,1,0,0,0,0,0,0,15.405969707632591,25.7967438,89.5446589
337,3,4400000.0,989.0,"Nayabad, South 24 Parganas",2,1,North-East,2.0,7.0,0,0,0,0,0,0.5,2,0,2,1,1,1,1,1,0,1,0,1,0,0,0,15.29711532616119,22.477646,88.4399813
338,1,2500000.0,500.0,"New Garia, Kolkata",1,1,South-West,1.0,3.0,0,0,0,0,0,0.5,2,0,3,1,0,0,1,0,0,0,0,1,0,0,0,14.731801689838347,22.4727076,88.3977962
339,2,4560000.0,950.0,Rajarhat,2,1,North-West,3.0,5.0,0,0,0,0,0,3.0,2,0,0,1,1,1,1,1,1,0,1,0,0,0,0,15.33283340078879,25.7967438,89.5446589
340,2,4537000.0,945.0,Rajarhat,2,1,South-West,3.0,5.0,0,0,0,0,0,3.0,2,0,0,1,1,1,1,1,1,0,0,0,0,0,0,15.32777677905604,25.7967438,89.5446589
341,2,4464000.0,930.0,Rajarhat,2,1,North-East,3.0,5.0,0,0,0,0,0,3.0,2,0,0,1,1,1,1,1,1,0,0,0,0,0,0,15.311556007057597,25.7967438,89.5446589
342,2,4277000.0,891.0,Rajarhat,2,1,West,4.0,5.0,0,0,0,0,0,3.0,2,0,0,1,1,1,1,1,1,0,0,0,0,0,0,15.268762621017762,25.7967438,89.5446589
343,2,4536000.0,945.0,Rajarhat,2,1,West,4.0,5.0,0,0,0,0,0,3.0,2,0,0,1,1,1,1,1,1,0,0,0,0,0,0,15.327556344848254,25.7967438,89.5446589
344,3,10500000.0,1160.0,"Adarsha Nagar, Kolkata",2,1,North-East,5.0,7.0,0,0,0,0,0,7.5,2,0,4,1,1,1,1,1,1,1,1,1,1,0,0,16.166885910365842,22.5008759,88.3739602
345,4,45000000.0,2799.0,"Tollygunge, Kolkata",5,3,Missing,11.0,29.0,0,0,0,0,0,-1.67,2,0,6,1,0,0,0,0,0,0,1,1,1,0,0,17.622173069956816,22.498636,88.3453908
346,3,7000000.0,1210.0,"Baruipur, South 24 Parganas",2,1,South-East,8.0,14.0,0,0,0,0,0,3.0,2,0,3,1,1,1,1,1,1,1,1,0,1,0,0,15.76142084987672,22.3606792,88.4322502
347,3,25000000.0,1389.0,"Mukundapur, Kolkata",2,2,South-East,30.0,46.0,0,0,0,1,0,7.5,2,0,2,1,1,1,1,1,1,1,1,0,1,0,0,17.034386422832473,22.4956263,88.398449
348,2,5300000.0,862.0,"New Town, Kolkata",2,1,East,3.0,4.0,0,0,0,0,0,7.5,2,2,0,1,1,1,1,1,1,1,0,0,0,0,0,15.483217567201578,22.5959131,88.4878653
349,2,9500000.0,1242.0,"Rajarhat, North 24 Parganas",2,1,East,2.0,13.0,0,0,1,0,0,7.5,2,2,0,1,1,1,1,1,1,1,1,0,0,0,0,16.066802461833923,22.6286173,88.44061
350,3,7200000.0,560.0,"Golabari, Howrah,",2,1,North-West,2.0,5.0,0,0,1,0,0,3.0,0,0,0,0,1,1,0,1,1,0,0,0,0,0,0,15.789591722875162,22.5932398,88.3441315
351,2,8000000.0,1022.0,"New Town, Kolkata",2,1,North,3.0,5.0,0,0,0,0,0,7.5,2,2,4,1,1,0,1,0,0,1,1,0,1,0,0,15.894952224644102,22.5959131,88.4878653
352,2,5100000.0,996.0,Rajarhat,2,1,West,2.0,7.0,0,0,0,0,0,3.0,2,0,2,1,0,1,1,1,1,0,1,0,1,0,0,15.444751293772969,25.7967438,89.5446589
353,4,16700000.0,3540.0,Rajarhat,5,3,North,,,0,0,0,1,0,3.0,2,0,3,1,1,1,0,1,1,1,1,0,1,0,0,16.630919337267223,25.7967438,89.5446589
354,3,12000000.0,2500.0,Rajarhat,3,3,South-West,2.0,4.0,0,0,0,1,0,7.5,2,0,3,1,1,1,0,1,1,1,1,0,1,0,0,16.300417291085605,25.7967438,89.5446589
355,3,5764000.0,1441.0,"Airport, Dum Dum",3,2,Missing,2.0,4.0,0,0,0,0,0,-1.0,2,0,0,0,0,0,0,0,0,0,0,0,0,0,0,15.567142409592169,13.0479657,77.6452691
356,3,4126000.0,1115.0,"Airport, Dum Dum",2,1,South-East,1.0,4.0,0,0,0,0,0,3.0,2,0,0,1,1,1,1,1,1,1,1,0,0,0,0,15.232819214978791,13.0479657,77.6452691
357,2,3000000.0,740.0,"Baruipur, South 24 Parganas",2,1,East,2.0,4.0,0,0,0,0,0,3.0,2,0,1,1,0,0,0,0,0,1,1,0,1,0,0,14.914123179965662,22.3606792,88.4322502
358,3,5300000.0,1125.0,"Garia, Kolkata",2,1,North-East,4.0,4.0,0,0,0,0,0,7.5,2,0,2,1,1,1,0,1,0,1,1,0,1,0,0,15.483217567201578,22.4727076,88.3977962
359,3,10200000.0,1350.0,Rajarhat,2,1,South-East,10.0,10.0,0,0,0,0,0,0.5,2,0,2,1,1,1,1,1,1,1,1,0,1,0,0,16.13789837629371,25.7967438,89.5446589
360,3,7600000.0,1226.0,"Garia, Kolkata",3,1,North-West,15.0,15.0,0,0,0,0,0,3.0,2,0,5,1,1,0,0,0,0,1,1,1,1,0,0,15.843658936835498,22.4727076,88.3977962
361,4,16500000.0,2160.0,"BT Road, North 24 Parganas",3,2,South-East,15.0,25.0,0,0,0,0,0,0.5,2,0,2,1,0,0,1,0,0,1,1,0,1,0,0,16.61887099947687,22.7241945,88.4837829
362,2,4400000.0,918.0,"Baruipur, South 24 Parganas",2,1,South-West,2.0,14.0,0,0,0,0,0,3.0,2,0,7,1,1,1,1,1,1,1,1,1,1,0,0,15.29711532616119,22.3606792,88.4322502
363,3,8600000.0,1349.0,Rajarhat,2,1,South-East,6.0,11.0,0,0,0,0,0,3.0,2,0,3,1,1,1,1,1,1,1,1,0,1,0,0,15.9672728775028,25.7967438,89.5446589
364,3,13500000.0,1290.0,Rajarhat,2,1,South-East,10.0,13.0,0,0,0,0,0,3.0,2,2,3,1,1,1,1,1,1,1,1,0,1,0,0,16.41820031748273,25.7967438,89.5446589
365,2,7200000.0,920.0,Rajarhat,2,1,South,5.0,9.0,0,0,0,0,0,0.5,2,0,2,1,1,1,1,1,1,1,1,0,1,0,0,15.789591722875162,25.7967438,89.5446589
366,3,20000000.0,1415.0,"Salt Lake, Kolkata",2,1,South-East,8.0,25.0,0,0,0,0,0,3.0,2,2,3,1,1,1,1,1,1,1,1,0,1,0,0,16.811242881518265,22.6564623,88.4467245
367,1,5000000.0,560.0,"Action Area 1, Kolkata",1,0,Missing,,,0,0,0,0,0,0.5,0,0,0,0,0,0,0,0,0,0,0,0,0,0,0,15.424948670398354,22.5743093,88.4558557
368,3,13000000.0,1670.0,"New Town, Kolkata",3,2,South-West,7.0,12.0,0,0,0,0,0,3.0,2,0,11,1,1,1,1,1,1,1,1,1,1,0,0,16.380459992348886,22.5959131,88.4878653
369,4,12800000.0,1817.0,"Belgharia, North 24 Parganas",3,1,South-East,9.0,13.0,0,0,0,0,0,3.0,2,1,3,1,0,0,0,0,0,1,1,0,1,0,0,16.36495580701484,22.6656371,88.3980035
370,3,10700000.0,1264.0,"New Town, Kolkata",2,1,South,3.0,12.0,0,0,0,0,0,3.0,2,0,0,1,1,1,1,1,1,1,0,0,0,0,0,16.185754392890075,22.5959131,88.4878653
371,4,18000000.0,2071.0,"BT Road, North 24 Parganas",3,1,South,21.0,25.0,0,0,0,0,0,3.0,2,0,6,1,0,0,1,0,0,1,1,0,1,0,0,16.705882371415992,22.7241945,88.4837829
372,3,11500000.0,1261.0,"New Town, Kolkata",2,1,Missing,9.0,12.0,0,0,0,0,0,0.5,2,2,3,1,1,1,1,1,1,1,1,0,1,0,0,16.257857680289998,22.5959131,88.4878653
373,2,6000000.0,950.0,Santoshpur,2,1,South-East,3.0,5.0,0,0,0,0,0,7.5,0,2,0,0,1,1,0,1,1,0,0,0,0,0,0,15.607270193858982,22.5240566,88.2710655
374,2,6300000.0,980.0,"Action Area 2, Kolkata",2,1,East,3.0,4.0,0,0,0,0,0,0.5,2,0,0,1,1,0,0,1,0,0,0,0,0,0,0,15.656060350091908,22.6202131,88.4681187
375,3,7250000.0,1368.0,"Action Area 2, Kolkata",2,2,South,3.0,4.0,0,0,0,0,0,0.5,2,0,0,1,1,0,0,1,0,0,0,0,0,0,0,15.796512164761882,22.6202131,88.4681187
376,3,11600000.0,1400.0,Rajarhat,3,1,West,6.0,10.0,0,0,0,0,0,0.5,2,0,2,1,1,1,1,1,1,1,1,0,1,0,0,16.266515742283485,25.7967438,89.5446589
377,3,24000000.0,1475.0,"Mukundapur, Kolkata",3,2,North-East,20.0,46.0,0,0,0,0,0,0.5,1,0,6,1,1,1,1,1,1,1,1,1,1,0,0,16.993564429978885,22.4956263,88.398449
378,2,6200000.0,970.0,"Adarsha Nagar, Kolkata",2,1,South-East,1.0,4.0,0,0,0,0,0,12.5,2,0,2,1,1,1,0,1,0,1,1,1,1,0,0,15.64006001130563,22.5008759,88.3739602
379,6,32500000.0,3000.0,"Jodhpur Park, Kolkata",4,3,South,3.0,4.0,0,0,0,0,0,7.5,2,0,1,1,1,1,0,0,0,1,0,0,0,0,0,17.296750678069195,22.5056055,88.363674
380,4,29000000.0,3620.0,"Garia, Kolkata",4,3,North-East,3.0,22.0,0,0,0,1,0,12.5,2,0,6,1,1,1,0,1,1,1,1,1,1,0,0,17.182806422433504,22.4727076,88.3977962
381,2,7500000.0,1027.0,"Nayabad, South 24 Parganas",2,1,South-East,4.0,11.0,0,0,0,0,0,3.0,2,0,4,1,0,1,0,1,0,1,1,1,1,0,0,15.830413711839864,22.477646,88.4399813
382,3,4500000.0,931.0,"Joka, Kolkata South",2,2,Missing,1.0,10.0,0,0,0,0,0,0.5,2,0,4,1,1,0,1,1,1,1,1,1,1,0,0,15.319588176962746,22.4440966,88.3017146
383,3,6900000.0,1278.0,"Baruipur, South 24 Parganas",2,1,North-West,8.0,14.0,1,0,0,0,0,3.0,2,0,9,1,0,0,0,0,0,1,1,1,1,0,0,15.747032114495012,22.3606792,88.4322502
384,3,5600000.0,1225.0,"Garia, Kolkata",2,1,South-East,4.0,4.0,0,0,0,0,0,7.5,2,0,3,1,1,1,0,1,1,1,1,0,1,0,0,15.53827733427679,22.4727076,88.3977962
385,2,3000000.0,799.0,Rajarhat,2,1,Missing,4.0,4.0,0,0,0,0,0,3.0,2,0,0,1,0,0,0,0,0,0,0,0,0,0,0,14.914123179965662,25.7967438,89.5446589
386,3,15300000.0,1551.0,"Dum Dum, Kolkata",2,2,South,1.0,13.0,0,1,1,0,0,0.5,2,2,3,1,1,1,1,1,1,1,1,0,1,0,0,16.54336345172214,22.6546116,88.4249902
387,1,2230000.0,531.0,"Birati, Kolkata",1,1,East,2.0,4.0,0,0,0,0,0,3.0,2,0,0,1,0,0,0,0,0,0,0,0,0,0,0,14.617512591866694,22.6546116,88.4249902
388,3,5200000.0,1060.0,"Serampore, Hooghly",2,1,North-East,8.0,29.0,0,0,0,0,0,0.5,2,0,2,1,1,1,1,1,1,1,1,0,1,0,0,15.46416937585933,22.7549951,88.3416672
389,3,16500000.0,1373.0,"EM Bypass, Kolkata South",2,2,North-East,12.0,17.0,0,0,0,0,0,3.0,2,0,3,1,1,1,1,1,1,1,1,0,1,0,0,16.61887099947687,22.4690721,88.3912838
390,3,11399999.999999998,1360.0,"Char Park, Kolkata",2,1,South-West,11.0,11.0,0,0,0,0,0,0.5,2,0,2,1,1,1,1,1,1,1,1,0,1,0,0,16.249124001084017,22.578579,88.3551327
391,3,10700000.0,1650.0,"Garia, Kolkata",2,1,East,1.0,4.0,0,1,0,0,0,7.5,2,1,3,1,1,1,1,1,1,0,1,0,1,0,0,16.185754392890075,22.4727076,88.3977962
392,4,21000000.0,2850.0,"Moore Avenue, Tollygunge",4,2,South-East,1.0,4.0,0,0,0,0,0,12.5,2,2,2,1,1,1,0,0,0,0,0,1,0,0,0,16.860033043306743,22.4933548,88.3433104
393,1,15000000.0,970.0,"New Town, Kolkata",1,1,South-East,11.0,23.0,0,0,0,0,0,0.5,2,2,10,1,1,1,1,1,1,1,1,1,1,0,0,16.52356082573315,22.5959131,88.4878653
394,3,16500000.0,2054.0,"New Town, Kolkata",3,2,Missing,11.0,33.0,0,0,0,0,0,3.0,2,0,11,1,1,1,1,1,1,1,1,1,1,0,0,16.61887099947687,22.5959131,88.4878653
395,3,9500000.0,1255.0,"Char Park, Kolkata",2,2,West,3.0,11.0,0,0,0,0,0,0.5,2,0,2,1,1,1,1,1,1,1,1,0,1,0,0,16.066802461833923,22.578579,88.3551327
396,2,3705000.0,950.0,"Airport, Dum Dum",2,1,South-West,2.0,5.0,0,0,0,0,0,0.5,2,0,0,1,0,0,0,0,0,0,0,0,0,0,0,15.12519408661782,13.0479657,77.6452691
397,2,3825000.0,805.0,"Airport, Dum Dum",2,1,South-East,4.0,5.0,0,0,0,0,0,0.5,2,0,0,1,0,0,0,0,0,0,0,0,0,0,0,15.157069286680647,13.0479657,77.6452691
398,3,5900000.0,1000.0,"Joka, Kolkata South",2,1,West,13.0,15.0,0,0,0,0,0,3.0,2,0,2,1,0,0,1,0,0,1,0,1,1,0,0,15.59046307836746,22.4440966,88.3017146
399,3,6600000.0,1128.0,"Joka, Kolkata South",2,3,East,3.0,15.0,0,0,0,0,0,3.0,2,0,2,1,0,0,1,0,0,1,0,1,1,0,0,15.702580358511794,22.4440966,88.3017146
400,3,13700000.000000002,1551.0,"Dum Dum, Kolkata",2,2,South,5.0,13.0,0,0,0,0,0,3.0,2,0,4,1,0,0,1,0,0,1,1,0,1,0,0,16.432906463791053,22.6546116,88.4249902
401,2,6000000.0,1010.0,Rajarhat,2,1,East,8.0,11.0,0,0,0,0,0,3.0,2,0,8,1,1,1,1,1,1,1,1,1,1,0,0,15.607270193858982,25.7967438,89.5446589
402,2,5100000.0,1158.0,Rajarhat,2,2,East,1.0,7.0,0,0,0,0,0,3.0,2,0,8,1,1,1,1,1,1,1,1,1,1,0,0,15.444751293772969,25.7967438,89.5446589
403,3,9200000.0,1474.0,Rajarhat,2,1,South,6.0,9.0,0,0,0,0,0,3.0,2,0,8,1,1,1,1,1,1,1,1,1,1,0,0,16.034714150714915,25.7967438,89.5446589
404,3,12300000.0,1369.0,"New Town, Kolkata",2,1,South,4.0,12.0,0,0,0,0,0,3.0,2,0,6,1,1,0,0,0,0,1,1,0,1,0,0,16.325109901643454,22.5959131,88.4878653
405,3,9400000.0,1260.0,"Char Park, Kolkata",2,1,South-West,3.0,11.0,0,0,0,0,0,0.5,2,0,2,1,1,1,1,1,1,1,1,0,1,0,0,16.056220353623207,22.578579,88.3551327
406,2,6000000.0,971.0,Rajarhat,2,1,East,10.0,10.0,0,0,0,0,0,0.5,2,0,4,1,0,0,0,1,1,1,1,0,1,0,0,15.607270193858982,25.7967438,89.5446589
407,4,17500000.0,1493.0,"Ballygunge, Kolkata",3,1,South-East,2.0,4.0,0,0,0,1,0,0.5,2,0,3,1,0,1,1,0,1,1,0,1,0,0,0,16.677711496036597,22.5280337,88.3659084
408,3,6300000.0,1326.0,"Behala Chowrasta, Kolkata",2,2,East,2.0,11.0,0,0,0,0,0,7.5,2,2,5,1,1,1,1,1,1,1,1,1,1,0,0,15.656060350091908,22.4873548,88.3133794
409,2,4100000.0,1052.0,"Sarsuna, Kolkata",2,1,South-East,8.0,11.0,0,0,0,0,0,7.5,2,0,5,1,1,1,1,1,1,1,1,1,1,0,0,15.226497775576943,22.4809986,88.284838
410,2,5500000.0,940.0,"Joka, Kolkata South",2,1,South-West,4.0,14.0,0,0,0,0,0,3.0,2,0,7,1,1,1,1,1,1,1,1,1,1,0,0,15.520258832020865,22.4440966,88.3017146
411,2,5500000.0,940.0,"Joka, Kolkata South",2,1,South,4.0,14.0,0,0,0,0,0,3.0,2,0,7,1,1,1,1,1,1,1,1,1,1,0,0,15.520258832020865,22.4440966,88.3017146
412,2,5200000.0,890.0,"Joka, Kolkata South",2,2,North-East,12.0,14.0,0,0,0,0,0,3.0,2,0,7,1,1,1,1,1,1,1,1,1,1,0,0,15.46416937585933,22.4440966,88.3017146
413,3,8700000.0,1412.0,"Behala, Kolkata",2,2,South-East,1.0,5.0,0,0,0,0,0,7.5,2,2,2,1,1,1,1,1,1,0,0,1,0,0,0,15.978833698567334,22.501572,88.3209435
414,2,3000000.0,839.0,"Garia, Kolkata",2,1,South-East,1.0,2.0,1,0,0,0,0,0.5,2,0,0,0,0,1,1,0,0,0,0,1,0,0,0,14.914123179965662,22.4727076,88.3977962
415,3,4448000.0,1055.0,"New Town, Kolkata",2,1,South-East,2.0,4.0,0,0,0,0,0,3.0,2,0,0,1,1,1,0,0,1,0,0,0,0,0,0,15.307965339732672,22.5959131,88.4878653
416,3,8500000.0,1298.0,"Kalikapur, Kolkata",2,1,South-West,3.0,4.0,0,0,0,0,0,3.0,2,0,0,1,1,1,1,1,1,1,1,0,0,0,0,15.955576839107596,22.5053017,88.4009957
417,2,5100000.0,860.0,"Joka, Kolkata South",2,2,North,4.0,15.0,0,0,0,0,0,3.0,2,0,2,1,0,0,1,0,0,1,0,0,1,1,0,15.444751293772969,22.4440966,88.3017146
418,2,8500000.0,1000.0,"Sarat Bose Road, Kolkata",2,1,South-West,3.0,8.0,0,0,0,0,0,12.5,2,0,4,1,1,1,0,0,0,0,0,1,1,0,0,15.955576839107596,22.5363513,88.3542021
419,3,4500000.0,1200.0,"Airport, Dum Dum",2,2,South-East,1.0,4.0,0,0,0,0,0,12.5,2,0,0,0,0,0,0,0,0,0,0,0,0,0,0,15.319588176962746,13.0479657,77.6452691
420,2,5088000.0,960.0,"Action Area 2, Kolkata",2,1,East,2.0,4.0,0,0,0,0,0,0.5,2,0,0,1,1,0,0,1,1,0,0,0,0,0,0,15.442395580542955,22.6202131,88.4681187
421,3,8500000.0,764.0,"BT Road, North 24 Parganas",2,1,South-East,2.0,11.0,0,0,0,0,0,3.0,0,0,3,1,1,1,1,1,1,1,1,0,1,0,0,15.955576839107596,22.7241945,88.4837829
422,4,25000000.0,2452.0,"Adarsha Nagar, Kolkata",4,1,North-West,18.0,19.0,0,0,0,0,0,3.0,2,0,6,1,1,1,1,1,1,1,1,1,1,0,0,17.034386422832473,22.5008759,88.3739602
423,3,21100000.0,1985.0,"Adarsha Nagar, Kolkata",3,1,South,16.0,19.0,0,0,0,0,0,3.0,2,0,6,1,1,1,1,1,1,1,1,1,1,0,0,16.86478364583966,22.5008759,88.3739602
424,3,5500000.0,1150.0,Rajarhat,2,1,North,3.0,5.0,0,0,0,0,0,3.0,2,0,2,1,1,1,1,1,1,1,1,0,1,0,0,15.520258832020865,25.7967438,89.5446589
425,4,17000000.0,3500.0,Rajarhat,4,2,North-West,3.0,4.0,0,0,0,0,0,3.0,2,0,5,1,1,1,1,1,1,1,1,1,1,0,0,16.648723960844016,25.7967438,89.5446589
426,2,7700000.0,910.0,"BT Road, North 24 Parganas",2,1,South-East,3.0,24.0,0,0,0,0,0,3.0,2,0,5,1,1,1,1,1,1,1,1,1,1,0,0,15.856731016694036,22.7241945,88.4837829
427,4,24500000.0,1235.0,"New Town, Kolkata",4,2,South-West,16.0,20.0,0,1,0,0,0,3.0,0,0,10,1,0,0,0,0,0,1,1,1,1,0,0,17.01418371633128,22.5959131,88.4878653
428,4,22000000.0,2621.0,"Adarsha Nagar, Kolkata",4,3,South-East,4.0,22.0,0,0,0,0,0,3.0,2,0,6,1,0,0,0,0,0,1,1,1,1,0,0,16.906553056777135,22.5008759,88.3739602
429,3,12000000.0,1328.0,"EM Bypass, Kolkata South",2,1,North,10.0,27.0,0,0,0,0,0,12.5,2,1,6,1,1,1,0,1,1,1,1,1,1,1,0,16.300417291085605,22.4690721,88.3912838
430,3,7500000.0,1404.0,"Fartabad, Garia",2,2,North-East,4.0,4.0,0,0,0,0,0,7.5,0,0,3,1,1,1,0,1,0,0,1,1,1,0,0,15.830413711839864,22.4662345,88.4025921
431,2,6300000.0,1145.0,"Barrackpur-II, North 24 Parganas",2,3,North-West,3.0,6.0,0,1,0,0,0,3.0,2,0,10,1,1,1,1,1,1,1,1,1,1,0,0,15.656060350091908,22.9500602,88.4587242
432,2,6500000.0,1175.0,"Barrackpur-II, North 24 Parganas",2,3,South-East,5.0,6.0,0,1,0,0,0,3.0,2,0,10,1,1,1,1,1,1,1,1,1,1,0,0,15.687312888712007,22.9500602,88.4587242
433,2,5700000.0,1022.0,"Barrackpur-II, North 24 Parganas",2,3,North-East,2.0,6.0,0,0,0,0,0,3.0,2,0,9,1,1,1,1,1,1,1,1,1,1,0,0,15.55597690824336,22.9500602,88.4587242
434,3,5200000.0,1437.0,Panihati,2,1,South-West,4.0,9.0,0,0,0,0,0,7.5,2,1,0,1,1,1,1,1,1,0,0,0,0,0,0,15.46416937585933,22.6950342,88.4073585
435,3,7400000.0,1225.0,"EM Bypass, Kolkata South",2,1,South-East,1.0,4.0,0,0,0,0,0,12.5,2,0,5,1,1,1,0,0,0,1,1,1,1,0,0,15.816990693309524,22.4690721,88.3912838
436,3,6906000.0,1303.0,"Action Area 2, Kolkata",2,2,South-West,1.0,4.0,0,0,0,0,0,0.5,2,0,0,1,1,0,0,1,0,0,0,0,0,0,0,15.747901301733686,22.6202131,88.4681187
437,3,12000000.0,1765.0,"Garia, Kolkata",2,2,South-West,5.0,10.0,0,0,0,0,0,12.5,2,0,2,1,1,0,0,0,0,1,1,0,1,0,0,16.300417291085605,22.4727076,88.3977962
438,2,3529999.9999999995,954.0,Rajarhat,2,1,South-East,4.0,4.0,0,0,0,0,0,0.5,2,0,1,1,0,1,1,1,1,0,0,1,1,0,0,15.076808712195556,25.7967438,89.5446589
439,4,24500000.0,2945.0,"Survey Park, Santoshpur",4,2,South-West,9.0,13.0,1,0,0,0,0,12.5,2,0,5,1,1,0,0,1,1,1,1,1,1,0,0,17.01418371633128,22.4922238,88.3922906
440,4,34000000.0,2800.0,"Tollygunge, Kolkata",3,1,South,17.0,17.0,0,0,0,1,0,3.0,2,0,5,1,1,1,1,1,1,1,1,1,1,0,0,17.341871111992198,22.498636,88.3453908
441,1,2256000.0,480.0,"North Dum Dum, Kolkata",1,1,South,4.0,7.0,0,0,0,0,0,0.5,2,0,5,1,1,1,0,1,0,1,1,0,1,0,0,14.6291043348624,22.6344962,88.4157144
442,2,2250000.0,750.0,"Amarabati, Sodepur",2,1,South-West,4.0,4.0,0,0,0,0,0,3.0,2,0,0,1,1,1,1,0,1,0,0,0,0,0,0,14.626441218624947,22.6993196,88.3896675
443,4,55000000.0,3200.0,"Ballygunge, Kolkata",4,3,East,1.0,4.0,1,0,0,1,0,12.5,1,0,5,1,1,1,1,1,0,1,1,1,1,0,0,17.822843761378564,22.5280337,88.3659084
444,2,5500000.0,1158.0,Rajarhat,2,2,East,6.0,7.0,0,0,0,0,0,3.0,2,0,8,1,1,1,1,1,1,1,1,1,1,0,0,15.520258832020865,25.7967438,89.5446589
445,3,5700000.0,1160.0,Kamalgazi,2,1,Missing,3.0,4.0,0,0,0,0,0,3.0,2,0,2,1,1,1,1,1,1,0,0,1,0,0,0,15.55597690824336,22.4495236,88.3955392
446,2,6200000.0,920.0,"Garia, Kolkata",2,1,Missing,2.0,4.0,0,0,0,0,0,0.5,2,0,2,1,1,1,1,1,1,0,0,1,0,0,0,15.64006001130563,22.4727076,88.3977962
447,3,8600000.0,1300.0,"Garia, Kolkata",2,2,North-East,2.0,3.0,0,0,0,0,0,3.0,2,0,1,1,0,1,0,1,1,0,0,1,0,0,0,15.9672728775028,22.4727076,88.3977962
448,2,5000000.0,1060.0,"Narendrapur, South 24 Parganas",2,1,South-East,4.0,7.0,0,0,0,0,0,7.5,2,0,5,1,1,1,1,1,1,1,1,1,1,0,0,15.424948670398354,22.4541674,88.4183764
449,2,4310000.0,917.0,"Garia, Kolkata",2,1,South,1.0,4.0,0,0,0,0,0,3.0,2,0,1,1,1,1,1,1,1,0,0,1,0,0,0,15.276448694098464,22.4727076,88.3977962
450,3,12500000.0,1468.0,"Garia, Kolkata",3,1,South,4.0,7.0,0,0,0,0,0,3.0,2,0,4,1,1,1,1,1,1,1,0,1,1,0,0,16.341239282272525,22.4727076,88.3977962
451,2,5550000.0,895.0,"Garia, Kolkata",2,1,West,1.0,4.0,0,0,0,0,0,3.0,2,0,1,1,1,1,1,1,1,0,0,1,0,0,0,15.52930866590278,22.4727076,88.3977962
452,3,5500000.0,1100.0,"Garia, Kolkata",2,1,North-East,1.0,3.0,0,0,0,0,0,3.0,2,0,1,0,0,1,1,1,1,0,0,1,0,0,0,15.520258832020865,22.4727076,88.3977962
453,3,8100000.0,1200.0,"Garia, Kolkata",2,1,South-East,1.0,3.0,0,0,0,0,0,3.0,2,0,1,1,0,1,1,1,1,0,0,1,0,0,0,15.90737474309945,22.4727076,88.3977962
454,2,6700000.0,980.0,"Garia, Kolkata",2,1,East,3.0,3.0,0,0,0,0,0,3.0,2,0,1,1,0,1,1,1,1,0,0,1,0,0,0,15.717618233614914,22.4727076,88.3977962
455,3,5200000.0,1200.0,"Garia, Kolkata",2,1,North-East,1.0,4.0,0,0,0,0,0,12.5,2,0,2,1,1,1,1,1,1,0,0,1,1,0,0,15.46416937585933,22.4727076,88.3977962
456,3,7600000.0,1680.0,"Garia, Kolkata",2,1,North-East,2.0,4.0,0,0,0,0,0,3.0,2,0,1,1,0,1,1,1,1,0,0,1,0,0,0,15.843658936835498,22.4727076,88.3977962
457,3,5200000.0,1338.0,"Narendrapur, South 24 Parganas",2,1,South-East,1.0,5.0,0,0,0,0,0,7.5,2,0,5,1,1,1,1,1,1,1,1,1,1,0,0,15.46416937585933,22.4541674,88.4183764
458,2,5700000.0,1060.0,"Narendrapur, South 24 Parganas",2,1,South,3.0,5.0,0,0,0,0,0,7.5,2,2,3,1,1,1,1,1,1,1,1,1,1,0,0,15.55597690824336,22.4541674,88.4183764
459,3,6800000.0,1280.0,"Fartabad, Garia",2,1,North-East,4.0,4.0,0,0,0,0,0,7.5,2,2,7,1,0,0,0,0,0,1,1,1,1,0,0,15.732433317205148,22.4662345,88.4025921
460,4,5180000.0,1400.0,"Garia, Kolkata",4,2,South-East,1.0,3.0,1,0,0,0,0,3.0,2,0,1,1,0,1,1,1,0,0,0,1,0,0,0,15.46031580728584,22.4727076,88.3977962
461,3,6700000.0,1202.0,"Action Area 2, Kolkata",2,1,South-West,4.0,4.0,0,0,0,0,0,3.0,2,0,0,1,1,1,1,1,1,1,1,0,0,0,0,15.717618233614914,22.6202131,88.4681187
462,3,8600000.0,1250.0,"Action Area 1, Kolkata",2,1,South-West,4.0,4.0,0,0,0,0,0,3.0,2,0,0,1,1,0,1,1,1,0,0,0,0,0,0,15.9672728775028,22.5743093,88.4558557
463,3,10300000.0,1341.0,"Action Area 1, Kolkata",2,1,South-East,1.0,4.0,0,0,0,0,0,3.0,2,0,0,1,1,0,1,1,1,0,0,0,0,0,0,16.14765455028724,22.5743093,88.4558557
474,3,6919000.0,1193.0,"Kalikapur, Kolkata",2,1,South-West,2.0,3.0,0,0,0,0,0,0.5,2,0,2,1,1,1,1,0,0,1,0,1,0,0,0,15.749781953010494,22.5053017,88.4009957
475,3,5200000.0,1111.0,"Nayabad, South 24 Parganas",2,1,North-East,3.0,3.0,0,0,0,0,0,3.0,2,0,2,1,1,1,1,0,0,0,0,1,0,0,0,15.46416937585933,22.477646,88.4399813
477,3,7800000.0,1300.0,"Kalikapur, Kolkata",2,1,South-East,2.0,3.0,0,0,0,0,0,3.0,2,0,2,1,1,1,1,0,0,1,0,1,0,0,0,15.86963441986494,22.5053017,88.4009957
479,3,7041000.0,1214.0,"Santoshpur, South 24 Parganas",2,1,South-East,1.0,3.0,0,0,0,0,0,3.0,2,0,2,1,1,1,1,0,0,0,0,1,0,0,0,15.76726090552654,22.5240566,88.2710655
480,2,2400000.0,600.0,"Bally, Howrah",2,1,South,3.0,4.0,0,0,0,0,0,12.5,0,0,0,0,0,1,0,0,0,0,0,0,0,0,0,14.690979711984754,22.6469581,88.343612
481,2,7000000.0,842.0,"BT Road, North 24 Parganas",2,1,South,4.0,24.0,0,0,0,0,0,0.5,2,0,5,1,1,1,1,1,1,1,1,1,1,0,0,15.76142084987672,22.7241945,88.4837829
482,2,7400000.0,896.0,"BT Road, North 24 Parganas",2,1,North,14.0,24.0,0,0,0,0,0,3.0,2,0,6,1,1,1,1,1,1,1,1,1,1,0,0,15.816990693309524,22.7241945,88.4837829
483,3,23000000.0,1770.0,"New Town, Kolkata",3,2,North-East,15.0,29.0,0,0,0,0,0,0.5,2,0,3,1,1,1,1,1,1,1,1,0,1,0,0,16.951004817371683,22.5959131,88.4878653
484,3,16700000.0,2185.0,"New Town, Kolkata",4,3,East,3.0,21.0,0,0,0,1,0,3.0,2,0,4,1,1,1,1,1,1,1,1,0,1,0,0,16.630919337267223,22.5959131,88.4878653
485,2,6600000.0,972.0,"Garia, Kolkata",2,1,North-West,4.0,4.0,0,0,0,0,0,7.5,2,2,6,1,1,1,1,1,1,1,1,1,1,0,0,15.702580358511794,22.4727076,88.3977962
486,2,10000000.0,1464.0,"New Town, Kolkata",2,2,North-East,6.0,21.0,0,0,0,0,0,3.0,2,0,4,1,1,1,1,1,1,1,1,0,1,0,0,16.118095750958314,22.5959131,88.4878653
487,3,7000000.0,1320.0,"Santoshpur, South 24 Parganas",2,2,South-East,1.0,3.0,0,0,0,0,0,3.0,2,2,0,1,1,1,0,0,1,0,0,1,0,0,0,15.76142084987672,22.5240566,88.2710655
488,3,5200000.0,1040.0,"Serampore, Hooghly",2,1,South-East,23.0,26.0,0,0,0,0,0,0.5,2,1,7,1,1,1,1,1,1,1,1,1,1,0,0,15.46416937585933,22.7549951,88.3416672
489,2,5800000.0,1054.0,"Madhyamgram, North 24 Parganas",2,1,South,6.0,6.0,0,0,0,0,0,0.5,2,0,4,1,1,1,1,1,1,1,1,0,1,0,0,15.573368647930426,22.6947839,88.4530183
490,2,5300000.0,1056.0,"Madhyamgram, North 24 Parganas",2,1,East,6.0,6.0,0,0,0,0,0,0.5,2,0,4,1,1,1,1,1,1,1,1,0,1,0,0,15.483217567201578,22.6947839,88.4530183
491,2,5300000.0,1023.0,"Madhyamgram, North 24 Parganas",2,1,North,5.0,6.0,0,0,0,0,0,0.5,2,0,4,1,1,1,1,1,1,1,1,0,1,0,0,15.483217567201578,22.6947839,88.4530183
492,3,4300000.0,1108.0,"Baruipur, South 24 Parganas",2,1,East,2.0,4.0,1,0,0,0,0,0.5,2,0,7,1,1,1,0,1,1,1,1,1,1,0,0,15.274125813221904,22.3606792,88.4322502
493,2,3700000.0,820.0,"Baruipur, South 24 Parganas",2,1,North,2.0,4.0,1,0,0,0,0,3.0,2,0,8,1,1,1,0,0,1,1,1,1,1,0,0,15.123843647884687,22.3606792,88.4322502
494,3,7500000.0,1264.0,"EM Bypass, Kolkata South",2,1,South-East,8.0,15.0,0,0,0,0,0,0.5,2,2,3,1,0,0,1,0,0,1,1,0,1,0,0,15.830413711839864,22.4690721,88.3912838
496,4,30000000.0,4500.0,"EM Bypass, Kolkata South",4,3,North-West,22.0,27.0,0,0,0,0,0,7.5,2,2,2,1,0,0,0,0,0,0,1,0,0,0,0,17.216707972959764,22.4690721,88.3912838
497,2,3800000.0,890.0,Rajarhat,2,1,South-West,4.0,5.0,0,0,0,0,0,3.0,0,0,3,1,1,1,0,1,1,1,1,0,1,0,0,15.150511887854474,25.7967438,89.5446589
498,3,6000000.0,1260.0,"EM Bypass, Kolkata South",3,1,South-East,1.0,4.0,0,0,0,0,0,12.5,2,0,4,1,1,0,0,0,0,1,0,1,1,0,0,15.607270193858982,22.4690721,88.3912838
499,2,7200000.0,1105.0,"Kasba, Kolkata",2,1,South,2.0,4.0,0,0,0,0,0,0.5,2,0,5,1,1,1,1,0,1,1,0,1,1,0,0,15.789591722875162,22.5044355,88.3721663
500,3,17000000.0,1479.0,"Tollygunge, Kolkata",2,2,South-East,9.0,17.0,0,0,0,0,0,3.0,1,0,6,1,1,1,1,1,1,1,1,1,1,0,0,16.648723960844016,22.498636,88.3453908
501,3,7900000.0,1567.0,Rajarhat,3,1,West,3.0,7.0,0,0,0,0,0,3.0,2,0,5,1,1,1,1,1,1,1,1,1,1,0,0,15.88237344401952,25.7967438,89.5446589
502,3,9500000.0,1250.0,"Char Park, Kolkata",2,2,North-East,4.0,11.0,0,0,0,0,0,0.5,2,0,2,1,1,1,1,1,1,1,1,0,1,0,0,16.066802461833923,22.578579,88.3551327
503,3,9600000.0,1144.0,"New Town, Kolkata",2,1,South,10.0,12.0,0,0,0,0,0,3.0,2,0,3,1,0,0,0,0,0,1,1,0,1,0,0,16.077273760604726,22.5959131,88.4878653
504,2,7900000.0,952.0,"BT Road, North 24 Parganas",2,1,East,14.0,25.0,0,0,0,0,0,3.0,2,0,3,1,0,0,1,0,0,1,1,0,1,0,0,15.88237344401952,22.7241945,88.4837829
505,2,4200000.0,1000.0,"BT Road, North 24 Parganas",2,1,South-West,4.0,4.0,0,0,1,0,0,12.5,2,1,3,1,1,0,0,0,1,0,0,1,0,0,0,15.250595321348806,22.7241945,88.4837829
506,3,9500000.0,1480.0,"CE Block, New Town",3,2,South-East,4.0,4.0,0,0,0,0,0,3.0,2,0,0,1,1,1,1,1,1,1,1,0,0,0,0,16.066802461833923,22.5758538,88.4586199
507,3,10200000.0,1480.0,"Action Area 1, Kolkata",3,3,South-East,4.0,4.0,0,0,0,0,0,3.0,2,0,0,1,1,1,1,1,1,1,1,0,0,0,0,16.13789837629371,22.5743093,88.4558557
508,2,5900000.0,989.0,"Madhyamgram, North 24 Parganas",2,1,North,5.0,6.0,0,0,0,0,0,3.0,2,0,6,1,1,1,1,1,1,1,1,1,1,0,0,15.59046307836746,22.6947839,88.4530183
509,3,8500000.0,1250.0,"Action Area 1, Kolkata",2,1,South-East,1.0,4.0,0,0,0,0,0,3.0,2,0,0,1,1,0,1,0,0,0,0,0,0,0,0,15.955576839107596,22.5743093,88.4558557
510,2,6300000.0,891.0,"EM Bypass, Kolkata South",2,1,West,2.0,16.0,0,0,0,0,0,3.0,2,0,3,1,1,0,1,1,1,1,1,0,1,0,0,15.656060350091908,22.4690721,88.3912838
511,2,5083000.0,959.0,"Action Area II, New Town",2,1,North-East,4.0,5.0,0,0,0,0,0,3.0,2,0,0,1,1,1,1,1,1,1,0,0,0,0,0,15.441412393163231,22.6129078,88.4665536
512,3,10000000.0,1300.0,"Lake Town, Kolkata",2,1,Missing,1.0,4.0,0,0,0,0,0,3.0,0,0,0,0,0,0,0,0,0,0,0,0,0,0,0,16.118095750958314,22.6001077,88.4066981
513,2,4500000.0,979.0,"Nayabad, South 24 Parganas",2,1,South-West,2.0,3.0,0,0,0,0,0,3.0,2,0,3,1,1,1,0,0,0,0,0,1,0,0,0,15.319588176962746,22.477646,88.4399813
514,3,11000000.0,1454.0,"EM Bypass, Kolkata South",2,1,West,7.0,20.0,0,0,0,0,0,3.0,2,1,5,1,1,1,1,1,1,1,1,1,1,0,0,16.213405921671733,22.4690721,88.3912838
515,2,3208000.0,867.0,Rajarhat,2,1,North,2.0,4.0,0,0,0,0,0,0.5,2,0,1,1,0,1,1,1,1,0,0,1,1,0,0,14.981158559689192,25.7967438,89.5446589
516,2,3547999.9999999995,959.0,Rajarhat,2,1,North-East,4.0,4.0,0,0,0,0,0,0.5,2,0,1,1,0,1,1,1,1,0,0,1,1,0,0,15.081894904260496,25.7967438,89.5446589
517,2,3254999.9999999995,1050.0,Panihati,2,1,South-East,1.0,4.0,0,0,1,0,0,3.0,2,0,0,1,1,1,1,1,1,0,0,0,0,0,0,14.99570314084442,22.6950342,88.4073585
518,2,3013000.0,837.0,"Airport, Dum Dum",2,1,South-East,5.0,5.0,0,0,0,0,0,0.5,2,0,0,1,0,0,0,0,0,0,0,0,0,0,0,14.918447150007504,13.0479657,77.6452691
519,3,11500000.0,1264.0,"EM Bypass, Kolkata South",3,1,South-East,14.0,27.0,0,0,0,0,0,3.0,2,0,6,1,1,1,1,1,1,1,1,1,1,1,0,16.257857680289998,22.4690721,88.3912838
520,2,2800000.0,730.0,"Behala Chowrasta, Kolkata",2,1,Missing,3.0,3.0,0,0,0,0,0,12.5,2,2,1,1,1,0,0,0,0,0,0,0,0,0,0,14.845130332288226,22.4873548,88.3133794
521,3,7547000.0,1424.0,"Narendrapur, South 24 Parganas",2,1,South,7.0,20.0,1,0,0,0,0,3.0,2,0,4,1,1,0,0,0,0,1,1,0,1,0,0,15.83666082376998,22.4541674,88.4183764
522,3,7120000.0,1424.0,"Narendrapur, South 24 Parganas",2,1,South-West,7.0,19.0,0,0,0,0,0,3.0,2,0,4,1,1,1,1,1,1,1,1,0,1,0,0,15.778418423837588,22.4541674,88.4183764
523,3,6888000.0,1379.0,"Narendrapur, South 24 Parganas",2,2,South-East,13.0,19.0,0,0,0,0,0,3.0,2,0,4,1,1,1,1,1,1,1,1,0,1,0,0,15.745291470269716,22.4541674,88.4183764
524,2,5858000.0,1011.0,"Narendrapur, South 24 Parganas",2,1,South-East,9.0,9.0,0,0,0,0,0,3.0,2,0,4,1,1,0,0,1,1,0,0,1,0,0,0,15.583318977076528,22.4541674,88.4183764
525,3,6500000.0,1049.0,"Nayabad, South 24 Parganas",2,1,North-East,4.0,4.0,0,0,0,0,0,0.5,2,0,3,1,0,0,0,0,0,1,1,1,1,0,0,15.687312888712007,22.477646,88.4399813
526,3,6000000.0,1223.0,"Nayabad, South 24 Parganas",3,1,South-West,2.0,3.0,0,0,0,0,0,3.0,2,0,2,1,1,0,0,0,0,1,0,1,0,0,0,15.607270193858982,22.477646,88.4399813
527,3,8600000.0,889.0,"BT Road, North 24 Parganas",2,1,South,15.0,24.0,0,0,0,0,0,3.0,0,0,5,1,1,1,1,1,1,1,1,1,1,0,0,15.9672728775028,22.7241945,88.4837829
528,2,2450000.0,827.0,"New Barrackpur, North 24 Parganas",2,1,South-East,3.0,4.0,0,0,1,0,0,3.0,2,1,0,1,1,1,1,1,1,0,0,0,0,0,0,14.711598990684092,22.679688,88.4498321
529,2,2250000.0,844.0,"New Barrackpur, North 24 Parganas",2,1,South-East,1.0,4.0,0,0,1,0,0,3.0,2,0,0,1,1,1,1,1,1,0,0,0,0,0,0,14.626441218624947,22.679688,88.4498321
530,3,5500000.0,901.0,"Golabari, Howrah,",2,1,North-East,5.0,14.0,0,0,0,0,0,0.5,1,0,1,1,0,0,0,0,0,0,1,0,0,0,0,15.520258832020865,22.5932398,88.3441315
531,3,5200000.0,901.0,"Golabari, Howrah,",2,1,North-East,7.0,14.0,0,0,0,0,0,0.5,1,0,1,1,1,1,0,1,1,0,1,0,0,0,0,15.46416937585933,22.5932398,88.3441315
532,3,7800000.0,1185.0,"Rajarhat, North 24 Parganas",2,2,South-East,9.0,11.0,0,0,0,0,0,3.0,2,2,3,1,1,1,1,1,1,1,1,0,1,0,0,15.86963441986494,22.6286173,88.44061
533,2,2270000.0,810.0,"New Barrackpur, North 24 Parganas",2,1,South-East,2.0,4.0,0,0,1,0,0,3.0,2,0,0,1,1,1,1,1,1,0,0,0,0,0,0,14.635290829986122,22.679688,88.4498321
534,3,6900000.0,1231.0,"Barrackpur-II, North 24 Parganas",2,3,North-East,1.0,6.0,0,0,0,0,0,3.0,2,0,9,1,1,1,1,1,1,1,1,1,1,0,0,15.747032114495012,22.9500602,88.4587242
535,2,2220000.0,765.0,"New Barrackpur, North 24 Parganas",2,1,South-East,4.0,4.0,0,0,1,0,0,3.0,2,0,0,1,1,1,1,1,1,0,0,0,0,0,0,14.613018204298813,22.679688,88.4498321
536,3,5850000.0,1300.0,"Barrackpur-II, North 24 Parganas",2,1,South-West,2.0,4.0,0,0,1,0,0,0.5,2,0,0,1,0,0,0,0,0,0,0,0,0,0,0,15.581952390148196,22.9500602,88.4587242
537,2,3600000.0,890.0,"Garia, Kolkata",2,1,South-East,1.0,3.0,1,0,0,0,0,3.0,2,0,0,0,0,1,1,1,0,0,0,1,0,0,0,15.096444681204078,22.4727076,88.3977962
538,3,2853000.0,1019.0,"Konnagar, Hooghly",2,1,South-East,1.0,5.0,0,0,0,0,0,0.5,2,0,3,1,1,1,1,1,1,1,1,1,0,0,0,14.863881980703813,22.69972,88.3519784
539,2,2745000.0,915.0,"Konnagar, Hooghly",2,1,South-West,2.0,5.0,0,0,0,0,0,3.0,2,0,2,1,1,1,1,1,1,0,1,1,0,0,0,14.825291997224427,22.69972,88.3519784
540,3,3440999.9999999995,1110.0,"Konnagar, Hooghly",2,1,North,5.0,5.0,0,0,0,0,0,3.0,2,0,2,1,1,1,1,1,1,0,0,1,0,0,0,15.051272975392768,22.69972,88.3519784
541,2,1798999.9999999998,692.0,"Konnagar, Hooghly",2,1,East,2.0,5.0,0,0,0,0,0,3.0,2,0,2,1,1,1,1,1,1,0,0,1,0,0,0,14.402742068796885,22.69972,88.3519784
542,2,2007000.0,772.0,"Konnagar, Hooghly",2,1,West,1.0,5.0,0,0,0,0,0,3.0,2,0,2,1,1,1,1,1,1,0,0,1,0,0,0,14.512152126034454,22.69972,88.3519784
543,2,2077000.0,799.0,"Konnagar, Hooghly",2,1,West,2.0,5.0,0,0,0,0,0,3.0,2,0,2,1,1,1,1,1,1,0,0,1,0,0,0,14.546435584321785,22.69972,88.3519784
544,3,2694000.0,1036.0,"Konnagar, Hooghly",2,2,East,3.0,5.0,0,0,0,0,0,3.0,2,0,2,1,1,1,1,1,1,1,0,1,0,0,0,14.806538007147626,22.69972,88.3519784
545,2,2140000.0,778.0,"Konnagar, Hooghly",2,1,North,5.0,5.0,0,0,0,0,0,3.0,2,0,1,1,1,1,1,1,1,0,0,1,0,0,0,14.576316854287644,22.69972,88.3519784
546,3,2650000.0,1060.0,"Konnagar, Hooghly",2,1,West,2.0,5.0,0,0,0,0,0,3.0,2,0,2,1,1,1,1,1,1,0,0,1,0,0,0,14.790070575320824,22.69972,88.3519784
548,3,7600000.0,1404.0,"Barrackpur-II, North 24 Parganas",3,3,South-West,2.0,6.0,0,0,0,0,0,3.0,2,0,10,1,1,1,1,1,1,1,1,1,1,0,0,15.843658936835498,22.9500602,88.4587242
549,3,4800000.0,1150.0,Rajarhat,2,1,South-West,1.0,5.0,0,0,0,0,0,3.0,0,0,3,1,1,1,0,1,1,1,1,0,1,0,0,15.38412668421143,25.7967438,89.5446589
550,4,21500000.0,1508.0,"Tollygunge, Kolkata",3,3,South,12.0,12.0,0,0,0,0,0,3.0,1,0,5,1,1,1,1,1,1,1,1,1,1,0,0,16.88356353960952,22.498636,88.3453908
552,4,11700000.0,1885.0,"Kalikapur, Kolkata",3,2,East,3.0,4.0,0,0,0,0,0,3.0,2,0,0,1,1,1,1,1,1,1,1,0,0,0,0,16.275099485238066,22.5053017,88.4009957
553,4,11200000.000000002,1874.0,"Kalikapur, Kolkata",3,2,North-West,2.0,4.0,0,0,0,0,0,3.0,2,0,0,1,1,1,1,1,1,1,1,0,0,0,0,16.231424425551033,22.5053017,88.4009957
554,2,2040000.0,680.0,"BT Road, North 24 Parganas",1,1,South-West,2.0,6.0,0,0,0,0,0,0.5,2,0,0,1,1,1,1,0,0,0,1,0,0,0,0,14.528460856016356,22.7241945,88.4837829
555,3,11000000.0,1328.0,"EM Bypass, Kolkata South",3,1,South-West,9.0,27.0,0,0,0,0,0,7.5,2,0,2,1,1,1,0,1,1,1,1,0,0,0,0,16.213405921671733,22.4690721,88.3912838
556,3,5200000.0,1040.0,"Serampore, Hooghly",3,1,South,17.0,29.0,0,0,0,0,0,3.0,0,0,3,1,0,0,0,0,0,0,1,0,1,0,0,15.46416937585933,22.7549951,88.3416672
557,2,3050000.0,870.0,"Narendrapur, South 24 Parganas",2,1,East,2.0,4.0,0,0,0,0,0,3.0,2,0,1,1,1,1,0,0,1,1,0,0,1,0,0,14.930652476452392,22.4541674,88.4183764
558,3,4510000.0,1287.0,"Narendrapur, South 24 Parganas",2,2,East,2.0,4.0,0,0,0,0,0,3.0,2,0,1,1,1,1,0,0,1,1,0,0,1,0,0,15.321807933208326,22.4541674,88.4183764
559,3,4690000.0,1339.0,"Narendrapur, South 24 Parganas",2,2,South-East,1.0,4.0,0,0,0,0,0,3.0,2,0,0,1,1,1,0,0,1,1,0,0,1,0,0,15.360943353642057,22.4541674,88.4183764
560,2,3374000.0,978.0,"Narendrapur, South 24 Parganas",2,1,South,1.0,4.0,0,0,0,0,0,3.0,2,0,1,1,0,0,0,0,0,1,0,0,1,0,0,15.03160983847212,22.4541674,88.4183764
562,3,4550000.0,1339.0,"Narendrapur, South 24 Parganas",3,2,South,4.0,4.0,0,0,0,0,0,0.5,2,0,4,1,0,0,0,0,0,1,0,0,1,0,0,15.330638010707329,22.4541674,88.4183764
563,2,3372000.0,992.0,"Narendrapur, South 24 Parganas",2,1,North,1.0,4.0,0,0,0,0,0,0.5,2,0,1,1,1,1,0,0,1,1,0,0,1,0,0,15.031016894663743,22.4541674,88.4183764
564,2,9000000.0,675.0,"Tollygunge, Kolkata",2,1,South-East,10.0,12.0,0,0,0,0,0,3.0,1,0,5,1,1,1,1,1,1,1,1,1,1,0,0,16.012735246411598,22.498636,88.3453908
565,3,11100000.000000002,1264.0,"EM Bypass, Kolkata South",2,1,North-East,15.0,27.0,0,0,0,0,0,12.5,2,1,6,1,1,1,0,1,1,1,1,1,1,0,0,16.22245575637265,22.4690721,88.3912838
566,3,12000000.0,1751.0,"Action Area 1, Kolkata",3,1,South,2.0,4.0,0,0,0,0,0,3.0,1,0,0,1,1,0,1,1,1,0,0,0,0,0,0,16.300417291085605,22.5743093,88.4558557
567,3,18000000.0,1645.0,"Regent Park, Kolkata",3,1,North,12.0,15.0,0,0,0,0,0,7.5,2,0,4,1,0,0,0,0,1,1,0,1,1,0,0,16.705882371415992,22.4884467,88.3560125
568,4,28500000.0,1501.0,"New Town, Kolkata",5,2,South,7.0,20.0,0,0,0,1,0,3.0,0,0,6,1,0,0,0,0,0,1,1,1,1,0,0,17.1654146803266,22.5959131,88.4878653
569,4,9500000.0,1648.0,"Madhyamgram, North 24 Parganas",3,2,South-West,2.0,6.0,0,0,0,0,0,0.5,2,0,4,1,1,1,1,1,1,1,1,0,1,0,0,16.066802461833923,22.6947839,88.4530183
570,2,5800000.0,1056.0,"Madhyamgram, North 24 Parganas",2,1,North,1.0,6.0,0,0,0,0,0,0.5,2,0,4,1,1,1,1,1,1,1,1,0,1,0,0,15.573368647930426,22.6947839,88.4530183
571,2,2420000.0,834.0,Panihati,2,1,South-East,1.0,4.0,0,0,1,0,0,3.0,2,0,0,1,1,1,1,1,1,0,0,0,0,0,0,14.699278511355924,22.6950342,88.4073585
572,2,2400000.0,750.0,"Airport, Dum Dum",1,0,South-East,5.0,5.0,0,0,0,0,0,3.0,2,0,0,1,0,0,0,0,0,0,0,0,0,0,0,14.690979711984754,13.0479657,77.6452691
573,3,6200000.0,1000.0,"Garia, Kolkata",2,1,East,1.0,4.0,0,0,0,0,0,3.0,2,0,1,1,1,1,1,1,1,0,0,1,0,0,0,15.64006001130563,22.4727076,88.3977962
574,3,7500000.0,1239.0,"Joka, Kolkata South",2,2,North-West,10.0,23.0,0,0,0,0,0,3.0,2,0,5,1,0,0,0,0,0,1,1,1,1,0,0,15.830413711839864,22.4440966,88.3017146
575,3,6450000.0,1128.0,"Joka, Kolkata South",2,3,West,3.0,15.0,0,0,0,0,0,3.0,2,0,5,1,1,1,1,1,1,1,1,1,1,0,0,15.679590843810702,22.4440966,88.3017146
576,2,5000000.0,906.0,"Joka, Kolkata South",2,2,North,3.0,15.0,0,0,0,0,0,3.0,2,0,4,1,0,0,1,0,0,1,0,1,1,0,0,15.424948670398354,22.4440966,88.3017146
577,3,6509999.999999999,1128.0,"Joka, Kolkata South",2,3,South-East,3.0,15.0,0,0,0,0,0,3.0,2,0,5,1,1,1,1,1,1,1,0,1,1,0,0,15.688850167794572,22.4440966,88.3017146
578,3,7500000.0,1528.0,"Joka, Kolkata South",2,3,South,1.0,15.0,0,0,0,0,0,3.0,2,0,5,1,1,1,1,1,1,1,1,1,1,0,0,15.830413711839864,22.4440966,88.3017146
579,3,10500000.0,1545.0,"EM Bypass, Kolkata South",2,2,South-East,2.0,11.0,0,0,0,0,0,7.5,2,0,8,1,1,1,1,1,1,1,1,1,1,0,0,16.166885910365842,22.4690721,88.3912838
580,3,7200000.0,1370.0,"Adarsha Nagar, Kolkata",2,1,South-East,3.0,4.0,0,0,0,0,0,7.5,2,0,2,1,0,0,0,0,0,1,1,0,1,0,0,15.789591722875162,22.5008759,88.3739602
581,2,4000000.0,935.0,"EM Bypass, Kolkata South",2,1,South-West,2.0,4.0,0,0,0,0,0,12.5,2,0,4,1,1,0,1,0,0,1,1,1,1,0,0,15.201805169084134,22.4690721,88.3912838
582,3,10000000.0,1409.0,"Garia, Kolkata",2,1,East,4.0,4.0,0,0,0,0,0,12.5,1,0,4,1,1,1,1,0,0,1,1,1,1,0,0,16.118095750958314,22.4727076,88.3977962
583,3,7500000.0,1344.0,"Joka, Kolkata South",2,1,West,10.0,23.0,0,0,0,0,0,0.5,2,0,2,1,1,1,1,1,1,1,1,0,1,0,0,15.830413711839864,22.4440966,88.3017146
584,2,5100000.0,914.0,"Joka, Kolkata South",2,1,South,5.0,14.0,0,0,0,0,0,3.0,2,0,4,1,1,1,1,1,1,1,1,0,1,0,0,15.444751293772969,22.4440966,88.3017146
585,3,6200000.0,1228.0,"Rajarhat, North 24 Parganas",2,2,North-East,7.0,11.0,0,0,0,0,0,3.0,2,0,3,1,1,1,0,1,1,1,1,0,1,0,0,15.64006001130563,22.6286173,88.44061
586,3,6220000.0,1885.0,"Rajarhat, North 24 Parganas",2,1,Missing,5.0,11.0,0,0,0,0,0,3.0,2,0,3,1,0,0,0,0,0,1,1,0,1,0,0,15.643280625487051,22.6286173,88.44061
587,3,7500000.0,1170.0,Rajarhat,2,1,South-East,8.0,11.0,0,0,0,0,0,3.0,2,1,3,1,1,0,1,1,1,1,1,0,1,0,0,15.830413711839864,25.7967438,89.5446589
588,3,7286000.0,1386.0,"New Town, Kolkata",2,2,South-East,3.0,4.0,0,0,0,0,0,0.5,2,0,0,1,1,0,1,1,1,1,1,0,1,0,0,15.801465393800155,22.5959131,88.4878653
589,2,5300000.0,1008.0,Rajarhat,2,1,South-East,9.0,11.0,0,0,0,0,0,7.5,1,0,3,1,1,1,1,0,1,1,1,0,1,0,0,15.483217567201578,25.7967438,89.5446589
590,2,5100000.0,897.0,Rajarhat,2,1,East,3.0,11.0,0,0,0,0,0,7.5,2,0,3,1,1,0,1,0,0,1,1,0,1,0,0,15.444751293772969,25.7967438,89.5446589
591,2,5280000.0,992.0,Rajarhat,2,1,South,4.0,11.0,0,0,0,0,0,7.5,2,0,3,1,1,0,1,0,0,1,1,0,1,0,0,15.479436845076366,25.7967438,89.5446589
592,2,5150000.0,897.0,Rajarhat,2,1,North-West,10.0,11.0,0,0,0,0,0,7.5,2,0,3,1,1,0,1,0,0,1,1,0,1,0,0,15.454507466814658,25.7967438,89.5446589
593,3,7300000.0,1369.0,"New Town, Kolkata",2,1,South-East,1.0,4.0,0,0,0,0,0,0.5,2,0,2,1,1,1,1,1,1,0,0,1,1,0,0,15.803385043104912,22.5959131,88.4878653
594,2,5100000.0,959.0,"New Town, Kolkata",2,1,North-East,1.0,4.0,0,0,0,0,0,0.5,2,0,2,1,1,1,1,1,1,0,0,1,1,0,0,15.444751293772969,22.5959131,88.4878653
595,2,5160000.0,897.0,Rajarhat,2,1,North,10.0,11.0,0,0,0,0,0,3.0,2,0,4,1,1,0,1,0,0,1,1,0,1,0,0,15.456447331256175,25.7967438,89.5446589
596,2,5140000.0,897.0,Rajarhat,2,1,North-East,5.0,11.0,0,0,0,0,0,3.0,2,0,4,1,1,0,1,0,0,1,1,0,1,0,0,15.452563831983856,25.7967438,89.5446589
597,2,5110000.0,897.0,Rajarhat,2,1,North,4.0,11.0,0,0,0,0,0,3.0,2,0,4,1,1,0,1,0,0,1,1,0,1,0,0,15.446710157874584,25.7967438,89.5446589
598,2,3342000.0,955.0,"Rajarhat, North 24 Parganas",2,2,North-East,4.0,4.0,0,0,0,0,0,3.0,2,0,0,1,1,0,1,1,0,0,0,0,0,0,0,15.022080287359454,22.6286173,88.44061
599,2,2870000.0,820.0,"Rajarhat, North 24 Parganas",2,1,South,3.0,4.0,0,0,0,0,0,3.0,2,0,0,1,1,1,1,1,0,0,0,0,0,0,0,14.869822936167798,22.6286173,88.44061
600,3,3990000.0,1140.0,"Rajarhat, North 24 Parganas",2,1,South-East,1.0,4.0,0,0,0,0,0,3.0,2,0,0,1,0,1,1,1,0,0,0,0,0,0,0,15.19930203949258,22.6286173,88.44061
601,3,7256000.0,1369.0,"New Town, Kolkata",2,2,North,3.0,4.0,0,0,0,0,0,3.0,2,0,6,1,1,1,1,0,0,0,0,1,1,0,0,15.79733940859408,22.5959131,88.4878653
602,2,5088000.0,960.0,"New Town, Kolkata",2,1,South,3.0,4.0,0,0,0,0,0,3.0,2,0,4,1,1,1,1,0,0,0,0,1,1,0,0,15.442395580542955,22.5959131,88.4878653
603,2,5083000.0,959.0,"New Town, Kolkata",2,1,North-West,3.0,4.0,0,0,0,0,0,3.0,2,0,5,1,1,1,1,0,0,0,0,1,1,0,0,15.441412393163231,22.5959131,88.4878653
604,3,6540000.000000001,1234.0,"New Town, Kolkata",2,1,North,1.0,4.0,0,0,0,0,0,3.0,2,0,4,1,1,1,1,0,0,0,0,1,1,0,0,15.693447876338569,22.5959131,88.4878653
605,3,12000000.0,1150.0,"New Town, Kolkata",2,1,South-East,8.0,12.0,0,0,0,0,0,0.5,2,0,3,1,1,1,1,1,1,1,1,0,1,0,0,16.300417291085605,22.5959131,88.4878653
606,2,9500000.0,1105.0,"Rajarhat, North 24 Parganas",2,1,South,2.0,12.0,0,0,1,0,0,12.5,2,0,0,1,1,1,1,1,1,1,1,0,0,0,0,16.066802461833923,22.6286173,88.44061
607,4,25000000.0,2200.0,"New Town, Kolkata",3,2,North-East,5.0,12.0,0,0,0,1,0,0.5,2,0,4,1,1,1,1,1,1,1,1,0,1,0,0,17.034386422832473,22.5959131,88.4878653
608,3,14200000.0,1500.0,"Action Area 1, Kolkata",3,3,North-West,10.0,11.0,0,0,0,0,0,3.0,2,1,0,1,1,1,1,1,1,1,0,0,0,0,0,16.468752592994022,22.5743093,88.4558557
609,3,16500000.0,1535.0,"New Town, Kolkata",2,1,North-East,12.0,15.0,0,0,0,0,0,3.0,2,2,6,1,1,1,1,1,1,1,1,1,1,0,0,16.61887099947687,22.5959131,88.4878653
610,3,17000000.0,1748.0,"New Town, Kolkata",3,1,Missing,2.0,12.0,0,0,0,0,0,3.0,2,0,3,1,0,0,0,0,0,1,1,0,1,0,0,16.648723960844016,22.5959131,88.4878653
611,3,13000000.0,1454.0,"EM Bypass, Kolkata South",0,0,Missing,,,0,0,0,0,0,3.0,2,0,0,0,0,0,0,0,0,0,0,0,0,0,0,16.380459992348886,22.4690721,88.3912838
612,3,7000000.0,1199.0,Kamalgazi,2,1,North,2.0,4.0,0,0,0,0,0,7.5,2,0,4,1,1,0,0,0,0,1,1,0,1,0,0,15.76142084987672,22.4495236,88.3955392
613,3,10000000.0,1185.0,"New Town, Kolkata",2,1,South,14.0,23.0,0,0,0,0,0,0.5,2,0,5,1,1,0,0,0,1,1,1,0,1,0,0,16.118095750958314,22.5959131,88.4878653
614,2,1958000.0,725.0,"Hind Motor, Uttarpara",2,1,North-East,4.0,4.0,0,0,0,0,0,0.5,2,0,2,1,1,1,1,1,1,1,1,1,0,0,0,14.487434612797692,22.6836507,88.3417989
615,2,3290999.9999999995,927.0,"North Dum Dum, Kolkata",2,1,South-West,4.0,4.0,0,0,0,0,0,0.5,2,0,0,1,0,0,0,0,0,0,0,0,0,0,0,15.00670233178444,22.6344962,88.4157144
616,3,7320000.0,1464.0,"Kalikapur, Kolkata",2,1,North-West,3.0,4.0,0,0,0,0,0,3.0,1,0,0,1,1,1,1,1,1,1,1,0,0,0,0,15.806121022549506,22.5053017,88.4009957
617,2,2650000.0,831.0,"Barrackpur-II, North 24 Parganas",2,1,West,1.0,3.0,0,0,0,0,0,3.0,0,0,0,1,0,1,0,0,0,0,1,0,0,0,0,14.790070575320824,22.9500602,88.4587242
618,3,12800000.0,1503.0,"New Town, Kolkata",2,1,North-East,4.0,33.0,0,0,0,0,0,3.0,2,2,4,1,1,1,1,1,1,1,1,0,1,0,0,16.36495580701484,22.5959131,88.4878653
619,3,16000000.0,1557.0,"Garia, Kolkata",2,1,South-East,9.0,13.0,0,0,0,0,0,12.5,2,0,3,1,1,0,0,1,1,1,1,1,1,0,0,16.588099342704055,22.4727076,88.3977962
620,3,10500000.0,1525.0,"Santoshpur, South 24 Parganas",2,1,South-East,3.0,4.0,0,0,0,0,0,3.0,2,2,3,1,1,1,1,1,1,1,1,0,1,0,0,16.166885910365842,22.5240566,88.2710655
621,3,12500000.0,1752.0,"Action Area 1, Kolkata",2,1,South-West,2.0,4.0,0,0,0,0,0,3.0,2,0,0,1,1,0,1,1,1,0,0,0,0,0,0,16.341239282272525,22.5743093,88.4558557
622,3,12500000.0,1750.0,"Action Area 1, Kolkata",3,1,South-East,3.0,4.0,0,0,0,0,0,3.0,2,0,0,1,1,0,1,1,1,0,0,0,0,0,0,16.341239282272525,22.5743093,88.4558557
623,3,7700000.0,1295.0,"Kalikapur, Kolkata",2,1,North,3.0,4.0,0,0,0,0,0,3.0,2,0,0,1,1,0,0,1,1,0,1,0,0,0,0,15.856731016694036,22.5053017,88.4009957
624,3,6700000.0,1201.0,"Action Area 2, Kolkata",2,1,South-West,4.0,4.0,0,0,0,0,0,3.0,2,0,0,1,1,1,1,1,1,1,1,0,0,0,0,15.717618233614914,22.6202131,88.4681187
625,3,8450000.0,1300.0,"Adarsha Nagar, Kolkata",2,2,South-East,4.0,4.0,0,0,0,0,0,0.5,2,0,0,1,1,1,0,0,0,0,0,0,0,0,0,15.949677117676544,22.5008759,88.3739602
626,2,7500000.0,977.0,"New Town, Kolkata",2,1,South,3.0,12.0,0,0,0,0,0,3.0,2,0,3,1,1,0,0,1,1,1,1,0,1,0,0,15.830413711839864,22.5959131,88.4878653
627,2,7600000.0,977.0,"New Town, Kolkata",2,1,East,4.0,12.0,0,0,0,0,0,3.0,2,0,3,1,0,0,0,0,0,1,1,0,1,0,0,15.843658936835498,22.5959131,88.4878653
628,4,27000000.0,2000.0,"New Alipore, Kolkata",3,3,South-East,11.0,12.0,0,0,0,1,0,0.5,2,0,7,1,1,1,1,1,1,1,1,1,1,0,0,17.11134746100564,22.5111647,88.3281116
629,3,8400000.0,1355.0,Rajarhat,2,1,South,8.0,10.0,0,0,0,0,0,0.5,2,0,4,1,0,0,0,0,0,1,1,0,1,0,0,15.943742382861156,25.7967438,89.5446589
630,2,4500000.0,710.0,Rajarhat,2,1,East,5.0,9.0,0,0,0,0,0,12.5,2,0,5,0,1,1,1,1,1,1,1,1,1,0,0,15.319588176962746,25.7967438,89.5446589
631,2,2100000.0,712.0,"New Barrackpur, North 24 Parganas",2,1,South-East,1.0,4.0,0,0,1,0,0,3.0,2,0,0,1,1,1,1,1,1,0,0,0,0,0,0,14.557448378884017,22.679688,88.4498321
632,2,3278000.0,874.0,"Narendrapur, South 24 Parganas",2,1,Missing,1.0,7.0,0,0,0,0,0,0.5,2,0,1,0,0,0,0,0,0,0,1,1,1,0,0,15.00274434334993,22.4541674,88.4183764
633,2,3315000.0,884.0,"Narendrapur, South 24 Parganas",2,1,Missing,5.0,7.0,0,0,0,0,0,0.5,2,0,1,0,0,0,0,0,0,0,1,1,1,0,0,15.01396848326118,22.4541674,88.4183764
634,3,6534999.999999999,1233.0,"Action Area II, New Town",2,2,Missing,4.0,5.0,0,0,1,0,0,3.0,2,0,0,1,1,1,1,1,1,1,1,0,0,0,0,15.692683058062636,22.6129078,88.4665536
635,3,28000000.0,2250.0,"New Town, Kolkata",3,1,South,24.0,32.0,0,0,0,1,0,7.5,2,0,4,1,1,1,1,1,1,1,1,0,1,0,0,17.147715103853763,22.5959131,88.4878653
636,2,8000000.0,1013.0,"New Town, Kolkata",2,1,Missing,3.0,4.0,0,0,0,0,0,3.0,2,2,4,1,1,1,1,1,1,1,1,1,1,0,0,15.894952224644102,22.5959131,88.4878653
637,3,10700000.0,1264.0,"EM Bypass, Kolkata South",2,1,South-East,10.0,27.0,0,0,0,0,0,12.5,2,1,6,1,1,1,0,1,1,1,1,1,1,0,0,16.185754392890075,22.4690721,88.3912838
638,3,7250000.0,1368.0,"New Town, Kolkata",2,2,South-East,3.0,4.0,0,0,0,0,0,0.5,2,0,1,1,0,1,1,1,1,0,0,0,1,0,0,15.796512164761882,22.5959131,88.4878653
639,2,5083000.0,959.0,"New Town, Kolkata",2,1,North-East,2.0,4.0,0,0,0,0,0,0.5,2,0,1,1,0,1,1,1,1,0,0,0,1,0,0,15.441412393163231,22.5959131,88.4878653
640,2,5088000.0,960.0,"New Town, Kolkata",2,1,North,3.0,4.0,0,0,0,0,0,0.5,2,0,1,1,0,1,1,1,1,0,0,0,1,0,0,15.442395580542955,22.5959131,88.4878653
641,3,6906000.0,1303.0,"New Town, Kolkata",2,2,North-West,1.0,4.0,0,0,0,0,0,0.5,2,0,1,1,0,1,1,1,1,0,0,0,1,0,0,15.747901301733686,22.5959131,88.4878653
642,3,5102000.0,1063.0,Rajarhat,2,1,South-West,4.0,4.0,0,0,0,0,0,0.5,2,0,0,1,1,1,1,1,0,0,0,0,0,0,0,15.445143373685443,25.7967438,89.5446589
643,3,7968000.000000001,1660.0,"Rajarhat, North 24 Parganas",2,2,North,4.0,5.0,0,0,0,0,0,3.0,2,0,0,1,1,1,1,1,1,0,0,0,0,0,0,15.890944203748573,22.6286173,88.44061
644,2,6050000.0,1100.0,"Action Area 2, Kolkata",2,1,South-East,1.0,4.0,0,0,0,0,0,3.0,2,0,0,1,1,1,1,1,0,0,0,0,0,0,0,15.615568995296266,22.6202131,88.4681187
645,3,9000000.0,1480.0,"Action Area 2, Kolkata",2,2,North-West,2.0,4.0,0,0,0,0,0,3.0,2,0,0,1,1,1,1,1,1,0,0,0,0,0,0,16.012735246411598,22.6202131,88.4681187
646,3,8470000.0,1303.0,"Action Area 2, Kolkata",2,1,South-West,2.0,4.0,0,0,0,0,0,3.0,2,0,0,1,1,1,0,1,1,1,0,0,0,0,0,15.952041184691984,22.6202131,88.4681187
647,2,3553000.0,935.0,Rajarhat,2,1,North-West,3.0,4.0,0,0,0,0,0,3.0,2,0,0,1,1,1,1,1,1,0,0,0,0,0,0,15.083303156455418,25.7967438,89.5446589
648,2,3363000.0000000005,885.0,Rajarhat,2,1,South-West,2.0,4.0,0,0,0,0,0,3.0,2,0,5,1,1,1,0,1,0,0,0,1,0,0,0,15.028344288075916,25.7967438,89.5446589
649,2,3420000.0000000005,900.0,Rajarhat,2,2,West,2.0,4.0,0,0,0,0,0,3.0,2,0,0,1,1,1,1,0,0,0,0,0,0,0,0,15.045151401436408,25.7967438,89.5446589
650,1,4010000.0,891.0,Rajarhat,1,1,North-West,2.0,4.0,0,1,0,0,0,3.0,2,0,6,1,1,1,1,1,1,0,0,1,1,0,0,15.20430204865928,25.7967438,89.5446589
651,2,6840000.000000001,1520.0,Rajarhat,2,2,South-West,3.0,4.0,0,0,0,0,0,3.0,2,0,6,1,1,1,1,1,1,0,0,1,1,0,0,15.738298435797551,25.7967438,89.5446589
652,2,4437000.0,986.0,Rajarhat,2,1,North-East,2.0,4.0,0,0,0,0,0,3.0,2,0,6,1,1,1,1,1,1,0,0,1,1,0,0,15.305489255738529,25.7967438,89.5446589
653,3,5276000.0,1319.0,Rajarhat,2,1,South-West,2.0,4.0,0,0,0,0,0,0.5,2,0,0,1,1,1,1,1,0,0,0,0,0,0,0,15.478678982356852,25.7967438,89.5446589
654,3,6252000.0,1563.0,Rajarhat,2,1,North-East,2.0,4.0,0,0,0,0,0,0.5,2,0,0,1,1,1,1,1,0,0,0,0,0,0,0,15.648412130472307,25.7967438,89.5446589
655,3,6275000.0,1255.0,Rajarhat,2,1,North-East,2.0,5.0,0,0,0,0,0,3.0,2,0,0,1,1,0,1,0,0,0,0,0,0,0,0,15.65208420234466,25.7967438,89.5446589
656,2,5665000.0,1076.0,"Rajarhat, North 24 Parganas",2,1,Missing,5.0,8.0,0,0,0,0,0,0.5,2,0,6,1,1,1,1,0,0,0,1,1,1,0,0,15.549817628966736,22.6286173,88.44061
657,3,8715000.0,1660.0,"Rajarhat, North 24 Parganas",2,2,South-East,3.0,8.0,0,0,0,0,0,0.5,2,0,0,1,1,1,1,1,1,1,1,0,0,0,0,15.980556351680946,22.6286173,88.44061
658,2,6442000.0,1227.0,"Rajarhat, North 24 Parganas",2,1,South-East,5.0,8.0,0,0,0,0,0,0.5,2,0,0,1,1,1,1,1,1,1,1,0,0,0,0,15.678349764104563,22.6286173,88.44061
659,2,6625000.0,1262.0,"Rajarhat, North 24 Parganas",2,1,South,6.0,8.0,0,0,0,0,0,0.5,2,0,5,1,1,1,1,1,1,1,0,1,1,0,0,15.706361080779946,22.6286173,88.44061
660,2,6211000.0,1183.0,"Rajarhat, North 24 Parganas",2,1,South-East,4.0,8.0,0,1,0,0,0,0.5,2,0,0,1,1,1,1,1,0,1,1,0,0,0,0,15.641832632546096,22.6286173,88.44061
661,3,3680000.0,1150.0,Panihati,2,1,South-East,4.0,4.0,0,0,1,0,0,3.0,2,0,0,1,1,1,1,1,1,0,0,0,0,0,0,15.118423581884208,22.6950342,88.4073585
662,3,6500000.0,1271.0,"Kamarhati, Panihati",2,1,South-East,3.0,5.0,0,0,0,0,0,7.5,2,2,0,1,0,1,1,0,1,0,0,0,0,0,0,15.687312888712007,22.708831,88.3741094
663,3,13500000.0,1328.0,"EM Bypass, Kolkata South",2,1,North-East,6.0,27.0,0,0,0,0,0,12.5,2,1,5,1,1,1,0,1,1,1,1,1,1,1,0,16.41820031748273,22.4690721,88.3912838
664,3,7000000.0,1320.0,"Narendrapur, South 24 Parganas",2,1,North,3.0,7.0,0,0,0,0,0,3.0,2,1,3,1,0,1,1,1,1,1,1,0,1,0,0,15.76142084987672,22.4541674,88.4183764
665,4,16100000.000000002,1934.0,"BT Road, North 24 Parganas",3,2,North-West,18.0,24.0,0,0,0,0,0,3.0,2,0,3,1,0,0,0,0,0,1,1,0,1,1,0,16.59432989206649,22.7241945,88.4837829
666,3,14200000.0,2550.0,Rajarhat,3,2,East,2.0,2.0,0,0,0,0,0,7.5,1,2,4,1,1,0,1,0,0,1,1,0,1,0,0,16.468752592994022,25.7967438,89.5446589
667,5,95000000.0,6198.0,"Mukundapur, Kolkata",6,3,East,21.0,24.0,0,0,0,1,0,3.0,2,0,5,1,1,1,1,1,1,1,1,0,1,0,0,18.36938746009113,22.4956263,88.398449
668,2,2902000.0,691.0,"Birati, Kolkata",2,1,South,2.0,4.0,0,0,0,0,0,3.0,2,0,0,1,0,0,0,0,0,0,0,0,0,0,0,14.88091105701615,22.6546116,88.4249902
669,3,6200000.0,1130.0,"Rajpur, South 24 Parganas",2,1,North,3.0,5.0,0,0,0,0,0,7.5,2,2,4,1,1,0,0,0,0,1,1,0,1,0,0,15.64006001130563,22.1018905,88.3745163
670,4,56000000.0,4036.0,"Mukundapur, Kolkata",3,2,East,8.0,24.0,0,0,0,0,0,3.0,2,1,6,1,1,0,0,0,0,1,1,0,1,0,0,17.840862266556567,22.4956263,88.398449
671,3,7200000.0,1303.0,"Behala, Kolkata",2,0,Missing,3.0,4.0,0,0,0,0,0,7.5,2,0,0,0,0,0,0,0,0,0,0,0,0,0,0,15.789591722875162,22.501572,88.3209435
672,2,3272999.9999999995,935.0,"Rajarhat, North 24 Parganas",2,2,West,4.0,4.0,0,0,0,0,0,3.0,2,0,0,1,1,1,1,1,0,0,0,0,0,0,0,15.001217859013366,22.6286173,88.44061
673,3,21000000.0,1235.0,"New Town, Kolkata",3,2,North-East,20.0,20.0,0,0,0,0,0,3.0,0,0,3,1,1,1,1,1,1,1,1,0,1,0,0,16.860033043306743,22.5959131,88.4878653
674,3,6500000.0,1250.0,"Action Area 2B, New Town",2,1,South,2.0,4.0,0,0,0,0,0,0.5,2,0,0,1,1,0,0,1,0,0,0,0,0,0,0,15.687312888712007,22.6129078,88.4665536
675,3,6800000.0,1125.0,"Action Area 2B, New Town",2,1,South-East,3.0,4.0,0,0,0,0,0,3.0,2,0,0,1,1,0,0,1,0,0,0,0,0,0,0,15.732433317205148,22.6129078,88.4665536
677,2,3218000.0,894.0,Rajarhat,2,1,North,3.0,4.0,0,0,0,0,0,3.0,2,0,0,1,1,1,1,1,1,1,1,0,0,0,0,14.984270917286436,25.7967438,89.5446589
678,2,3726000.0,1035.0,Rajarhat,2,1,South-West,1.0,4.0,0,0,0,0,0,3.0,2,0,0,1,1,1,1,1,1,1,1,0,0,0,0,15.13084609852796,25.7967438,89.5446589
679,3,4600000.0,1124.0,Rajarhat,2,1,South-West,3.0,4.0,0,0,0,0,0,3.0,2,0,0,1,1,1,1,1,1,1,0,0,0,1,0,15.341567078850604,25.7967438,89.5446589
680,3,4727000.0,1153.0,Rajarhat,2,1,East,1.0,4.0,0,0,0,0,0,3.0,2,0,1,1,1,1,1,1,1,1,0,0,0,0,0,15.368801521326018,25.7967438,89.5446589
681,2,4262000.0,1040.0,Rajarhat,2,1,South-West,2.0,4.0,0,0,0,0,0,3.0,2,0,0,1,1,1,1,1,1,1,0,0,0,0,0,15.2652493262723,25.7967438,89.5446589
682,3,3420000.0000000005,1120.0,"Madhyamgram, North 24 Parganas",2,1,South-East,4.0,4.0,0,0,1,0,0,3.0,2,0,0,1,1,1,1,1,1,0,0,0,0,0,0,15.045151401436408,22.6947839,88.4530183
683,2,4200000.0,890.0,"Garia, Kolkata",2,1,South,2.0,4.0,0,0,0,0,0,3.0,2,0,1,1,0,1,1,1,1,0,0,1,0,0,0,15.250595321348806,22.4727076,88.3977962
684,3,8500000.0,1449.0,"Action Area 2, Kolkata",3,1,South,1.0,4.0,0,0,0,0,0,3.0,2,0,0,1,1,0,1,1,1,0,0,0,0,0,0,15.955576839107596,22.6202131,88.4681187
685,3,18500000.0,1920.0,"Belgachia, Kolkata",3,2,North-West,8.0,13.0,0,0,0,0,0,12.5,2,2,8,1,1,1,1,1,1,1,1,1,1,0,0,16.733281344102608,22.6059241,88.3863913
686,2,2750000.0,781.0,"Airport, Dum Dum",2,1,South,5.0,5.0,0,0,0,0,0,3.0,2,0,0,1,0,0,1,0,0,0,0,0,0,0,0,14.827111833279051,13.0479657,77.6452691
687,2,4231000.0,1085.0,"Dum Dum Cantt, South Dumdum",2,1,South-East,1.0,4.0,0,0,0,0,0,3.0,2,0,0,1,1,0,1,0,0,1,0,0,0,0,0,15.25794916605292,22.6375838,88.412158
688,2,3990000.0,973.0,"Airport, Dum Dum",2,1,East,5.0,5.0,0,0,0,0,0,3.0,2,0,0,1,1,0,1,0,0,1,0,0,0,0,0,15.19930203949258,13.0479657,77.6452691
689,2,3400000.0,919.0,"Airport, Dum Dum",2,1,North-West,2.0,4.0,0,0,0,0,0,3.0,2,0,0,1,1,0,1,0,0,1,0,0,0,0,0,15.039286283703994,13.0479657,77.6452691
690,3,4065000.0,1129.0,"Barrackpur-II, North 24 Parganas",2,1,North-East,3.0,4.0,0,0,0,0,0,3.0,2,0,1,1,1,0,1,0,0,0,0,0,0,0,0,15.217924546966476,22.9500602,88.4587242
691,2,3410000.0,921.0,"Airport, Dum Dum",2,1,North,2.0,4.0,0,0,0,0,0,3.0,2,0,0,1,1,0,1,0,0,1,0,0,0,0,0,15.04222314251479,13.0479657,77.6452691
692,2,3771000.0,1019.0,"Airport, Dum Dum",2,1,North,5.0,5.0,0,0,0,0,0,3.0,2,0,0,1,1,0,0,1,0,0,0,0,0,0,0,15.142851041422109,13.0479657,77.6452691
693,3,3884000.000000001,1079.0,"Barrackpur-II, North 24 Parganas",2,1,North-East,5.0,5.0,0,0,0,0,0,3.0,2,0,1,1,1,0,1,0,0,0,0,1,0,0,0,15.172376365859847,22.9500602,88.4587242
694,2,3460000.0,935.0,"Airport, Dum Dum",2,1,East,1.0,5.0,0,0,0,0,0,3.0,2,0,0,1,1,0,1,0,0,0,0,0,0,0,0,15.056779436051206,13.0479657,77.6452691
695,2,3794000.0,1084.0,"Airport, Dum Dum",2,1,South,3.0,4.0,0,0,0,0,0,3.0,2,0,0,1,1,0,1,0,0,0,0,0,0,0,0,15.148931693051129,13.0479657,77.6452691
696,3,14500000.0,1163.0,"Dum Dum, Kolkata",2,2,South-East,7.0,13.0,0,0,0,0,0,0.5,1,0,9,1,1,1,1,1,1,1,1,1,1,0,0,16.489659276356317,22.6546116,88.4249902
697,3,6700000.0,1277.0,"Char Park, Kolkata",2,2,South-East,4.0,6.0,0,0,0,0,0,3.0,2,0,6,1,1,1,1,1,1,1,1,1,1,0,0,15.717618233614914,22.578579,88.3551327
698,2,5491000.0,1036.0,"Narendrapur, South 24 Parganas",2,1,South-West,15.0,19.0,0,0,0,0,0,3.0,2,0,2,1,1,1,1,1,1,1,1,0,1,0,0,15.518621128377184,22.4541674,88.4183764
699,2,5491000.0,1036.0,"Narendrapur, South 24 Parganas",2,1,North,9.0,19.0,0,0,0,0,0,3.0,2,0,5,1,1,0,0,0,0,1,1,0,1,0,0,15.518621128377184,22.4541674,88.4183764
700,3,6500000.0,1200.0,"New Town, Kolkata",2,1,South-West,3.0,4.0,0,0,0,0,0,3.0,2,0,3,1,1,1,0,1,1,0,1,1,0,0,0,15.687312888712007,22.5959131,88.4878653
701,3,8300000.0,1250.0,"Action Area 1, Kolkata",2,1,South-East,1.0,4.0,0,0,0,0,0,3.0,2,0,4,1,1,1,1,1,1,0,0,1,0,0,0,15.931766193248746,22.5743093,88.4558557
702,2,6500000.0,1050.0,"Action Area 1, Kolkata",2,1,East,2.0,4.0,0,0,1,0,0,3.0,2,0,0,1,1,1,1,0,1,1,0,0,0,0,0,15.687312888712007,22.5743093,88.4558557
703,3,6895000.0,1379.0,"Narendrapur, South 24 Parganas",2,2,South-West,7.0,19.0,0,0,0,0,0,3.0,2,0,3,1,0,0,0,0,0,1,1,0,1,0,0,15.746307214242162,22.4541674,88.4183764
704,3,10900000.0,1285.0,"Dum Dum, Kolkata",2,2,North-East,1.0,13.0,0,0,0,0,0,0.5,2,0,6,1,1,1,1,1,1,1,1,1,1,0,0,16.204273438942487,22.6546116,88.4249902
705,3,7547000.0,1424.0,"Narendrapur, South 24 Parganas",2,1,South-East,13.0,19.0,0,0,0,0,0,3.0,2,0,1,1,0,0,0,0,0,1,1,0,1,0,0,15.83666082376998,22.4541674,88.4183764
706,2,5300000.0,992.0,Rajarhat,2,1,South-East,9.0,11.0,0,0,0,0,0,3.0,2,0,4,1,1,0,1,0,0,1,1,0,1,0,0,15.483217567201578,25.7967438,89.5446589
707,2,3800000.0,800.0,"Garia Station Road, Kolkata",2,1,North-West,3.0,3.0,0,0,0,0,0,3.0,2,0,0,1,1,0,0,1,0,0,0,0,0,0,0,15.150511887854474,22.4637529,88.3864655
708,3,2562000.0,915.0,"Hind Motor, Uttarpara",2,1,South-West,3.0,3.0,0,0,0,0,0,0.5,2,0,2,1,1,1,1,1,1,0,0,1,0,0,0,14.756299151758803,22.6836507,88.3417989
709,2,1713000.0,685.0,"Hind Motor, Uttarpara",1,1,North-West,4.0,4.0,0,0,0,0,0,0.5,2,0,2,1,1,1,1,1,1,1,1,1,0,0,0,14.353757361077248,22.6836507,88.3417989
710,3,8000000.0,1204.0,Rajarhat,3,1,Missing,2.0,10.0,0,0,0,1,0,0.5,0,0,1,1,1,1,0,1,1,0,1,0,1,0,0,15.894952224644102,25.7967438,89.5446589
711,2,6500000.0,900.0,"Action Area 1, Kolkata",2,1,South-East,2.0,4.0,0,0,0,0,0,0.5,2,0,0,0,1,1,1,0,1,1,0,0,0,0,0,15.687312888712007,22.5743093,88.4558557
712,2,5250000.0,992.0,Rajarhat,2,1,North-West,4.0,11.0,0,0,0,0,0,3.0,2,0,4,1,1,0,1,0,0,1,1,0,1,0,0,15.47373882504398,25.7967438,89.5446589
713,3,8800000.0,1300.0,"Action Area 1, Kolkata",2,1,South-West,3.0,4.0,0,0,0,0,0,3.0,2,0,0,1,1,1,1,0,1,1,1,0,0,0,0,15.990262393084793,22.5743093,88.4558557
714,2,9900000.0,893.0,"Kalighat, Sarat Bose Road",2,1,South-East,2.0,4.0,0,0,0,1,0,0.5,2,0,3,1,0,1,1,0,1,1,0,1,0,0,0,16.108045416114916,22.5262287,88.3526209
715,3,14200000.0,1284.0,"Gariahat, Kolkata",2,1,South,3.0,4.0,0,0,0,0,0,3.0,2,0,3,1,1,1,1,0,1,1,0,0,0,0,0,16.468752592994022,22.5194439,88.365148
716,3,7500000.0,1215.0,"Joka, Kolkata South",2,1,North-East,7.0,14.0,0,0,0,0,0,3.0,2,0,5,1,1,1,1,1,1,1,1,1,1,0,0,15.830413711839864,22.4440966,88.3017146
717,3,9000000.0,1356.0,"Joka, Kolkata South",3,3,South,14.0,15.0,0,0,0,0,0,0.5,2,0,6,1,1,1,1,1,1,1,1,1,1,0,0,16.012735246411598,22.4440966,88.3017146
718,3,7500000.0,1400.0,"Nayabad, South 24 Parganas",2,2,South-East,3.0,3.0,0,0,1,0,0,0.5,2,0,0,1,1,1,0,1,1,0,0,0,0,0,0,15.830413711839864,22.477646,88.4399813
719,3,12000000.0,2500.0,Rajarhat,3,2,East,3.0,4.0,0,0,0,0,0,3.0,2,0,6,1,1,1,1,1,1,1,1,1,1,0,0,16.300417291085605,25.7967438,89.5446589
720,3,12700000.0,1008.0,"Tollygunge, Kolkata",2,2,North-East,12.0,12.0,0,0,0,0,0,3.0,1,0,5,1,1,1,1,1,1,1,1,1,1,0,0,16.357112630168974,22.498636,88.3453908
721,3,7600000.0,1489.0,"Kalikapur, Kolkata",2,1,East,3.0,4.0,0,0,0,0,0,3.0,2,0,0,1,1,1,1,1,1,1,1,0,0,0,0,15.843658936835498,22.5053017,88.4009957
722,2,3800000.0,936.0,"Barasat, Kolkata North",2,3,North-West,11.0,11.0,0,0,0,0,0,0.5,2,2,3,1,1,1,1,1,1,1,1,0,1,0,0,15.150511887854474,22.7240295,88.4889199
723,4,30000000.0,2072.0,"South End Park, Dhakuria",3,1,South-East,2.0,4.0,0,0,0,0,0,0.5,2,0,3,1,0,1,1,0,1,1,0,1,0,0,0,17.216707972959764,22.5138598,88.3661554
724,3,11000000.0,1400.0,"Action Area 1, Kolkata",2,1,North-East,2.0,4.0,0,0,0,0,0,0.5,2,0,0,1,1,1,1,0,1,1,1,0,0,0,0,16.213405921671733,22.5743093,88.4558557
725,2,6700000.0,850.0,"Shibpur, Howrah",2,1,South-East,1.0,3.0,0,0,0,0,0,3.0,2,2,0,1,0,1,1,1,1,0,1,0,0,0,0,15.717618233614914,22.5685792,88.2942109
726,3,7500000.0,1100.0,"Garia, Kolkata",2,1,Missing,3.0,4.0,0,0,0,0,0,0.5,2,0,2,1,1,1,1,1,1,0,0,1,0,0,0,15.830413711839864,22.4727076,88.3977962
727,2,5000000.0,1035.0,"Dashdrone, Rajarhat",2,1,North-East,6.0,6.0,0,0,0,0,0,3.0,2,2,11,1,1,1,1,1,1,1,1,1,1,0,0,15.424948670398354,22.6313786,88.4424235
728,3,3930000.0,1310.0,"Konnagar, Hooghly",2,2,South-East,2.0,5.0,0,0,0,0,0,0.5,2,0,2,1,1,1,1,1,1,0,0,1,0,0,0,15.184150238298338,22.69972,88.3519784
729,3,2800000.0,1000.0,"Konnagar, Hooghly",2,1,North-West,4.0,5.0,0,0,0,0,0,3.0,2,0,2,1,1,1,1,1,1,0,0,1,0,0,0,14.845130332288226,22.69972,88.3519784
730,2,1931000.0,702.0,"Konnagar, Hooghly",2,1,North,5.0,5.0,0,0,0,0,0,3.0,2,0,2,1,1,1,1,1,1,0,0,1,0,0,0,14.473549079276909,22.69972,88.3519784
732,3,5200000.0,1277.0,"Nayabad, South 24 Parganas",2,1,North-East,2.0,4.0,0,0,0,0,0,3.0,2,0,3,1,0,0,1,0,0,0,0,1,0,0,0,15.46416937585933,22.477646,88.4399813
733,3,6919000.0,1193.0,"Santoshpur, South 24 Parganas",2,1,North-East,2.0,3.0,0,0,0,0,0,0.5,2,0,2,1,1,1,1,0,0,1,0,1,0,0,0,15.749781953010494,22.5240566,88.2710655
734,3,6688000.0,1153.0,"Santoshpur, South 24 Parganas",2,1,South-East,1.0,3.0,0,0,0,0,0,0.5,2,0,2,1,1,1,0,1,0,0,0,1,0,0,0,15.715825583268195,22.5240566,88.2710655
735,3,7041000.0,1214.0,"Santoshpur, South 24 Parganas",2,1,South-East,1.0,3.0,0,0,0,0,0,3.0,2,0,2,1,1,1,1,0,0,1,0,1,0,0,0,15.76726090552654,22.5240566,88.2710655
736,3,6780000.0,1169.0,"Santoshpur, South 24 Parganas",2,2,North-East,2.0,3.0,0,0,0,0,0,3.0,2,0,2,1,1,1,1,0,0,0,0,1,0,0,0,15.729487807409193,22.5240566,88.2710655
737,3,7000000.0,1465.0,"Santoshpur, South 24 Parganas",2,1,South-East,3.0,4.0,0,0,0,0,0,12.5,2,0,0,1,1,1,0,0,1,0,0,1,0,0,0,15.76142084987672,22.5240566,88.2710655
738,3,8000000.0,1460.0,"Santoshpur, Kolkata",2,2,South-West,2.0,3.0,0,0,0,0,0,3.0,2,0,0,1,1,1,0,0,1,0,0,1,0,0,0,15.894952224644102,22.4960484,88.3822296
739,3,7830000.0,1224.0,"Prince Anwar Shah Road, Kolkata",2,1,North-East,1.0,3.0,0,0,0,0,0,3.0,2,0,0,1,1,1,0,0,1,0,0,1,0,0,0,15.873473195680898,22.5019776,88.3578139
740,3,4350000.0,1240.0,"Narendrapur, South 24 Parganas",2,2,East,1.0,4.0,0,0,0,0,0,3.0,2,0,1,1,1,1,0,0,1,1,0,0,1,0,0,15.285686632949895,22.4541674,88.4183764
741,3,7000000.0,1432.0,"Santoshpur, South 24 Parganas",2,1,South-West,1.0,4.0,0,0,0,0,0,3.0,2,0,2,1,1,1,1,0,0,1,0,1,0,0,0,15.76142084987672,22.5240566,88.2710655
742,3,5040000.0,1200.0,"Nayabad, South 24 Parganas",2,1,South-East,2.0,3.0,0,0,0,0,0,3.0,2,0,2,1,1,1,1,0,0,0,0,1,0,0,0,15.43291683846023,22.477646,88.4399813
743,3,7200000.0,1260.0,"Adarsha Nagar, Kolkata",2,1,South-West,2.0,4.0,0,0,0,0,0,3.0,2,0,0,1,1,1,0,0,1,0,0,1,0,0,0,15.789591722875162,22.5003756,88.3750985
744,3,6000000.0,1460.0,"Nayabad, South 24 Parganas",2,1,South-East,2.0,4.0,0,0,0,0,0,0.5,2,0,3,1,0,1,1,0,0,0,0,1,0,0,0,15.607270193858982,22.477646,88.4399813
745,2,3057000.0,861.0,"North Dum Dum, Kolkata",2,1,North-East,5.0,5.0,0,0,0,0,0,0.5,2,0,0,1,0,0,0,0,0,0,0,0,0,0,0,14.932944927991008,22.6344962,88.4157144
746,3,6802000.0,1308.0,"Action Area II, New Town",2,2,North-East,2.0,5.0,0,0,1,0,0,3.0,2,0,0,1,1,1,1,1,1,1,1,0,0,0,0,15.73272739156485,22.6129078,88.4665536
747,3,10500000.0,1450.0,"Action Area 1, Kolkata",2,1,South-West,3.0,4.0,0,0,0,0,0,3.0,2,0,0,1,1,1,1,0,1,0,1,0,0,0,0,16.166885910365842,22.5743093,88.4558557
748,3,12000000.0,1749.0,"Action Area 1, Kolkata",3,1,South,2.0,4.0,0,0,0,0,0,0.5,2,0,0,0,1,0,1,1,1,0,0,0,0,0,0,16.300417291085605,22.5743093,88.4558557
749,2,2153000.0,769.0,"Konnagar, Hooghly",2,1,South-West,2.0,5.0,0,0,0,0,0,3.0,2,0,2,1,1,1,1,1,1,0,1,1,0,0,0,14.582373240814576,22.69972,88.3519784
750,2,4390000.0,878.0,"Rajarhat, North 24 Parganas",2,1,West,3.0,4.0,0,0,0,0,0,3.0,2,0,0,1,1,1,0,1,0,0,0,0,0,0,0,15.29484001284176,22.6286173,88.44061
751,2,4300000.0,860.0,"Rajarhat, North 24 Parganas",2,1,East,3.0,4.0,0,0,0,0,0,3.0,2,0,0,1,1,1,1,1,0,0,0,0,0,0,0,15.274125813221904,22.6286173,88.44061
752,2,2950000.0,870.0,"Narendrapur, South 24 Parganas",2,1,West,2.0,4.0,0,0,0,0,0,0.5,2,0,1,1,1,1,0,0,1,1,0,0,1,0,0,14.897316067298997,22.4541674,88.4183764
753,3,7000000.0,1000.0,"Action Area 2, Kolkata",2,1,North,1.0,4.0,0,0,0,0,0,-0.5,2,0,0,1,0,1,0,0,0,0,0,0,0,0,0,15.76142084987672,22.6202131,88.4681187
754,2,3550000.0,816.0,"Rathtala, Kolkata North",2,1,North-East,4.0,4.0,0,0,0,0,0,3.0,2,0,0,1,0,1,0,0,0,0,0,0,0,0,0,15.0824584431417,22.5135613,88.3812157
755,3,14000000.0,1568.0,"Shyamnagar, North 24 Parganas",2,3,South-West,17.0,17.0,0,0,1,0,0,3.0,2,2,5,1,1,1,1,1,1,1,1,0,1,0,0,16.454567959008102,22.8285164,88.3801893
756,2,14500000.0,1100.0,"New Town, Kolkata",2,1,North-East,15.0,20.0,0,1,0,0,0,3.0,2,0,5,1,1,1,1,1,1,1,1,1,1,0,0,16.489659276356317,22.5959131,88.4878653
757,2,3040000.0,870.0,"Narendrapur, South 24 Parganas",2,1,West,1.0,4.0,0,0,0,0,0,3.0,2,0,1,1,1,1,0,0,1,1,0,0,1,0,0,14.92736840232972,22.4541674,88.4183764
758,3,16000000.0,1360.0,"Jodhpur Park, Kolkata",2,1,South,2.0,4.0,0,0,0,0,0,0.5,2,0,0,1,0,1,1,0,0,0,0,1,0,0,0,16.588099342704055,22.5056055,88.363674
759,2,9700000.0,1118.0,"Lake Gardens, Kolkata",2,1,South,1.0,3.0,0,0,0,0,0,0.5,2,0,1,1,0,1,1,0,0,0,0,1,0,0,0,16.08763654656639,22.5080547,88.3533289
760,3,6216000.0,1295.0,"Baranagar, Kolkata",2,1,South-West,3.0,5.0,0,0,0,0,0,3.0,2,0,0,1,1,1,1,1,0,0,0,0,0,0,0,15.64263733190477,22.6380124,88.3958929
761,3,10500000.0,1395.0,"BT Road, North 24 Parganas",3,1,South,8.0,24.0,0,0,0,0,0,3.0,2,0,3,1,0,0,0,0,0,1,1,0,1,0,0,16.166885910365842,22.7241945,88.4837829
762,2,6100000.0,850.0,"BT Road, North 24 Parganas",2,1,South,11.0,24.0,0,0,0,0,0,3.0,2,0,3,1,0,0,0,0,0,1,1,0,1,0,0,15.623799493077952,22.7241945,88.4837829
763,2,9500000.0,958.0,"Belgachia, Kolkata",2,2,East,10.0,18.0,0,0,0,0,0,3.0,2,0,4,1,0,0,1,0,0,1,1,0,1,0,0,16.066802461833923,22.6059241,88.3863913
764,3,5200000.0,1018.0,"Narendrapur, South 24 Parganas",2,1,South-East,1.0,4.0,0,0,0,0,0,0.5,2,0,6,1,0,1,1,1,0,1,1,1,1,0,0,15.46416937585933,22.4541674,88.4183764
765,2,3200000.0,850.0,"Bishnupur, Kolkata",2,1,North,2.0,4.0,0,0,0,0,0,3.0,1,0,8,1,1,1,1,1,1,1,1,1,1,0,0,14.978661680269909,22.4145089,88.2839351
766,3,10500000.0,1390.0,"Mukundapur, Kolkata",2,1,North,4.0,4.0,0,0,0,0,0,7.5,2,0,0,1,0,1,0,0,0,0,0,1,0,0,0,16.166885910365842,22.4956263,88.398449
767,3,4000000.0,1210.0,"Konnagar, Hooghly",3,1,South,1.0,4.0,0,0,0,0,0,0.5,2,0,4,1,1,1,0,1,1,0,0,1,1,0,0,15.201805169084134,22.69972,88.3519784
768,2,3676000.0,855.0,"Dum Dum Cantt, South Dumdum",2,1,South-East,1.0,5.0,0,0,0,0,0,0.5,2,0,0,1,1,0,1,1,1,0,0,0,0,0,0,15.117336034492498,22.6375838,88.412158
769,3,12500000.0,1480.0,"New Town, Kolkata",2,2,West,5.0,16.0,0,0,0,0,0,3.0,2,0,5,1,1,0,1,0,0,1,1,0,1,0,0,16.341239282272525,22.5959131,88.4878653
770,3,9500000.0,1460.0,"CE Block, New Town",2,1,South-West,3.0,4.0,0,0,0,0,0,3.0,2,0,0,1,1,1,0,0,1,0,0,0,0,0,0,16.066802461833923,22.5758538,88.4586199
771,3,7400000.0,1251.0,"Fartabad, Garia",2,2,North-East,3.0,4.0,0,0,0,0,0,7.5,2,1,4,1,1,1,0,1,1,1,1,1,1,1,0,15.816990693309524,22.4662345,88.4025921
772,2,3200000.0,800.0,"Samajgarh, Bijoygarh, Kolkata",2,1,South,3.0,4.0,0,0,0,0,0,12.5,0,2,2,0,1,1,0,0,0,0,0,0,0,0,0,14.978661680269909,22.4817518,88.3543065
773,3,13000000.0,1670.0,"New Town, Kolkata",3,2,South-West,7.0,12.0,0,0,0,0,0,0.5,2,0,12,1,1,1,1,1,1,1,1,1,1,0,0,16.380459992348886,22.5959131,88.4878653
774,2,9000000.0,1214.0,"New Town, Kolkata",2,2,South-West,15.0,33.0,0,0,0,0,0,3.0,2,2,4,1,1,1,1,1,1,1,1,0,1,0,0,16.012735246411598,22.5959131,88.4878653
775,3,10200000.0,1264.0,"EM Bypass, Kolkata South",2,1,North-West,6.0,27.0,0,0,0,0,0,12.5,2,1,6,1,1,1,0,1,1,1,1,1,1,0,0,16.13789837629371,22.4690721,88.3912838
776,3,4986000.0,1108.0,"Nayabad, South 24 Parganas",2,1,South-East,1.0,4.0,0,0,0,0,0,0.5,2,0,0,1,1,0,0,1,0,0,0,0,0,0,0,15.422144743627191,22.477646,88.4399813
777,3,14400000.0,1284.0,"Gariahat, Kolkata",2,1,South-East,3.0,4.0,0,0,0,1,0,3.0,2,0,3,1,0,1,1,0,1,1,0,1,0,0,0,16.48273883399067,22.5194439,88.365148
778,3,16100000.000000002,1381.0,"Gariahat, Kolkata",2,1,South-East,2.0,4.0,0,0,0,1,0,0.5,2,0,3,1,0,1,1,0,1,1,0,1,0,0,0,16.59432989206649,22.5194439,88.365148
779,2,3306000.0,870.0,Rajarhat,2,1,North-West,2.0,4.0,0,0,0,0,0,3.0,2,0,5,1,0,1,1,1,1,0,0,1,1,0,0,15.0112498598434,25.7967438,89.5446589
780,3,6813000.0,1514.0,Rajarhat,2,2,South-East,2.0,4.0,0,0,0,0,0,3.0,2,0,6,1,1,1,1,1,1,0,0,1,1,0,0,15.734343256534013,25.7967438,89.5446589
781,3,10000000.0,1264.0,"EM Bypass, Kolkata South",2,1,South-East,10.0,27.0,0,0,0,0,0,7.5,2,0,2,1,1,1,1,1,1,1,1,0,0,0,0,16.118095750958314,22.4690721,88.3912838
782,3,9200000.0,1700.0,"Garia, Kolkata",2,1,North,2.0,7.0,0,0,0,0,0,3.0,2,0,4,1,0,1,1,1,1,1,1,0,1,0,0,16.034714150714915,22.4727076,88.3977962
783,2,2595000.0,811.0,"Sodepur, Kolkata North",2,1,North-East,5.0,6.0,0,0,0,0,0,0.5,2,0,0,1,0,1,1,0,1,0,0,0,0,0,0,14.769097459938507,22.7001796,88.3791567
784,3,6082000.0,1448.0,"Barrackpur-II, North 24 Parganas",2,1,South-West,4.0,6.0,0,0,0,0,0,0.5,2,0,0,1,0,1,0,1,0,1,0,0,0,0,0,15.620844311639033,22.9453159,88.4597926
785,2,3100000.0,837.0,"Airport, Dum Dum",2,1,South-West,4.0,4.0,0,0,0,0,0,3.0,2,0,0,1,1,0,1,0,0,0,0,0,0,0,0,14.946912992035967,13.0479657,77.6452691
786,2,4018000.0,980.0,"Airport, Dum Dum",2,1,North,3.0,5.0,0,0,0,0,0,3.0,2,0,0,1,1,0,1,0,0,1,0,0,0,0,0,15.206295073237026,13.0479657,77.6452691
787,3,4125000.0,1115.0,"Airport, Dum Dum",2,1,North-East,1.0,4.0,0,0,0,0,0,3.0,2,0,0,1,1,0,1,0,0,1,0,0,0,0,0,15.232576820175131,13.0479657,77.6452691
788,2,3000000.0,811.0,"Airport, Dum Dum",2,1,East,3.0,5.0,0,0,0,0,0,3.0,2,0,0,1,0,0,1,0,0,0,0,0,0,0,0,14.914123179965662,13.0479657,77.6452691
789,3,5400000.0,1350.0,"Airport, Dum Dum",2,1,East,1.0,5.0,0,0,0,0,0,3.0,2,0,0,1,1,0,1,0,0,0,0,0,0,0,0,15.501909696719672,13.0479657,77.6452691
790,2,3461999.9999999995,989.0,"Airport, Dum Dum",2,1,South,3.0,4.0,0,0,0,0,0,3.0,2,0,0,1,1,0,1,0,0,0,0,0,0,0,0,15.057357303568626,13.0479657,77.6452691
791,2,2730000.0,780.0,"Airport, Dum Dum",2,1,South-East,3.0,4.0,0,0,0,0,0,3.0,2,0,0,1,1,0,1,0,0,0,0,0,0,0,0,14.81981253346144,13.0479657,77.6452691
792,3,3815000.0,1100.0,"Airport, Dum Dum",2,1,South-West,2.0,4.0,0,0,0,0,0,3.0,2,0,0,1,0,0,1,0,0,0,0,0,0,0,0,15.154451484823856,13.0479657,77.6452691
793,3,6000000.0,1406.0,"Narendrapur, South 24 Parganas",2,1,South,5.0,7.0,0,0,0,0,0,7.5,2,0,5,1,1,1,1,1,1,1,1,1,1,0,0,15.607270193858982,22.4541674,88.4183764
794,3,4193000.0,1198.0,"Bhadrakali, Uttarpara",2,1,South-West,4.0,4.0,0,0,0,0,0,0.5,2,0,2,1,1,1,1,1,1,0,0,1,0,0,0,15.248927264645598,22.6743641,88.3432884
795,3,4162000.0,1287.0,"Narendrapur, South 24 Parganas",2,2,North-East,1.0,4.0,0,0,0,0,0,3.0,2,0,1,1,0,0,0,0,0,1,0,0,1,0,0,15.24150652620479,22.4541674,88.4183764
796,3,4216000.0,1240.0,"Narendrapur, South 24 Parganas",2,2,North-West,2.0,4.0,0,0,0,0,0,0.5,2,0,1,1,1,1,0,0,1,1,0,0,1,0,0,15.254397606394958,22.4541674,88.4183764
797,3,15000000.0,2185.0,"New Town, Kolkata",3,2,North-West,8.0,13.0,0,1,0,0,0,7.5,2,2,4,1,1,0,1,1,1,1,1,0,1,0,0,16.52356082573315,22.5959131,88.4878653
798,3,9500000.0,1200.0,"New Town, Kolkata",2,2,South,3.0,9.0,0,0,0,0,0,7.5,2,2,3,1,1,1,1,1,1,1,1,0,1,0,0,16.066802461833923,22.5959131,88.4878653
799,2,1893000.0,728.0,"Hind Motor, Uttarpara",2,1,South-West,4.0,4.0,0,0,0,0,0,0.5,2,0,2,1,1,1,1,1,1,0,1,1,0,0,0,14.453673958453338,22.6836507,88.3417989
800,3,2730000.0,1050.0,"Hind Motor, Uttarpara",2,1,South-East,4.0,4.0,0,0,0,0,0,0.5,2,0,2,1,1,1,1,1,0,1,1,1,0,0,0,14.81981253346144,22.6836507,88.3417989
801,2,2198000.0,785.0,"Hind Motor, Uttarpara",2,1,East,1.0,3.0,0,0,0,0,0,0.5,2,0,2,1,1,1,1,1,1,0,0,1,0,0,0,14.603058868904654,22.6836507,88.3417989
802,3,4032000.0,1440.0,"Hind Motor, Uttarpara",2,1,North-East,3.0,3.0,0,0,0,0,0,0.5,2,0,2,1,1,1,1,1,1,0,1,1,0,0,0,15.209773336749183,22.6836507,88.3417989
803,3,2850000.0,1000.0,"Hind Motor, Uttarpara",2,1,South-East,4.0,4.0,0,0,0,0,0,0.5,2,0,2,1,1,1,1,1,1,0,0,1,0,0,0,14.862829903121964,22.6836507,88.3417989
804,2,2163000.0,865.0,"Hind Motor, Uttarpara",2,1,North-East,4.0,4.0,0,0,0,0,0,0.5,2,0,2,1,1,1,1,1,1,1,1,1,0,0,0,14.58700716725594,22.6836507,88.3417989
805,2,2010000.0,773.0,"Hind Motor, Uttarpara",2,1,South-East,2.0,3.0,0,0,0,0,0,0.5,2,0,2,1,1,1,1,1,1,1,1,1,0,0,0,14.513645777547572,22.6836507,88.3417989
806,3,3538000.0000000005,931.0,Rajarhat,2,1,North-West,3.0,4.0,0,0,0,0,0,3.0,2,0,5,1,1,1,1,1,1,0,1,1,1,0,0,15.07907243634739,25.7967438,89.5446589
807,4,8707000.0,1935.0,Rajarhat,4,2,West,2.0,4.0,0,0,0,0,0,3.0,2,0,6,1,1,1,1,1,0,1,0,1,1,0,0,15.979637972660866,25.7967438,89.5446589
808,3,19600000.0,1085.0,"New Town, Kolkata",3,3,East,6.0,20.0,0,1,0,0,0,0.5,0,0,3,1,1,1,1,1,1,1,1,0,1,0,0,16.791040175221152,22.5959131,88.4878653
809,2,2635000.0,732.0,Rajarhat,2,1,South-West,2.0,4.0,0,0,0,0,0,3.0,2,0,0,1,1,1,1,1,1,1,0,0,0,0,0,14.784394119464167,25.7967438,89.5446589
810,2,3575000.0,872.0,Rajarhat,2,1,South-East,1.0,4.0,0,0,0,0,0,3.0,2,0,1,1,1,0,1,1,0,1,0,0,0,0,0,15.089476013830486,25.7967438,89.5446589
812,3,9000000.0,1070.0,"New Town, Kolkata",2,1,East,2.0,10.0,0,0,0,0,0,7.5,0,0,4,1,1,1,1,1,1,1,1,0,1,0,0,16.012735246411598,22.5959131,88.4878653
813,2,5100000.0,906.0,"Joka, Kolkata South",2,2,North,11.0,15.0,0,0,0,0,0,3.0,2,0,5,1,1,1,1,1,1,1,1,1,1,0,0,15.444751293772969,22.4440966,88.3017146
814,2,5400000.0,998.0,"Fartabad, Garia",2,1,South-East,4.0,5.0,0,0,0,0,0,0.5,2,0,0,1,0,1,1,0,1,0,0,0,0,0,0,15.501909696719672,22.4662345,88.4025921
816,3,10500000.0,1500.0,"Action Area 1, Kolkata",2,2,South-East,1.0,12.0,0,0,0,0,0,0.5,2,0,4,1,1,1,1,1,1,1,0,1,0,0,0,16.166885910365842,22.5743093,88.4558557
817,3,6200000.0,1379.0,"Garia, Kolkata",2,1,South-East,4.0,4.0,0,0,0,0,0,12.5,2,0,1,1,0,1,0,1,1,0,1,1,0,1,0,15.64006001130563,22.4727076,88.3977962
818,3,8200000.0,1150.0,"Action Area 1, Kolkata",2,1,South,3.0,4.0,0,0,0,0,0,3.0,2,0,3,1,1,1,1,1,1,0,0,1,0,0,0,15.919644834185693,22.5743093,88.4558557
819,3,3300000.0,815.0,"Baranagar, Kolkata",2,1,North,1.0,4.0,0,0,0,0,0,3.0,2,0,1,1,0,0,0,0,0,0,0,1,0,0,0,15.009433329466964,22.6380124,88.3958929
820,3,23500000.0,918.0,"New Town, Kolkata",3,2,North-West,17.0,20.0,0,0,1,0,0,3.0,0,0,4,1,1,1,0,1,0,1,1,0,1,0,0,16.97251102166758,22.5959131,88.4878653
821,2,14500000.0,1100.0,"New Town, Kolkata",2,1,North,10.0,20.0,0,0,1,0,0,3.0,2,0,5,1,1,1,0,1,0,1,1,0,1,0,0,16.489659276356317,22.5959131,88.4878653
822,2,10000000.0,1057.0,"New Town, Kolkata",2,1,North-East,6.0,18.0,0,1,0,0,0,3.0,2,0,2,1,0,0,0,0,0,1,1,0,1,0,0,16.118095750958314,22.5959131,88.4878653
823,3,13500000.0,1156.0,"New Town, Kolkata",2,1,South-West,2.0,18.0,0,0,1,0,0,3.0,2,0,3,1,0,0,0,0,0,1,1,0,1,0,0,16.41820031748273,22.5959131,88.4878653
824,2,3329999.9999999995,740.0,"Baranagar, Kolkata",1,1,South,3.0,5.0,0,0,0,0,0,3.0,2,0,1,1,0,0,1,0,1,0,0,1,0,0,0,15.018483162256882,22.6380124,88.3958929
825,2,4600000.0,668.0,Kamalgazi,2,1,Missing,2.0,4.0,0,0,0,0,0,3.0,2,2,2,1,0,1,1,1,1,0,0,1,0,0,0,15.341567078850604,22.4495236,88.3955392
826,2,4100000.0,837.0,"Garia, Kolkata",2,1,East,3.0,3.0,0,0,0,0,0,3.0,2,0,0,1,0,1,1,0,1,0,0,0,0,0,0,15.226497775576943,22.4727076,88.3977962
827,2,3200000.0,900.0,"Garia, South 24 Parganas",2,1,East,1.0,3.0,0,0,0,0,0,3.0,2,0,0,1,0,1,1,1,1,0,0,0,0,0,0,14.978661680269909,22.4662366,88.4050198
828,2,3800000.0,815.0,"Santoshpur, Kolkata",2,1,West,3.0,3.0,0,0,0,0,0,7.5,2,0,1,0,0,1,0,0,1,0,0,1,0,0,0,15.150511887854474,22.4960484,88.3822296
829,2,3450000.0,852.0,"Elachi P, South 24 Parganas",2,1,North-East,3.0,3.0,0,0,0,0,0,3.0,2,0,1,1,0,1,1,1,1,0,0,1,0,0,0,15.053885078862573,22.4286007,88.3882694
830,2,3600000.0,882.0,"Elachi P, South 24 Parganas",2,1,East,3.0,3.0,0,0,0,0,0,3.0,2,0,1,1,0,1,1,1,1,0,0,1,0,0,0,15.096444681204078,22.4286007,88.3882694
831,2,3800000.0,768.0,"Garia, Kolkata",2,1,North-East,4.0,4.0,0,0,0,0,0,7.5,0,0,7,1,1,1,1,1,1,1,1,1,1,0,0,15.150511887854474,22.4727076,88.3977962
832,2,4100000.0,975.0,"Garia, Kolkata",2,1,West,2.0,4.0,0,0,0,0,0,3.0,2,0,1,1,0,1,1,1,1,0,0,1,0,0,0,15.226497775576943,22.4727076,88.3977962
834,2,4640000.0,800.0,"Haltu, Kolkata",2,1,South-East,3.0,3.0,0,0,0,0,0,0.5,2,0,0,1,1,1,0,0,0,0,0,1,0,0,0,15.350225139719656,22.506758,88.3817559
835,4,55000000.0,4450.0,"New Town, Kolkata",4,2,South,26.0,32.0,0,0,0,1,0,7.5,2,0,6,1,1,1,1,1,1,1,1,1,1,0,0,17.822843761378564,22.5959131,88.4878653
836,3,14500000.0,1181.0,"Lake Temple Road, Kolkata",2,1,North-East,2.0,4.0,0,0,0,1,0,3.0,2,0,3,1,0,1,1,0,1,1,0,1,0,0,0,16.489659276356317,22.5108385,88.3492653
837,2,2490000.0,859.0,"New Barrackpur, North 24 Parganas",2,1,East,2.0,4.0,0,0,1,0,0,3.0,2,0,0,1,1,1,1,1,1,0,0,0,0,0,0,14.727793670047236,22.679688,88.4498321
838,2,2420000.0,803.0,Panihati,2,1,South-West,2.0,4.0,0,0,1,0,0,3.0,2,0,0,1,1,1,1,1,1,0,0,0,0,0,0,14.699278511355924,22.6950342,88.4073585
839,3,7500000.0,1300.0,Kamalgazi,2,1,North,3.0,4.0,0,0,0,0,0,7.5,2,0,4,1,1,0,0,0,0,1,1,0,1,0,0,15.830413711839864,22.4495236,88.3955392
840,3,7200000.0,1201.0,"Action Area 2, Kolkata",2,1,North-East,2.0,4.0,0,0,0,0,0,3.0,2,0,0,1,1,1,1,0,0,0,0,0,0,0,0,15.789591722875162,22.6202131,88.4681187
841,3,6443000.000000001,1239.0,"New Garia, Kolkata",2,1,South-East,4.0,4.0,0,0,0,0,0,3.0,2,0,3,1,0,0,1,0,0,0,0,1,0,0,0,15.678504983327969,22.4727076,88.3977962
842,3,4500000.0,1100.0,"Rajarhat, North 24 Parganas",2,1,South-West,4.0,5.0,0,0,0,0,0,7.5,2,0,0,1,0,1,0,1,0,0,0,1,0,0,0,15.319588176962746,22.6286173,88.44061
843,3,11500000.0,1291.0,Rajarhat,2,2,South-East,5.0,13.0,0,0,0,0,0,3.0,2,0,3,1,1,1,1,1,1,1,1,0,1,0,0,16.257857680289998,25.7967438,89.5446589
844,1,4000000.0,615.0,"New Town, Kolkata",2,1,South,1.0,10.0,0,0,0,0,0,3.0,2,0,3,1,1,1,1,1,1,1,1,1,1,0,0,15.201805169084134,22.5959131,88.4878653
845,2,4040000.0,808.0,"Rajarhat, North 24 Parganas",2,1,South,3.0,4.0,0,0,0,0,0,3.0,2,0,0,1,1,1,1,1,0,0,0,0,0,0,0,15.211755497462054,22.6286173,88.44061
846,3,4800000.0,1107.0,"Nayabad, South 24 Parganas",2,1,South-East,1.0,3.0,0,0,0,0,0,0.5,2,0,2,1,1,1,1,0,0,0,0,1,0,0,0,15.38412668421143,22.477646,88.4399813
847,2,4505000.0,850.0,"Santoshpur, Kolkata",1,1,South-East,3.0,3.0,0,0,0,0,0,0.5,2,0,2,1,1,1,1,0,0,0,0,1,0,0,0,15.320698671000134,22.4960484,88.3822296
848,3,41000000.0,2630.0,"Alipore, Kolkata",3,1,South,2.0,10.0,0,0,0,0,0,3.0,2,1,0,1,1,1,1,1,1,1,1,1,0,0,0,17.529082649058825,22.5264928,88.3323692
849,2,2220000.0,764.0,Panihati,2,1,South-East,4.0,4.0,0,0,1,0,0,3.0,2,0,0,1,1,1,1,1,1,0,0,0,0,0,0,14.613018204298813,22.6950342,88.4073585
850,2,2275000.0,650.0,"Airport, Dum Dum",1,1,South,,,0,0,0,0,0,0.5,2,0,0,1,0,0,0,0,0,0,0,0,0,0,0,14.637491049927531,13.0479657,77.6452691
851,2,3157000.0,872.0,"Airport, Dum Dum",2,1,North-West,5.0,5.0,0,0,0,0,0,0.5,2,0,0,1,0,0,0,0,0,0,0,0,0,0,0,14.965133084296491,13.0479657,77.6452691
852,3,7859999.999999999,1497.0,"Rajarhat, North 24 Parganas",2,2,North-East,6.0,8.0,0,0,0,0,0,0.5,2,0,0,1,1,1,1,1,1,1,1,0,0,0,0,15.877297291631844,22.6286173,88.44061
853,2,6000000.0,885.0,"Char Park, Kolkata",2,1,South-East,6.0,9.0,0,0,0,0,0,3.0,2,0,8,1,1,1,1,1,1,1,1,1,1,0,0,15.607270193858982,22.578579,88.3551327
854,3,9900000.0,1300.0,"BT Road, North 24 Parganas",3,1,North,11.0,24.0,0,0,0,0,0,3.0,2,1,2,1,0,0,0,0,0,1,1,0,1,0,0,16.108045416114916,22.7241945,88.4837829
855,2,5900000.0,840.0,"BT Road, North 24 Parganas",2,1,South,24.0,25.0,0,0,0,0,0,3.0,2,0,2,1,0,0,0,0,0,1,1,0,1,0,0,15.59046307836746,22.7241945,88.4837829
856,3,8300000.0,1300.0,"Kalikapur, Kolkata",2,1,South-West,1.0,3.0,0,0,0,0,0,3.0,2,0,0,1,1,1,0,0,1,0,0,1,0,0,0,15.931766193248746,22.5053017,88.4009957
857,3,9046000.0,1350.0,"Adarsha Nagar, Kolkata",2,1,East,1.0,4.0,0,0,0,0,0,3.0,2,0,0,1,0,1,1,0,1,0,0,0,0,0,0,16.017833339566018,22.5003756,88.3750985
858,3,8800000.0,1244.0,"Action Area 1, Kolkata",2,1,West,3.0,4.0,0,0,0,0,0,3.0,2,0,0,1,1,0,1,1,1,0,0,0,0,0,0,15.990262393084793,22.5743093,88.4558557
859,3,12000000.0,1700.0,"Action Area 1, Kolkata",2,2,South,2.0,4.0,0,0,0,0,0,0.5,2,0,0,1,1,1,1,0,0,0,1,0,0,0,0,16.300417291085605,22.5743093,88.4558557
860,3,4410000.0,1050.0,"Nayabad, South 24 Parganas",2,1,Missing,2.0,4.0,1,1,0,0,0,-0.5,2,0,0,0,0,0,0,0,0,0,0,0,0,0,0,15.299385474180372,22.477646,88.4399813
861,2,4805000.0,1001.0,"Char Park, Kolkata",2,1,North,1.0,6.0,0,0,0,0,0,3.0,2,0,4,1,1,1,1,0,0,0,0,1,1,0,0,15.385167808503054,22.578579,88.3551327
862,3,5900000.0,1160.0,"Sodepur, Kolkata North",2,2,North-East,5.0,19.0,0,0,0,0,0,3.0,2,0,5,1,1,1,1,1,1,1,1,0,1,0,0,15.59046307836746,22.7001796,88.3791567
863,3,5851000.0,1245.0,"Nayabad, South 24 Parganas",2,1,South-East,3.0,4.0,0,0,0,0,0,0.5,2,0,0,1,1,0,0,0,0,0,0,0,0,0,0,15.582123315681311,22.477646,88.4399813
864,4,8970000.0,1795.0,"Kalikapur, Kolkata",3,2,West,2.0,4.0,0,0,0,0,0,3.0,2,0,0,1,1,1,1,1,1,1,1,0,0,0,0,16.009396345517693,22.5053017,88.4009957
865,2,2750000.0,720.0,"Rajarhat, North 24 Parganas",1,1,East,1.0,3.0,0,0,0,0,0,3.0,2,0,0,0,0,0,0,0,0,0,0,0,0,0,0,14.827111833279051,22.6286173,88.44061
866,3,10600000.0,1450.0,"Action Area 1, Kolkata",2,2,North-East,1.0,4.0,0,0,0,0,0,0.5,2,0,0,1,1,1,1,0,1,0,1,0,0,0,0,16.176364653421913,22.5743093,88.4558557
867,2,3556000.0,1016.0,"Barrackpur-II, North 24 Parganas",2,1,South-West,5.0,5.0,0,0,0,0,0,3.0,2,0,0,1,1,0,1,0,0,0,0,0,0,0,0,15.08414715683074,22.9453159,88.4597926
868,3,12500000.0,1720.0,"Action Area 1, Kolkata",3,1,South,2.0,4.0,0,0,0,0,0,0.5,2,0,0,1,0,1,0,0,0,0,0,0,0,0,0,16.341239282272525,22.5743093,88.4558557
869,3,7200000.0,1511.0,"Uttarpara, Hooghly",2,1,North,1.0,7.0,0,0,0,0,0,7.5,2,0,5,1,1,1,1,1,1,1,1,1,1,0,0,15.789591722875162,22.6670459,88.3411458
870,3,3800000.0,1357.0,"Hind Motor, Uttarpara",2,1,South-West,1.0,3.0,0,0,0,0,0,0.5,2,0,2,1,1,1,1,1,1,0,1,1,0,0,0,15.150511887854474,22.6836507,88.3417989
871,3,8200000.0,1250.0,"Action Area 1, Kolkata",2,1,North-East,1.0,4.0,0,0,0,0,0,3.0,2,0,0,1,1,1,1,0,1,1,1,0,0,0,0,15.919644834185693,22.5743093,88.4558557
872,1,4100000.0,780.0,Rajarhat,2,1,North-West,4.0,6.0,0,0,0,0,0,7.5,1,2,4,1,1,0,1,0,0,0,1,0,1,0,0,15.226497775576943,25.7967438,89.5446589
873,2,5500000.0,931.0,Kamalgazi,2,1,South,4.0,4.0,0,0,0,0,0,7.5,2,0,4,1,1,0,0,0,0,1,1,0,1,0,0,15.520258832020865,22.4495236,88.3955392
874,3,7000000.0,1181.0,"Action Area 2, Kolkata",2,1,South,3.0,4.0,0,0,0,0,0,0.5,2,0,0,1,1,0,1,1,1,0,0,0,0,0,0,15.76142084987672,22.6202131,88.4681187
875,2,2974000.0,826.0,"Barrackpur-II, North 24 Parganas",2,1,North-West,2.0,4.0,0,0,0,0,0,3.0,2,0,0,1,1,0,1,1,0,0,0,0,0,0,0,14.905418742249658,22.9453159,88.4597926
876,3,10700000.0,1261.0,"New Town, Kolkata",3,1,South-West,3.0,12.0,0,0,0,0,0,3.0,2,0,4,1,1,1,1,1,1,1,1,0,1,0,0,16.185754392890075,22.5959131,88.4878653
877,3,3732000.0,1357.0,"Konnagar, Hooghly",2,1,South-East,4.0,5.0,0,0,0,0,0,3.0,2,0,2,1,1,1,1,1,1,1,1,0,0,0,0,15.132455108902176,22.69972,88.3519784
878,3,2750000.0,1000.0,"Konnagar, Hooghly",2,1,West,4.0,5.0,0,0,0,0,0,3.0,2,0,2,1,1,1,1,1,1,1,1,1,0,0,0,14.827111833279051,22.69972,88.3519784
879,2,2558000.0,930.0,"Konnagar, Hooghly",2,1,North-West,2.0,5.0,0,0,0,0,0,3.0,2,0,2,1,1,1,1,1,1,1,1,1,0,0,0,14.754736652051262,22.69972,88.3519784
880,2,2382000.0,866.0,"Konnagar, Hooghly",2,1,West,3.0,5.0,0,0,0,0,0,3.0,2,0,2,1,1,1,1,1,1,1,1,1,0,0,0,14.683451448712576,22.69972,88.3519784
881,2,2247000.0,817.0,"Konnagar, Hooghly",2,1,South,2.0,5.0,0,0,0,0,0,3.0,2,0,2,1,1,1,1,1,1,1,1,1,0,0,0,14.625106996205195,22.69972,88.3519784
882,2,2142000.0,779.0,"Konnagar, Hooghly",2,1,South-West,2.0,5.0,0,0,0,0,0,3.0,2,0,2,1,1,1,1,1,1,0,1,1,0,0,0,14.57725099684313,22.69972,88.3519784
883,3,2802000.0,1019.0,"Konnagar, Hooghly",2,1,South-East,1.0,5.0,0,0,0,0,0,3.0,2,0,2,1,1,1,1,1,1,0,1,1,0,0,0,14.845844362766965,22.69972,88.3519784
884,3,2699000.0,1038.0,"Konnagar, Hooghly",2,2,North-East,1.0,5.0,0,0,0,0,0,3.0,2,0,2,1,1,1,1,1,1,1,1,1,0,0,0,14.808392262507668,22.69972,88.3519784
885,2,2145000.0,825.0,"Konnagar, Hooghly",2,1,West,3.0,5.0,0,0,0,0,0,3.0,2,0,2,1,1,1,1,1,1,1,1,1,0,0,0,14.578650576544613,22.69972,88.3519784
886,3,2223000.0,855.0,"Konnagar, Hooghly",2,1,East,2.0,5.0,0,0,0,0,0,3.0,2,0,2,1,1,1,1,1,1,1,1,1,0,0,0,14.614368642788788,22.69972,88.3519784
887,3,2808000.0,1080.0,"Konnagar, Hooghly",2,1,North,2.0,5.0,0,0,0,0,0,3.0,2,0,2,1,1,1,1,1,1,1,1,1,0,0,0,14.847983400253131,22.69972,88.3519784
888,2,1925000.0,550.0,"Hind Motor, Uttarpara",1,1,South-East,2.0,4.0,0,0,0,0,0,3.0,2,0,2,1,1,1,1,1,1,0,0,1,0,0,0,14.470437045184406,22.6836507,88.3417989
889,3,3500000.0,1000.0,"Hind Motor, Uttarpara",2,1,South-East,2.0,4.0,0,0,0,0,0,3.0,2,0,0,1,1,1,1,1,1,0,0,0,0,0,0,15.068273812173889,22.6836507,88.3417989
890,3,2684000.0,976.0,"Bhadrakali, Uttarpara",2,1,South-East,,,0,0,0,0,0,3.0,2,0,2,1,1,1,1,1,1,0,0,1,0,0,0,14.802819149651882,22.6743641,88.3432884
891,2,2760000.0,920.0,"Bhadrakali, Uttarpara",2,1,North,3.0,3.0,0,0,0,0,0,3.0,2,0,2,1,1,1,1,1,1,0,0,1,0,0,0,14.830741600012107,22.6743641,88.3432884
892,3,8500000.0,1373.0,"Uttarpara, Hooghly",2,1,South,7.0,11.0,0,0,0,0,0,3.0,2,0,5,1,1,1,0,1,1,1,1,1,1,0,0,15.955576839107596,22.6670459,88.3411458
893,2,2991000.0,787.0,Rajarhat,2,1,South-East,2.0,4.0,0,0,0,0,0,3.0,2,0,5,1,1,1,1,0,0,0,0,1,1,0,0,14.91111867194837,25.7967438,89.5446589
894,2,4408000.0,1160.0,Rajarhat,2,1,East,3.0,4.0,0,0,0,0,0,3.0,2,0,0,1,1,1,1,1,0,0,0,0,0,0,0,15.298931856675116,25.7967438,89.5446589
895,2,5800000.0,1025.0,"Uttarpara, Hooghly",2,0,South,4.0,11.0,0,0,0,0,0,3.0,2,1,5,1,1,1,1,1,1,1,1,1,1,0,0,15.573368647930426,22.6670459,88.3411458
896,2,9900000.0,1075.0,"Kalikapur, Kolkata",2,1,North-East,2.0,13.0,0,0,0,0,0,3.0,2,0,0,1,1,1,1,1,1,1,1,0,1,0,0,16.108045416114916,22.5053017,88.4009957
897,3,4560000.0,1339.0,"Narendrapur, South 24 Parganas",2,2,South,4.0,4.0,0,0,0,0,0,3.0,2,0,1,1,0,0,0,0,0,1,0,0,1,0,0,15.33283340078879,22.4541674,88.4183764
898,2,2300000.0,605.0,"Baranagar, Kolkata",1,1,North-West,3.0,4.0,0,0,0,0,0,3.0,2,0,1,1,0,0,0,0,0,0,0,1,0,0,0,14.648420115681892,22.6380124,88.3958929
899,2,2950000.0,850.0,"Baranagar, Kolkata",2,1,South-West,3.0,4.0,0,0,0,0,0,3.0,2,0,1,1,0,0,0,0,0,0,0,1,0,0,0,14.897316067298997,22.6380124,88.3958929
900,3,7000000.0,1150.0,"Action Area 2, Kolkata",2,1,South,3.0,4.0,0,0,0,0,0,3.0,2,0,0,1,1,0,1,1,1,0,0,0,0,0,0,15.76142084987672,22.6202131,88.4681187
901,2,2960000.0,800.0,"Baranagar, Kolkata",1,1,South-West,3.0,4.0,0,0,0,0,0,3.0,2,0,1,1,0,0,0,0,0,0,0,1,0,0,0,14.900700164138025,22.6380124,88.3958929
902,3,9500000.0,1178.0,"Tangra, Kolkata",3,1,South,3.0,7.0,0,0,1,0,0,3.0,2,0,5,1,1,1,1,1,1,1,1,1,1,0,0,16.066802461833923,22.5565107,88.3795946
903,3,7600000.0,1176.0,"Kalikapur, Kolkata",2,1,South,3.0,4.0,0,0,0,0,0,3.0,2,0,0,1,1,1,1,1,1,1,1,0,0,0,0,15.843658936835498,22.5053017,88.4009957
904,3,5200000.0,1050.0,"Santoshpur, Kolkata",2,1,North-East,1.0,3.0,0,0,0,0,0,0.5,2,0,0,1,1,1,0,0,1,0,0,1,0,0,0,15.46416937585933,22.4960484,88.3822296
905,3,4200000.0,1167.0,Rajarhat,2,1,South-West,3.0,4.0,0,0,0,0,0,3.0,2,0,0,1,1,1,1,1,1,1,1,0,0,0,0,15.250595321348806,25.7967438,89.5446589
906,2,4000000.0,890.0,Rajarhat,2,1,South,4.0,5.0,0,0,0,0,0,3.0,2,0,2,1,1,1,1,1,1,1,1,0,1,0,0,15.201805169084134,25.7967438,89.5446589
907,2,4700000.0,1019.0,"Joka, Kolkata South",2,1,North-West,10.0,23.0,0,1,0,0,0,3.0,2,0,3,1,1,1,1,1,1,1,1,0,1,0,0,15.363073279446224,22.4440966,88.3017146
908,3,4333000.0,1239.0,"Rajarhat, North 24 Parganas",2,1,South,3.0,4.0,0,0,0,0,0,3.0,2,0,0,1,1,1,1,1,0,0,0,0,0,0,0,15.281770931509003,22.6286173,88.44061
909,2,3390000.0,945.0,"Rajarhat, North 24 Parganas",2,2,South-East,2.0,4.0,0,0,0,0,0,0.5,2,0,0,1,0,1,0,1,1,0,0,0,0,0,0,15.03634077434184,22.6286173,88.44061
910,2,4500000.0,1274.0,"Bishnupur, Kolkata",2,2,South,1.0,4.0,0,0,0,0,0,7.5,2,0,3,1,0,0,0,0,0,1,1,0,1,0,0,15.319588176962746,22.4145089,88.2839351
911,2,3308000.0,945.0,"Rajarhat, North 24 Parganas",2,1,North-East,4.0,4.0,0,0,0,0,0,0.5,2,0,0,1,1,1,1,1,0,0,0,0,0,0,0,15.011854637423134,22.6286173,88.44061
912,2,3274000.0,935.0,"Rajarhat, North 24 Parganas",2,2,South,1.0,4.0,0,0,0,0,0,0.5,2,0,0,0,0,1,1,1,0,0,0,0,0,0,0,15.001523342349945,22.6286173,88.44061
913,3,4334000.0,1238.0,"Rajarhat, North 24 Parganas",2,1,North-West,2.0,4.0,0,0,0,0,0,0.5,2,0,0,1,0,1,1,1,1,0,0,0,0,0,0,15.282001691812148,22.6286173,88.44061
914,3,4333000.0,1238.0,"Rajarhat, North 24 Parganas",2,1,North-West,4.0,4.0,0,0,0,0,0,0.5,2,0,0,1,1,1,1,1,0,0,0,0,0,0,0,15.281770931509003,22.6286173,88.44061
915,3,3991000.0,1142.0,"Rajarhat, North 24 Parganas",2,1,South-West,2.0,4.0,0,0,0,0,0,0.5,2,0,0,1,1,1,1,1,0,0,0,0,0,0,0,15.199552634594609,22.6286173,88.44061
916,3,3990000.0,1140.0,"Rajarhat, North 24 Parganas",2,1,South-West,4.0,4.0,0,0,0,0,0,0.5,2,0,0,1,1,1,0,1,1,0,0,0,0,0,0,15.19930203949258,22.6286173,88.44061
917,2,3272999.9999999995,935.0,"Rajarhat, North 24 Parganas",2,2,South,3.0,4.0,0,0,0,0,0,0.5,2,0,0,1,1,1,1,1,0,0,0,0,0,0,0,15.001217859013366,22.6286173,88.44061
918,2,2876000.0,821.0,"Rajarhat, North 24 Parganas",2,1,North,3.0,4.0,0,0,0,0,0,0.5,2,0,0,1,1,1,0,1,0,0,0,0,0,0,0,14.87191134552816,22.6286173,88.44061
919,2,2870000.0,820.0,"Rajarhat, North 24 Parganas",2,1,North,4.0,4.0,0,0,0,0,0,0.5,2,0,0,1,1,1,1,1,0,0,0,0,0,0,0,14.869822936167798,22.6286173,88.44061
920,3,4505000.0,1274.0,"Bishnupur, Kolkata",2,2,South,1.0,4.0,0,0,0,0,0,7.5,2,0,3,1,1,1,0,1,1,1,1,0,1,0,0,15.320698671000134,22.4145089,88.2839351
921,2,3000000.0,850.0,"Bishnupur, Kolkata",2,1,East,2.0,4.0,0,0,0,0,0,7.5,2,0,3,1,1,1,0,1,1,1,1,0,1,0,0,14.914123179965662,22.4145089,88.2839351
922,2,4330000.0,980.0,"Rajarhat, North 24 Parganas",2,1,North-West,1.0,11.0,0,0,0,0,0,3.0,2,0,3,1,1,1,0,1,0,1,1,0,1,0,0,15.281078330925528,22.6286173,88.44061
923,2,4500000.0,928.0,"Rajarhat, North 24 Parganas",2,1,South-West,3.0,11.0,0,0,0,0,0,3.0,2,0,3,1,0,0,0,0,0,1,1,0,1,0,0,15.319588176962746,22.6286173,88.44061
924,2,6500000.0,1050.0,"Action Area 1, Kolkata",2,1,South-East,4.0,4.0,0,0,0,0,0,3.0,2,2,0,1,1,1,1,0,1,1,1,0,0,0,0,15.687312888712007,22.5743093,88.4558557
925,2,3272000.0,935.0,"Rajarhat, North 24 Parganas",2,2,North-East,3.0,5.0,0,0,0,0,0,0.5,2,0,1,1,1,1,1,0,0,0,0,1,0,0,0,15.0009122823282,22.6286173,88.44061
926,2,3220000.0000000005,920.0,"Rajarhat, North 24 Parganas",2,1,North-East,4.0,5.0,0,0,1,0,0,0.5,2,0,0,1,1,1,1,0,0,0,0,0,0,0,0,14.984892228079548,22.6286173,88.44061
927,3,4333000.0,1238.0,"Rajarhat, North 24 Parganas",2,1,North-West,3.0,5.0,0,0,0,0,0,0.5,2,0,0,1,1,1,0,1,0,0,0,0,0,0,0,15.281770931509003,22.6286173,88.44061
928,2,3339000.0,954.0,"Rajarhat, North 24 Parganas",2,2,South-East,3.0,5.0,0,0,0,0,0,0.5,2,0,2,1,1,1,1,1,0,0,0,1,0,0,0,15.021182218416612,22.6286173,88.44061
929,3,7700000.0,1432.0,"Fartabad, Garia",3,1,South-East,3.0,4.0,0,0,0,0,0,7.5,0,0,4,1,1,1,0,1,0,1,1,1,1,0,0,15.856731016694036,22.4662345,88.4025921
930,3,5496000.0,1145.0,Rajarhat,2,1,South-East,4.0,4.0,0,0,0,0,0,0.5,2,0,0,1,1,1,1,1,1,1,0,0,0,0,0,15.519531294834817,25.7967438,89.5446589
931,2,4800000.0,700.0,"Action Area 1, Kolkata",2,0,South-East,3.0,4.0,0,0,0,0,0,3.0,2,0,0,1,1,1,0,0,0,0,1,0,0,0,0,15.38412668421143,22.5743093,88.4558557
932,3,9500000.0,1470.0,"Action Area 2B, New Town",2,2,East,3.0,4.0,0,0,0,0,0,0.5,2,0,0,1,1,0,1,0,1,1,1,0,0,0,0,16.066802461833923,22.6129078,88.4665536
933,3,11000000.0,1293.0,Rajarhat,2,2,South-East,5.0,13.0,0,0,0,0,0,0.5,2,0,12,1,1,1,1,1,1,1,1,1,1,0,0,16.213405921671733,25.7967438,89.5446589
934,2,4000000.0,884.0,"Mahesh, Serampore, Hooghly",2,1,North-East,12.0,24.0,0,0,0,0,0,3.0,2,0,4,1,0,0,1,0,0,1,1,0,1,0,0,15.201805169084134,22.7348814,88.3510816
935,2,4200000.0,936.0,"Garia, Kolkata",2,1,Missing,,,0,0,0,0,0,7.5,0,1,0,0,0,0,0,0,0,0,0,0,0,0,0,15.250595321348806,22.4727076,88.3977962
936,2,2260000.0,868.0,"Hridaypur, North 24 Parganas",2,1,South-East,3.0,3.0,0,0,1,0,0,3.0,2,0,0,1,1,1,1,1,1,0,0,0,0,0,0,14.630875813726249,22.7109969,88.4699989
937,3,11500000.0,1512.0,Rajarhat,2,1,South-East,4.0,8.0,0,0,0,0,0,7.5,2,0,5,1,1,1,1,1,1,1,1,1,1,0,0,16.257857680289998,25.7967438,89.5446589
938,3,5600000.0,1185.0,"Rajarhat, North 24 Parganas",2,2,North-East,6.0,11.0,0,0,0,0,0,3.0,0,0,3,1,1,0,0,1,1,1,1,0,1,0,0,15.53827733427679,22.6286173,88.44061
939,2,3740000.0,1084.0,"Airport, Dum Dum",2,1,North-West,3.0,5.0,0,0,0,0,0,0.5,2,0,0,1,0,0,0,0,0,0,0,0,0,0,0,15.13459643677036,13.0479657,77.6452691
940,3,7950000.0,1155.0,"BT Road, North 24 Parganas",2,1,East,11.0,24.0,0,0,0,0,0,3.0,2,0,3,1,0,0,0,0,0,1,1,0,1,0,0,15.88868261241667,22.7241945,88.4837829
941,2,3457000.0,804.0,"Dum Dum Cantt, South Dumdum",2,1,West,1.0,5.0,0,0,0,0,0,0.5,2,0,0,1,1,0,1,1,1,0,0,0,0,0,0,15.055912008171871,22.6375838,88.412158
942,2,2350000.0,905.0,"New Barrackpur, North 24 Parganas",2,1,East,4.0,4.0,0,0,1,0,0,3.0,2,0,0,1,1,1,1,1,1,0,0,0,0,0,0,14.669926311652166,22.679688,88.4498321
943,3,16500000.0,1601.0,"EM Bypass, Kolkata South",3,1,South-East,12.0,18.0,0,0,0,0,0,7.5,2,0,4,1,1,0,0,1,1,1,1,1,1,0,0,16.61887099947687,22.4690721,88.3912838
944,3,9000000.0,1242.0,"CE Block, New Town",2,1,South-West,3.0,4.0,0,0,0,0,0,0.5,2,0,0,1,1,1,1,1,1,0,0,0,0,0,0,16.012735246411598,22.5758538,88.4586199
945,2,2800000.0,726.0,"Garia, Kolkata",2,1,East,3.0,3.0,0,0,0,0,0,12.5,2,0,1,0,0,1,1,0,1,0,0,1,0,0,0,14.845130332288226,22.4727076,88.3977962
946,2,6051000.0,1100.0,"Action Area 2, Kolkata",2,1,North,2.0,4.0,0,0,0,0,0,3.0,2,0,0,1,1,1,0,1,0,0,0,0,0,0,0,15.615734270866383,22.6202131,88.4681187
947,3,3410000.0,1100.0,"Konnagar, Hooghly",2,1,South-West,5.0,5.0,0,0,0,0,0,0.5,2,0,2,1,1,1,1,1,1,1,0,1,0,0,0,15.04222314251479,22.69972,88.3519784
948,3,6100000.0,1050.0,"Santoshpur, South 24 Parganas",2,1,North-East,2.0,3.0,0,0,0,0,0,12.5,2,0,0,1,1,1,0,1,0,0,0,0,0,0,0,15.623799493077952,22.5240566,88.2710655
949,3,13000000.0,1660.0,Rajarhat,3,1,East,8.0,8.0,0,0,0,0,0,7.5,2,0,5,1,1,1,1,1,1,1,1,1,1,0,0,16.380459992348886,25.7967438,89.5446589
950,3,8000000.0,1396.0,"Santoshpur, South 24 Parganas",2,1,North-East,2.0,3.0,0,0,0,0,0,3.0,2,0,2,1,1,1,1,0,0,0,0,1,0,0,0,15.894952224644102,22.5240566,88.2710655
951,2,5600000.0,972.0,"Santoshpur, South 24 Parganas",2,1,North-East,1.0,3.0,0,0,0,0,0,0.5,2,0,0,1,1,1,0,0,1,0,0,1,0,0,0,15.53827733427679,22.5240566,88.2710655
952,3,7250000.0,1407.0,"Santoshpur, South 24 Parganas",3,1,South-East,2.0,3.0,0,0,0,0,0,0.5,2,0,0,1,1,1,0,0,1,0,0,1,0,0,0,15.796512164761882,22.5240566,88.2710655
953,3,9600000.0,1650.0,"Action Area 1, Kolkata",2,1,South-West,2.0,4.0,0,0,0,0,0,3.0,2,0,0,1,1,0,1,1,1,0,0,0,0,0,0,16.077273760604726,22.5743093,88.4558557
954,3,7000000.0,1136.0,"EM Bypass, Kolkata South",2,1,North-East,15.0,15.0,0,0,0,0,0,0.5,2,0,8,1,0,1,1,1,1,1,1,1,1,0,0,15.76142084987672,22.4690721,88.3912838
955,2,2330000.0,845.0,"New Barrackpur, North 24 Parganas",2,1,North,2.0,4.0,0,0,1,0,0,3.0,2,0,0,1,1,1,1,1,1,0,0,0,0,0,0,14.66137925472634,22.679688,88.4498321
956,3,7200000.0,1274.0,"EM Bypass, Kolkata South",2,1,South-East,9.0,15.0,0,0,0,0,0,0.5,2,0,2,1,0,0,1,0,0,1,1,0,1,0,0,15.789591722875162,22.4690721,88.3912838
957,2,2088000.0,696.0,"Jheel Bagan, Kolkata",2,1,North-West,3.0,4.0,0,0,0,0,0,3.0,2,0,0,1,1,1,1,1,0,0,0,0,0,0,0,14.551717706911754,22.6210988,88.3978255
958,2,2871000.0,776.0,"Airport, Dum Dum",2,1,South,5.0,5.0,0,0,0,0,0,3.0,2,0,0,1,1,0,1,0,0,0,0,0,0,0,0,14.870171307413834,13.0479657,77.6452691
959,3,4850000.0,1228.0,"Dum Dum Cantt, South Dumdum",2,1,North-East,4.0,6.0,0,0,0,0,0,3.0,2,0,0,1,1,1,1,0,1,1,0,0,0,0,0,15.394489469099211,22.6375838,88.412158
960,3,3710000.0,1060.0,"Airport, Dum Dum",2,1,North,1.0,4.0,0,0,0,0,0,3.0,2,0,0,1,1,0,1,0,0,0,0,0,0,0,0,15.12654270412536,13.0479657,77.6452691
961,2,3649000.0,760.0,"Char Park, Kolkata",2,1,East,4.0,4.0,0,0,0,0,0,3.0,2,0,0,1,1,1,1,1,1,0,0,0,0,0,0,15.109963989466232,22.578579,88.3551327
962,2,4130000.0,860.0,"Char Park, Kolkata",2,1,North,4.0,4.0,0,0,0,0,0,3.0,2,0,0,1,1,1,1,1,1,0,0,0,0,0,0,15.233788207067937,22.578579,88.3551327
963,2,4082000.0,850.0,"Char Park, Kolkata",2,1,West,4.0,4.0,0,0,0,0,0,3.0,2,0,0,1,1,1,1,1,1,0,0,0,0,0,0,15.222097867329849,22.578579,88.3551327
964,2,3183000.0,663.0,"Char Park, Kolkata",2,1,East,4.0,4.0,0,0,0,0,0,3.0,2,0,0,1,1,1,1,1,1,0,0,0,0,0,0,14.973335020433204,22.578579,88.3551327
965,2,4080000.0,850.0,"Char Park, Kolkata",2,1,West,3.0,4.0,0,0,0,0,0,3.0,2,0,0,1,1,1,1,1,0,0,0,0,0,0,0,15.221607791478354,22.578579,88.3551327
966,2,3811000.0,794.0,"Dashdrone, Rajarhat",2,1,South,4.0,4.0,0,0,0,0,0,0.5,2,0,0,1,1,1,1,1,1,0,0,0,0,0,0,15.153402442254285,22.6313786,88.4424235
967,2,3648000.0,760.0,"Char Park, Kolkata",2,1,East,3.0,4.0,0,0,0,0,0,3.0,2,0,0,1,1,1,1,1,1,0,0,0,0,0,0,15.109689904299128,22.578579,88.3551327
968,2,4128000.0,860.0,"Char Park, Kolkata",2,1,West,3.0,4.0,0,0,0,0,0,3.0,2,0,0,1,1,0,0,1,1,0,0,0,0,0,0,15.233303828391568,22.578579,88.3551327
969,2,4435000.0,924.0,Rajarhat,2,1,North-East,3.0,4.0,0,0,0,0,0,0.5,2,0,0,1,1,1,1,1,0,0,0,0,0,0,0,15.305038399204935,25.7967438,89.5446589
970,2,3182000.0,663.0,"Char Park, Kolkata",2,1,South-East,3.0,4.0,0,0,0,0,0,3.0,2,0,0,1,1,1,1,1,1,0,0,0,0,0,0,14.973020802147577,22.578579,88.3551327
971,2,4138000.000000001,862.0,Rajarhat,2,1,North-East,2.0,4.0,0,0,0,0,0,0.5,2,0,0,1,1,1,0,1,0,0,0,0,0,0,0,15.235723378950237,25.7967438,89.5446589
972,2,3859000.000000001,804.0,Rajarhat,2,1,North-East,2.0,4.0,0,0,0,0,0,0.5,2,0,0,1,1,1,1,1,0,0,1,0,0,0,0,15.165918899654214,25.7967438,89.5446589
973,2,4574000.0,953.0,Rajarhat,2,1,North-West,4.0,5.0,0,0,0,0,0,3.0,2,0,0,1,1,1,1,1,1,0,0,0,0,0,0,15.335898872191862,25.7967438,89.5446589
974,2,4340000.0,904.0,Rajarhat,2,1,South-East,3.0,5.0,0,0,0,0,0,3.0,2,0,0,1,1,1,1,1,1,0,0,0,0,0,0,15.283385136491308,25.7967438,89.5446589
981,2,3162000.0,832.0,Rajarhat,2,1,South-West,4.0,4.0,0,0,0,0,0,3.0,2,0,0,1,1,1,1,1,0,0,0,0,0,0,0,14.96671561300704,25.7967438,89.5446589
982,2,3549000.0,934.0,Rajarhat,2,1,South,1.0,4.0,0,0,0,0,0,3.0,2,0,0,1,1,1,1,1,1,0,0,0,0,0,0,15.082176713398106,25.7967438,89.5446589
983,2,3120000.0,780.0,Rajarhat,2,1,South-East,4.0,5.0,0,0,0,0,0,0.5,2,0,0,1,1,0,1,0,0,0,0,0,0,0,0,14.953343880298434,25.7967438,89.5446589
984,3,4300000.0,1075.0,Rajarhat,2,1,North-East,4.0,5.0,0,0,0,0,0,0.5,2,0,0,1,1,0,1,0,0,0,0,0,0,0,0,15.274125813221904,25.7967438,89.5446589
985,2,2660000.0,856.0,"Madhyamgram, North 24 Parganas",2,1,South-West,3.0,4.0,0,0,1,0,0,3.0,2,0,0,1,1,1,1,1,1,0,0,0,0,0,0,14.793837056697662,22.6947839,88.4530183
986,3,11000000.0,1480.0,"New Town, Kolkata",2,2,South-East,3.0,16.0,0,0,0,0,0,3.0,2,0,5,1,1,0,1,0,0,1,1,0,1,0,0,16.213405921671733,22.5959131,88.4878653
987,3,5300000.0,980.0,"Nayabad, South 24 Parganas",2,1,North-West,1.0,4.0,0,0,0,0,0,3.0,2,2,3,1,0,0,0,0,0,0,0,1,0,0,0,15.483217567201578,22.477646,88.4399813
988,2,4600000.0,830.0,"Sodepur, Kolkata North",2,1,South-West,17.0,21.0,0,0,0,0,0,7.5,2,2,4,1,1,0,1,0,0,1,1,0,1,0,0,15.341567078850604,22.7001796,88.3791567
989,2,2150000.0,765.0,Panihati,2,1,South-East,4.0,6.0,0,0,0,0,0,0.5,2,0,0,1,0,1,1,0,1,0,0,0,0,0,0,14.580978865220017,22.6950342,88.4073585
990,2,4680000.0,900.0,"South Dumdum, Kolkata",2,1,South,1.0,6.0,0,0,0,0,0,3.0,2,0,0,1,1,1,1,0,0,0,0,0,0,0,0,15.35880888156902,22.6380124,88.3958929
991,3,4800000.0,1174.0,"Narendrapur, South 24 Parganas",2,1,South-West,4.0,4.0,0,0,0,0,0,3.0,2,2,3,1,0,0,0,0,0,1,1,0,1,0,0,15.38412668421143,22.4541674,88.4183764
992,2,3600000.0,750.0,"Santragachi, Howrah",2,1,North-West,5.0,20.0,0,0,0,0,0,7.5,2,0,0,1,1,0,0,1,0,0,1,0,0,0,0,15.096444681204078,22.5822129,88.2798107
993,2,3700000.0,1012.0,Rajarhat,2,2,South-East,1.0,4.0,0,0,0,0,0,3.0,2,0,0,1,1,1,1,1,1,1,1,0,1,0,0,15.123843647884687,25.7967438,89.5446589
994,2,3125000.0,906.0,Rajarhat,2,1,South,1.0,4.0,0,0,0,0,0,3.0,2,0,0,1,1,1,1,1,1,1,1,0,0,0,0,14.954945161152589,25.7967438,89.5446589
995,2,2995000.0,894.0,"Rajarhat, North 24 Parganas",2,1,West,3.0,4.0,0,0,0,0,0,3.0,2,0,0,1,1,1,1,1,1,1,0,0,0,0,0,14.912455123421449,22.6286173,88.44061
996,2,5500000.0,1000.0,"Action Area 2B, New Town",2,1,South-West,3.0,4.0,0,0,0,0,0,0.5,2,0,0,1,1,0,0,1,0,0,0,0,0,0,0,15.520258832020865,22.6129078,88.4665536
997,2,2331000.0,777.0,"Rajarhat, North 24 Parganas",2,1,South,3.0,4.0,0,0,0,0,0,3.0,2,0,0,1,1,1,1,1,1,1,0,0,0,0,0,14.661808347018232,22.6286173,88.44061
998,2,3158000.0,987.0,Rajarhat,2,2,South-West,4.0,4.0,0,0,0,0,0,3.0,2,0,1,1,1,1,1,1,0,0,0,0,0,0,0,14.965449790453786,25.7967438,89.5446589
999,2,2961000.0,911.0,Rajarhat,2,1,South-East,1.0,4.0,0,0,0,0,0,3.0,2,0,3,1,1,1,1,1,1,0,0,1,0,1,0,14.901037944807412,25.7967438,89.5446589
1000,2,3244000.0,998.0,Rajarhat,2,1,North-West,2.0,4.0,0,0,0,0,0,3.0,2,0,3,1,1,1,1,1,1,0,0,0,0,0,0,14.9923180024788,25.7967438,89.5446589
1001,2,3547999.9999999995,959.0,Rajarhat,2,1,South-West,3.0,4.0,0,0,0,0,0,3.0,2,0,4,1,1,1,1,1,1,1,1,1,1,0,0,15.081894904260496,25.7967438,89.5446589
1002,3,4235000.0,1100.0,Rajarhat,2,1,South-West,2.0,4.0,0,0,0,0,0,3.0,2,0,0,1,1,1,1,1,1,1,1,0,0,0,0,15.258894122195771,25.7967438,89.5446589
1003,3,4490000.0,1166.0,Rajarhat,2,1,South-West,2.0,4.0,0,0,0,0,0,3.0,2,0,0,1,1,1,1,1,1,1,1,0,0,0,0,15.317363482435562,25.7967438,89.5446589
1004,2,3892000.0,1011.0,Rajarhat,2,1,North,2.0,4.0,0,0,0,0,0,3.0,2,0,0,1,1,1,1,1,1,1,1,0,0,0,0,15.174433979225308,25.7967438,89.5446589
1005,2,3950000.0,1027.0,Rajarhat,2,1,South-West,2.0,4.0,0,0,0,0,0,3.0,2,0,0,1,1,1,1,1,1,1,1,0,0,0,0,15.18922639004183,25.7967438,89.5446589
1006,3,4543000.0,1180.0,Rajarhat,2,1,South-West,2.0,4.0,0,0,0,0,0,3.0,2,0,0,1,1,1,1,1,1,1,1,0,0,0,0,15.32909836486038,25.7967438,89.5446589
1007,2,5400000.0,867.0,"Dum Dum, Kolkata",2,1,South-East,2.0,5.0,0,0,0,0,0,3.0,2,2,3,1,0,1,0,0,0,0,0,1,0,0,0,15.501909696719672,22.6546116,88.4249902
1008,2,1914000.0,661.0,Panihati,2,1,South-East,4.0,4.0,0,0,0,0,0,0.5,2,0,0,1,1,0,1,1,1,0,0,0,0,0,0,14.46470637346094,22.6950342,88.4073585
1009,2,2030000.0,700.0,Panihati,1,1,South-East,4.0,4.0,0,0,0,0,0,0.5,2,0,0,1,1,0,1,1,1,0,0,0,0,0,0,14.523546843628688,22.6950342,88.4073585
1010,2,2204000.0,760.0,Panihati,2,1,North,,,0,0,0,0,0,0.5,2,0,0,1,1,0,1,1,1,0,0,0,0,0,0,14.605784902975348,22.6950342,88.4073585
1011,2,1739999.9999999998,600.0,Panihati,1,1,North,,,0,0,0,0,0,0.5,2,0,0,1,1,0,1,1,1,0,0,0,0,0,0,14.36939624590319,22.6950342,88.4073585
1012,2,2300000.0,735.0,Panihati,1,1,South-East,1.0,4.0,0,0,0,0,0,0.5,2,0,0,1,1,0,1,1,1,0,0,0,0,0,0,14.648420115681892,22.6950342,88.4073585
1013,2,2450000.0,785.0,Panihati,2,1,North-East,1.0,4.0,0,0,0,0,0,0.5,2,0,0,1,1,0,1,1,1,0,0,0,0,0,0,14.711598990684092,22.6950342,88.4073585
1014,3,3490000.0,1091.0,"Madhyamgram, North 24 Parganas",2,1,North-East,2.0,3.0,0,0,1,0,0,3.0,2,0,0,1,1,1,1,1,1,0,0,0,0,0,0,15.06541258071152,22.6947839,88.4530183
1015,3,7400000.0,1283.0,"Rajarhat, North 24 Parganas",2,1,East,1.0,4.0,0,0,0,0,0,7.5,2,2,0,1,0,0,1,1,1,1,1,0,0,0,0,15.816990693309524,22.6286173,88.44061
1016,2,2350000.0,804.0,"Barrackpur-II, North 24 Parganas",2,1,North-East,2.0,2.0,0,0,0,0,0,0.5,2,0,0,1,0,0,0,0,0,0,0,0,0,0,0,14.669926311652166,22.9453159,88.4597926
1017,2,6000000.0,908.0,Rajarhat,2,1,South-East,6.0,10.0,0,0,0,0,0,3.0,2,0,7,1,1,1,1,1,1,1,1,1,1,0,0,15.607270193858982,25.7967438,89.5446589
1018,2,2000000.0,840.0,"Serampore, Hooghly",1,1,West,1.0,4.0,0,0,0,0,0,12.5,2,0,2,1,0,1,0,0,1,0,0,1,0,0,0,14.508658238524095,22.7549951,88.3416672
1019,2,3800000.0,884.0,"Serampore, Hooghly",2,1,East,11.0,24.0,0,0,0,0,0,3.0,2,1,4,1,0,0,1,0,0,1,1,0,1,0,0,15.150511887854474,22.7549951,88.3416672
1021,2,4373000.0,841.0,"New Garia, Kolkata",2,1,North-West,1.0,4.0,0,0,0,0,0,0.5,2,0,3,1,0,1,1,0,0,0,0,1,0,0,0,15.290960059070995,22.4727076,88.3977962
1023,3,4738000.0,1089.0,"Panchpota, South 24 Parganas",2,1,North-East,3.0,4.0,0,0,0,0,0,3.0,2,0,2,1,1,1,1,0,0,0,0,1,0,0,0,15.371125874760365,22.4681162,88.4196482
1024,2,3850000.0,770.0,"Panchpota, South 24 Parganas",2,1,South-East,1.0,3.0,0,0,0,0,0,3.0,2,0,3,1,0,1,1,0,0,0,0,1,0,0,0,15.163583966004191,22.4681162,88.4196482
1025,3,7000000.0,1300.0,"Santoshpur, South 24 Parganas",2,1,South-West,3.0,3.0,0,0,0,0,0,12.5,2,0,2,1,1,1,1,0,0,0,0,1,0,0,0,15.76142084987672,22.5240566,88.2710655
1026,2,3570000.0000000005,850.0,"Fartabad, Garia",2,1,South-East,2.0,4.0,0,0,0,0,0,3.0,2,0,3,0,0,1,1,0,0,0,1,1,0,0,0,15.088076433867828,22.4662345,88.4025921
1027,2,3641000.0,867.0,"Fartabad, Garia",2,1,South-West,2.0,4.0,0,0,0,0,0,3.0,2,0,3,1,0,1,1,0,0,0,0,1,0,0,0,15.107769201807354,22.4662345,88.4025921
1028,3,6000000.0,1107.0,"Santoshpur, South 24 Parganas",2,1,South,3.0,3.0,0,0,0,0,0,12.5,2,1,0,1,1,1,0,0,1,0,1,1,0,0,0,15.607270193858982,22.5240566,88.2710655
1029,3,4885000.0,1085.0,"Nayabad, South 24 Parganas",2,1,North-East,2.0,3.0,0,0,0,0,0,3.0,2,0,3,1,0,1,1,0,0,0,0,1,0,0,0,15.40168004816729,22.477646,88.4399813
1030,2,4000000.0,973.0,"Nayabad, South 24 Parganas",2,1,South,3.0,4.0,0,0,0,0,0,3.0,2,0,3,0,0,1,1,0,1,0,0,1,0,0,0,15.201805169084134,22.477646,88.4399813
1031,2,3150000.0,800.0,"Fartabad, Garia",2,1,South-East,1.0,3.0,0,0,0,0,0,0.5,0,0,3,1,0,1,1,0,0,0,0,1,0,0,0,14.962913328262085,22.4662345,88.4025921
1032,2,11500000.0,1555.0,"New Town, Kolkata",3,3,South-East,7.0,24.0,0,0,0,1,0,3.0,2,0,3,1,1,1,1,1,1,1,1,0,1,0,0,16.257857680289998,22.5959131,88.4878653
1033,2,2340000.0,777.0,Panihati,2,1,South-West,1.0,4.0,0,0,1,0,0,3.0,2,0,0,1,1,1,1,1,1,0,0,0,0,0,0,14.66566191468422,22.6950342,88.4073585
1034,2,2170000.0,788.0,"New Barrackpur, North 24 Parganas",2,1,North,4.0,4.0,0,0,1,0,0,3.0,2,0,0,1,1,1,1,1,1,0,0,0,0,0,0,14.59023818634603,22.679688,88.4498321
1035,2,2170000.0,804.0,"Sheoraphuli, Hooghly",2,1,North-East,2.0,4.0,0,0,0,0,0,0.5,2,0,0,1,0,1,0,0,0,0,0,1,0,0,0,14.59023818634603,22.7710139,88.3291849
1036,3,7500000.0,1480.0,"Golabari, Howrah,",2,2,South-East,4.0,4.0,0,0,0,0,0,3.0,2,0,0,1,1,0,0,1,1,1,1,0,0,0,0,15.830413711839864,22.5932398,88.3441315
1037,2,2864000.0,682.0,"Brahmapur, Kolkata",2,1,South-East,1.0,2.0,1,0,0,0,0,0.5,2,0,0,0,0,1,1,0,0,0,0,1,0,0,0,14.867730156224624,22.4602389,88.3644484
1038,3,3162000.0,930.0,"Boral, Kolkata",2,1,North-East,1.0,4.0,0,0,0,0,0,3.0,2,0,1,1,0,1,1,1,0,0,0,1,0,0,0,14.96671561300704,22.5697,88.3630976
1039,3,3952000.000000001,1040.0,"Boral, Kolkata",2,1,South-East,1.0,3.0,1,0,0,0,0,3.0,2,0,0,1,0,1,1,1,0,0,0,1,0,0,0,15.1897325908863,22.5697,88.3630976
1040,3,3950000.0,1124.0,"Basunagar, Madhyamgram",2,1,North-East,2.0,4.0,0,0,1,0,0,3.0,2,0,0,1,1,1,1,1,1,0,0,0,0,0,0,15.18922639004183,22.6974185,88.4619034
1044,2,3200000.0,850.0,"Barasat, Kolkata North",2,1,South-East,4.0,5.0,0,0,0,0,0,0.5,2,2,3,1,1,1,1,1,1,0,1,0,1,0,0,14.978661680269909,22.7240295,88.4889199
1051,2,5000000.0,960.0,"Garia, South 24 Parganas",2,1,South-West,3.0,4.0,0,0,0,0,0,7.5,2,0,2,1,1,1,0,1,1,1,1,0,1,0,0,15.424948670398354,22.4662366,88.4050198
1052,2,4500000.0,960.0,"EM Bypass, Kolkata South",2,1,South-East,3.0,5.0,0,0,0,0,0,12.5,2,0,2,1,0,1,1,1,1,1,1,1,0,0,0,15.319588176962746,22.4690721,88.3912838
1053,1,1831000.0,436.0,"Bansdroni, Kolkata",1,1,East,2.0,2.0,1,0,0,0,0,0.5,2,0,0,0,0,1,1,0,0,0,0,1,0,0,0,14.420373369806144,22.4735864,88.3606732
1054,3,4900000.0,1225.0,"Airport, Dum Dum",2,1,North-East,1.0,6.0,0,0,0,0,0,0.5,2,0,0,1,1,1,0,0,1,0,0,0,0,0,0,15.404745967162468,13.0479657,77.6452691
1055,2,6200000.0,1036.0,"Rajarhat, North 24 Parganas",2,2,South-West,4.0,6.0,0,0,0,0,0,7.5,2,2,4,1,1,1,1,1,1,1,1,0,1,0,0,15.64006001130563,22.6286173,88.44061
1056,3,7700000.0,1090.0,"BT Road, North 24 Parganas",2,1,South-West,4.0,11.0,0,0,0,0,0,0.5,2,0,4,1,0,0,0,0,0,1,1,1,1,0,0,15.856731016694036,22.7241945,88.4837829
1057,2,2800000.0,840.0,"Bishnupur, Kolkata",2,1,South-East,3.0,4.0,0,0,0,0,0,7.5,2,0,3,1,1,1,1,1,1,1,1,0,1,0,0,14.845130332288226,22.4145089,88.2839351
1058,3,15000000.0,1525.0,"EM Bypass, Kolkata South",3,1,North-West,4.0,7.0,0,0,1,0,0,3.0,2,0,6,1,1,0,0,0,0,1,1,0,1,0,0,16.52356082573315,22.4690721,88.3912838
1059,3,10400000.0,1340.0,"Rajarhat, North 24 Parganas",2,1,East,2.0,4.0,0,0,0,0,0,0.5,2,0,0,1,1,1,1,1,1,1,1,0,0,0,0,16.15731646026544,22.6286173,88.44061
1060,3,4880000.0,1220.0,"Dum Dum Cantt, South Dumdum",2,1,South-East,2.0,4.0,0,0,0,0,0,3.0,2,0,0,1,1,0,1,0,0,0,0,0,0,0,0,15.400655982747342,22.6375838,88.412158
1061,3,4811000.0,1218.0,"Dum Dum Cantt, South Dumdum",2,1,South,2.0,6.0,0,0,0,0,0,3.0,2,0,1,1,1,0,1,1,0,1,0,1,0,0,0,15.386415728538564,22.6375838,88.412158
1062,3,6900000.0,1250.0,"Action Area 2, Kolkata",2,2,North-East,3.0,4.0,0,0,0,0,0,3.0,2,0,0,1,1,1,1,1,0,0,0,0,0,0,0,15.747032114495012,22.6202131,88.4681187
1063,2,2247000.0,817.0,"Konnagar, Hooghly",2,1,North-East,3.0,5.0,0,0,0,0,0,0.5,2,0,2,1,1,1,0,0,0,0,0,1,0,0,0,14.625106996205195,22.69972,88.3519784
1064,2,2303000.0,853.0,"Konnagar, Hooghly",2,1,North-East,3.0,5.0,0,0,0,0,0,0.5,2,0,2,1,1,1,1,0,0,0,0,1,0,0,0,14.649723613018969,22.69972,88.3519784
1065,2,2267000.0,817.0,"Konnagar, Hooghly",2,1,North-East,3.0,5.0,0,0,0,0,0,0.5,2,0,2,1,1,1,0,0,0,0,1,1,0,0,0,14.63396837060117,22.69972,88.3519784
1066,2,2226000.0,817.0,"Konnagar, Hooghly",2,1,North-East,3.0,5.0,0,0,0,0,0,0.5,2,0,2,1,1,1,0,0,0,0,1,1,0,0,0,14.615717260053824,22.69972,88.3519784
1067,2,2367000.0,853.0,"Konnagar, Hooghly",2,1,North-East,3.0,5.0,0,0,0,0,0,0.5,2,0,2,1,1,1,1,0,0,0,1,1,0,0,0,14.67713431097174,22.69972,88.3519784
1068,2,2346000.0,853.0,"Konnagar, Hooghly",2,1,North-East,3.0,5.0,0,0,0,0,0,0.5,2,0,1,1,1,1,1,0,0,0,0,0,0,0,0,14.668222734452929,22.69972,88.3519784
1069,2,2137000.0,770.0,"Konnagar, Hooghly",2,1,North,3.0,5.0,0,0,0,0,0,0.5,2,0,2,1,1,1,1,0,0,0,1,1,0,0,0,14.574914002246894,22.69972,88.3519784
1070,2,2575000.0,928.0,"Konnagar, Hooghly",2,1,North-East,3.0,5.0,0,0,0,0,0,0.5,2,0,2,1,1,0,0,0,0,1,1,1,0,0,0,14.761360480429412,22.69972,88.3519784
1071,2,2552000.0,928.0,"Konnagar, Hooghly",2,1,South-East,3.0,5.0,0,0,0,0,0,0.5,2,0,2,1,1,1,0,0,0,0,1,1,0,0,0,14.75238831529627,22.69972,88.3519784
1072,2,2506000.0,928.0,"Konnagar, Hooghly",2,1,South-East,3.0,5.0,0,0,0,0,0,0.5,2,0,2,1,1,1,0,0,0,0,1,1,0,0,0,14.73419881348037,22.69972,88.3519784
1073,3,3680000.0,1363.0,"Konnagar, Hooghly",2,1,South-East,4.0,5.0,0,0,0,0,0,0.5,2,0,2,1,1,0,0,0,0,1,1,1,0,0,0,15.118423581884208,22.69972,88.3519784
1074,3,3714000.0,1363.0,"Konnagar, Hooghly",2,1,South-East,4.0,5.0,0,0,0,0,0,0.5,2,0,2,1,1,1,0,0,0,0,1,1,0,0,0,15.127620290146233,22.69972,88.3519784
1075,3,2775000.0,1000.0,"Konnagar, Hooghly",2,1,South-West,4.0,5.0,0,0,0,0,0,0.5,2,0,2,1,1,1,1,0,0,0,0,1,0,0,0,14.836161665522967,22.69972,88.3519784
1076,3,2750000.0,1000.0,"Konnagar, Hooghly",2,1,South-West,4.0,5.0,0,0,0,0,0,0.5,2,0,2,1,1,1,1,0,0,0,0,1,0,0,0,14.827111833279051,22.69972,88.3519784
1077,3,2725000.0,1000.0,"Konnagar, Hooghly",2,1,South-West,4.0,5.0,0,0,0,0,0,0.5,2,0,2,1,1,1,1,0,0,0,0,1,0,0,0,14.817979353051893,22.69972,88.3519784
1078,3,2700000.0,1000.0,"Konnagar, Hooghly",2,1,South-West,4.0,5.0,0,0,0,0,0,0.5,2,0,2,1,1,1,1,0,0,0,0,1,0,0,0,14.80876270134486,22.69972,88.3519784
1079,1,955000.0,344.0,"Konnagar, Hooghly",1,1,North,1.0,5.0,0,0,0,0,0,0.5,2,0,2,1,1,1,0,0,0,0,0,1,0,0,0,13.769467666582738,22.69972,88.3519784
1080,3,2761000.0,995.0,"Konnagar, Hooghly",2,1,South-West,1.0,5.0,0,0,0,0,0,0.5,2,0,2,1,1,1,1,0,0,0,1,1,0,0,0,14.831103853099838,22.69972,88.3519784
1081,3,2673000.0,1038.0,"Konnagar, Hooghly",2,2,North-West,3.0,5.0,0,0,0,0,0,0.5,2,0,2,1,1,1,1,0,0,0,0,1,0,0,0,14.79871236923247,22.69972,88.3519784
1082,3,2202000.0,855.0,"Konnagar, Hooghly",2,1,North-West,3.0,5.0,0,0,0,0,0,0.5,2,0,2,1,1,1,1,0,0,0,0,1,0,0,0,14.604877050397263,22.69972,88.3519784
1083,2,1666000.0,647.0,"Konnagar, Hooghly",2,1,South-West,1.0,5.0,0,0,0,0,0,0.5,2,0,1,1,1,0,1,0,0,0,0,1,0,0,0,14.32593670194884,22.69972,88.3519784
1084,2,2124000.0,825.0,"Konnagar, Hooghly",2,1,North-East,2.0,5.0,0,0,0,0,0,0.5,2,0,2,1,1,1,1,0,0,0,0,1,0,0,0,14.56881213215365,22.69972,88.3519784
1085,2,2001000.0,777.0,"Konnagar, Hooghly",2,1,South-East,4.0,5.0,0,0,0,0,0,0.5,2,0,2,1,1,1,1,0,0,0,0,1,0,0,0,14.50915811331587,22.69972,88.3519784
1086,2,4565000.0,830.0,"Dum Dum, Kolkata",2,1,West,3.0,6.0,0,0,0,0,0,3.0,2,0,0,1,1,1,1,0,0,0,0,0,0,0,0,15.333929291069232,22.6546116,88.4249902
1087,2,2300000.0,838.0,"Madhyamgram, North 24 Parganas",2,1,South-East,2.0,4.0,0,0,1,0,0,3.0,2,0,0,1,1,1,1,1,1,0,0,0,0,0,0,14.648420115681892,22.6947839,88.4530183
1088,3,2808000.0,1040.0,"Hind Motor, Uttarpara",2,1,South-East,2.0,4.0,0,0,0,0,0,0.5,2,0,2,1,1,1,1,1,1,1,1,1,0,0,0,14.847983400253131,22.6836507,88.3417989
1089,2,2650000.0,855.0,"Madhyamgram, North 24 Parganas",2,1,South-West,3.0,4.0,0,0,1,0,0,3.0,2,0,3,1,1,1,1,1,1,0,0,1,0,0,0,14.790070575320824,22.6947839,88.4530183
1090,2,2741000.0,783.0,"Bhadrakali, Uttarpara",2,1,North-West,2.0,4.0,0,0,0,0,0,0.5,2,0,2,1,1,1,1,1,1,0,1,1,0,0,0,14.82383374011521,22.6743641,88.3432884
1091,2,3750000.0,850.0,"Rajarhat, North 24 Parganas",2,1,South-West,4.0,5.0,0,0,0,0,0,0.5,2,0,3,1,1,1,1,1,1,0,0,1,0,0,0,15.137266664613223,22.6286173,88.44061
1092,2,4200000.0,1052.0,"Behala Chowrasta, Kolkata",2,1,South,4.0,11.0,0,0,0,0,0,7.5,2,0,5,1,1,1,1,1,1,1,1,1,1,0,0,15.250595321348806,22.4873548,88.3133794
1093,3,6600000.0,1050.0,"New Town Action Area 1C, Kolkata",2,0,South-West,3.0,4.0,0,0,0,0,0,0.5,2,0,0,1,1,1,1,0,1,0,1,0,0,0,0,15.702580358511794,22.5786581,88.4684426
1094,2,3500000.0,930.0,"Garia, Kolkata",2,1,North-West,1.0,3.0,1,0,0,0,0,3.0,2,0,0,1,0,1,1,1,0,0,0,1,0,0,0,15.068273812173889,22.4727076,88.3977962
1095,2,3600000.0,900.0,"Char Park, Kolkata",2,1,South,3.0,4.0,0,0,0,0,0,3.0,2,0,3,1,1,1,1,1,1,0,0,1,0,0,0,15.096444681204078,22.578579,88.3551327
1096,2,1682000.0,647.0,"Konnagar, Hooghly",2,1,East,1.0,5.0,0,0,0,0,0,3.0,2,0,3,1,1,1,1,1,1,1,1,1,0,0,0,14.335494714045176,22.69972,88.3519784
1097,2,2109000.0,703.0,"Bhadrakali, Uttarpara",2,1,South,3.0,3.0,0,0,0,0,0,3.0,2,0,2,1,1,1,1,1,1,0,0,1,0,0,0,14.561724933619168,22.6743641,88.3432884
1098,2,2577000.0,859.0,"Bhadrakali, Uttarpara",2,2,West,1.0,3.0,0,0,0,0,0,3.0,2,0,2,1,1,1,1,1,1,1,1,1,0,0,0,14.762136877682543,22.6743641,88.3432884
1099,3,5482000.0,1246.0,"Dunlop, North 24 Parganas",2,2,North-East,2.0,4.0,0,0,0,0,0,3.0,2,0,1,1,0,0,0,0,0,0,0,1,0,0,0,15.51698073826003,22.6543211,88.3592454
1100,2,3167000.0,918.0,Rajarhat,2,1,South,2.0,4.0,0,0,0,0,0,3.0,2,0,0,1,1,1,1,1,1,1,1,0,0,0,0,14.968295641276963,25.7967438,89.5446589
1101,2,2950000.0,812.0,"Baranagar, Kolkata",2,1,North-West,3.0,4.0,0,0,0,0,0,3.0,2,0,3,1,0,0,0,0,0,0,0,1,0,0,0,14.897316067298997,22.6380124,88.3958929
1102,2,2590000.0,700.0,"Baranagar, Kolkata",1,1,North-East,2.0,4.0,0,0,0,0,0,3.0,2,0,1,1,0,0,0,0,0,0,0,1,0,0,0,14.767168819776032,22.6380124,88.3958929
1103,3,3765000.0,1046.0,"Barrackpur-II, North 24 Parganas",2,1,South-West,3.0,5.0,0,0,0,0,0,3.0,2,0,0,1,1,0,1,0,0,0,0,0,0,0,0,15.141258684820343,22.9453159,88.4597926
1104,2,4478000.0,933.0,"Char Park, Kolkata",2,1,East,2.0,6.0,0,0,0,0,0,3.0,2,0,4,1,1,1,1,1,0,0,0,1,1,0,0,15.314687299454793,22.578579,88.3551327
1105,2,3385000.0,915.0,Rajarhat,2,1,North-West,1.0,4.0,0,0,0,0,0,3.0,2,0,4,1,1,1,1,1,1,1,1,1,1,0,0,15.034864759749444,25.7967438,89.5446589
1106,2,4635000.0,927.0,"Kalikapur, Kolkata",2,1,East,4.0,4.0,0,0,0,0,0,3.0,2,0,0,1,1,1,1,1,1,1,1,0,0,0,0,15.3491469727318,22.5053017,88.4009957
1107,2,2260000.0,960.0,"Madhyamgram, North 24 Parganas",2,1,South,3.0,4.0,0,0,1,0,0,3.0,2,0,0,1,1,1,1,1,1,0,0,0,0,0,0,14.630875813726249,22.6947839,88.4530183
1108,2,4900000.0,864.0,"Action Area 2, Kolkata",2,1,South-West,4.0,4.0,0,0,0,0,0,0.5,2,0,0,1,1,1,1,1,0,0,0,0,0,0,0,15.404745967162468,22.6202131,88.4681187
1109,2,4396000.0,1142.0,Rajarhat,2,1,South,2.0,4.0,0,0,0,0,0,3.0,2,0,0,1,1,1,1,1,1,1,1,0,0,0,0,15.29620582198515,25.7967438,89.5446589
1110,2,4200000.0,850.0,"Adarsha Nagar, Kolkata",2,1,South-West,2.0,3.0,0,0,0,0,0,12.5,2,2,3,0,0,0,1,0,0,0,0,1,0,0,0,15.250595321348806,22.5003756,88.3750985
1111,3,5800000.0,1338.0,"New Garia, Kolkata",2,1,South-East,2.0,3.0,0,0,0,0,0,3.0,2,0,3,1,0,1,1,0,0,0,0,1,0,0,0,15.573368647930426,22.4727076,88.3977962
1112,2,3655000.0,731.0,"Rajarhat, North 24 Parganas",2,1,North,3.0,4.0,0,0,0,0,0,3.0,2,0,0,1,1,1,1,1,0,0,0,0,0,0,0,15.11160692476379,22.6286173,88.44061
1113,3,6185000.0,1237.0,"Baguiati, Kolkata",2,1,South,4.0,4.0,0,0,0,0,0,3.0,2,0,0,1,1,1,1,1,0,0,0,0,0,0,0,15.6376377254902,22.613274,88.4246327
1114,2,4250000.0,850.0,"Bansdroni, Kolkata",2,1,North-West,2.0,3.0,1,0,0,0,0,3.0,2,0,1,1,0,1,1,1,0,0,0,1,0,0,0,15.26242977619469,22.4735864,88.3606732
1115,2,4517000.0,961.0,"Char Park, Kolkata",2,1,South-East,5.0,6.0,0,0,0,0,0,0.5,2,1,6,1,1,1,1,1,1,0,0,1,1,0,0,15.323358836022592,22.578579,88.3551327
1116,2,2595000.0,810.0,Panihati,2,1,West,2.0,4.0,0,0,1,0,0,3.0,2,0,0,1,1,1,1,1,1,0,0,0,0,0,0,14.769097459938507,22.6950342,88.4073585
1117,3,6240000.0,1200.0,"South Dumdum, Kolkata",2,1,North-East,6.0,6.0,0,0,0,0,0,3.0,2,0,1,1,1,1,1,0,0,0,0,1,0,0,0,15.646490900602007,22.6380124,88.3958929
1118,2,1926000.0,642.0,"Boral, Kolkata",2,1,South-West,2.0,3.0,0,0,0,0,0,3.0,2,0,1,0,0,1,1,1,0,0,0,1,0,0,0,14.470956390550873,22.5697,88.3630976
1119,2,3063000.0,806.0,"Garia, Kolkata",2,1,South-East,2.0,3.0,1,0,0,0,0,0.5,2,0,0,1,0,1,1,0,0,0,0,1,0,0,0,14.934905712292167,22.4727076,88.3977962
1120,3,4715000.0,1241.0,"Rajarhat, North 24 Parganas",2,1,South,1.0,4.0,0,0,0,0,0,3.0,2,0,0,1,1,1,1,1,1,1,0,0,0,0,0,15.36625968613875,22.6286173,88.44061
1121,2,4728000.0,892.0,"Action Area 2, Kolkata",2,1,South-West,4.0,4.0,0,0,0,0,0,3.0,2,0,0,1,1,0,0,1,0,0,0,0,0,0,0,15.36901304957397,22.6202131,88.4681187
1122,2,2100000.0,935.0,"New Barrackpur, North 24 Parganas",2,1,East,1.0,4.0,0,0,1,0,0,3.0,2,0,0,1,1,1,1,1,1,0,0,0,0,0,0,14.557448378884017,22.679688,88.4498321
1123,2,4598000.0,836.0,"Action Area 2, Kolkata",2,1,South,3.0,4.0,0,0,0,0,0,0.5,2,0,0,1,1,0,0,0,0,0,1,0,0,0,0,15.341132201791105,22.6202131,88.4681187
1124,3,4700000.0,1250.0,"Uttarpara, Hooghly",2,2,North-East,4.0,4.0,0,0,0,0,0,3.0,2,0,2,1,1,1,1,1,1,1,1,1,0,0,0,15.363073279446224,22.6670459,88.3411458
1125,3,7690000.000000001,1183.0,"Action Area 2, Kolkata",2,1,South-East,2.0,4.0,0,0,0,0,0,3.0,2,0,0,1,1,1,1,1,1,0,0,0,0,0,0,15.85543147152083,22.6202131,88.4681187
1126,2,2233000.0,812.0,"Konnagar, Hooghly",2,1,South-East,1.0,5.0,0,0,0,0,0,0.5,2,0,2,0,1,0,1,1,0,0,0,1,0,0,0,14.618856978650228,22.69972,88.3519784
1127,2,2300000.0,803.0,"Sodepur, Kolkata North",2,1,East,1.0,4.0,0,0,1,0,0,3.0,2,0,0,1,0,0,1,1,1,0,0,0,0,0,0,14.648420115681892,22.7001796,88.3791567
1128,3,5700000.0,1101.0,"Sodepur, Kolkata North",2,1,East,12.0,19.0,0,0,0,0,0,3.0,2,0,5,1,1,1,1,1,1,1,1,0,1,0,0,15.55597690824336,22.7001796,88.3791567
1129,3,3980000.0,1206.0,"Dum Dum Cantt, South Dumdum",2,1,North,1.0,4.0,0,0,0,0,0,3.0,2,0,0,1,1,0,1,0,0,0,0,0,0,0,0,15.19679262851687,22.6375838,88.412158
1130,2,2574000.0,780.0,"Dum Dum Cantt, South Dumdum",2,1,South-West,4.0,4.0,0,0,0,0,0,3.0,2,0,0,1,1,0,1,0,0,0,0,0,0,0,0,14.760972055638522,22.6375838,88.412158
1131,3,5700000.0,1070.0,"Kalikapur, Kolkata",2,1,South-East,1.0,4.0,0,0,0,0,0,12.5,2,0,0,1,1,1,0,0,0,0,0,0,0,0,0,15.55597690824336,22.5053017,88.4009957
1132,1,2264000.0,621.0,"Airport, Dum Dum",1,1,South,2.0,4.0,0,0,0,0,0,3.0,2,0,0,1,1,0,0,1,0,1,0,0,0,0,0,14.632644160001226,13.0479657,77.6452691
1133,2,3150000.0,700.0,"Rajarhat, North 24 Parganas",2,1,South-East,3.0,4.0,0,0,0,0,0,0.5,2,0,4,1,1,1,1,1,1,0,0,1,0,0,0,14.962913328262085,22.6286173,88.44061
1134,2,3121000.0,918.0,Rajarhat,2,1,South,3.0,4.0,0,0,0,0,0,3.0,2,0,4,1,1,1,1,1,0,0,1,1,1,0,0,14.95366434166299,25.7967438,89.5446589
1135,2,2425000.0,866.0,"Konnagar, Hooghly",2,1,North-West,2.0,5.0,0,0,0,0,0,3.0,2,0,2,1,1,1,1,1,1,1,1,1,0,0,0,14.70134249472477,22.69972,88.3519784
1136,2,4600000.0,917.0,"Garia, Kolkata",2,1,South-East,2.0,4.0,0,0,0,0,0,0.5,2,0,0,1,0,1,0,0,0,0,0,0,0,0,0,15.341567078850604,22.4727076,88.3977962
1137,2,2083000.0,817.0,"Hind Motor, Uttarpara",2,1,South,2.0,3.0,0,0,0,0,0,0.5,2,0,2,1,1,1,1,1,1,0,0,1,0,0,0,14.549320200319809,22.6836507,88.3417989
1139,1,1494000.0,610.0,"Hind Motor, Uttarpara",1,1,North-West,2.0,3.0,0,0,0,0,0,0.5,2,0,2,1,1,1,1,1,1,0,1,1,0,0,0,14.216968314018718,22.6836507,88.3417989
1140,2,3200000.0,780.0,"Rathtala, Kolkata North",1,1,South-East,3.0,3.0,0,0,0,0,0,3.0,2,0,1,0,0,0,0,0,0,0,0,1,0,0,0,14.978661680269909,22.5135613,88.3812157
1141,3,6800000.0,1112.0,"Action Area 2, Kolkata",2,1,South-East,3.0,4.0,0,0,0,0,0,0.5,2,0,0,1,1,1,1,0,0,0,0,0,0,0,0,15.732433317205148,22.6202131,88.4681187
1142,3,4550000.0,1120.0,"North Dum Dum, Kolkata",2,1,North-West,3.0,4.0,0,0,0,0,0,0.5,2,0,0,1,0,0,0,0,0,0,0,0,0,0,0,15.330638010707329,22.6344962,88.4157144
1143,3,7500000.0,1260.0,"Joka, Kolkata South",2,1,South,5.0,14.0,0,0,0,0,0,3.0,2,0,7,1,1,1,1,1,1,1,1,1,1,0,0,15.830413711839864,22.4440966,88.3017146
1144,2,3150000.0,852.0,"Baranagar, North 24 Parganas",1,1,South-West,3.0,3.0,0,0,0,0,0,3.0,2,0,1,1,0,0,0,0,0,0,0,1,0,0,0,14.962913328262085,22.6530765,88.3805962
1145,2,4594000.0,957.0,"Char Park, Kolkata",2,1,South-East,5.0,6.0,0,0,0,0,0,3.0,2,0,4,1,1,1,1,1,0,0,0,1,1,0,0,15.340261879906386,22.578579,88.3551327
1146,3,14200000.0,798.0,"New Town, Kolkata",2,2,South-East,17.0,20.0,0,1,0,0,0,0.5,0,0,3,1,1,1,1,1,1,1,1,0,1,0,0,16.468752592994022,22.5959131,88.4878653
1147,2,2668000.0,667.0,"Nayabad, South 24 Parganas",2,1,South,4.0,4.0,0,0,0,0,0,3.0,2,0,2,1,1,1,1,0,0,1,0,1,0,0,0,14.796840060830174,22.477646,88.4399813
1148,2,2085000.0,695.0,"Jheel Bagan, Kolkata",2,1,West,4.0,4.0,0,0,0,0,0,3.0,2,0,0,1,1,1,1,1,0,0,0,0,0,0,0,14.550279892831233,22.6210988,88.3978255
1149,2,2696000.0,793.0,Rajarhat,2,1,South-East,3.0,4.0,0,0,0,0,0,3.0,2,0,4,1,0,0,0,0,0,0,1,1,1,0,0,14.807280121934149,25.7967438,89.5446589
1150,2,1669000.0000000002,642.0,"Konnagar, Hooghly",2,1,North-West,1.0,5.0,0,0,0,0,0,0.5,2,0,3,1,1,1,1,1,1,0,0,1,0,0,0,14.327735801804968,22.69972,88.3519784
1151,3,8800000.0,1245.0,"Action Area 1, Kolkata",2,1,South-West,4.0,4.0,0,0,0,0,0,3.0,2,0,0,1,1,0,1,1,1,0,0,0,0,0,0,15.990262393084793,22.5743093,88.4558557
1152,2,3600000.0,850.0,"Haltu, Kolkata",2,0,South-East,,,0,0,0,0,0,3.0,2,1,0,0,1,1,0,0,0,0,0,1,0,0,0,15.096444681204078,22.506758,88.3817559
1153,3,7600000.0,1167.0,"EM Bypass, Kolkata South",2,1,South-East,14.0,15.0,0,0,0,0,0,0.5,2,2,2,1,1,1,1,1,1,1,1,0,1,0,0,15.843658936835498,22.4690721,88.3912838
1154,2,2562000.0,754.0,Rajarhat,2,1,South,2.0,4.0,0,0,0,0,0,3.0,2,0,0,1,1,1,1,1,0,0,1,0,1,0,0,14.756299151758803,25.7967438,89.5446589
1155,3,6800000.0,1125.0,"Action Area 2, Kolkata",2,1,South-West,3.0,4.0,0,0,0,0,0,3.0,2,0,0,1,1,1,1,1,0,0,0,0,0,0,0,15.732433317205148,22.6202131,88.4681187
1156,2,4600000.0,1000.0,"New Garia, Kolkata",2,1,East,1.0,4.0,0,0,0,0,0,12.5,2,0,1,1,1,1,1,1,1,1,1,1,0,0,0,15.341567078850604,22.4727076,88.3977962
1157,2,9800000.0,1260.0,"Jadavpur, Kolkata",2,1,South,9.0,13.0,0,0,0,0,0,7.5,2,0,3,1,1,1,1,1,1,1,1,0,1,0,0,16.097893045681612,22.495499,88.3709006
1158,3,5014000.0,1166.0,"Dum Dum Cantt, South Dumdum",2,1,South-West,3.0,5.0,0,0,0,0,0,0.5,2,0,0,1,1,0,1,1,1,0,0,0,0,0,0,15.42774475714192,22.6375838,88.412158
1159,3,8200000.0,1450.0,"Action Area 2, Kolkata",3,1,South,1.0,4.0,0,0,0,0,0,3.0,2,0,0,1,1,0,1,1,1,0,0,0,0,0,0,15.919644834185693,22.6202131,88.4681187
1160,2,2600000.0,705.0,"Garia, Kolkata",2,1,South-East,1.0,3.0,1,0,0,0,0,3.0,2,0,1,1,0,1,1,1,0,0,0,1,0,0,0,14.77102238760702,22.4727076,88.3977962
1161,2,2800000.0,776.0,"Garia, Kolkata",2,1,South-East,2.0,3.0,0,0,0,0,0,3.0,2,0,0,0,1,1,0,1,0,0,0,0,0,0,0,14.845130332288226,22.4727076,88.3977962
1162,4,13000000.0,1940.0,Rajarhat,4,3,South-East,9.0,17.0,0,0,0,1,0,3.0,2,0,2,1,1,1,1,1,1,0,1,0,1,0,0,16.380459992348886,25.7967438,89.5446589
1163,3,7000000.0,1050.0,"EM Bypass, Kolkata South",2,1,Missing,2.0,3.0,0,0,0,0,0,12.5,2,1,0,0,0,0,0,0,0,0,0,0,0,0,0,15.76142084987672,22.4690721,88.3912838
1164,2,6237000.0,945.0,"Moore Avenue, Tollygunge",2,1,South-East,3.0,4.0,1,0,0,0,0,0.5,2,0,0,1,1,1,1,1,0,1,0,1,0,0,0,15.64601001584174,22.4933548,88.3433104
1165,2,3121000.0,918.0,Rajarhat,2,1,West,2.0,4.0,0,0,0,0,0,3.0,2,0,0,1,1,1,1,0,0,0,1,0,1,0,0,14.95366434166299,25.7967438,89.5446589
1166,2,2100000.0,700.0,"Sodepur, Kolkata North",1,1,South,3.0,4.0,0,0,0,0,0,3.0,2,0,0,1,0,0,1,1,0,0,0,0,0,0,0,14.557448378884017,22.7001796,88.3791567
1167,2,2848000.0,850.0,Rajarhat,2,1,North-West,2.0,4.0,0,0,0,0,0,3.0,2,0,0,1,1,1,1,1,1,1,0,0,0,0,0,14.862127902637535,25.7967438,89.5446589
1168,2,3200000.0,867.0,Rajarhat,2,1,South-West,1.0,4.0,0,0,0,0,0,3.0,2,0,0,1,1,1,1,1,1,1,1,0,1,0,0,14.978661680269909,25.7967438,89.5446589
1169,3,7000000.0,1359.0,"Sodepur, Kolkata North",2,2,North-West,17.0,19.0,0,0,0,0,0,3.0,2,0,5,1,1,1,1,1,1,1,1,0,1,0,0,15.76142084987672,22.7001796,88.3791567
1170,2,2747000.0,820.0,Rajarhat,2,1,South-East,2.0,4.0,0,0,0,0,0,3.0,2,0,0,1,1,1,1,1,0,1,0,0,0,0,0,14.826020329110836,25.7967438,89.5446589
1171,2,4758000.0,865.0,"Dum Dum Park, Kolkata",2,1,South-West,2.0,7.0,0,0,0,0,0,0.5,2,0,4,1,1,1,1,1,1,0,0,1,0,0,0,15.37533818001736,22.6210988,88.3978255
1172,3,6600000.0,1200.0,"Dum Dum Park, Kolkata",2,1,South-East,6.0,7.0,0,0,0,0,0,0.5,2,0,4,1,1,1,1,1,0,0,0,1,0,0,0,15.702580358511794,22.6210988,88.3978255
1173,3,2365000.0,946.0,"Hind Motor, Uttarpara",2,1,Missing,4.0,4.0,0,0,0,0,0,0.5,2,0,2,1,1,1,1,1,1,0,1,1,0,0,0,14.67628900274106,22.6836507,88.3417989
1174,2,2047000.0,758.0,"Hind Motor, Uttarpara",2,1,South-West,1.0,4.0,0,0,0,0,0,0.5,2,0,2,1,1,1,1,1,1,1,1,1,0,0,0,14.531886353163092,22.6836507,88.3417989
1175,2,5700000.0,1050.0,Rajarhat,2,1,South-West,3.0,9.0,0,0,0,0,0,3.0,2,0,7,1,1,1,1,1,1,1,1,1,1,0,0,15.55597690824336,25.7967438,89.5446589
1176,3,17500000.0,1836.0,"Chingrighata, Kolkata",3,3,West,2.0,12.0,0,0,0,0,0,0.5,2,0,4,1,1,1,1,0,1,1,1,1,1,0,0,16.677711496036597,22.5586562,88.4108018
1177,3,15000000.0,1460.0,"Hastings, Kolkata Central",2,2,South-East,6.0,6.0,0,0,1,1,0,12.5,0,2,3,0,0,0,0,0,0,0,0,0,0,0,0,16.52356082573315,22.5539125,88.3302038
1178,3,6780000.0,1169.0,"Adarsha Nagar, Kolkata",2,2,North-East,2.0,3.0,0,0,0,0,0,3.0,2,0,2,1,1,1,0,1,0,1,0,1,0,0,0,15.729487807409193,22.5003756,88.3750985
1179,1,946000.0,344.0,"Konnagar, Hooghly",1,1,South,3.0,5.0,0,0,0,0,0,3.0,2,0,2,1,1,1,1,1,1,0,1,1,0,0,0,13.759998905115909,22.69972,88.3519784
1180,2,2650000.0,895.0,"Baruipur, South 24 Parganas",2,1,East,2.0,4.0,0,0,0,0,0,3.0,2,0,3,1,0,0,1,1,1,0,1,0,1,0,0,14.790070575320824,22.3606792,88.4322502
1181,3,4100000.0,1038.0,"Rajarhat, North 24 Parganas",2,1,North,2.0,4.0,0,0,0,0,0,3.0,2,0,0,1,1,0,1,1,1,0,0,0,0,0,0,15.226497775576943,22.6286173,88.44061
1182,2,3134000.0,814.0,"Rajarhat, North 24 Parganas",2,1,South-East,1.0,4.0,0,0,0,0,0,3.0,2,0,0,1,1,0,1,1,1,0,0,0,0,0,0,14.957821020979098,22.6286173,88.44061
