Project Name,Link,Flat Type,Price,Area,Area Type,Price per Sqft,Location,Highlights,Description,Property ID,Address,Society,Rating,Furnishing,Facilities,Nearby,Overlooking,Bedrooms,Bathrooms,Balcony,Additional Rooms,Floor Number,Property Age/Possession,Facing
Larika Tolly,https://www.99acres.com/3-bhk-bedroom-apartment-flat-for-sale-in-larika-tolly-haridevpur-kolkata-south-1059-sq-ft-r1-spid-R70002428,3 BHK Flat,50 Lac,"1,059 sqft",Carpet Area,"4,721 /sqft","Haridevpur, Putiary, Kolkata",,"Check out this 3 bhk apartment for sale in larika tolly, a popular residential project that houses in-Demand flats in , kolkata south. Containing 3 bedroom(s), 2 bathrooms and 2 balconies, this flat is spread over a carpet area of 1059 sq.Ft. The property is located on the top floor of a 4 floors tall building. As the project is already ready to move, so you can easily move into this 5-10 years...",R70002428,"Larika Tolly, Haridevpur, Putiary, Kolkata",,,[],"['Security / Fire Alarm', 'Intercom Facility', 'Lift(s)', 'Maintenance Staff', 'Swimming Pool', 'Water Storage', 'Security Personnel', 'Natural Light', 'Airy Rooms', 'Club house / Community Center']","['Netaji metro station', 'Gouria moth', 'Santoshi Maa Mandir', 'Dhali Para Masjid', 'Shibaloy', 'Kali Temple', 'Sbi ATM']",['Park/Garden'],3 Bedrooms,2 Bathrooms,2 Balconies,,4th   of 4 Floors,5 to 10 Year Old,
Elgin Tower,https://www.99acres.com/3-bhk-bedroom-apartment-flat-for-sale-in-elgin-tower-batanagar-kolkata-south-2370-sq-ft-r2-spid-H75332101,3 BHK Flat,77 Lac,"2,370 sqft",Super Built-up Area,"3,375 /sqft","BataNagar, Kolkata",,"This 3 bhk flat is located in elgin, which houses some of the most spacious flats in batanagar, kolkata south. Containing 3 bedroom(s), 2 bathrooms and 2 balconies, this flat is spread over a super built up area of 2370 sq.Ft. The flat has a total of 14 floors and this property is situated on top floor. An added advantage of this 5-10 years old flat is that it is available for immediate possess...",H75332101,"Elg Tower, BataNagar, Kolkata",,,"['2 Bed', '1 Wardrobe', '6 Fan', '1 Exhaust Fan', '1 Dining Table', '10 Light']","['Private Garden / Terrace', 'Lift(s)', 'Maintenance Staff', 'Swimming Pool', 'Visitor Parking', 'Security Personnel', 'Natural Light', 'Internet/wi-fi connectivity', 'Airy Rooms', 'Spacious Interiors', 'Club house / Community Center']","['kali mandir', 'Shiv mandir', 'ESI Hospital', 'Sarangabad School', 'Nangi railway station', 'Akra railway station']","['Pool,Park/Garden']",3 Bedrooms,2 Bathrooms,2 Balconies,Store Room,14th   of 14 Floors,5 to 10 Year Old,
Usha Apartment,https://www.99acres.com/3-bhk-bedroom-apartment-flat-for-sale-in-usha-apartment-diamond-park-kolkata-south-1350-sq-ft-spid-A83280088,3 BHK Flat,51 Lac,"1,350 sqft",Carpet Area,"3,777 /sqft","Diamond Park, Joka",Top Floor,"This is your chance to a 3 bhk apartment / flat for sale in usha apartment diamond park joka . Where luxury comes with affordability. Basic details: You will love this bright and spacious 3 bedroom apartment with 2 bathrooms, modular kitchen, spacious hall and 2 balconies.The balcony offers a great view and is a place to enjoy at any time. This house provides ample natural light and has good ve...",A83280088,"Usha Apartment, Diamond Park, Joka",,,"['1 Bed', '2 Fan', '1 Microwave', '2 Light']","['Lift(s)', 'Natural Light', 'Airy Rooms']","['Dhali Para Masjid', 'Santoshi Maa Mandir', 'Kasturi Medical Centre Pvt Ltd', 'Bangur Medicare Research Institute', 'Swadesh Basu Hospital']","['Main Road,Park/Garden']",3 Bedrooms,2 Bathrooms,2 Balconies,Pooja Room,4th   of 4 Floors,5 to 10 Year Old,South
Rajdanga,https://www.99acres.com/2-bhk-bedroom-apartment-flat-for-sale-in-rajdanga-kasba-kolkata-south-1175-sq-ft-r1-spid-R75693285,2 BHK Flat,1.25 Cr,"1,175 sqft",Super Built-up Area,"10,638 /sqft","Kasba, Kolkata",,"We are the proud owners of this 2 bhk apartment available in rajdanga, kasba, kolkata south. This it is a and the unit is located on 4th floor and has a super built-Up area of 1175 sq.Ft. . It has 2 bathroom(s). The ownership is freehold type.",R75693285,"Rajdanga, Kasba, Kolkata",,,[],[],"['Sitala Mandir-Bondel Road', 'Battala Sitala Mandir', 'Radha Krishna Temple', 'Shani Temple', 'Gariahat Sarbojanin Durgotsab']",[],2 Bedrooms,2 Bathrooms,No Balcony,,4th   of 5 Floors,5 to 10 Year Old,
Shrachi Rosedale Garden,https://www.99acres.com/2-bhk-bedroom-apartment-flat-for-sale-in-shrachi-rosedale-garden-new-town-kolkata-east-879-sq-ft-spid-D82835778,2 BHK Flat,1.22 Cr,879 sqft,Built-up Area,"13,879 /sqft","New Town, Kolkata",,"Residential apartment This is your chance to a 2 bhk apartment / flat for sale in shrachi rosedale garden new town kolkata . Where luxury comes with affordability. Basic details: You will love this bright and spacious 2 bedroom apartment with 2 bathrooms, modular kitchen, spacious hall and 2 balconies.The balcony offers a great view and is a place to enjoy at any time. This house provides ample...",D82835778,"Shrachi Rosedale Garden, New Town, Kolkata",Shrachi Rosedale Garden,,"['2 Bed', '2 Wardrobe', '2 Fan', '2 Light']",[],"['Salt Lake Sector V Metro Station', 'Central Mall', 'Biswa Bangla Sarani', ""St. Xavier's University"", 'Orchids The International School']",[],2 Bedrooms,2 Bathrooms,2 Balconies,,6th   of 9 Floors,5 to 10 Year Old,
Sun Hilla Tower,https://www.99acres.com/1-bhk-bedroom-apartment-flat-for-sale-in-belur-howrah-402-sq-ft-spid-B81980786,1 BHK Flat,25 Lac,402 sqft,Built-up Area,"6,218 /sqft","Belur, Howrah","Fresh Construction
Overlooking Park/Garden
+1","Residential apartment This is your chance to a 1 bhk apartment / flat for sale in belur howrah . Where luxury comes with affordability. Basic details: You will love this bright and spacious 2 bedroom apartment with 2 bathrooms, modular kitchen, spacious hall and 2 balconies.The balcony offers a great view and is a place to enjoy at any time. This house provides ample natural light and has good ...",B81980786,"Sun Hilla Tower, Belur, Howrah",,,[],"['Feng Shui / Vaastu Compliant', 'Security / Fire Alarm', 'Intercom Facility', 'Lift(s)', 'Water Storage', 'Park', 'Visitor Parking', 'Security Personnel', 'Airy Rooms', 'Spacious Interiors', 'Club house / Community Center']","['Tulsiram Lakshmi Devi Jaiswal Hospital', 'Eastern Railway Hospital', 'Satya Bala Devi ID Hospital', 'Swasti Nursing Home']",['Park/Garden'],1 Bedroom,1 Bathroom,1 Balcony,,3rd   of 4 Floors,0 to 1 Year Old,
Elgin Tower,https://www.99acres.com/3-bhk-bedroom-apartment-flat-for-sale-in-elgin-tower-batanagar-kolkata-south-1305-sq-ft-spid-N82743252,3 BHK Flat,68 Lac,"1,305 sqft",Built-up Area,"4,980 /sqft","BataNagar, Kolkata",,"Residential apartment This is your chance to a 3 bhk apartment / flat for sale in hiland greens maheshtala kolkata . Where luxury comes with affordability. Basic details: You will love this bright and spacious 3 bedroom apartment with 2 bathrooms, modular kitchen, spacious hall and 2 balconies.The balcony offers a great view and is a place to enjoy at any time. This house provides ample natural...",N82743252,"Elg Tower, BataNagar, Kolkata",,,"['3 Fan', '1 Geyser', '3 Light', '1 AC']","['Feng Shui / Vaastu Compliant', 'Security / Fire Alarm', 'Intercom Facility', 'Lift(s)', 'Swimming Pool', 'Park', 'Security Personnel', 'Spacious Interiors', 'Fitness Centre / GYM', 'Club house / Community Center']","['kali mandir', 'Shiv mandir', 'ESI Hospital', 'Sarangabad School', 'Nangi railway station', 'Akra railway station']","['Park/Garden,Others']",3 Bedrooms,2 Bathrooms,2 Balconies,,6th   of 14 Floors,5 to 10 Year Old,South-East
Destination Peerless,https://www.99acres.com/2-bhk-bedroom-apartment-flat-for-sale-in-destination-peerless-konnagar-hooghly-1086-sq-ft-spid-Z80579955,2 BHK Flat,34 Lac,"1,086 sqft",Built-up Area,"3,130 /sqft","Konnagar, Hooghly",Gated Society,"Destination peerless is one of hooghly's most sought after destination for apartments and this 2 bhk flat in konnagar is your opportunity to be a part of this community. This residential flat is south-East-Facing direction. Containing 2 bedroom(s), 2 bathrooms and 3 balconies, this flat is spread over a built up area of 1086 sq.Ft. The flat has a total of 11 floors and this property is situated...",Z80579955,"Destation Peerless, Konnagar, Hooghly",,,"['3 Geyser', '13 Light', '1 Chimney']",['Lift(s)'],[],[],2 Bedrooms,2 Bathrooms,3 Balconies,,1st   of 11 Floors,10+ Year Old,South-East
DTC Capital City,https://www.99acres.com/3-bhk-bedroom-apartment-flat-for-sale-in-dtc-capital-city-rajarhat-kolkata-east-1150-sq-ft-spid-K81695274,3 BHK Flat,90 Lac,"1,150 sqft",Super Built-up Area,"13,888 /sqft","Rajarhat, Kolkata","Close to Airport
Close to School
+2","Residential apartment This is your chance to a 3 bhk apartment / flat for sale in dtc capital city rajarhat kolkata . Where luxury comes with affordability. Basic details: You will love this bright and spacious 3 bedroom apartment with 2 bathrooms, modular kitchen, spacious hall and 3 balconies.The balcony offers a great view and is a place to enjoy at any time. This house provides ample natura...",K81695274,"DTC Capital City, Rajarhat, Kolkata",DTC Capital City,,[],"['Security / Fire Alarm', 'Feng Shui / Vaastu Compliant', 'Private Garden / Terrace', 'Intercom Facility', 'Lift(s)', 'Maintenance Staff', 'Water Storage', 'Visitor Parking', 'Swimming Pool', 'Park', 'Security Personnel', 'Natural Light', 'Internet/wi-fi connectivity', 'Airy Rooms', 'Spacious Interiors', 'Low Density Society', 'Shopping Centre', 'Fitness Centre / GYM', 'Waste Disposal', 'Club house / Community Center']","['City Centre 2 - Metro Station', 'Centrus Mall', 'Rajarhat Main Rd', 'National English School, Rajarhat Campus', 'Amity University Kolkata']","['Pool,Park/Garden,Club']",3 Bedrooms,2 Bathrooms,3 Balconies,"Others,Pooja Room,Study Room",5th   of 14 Floors,Dec 2026,South
Sun Hilla Tower,https://www.99acres.com/3-bhk-bedroom-apartment-flat-for-sale-in-belur-howrah-1022-sq-ft-spid-X81980526,3 BHK Flat,66 Lac,"1,022 sqft",Built-up Area,"6,457 /sqft","Belur, Howrah","Fresh Construction
Gated Society
+1","Residential apartment This is your chance to a 3 bhk apartment / flat for sale in belur howrah . Where luxury comes with affordability. Basic details: You will love this bright and spacious 3 bedroom apartment with 3 bathrooms, modular kitchen, spacious hall and 2 balconies.The balcony offers a great view and is a place to enjoy at any time. This house provides ample natural light and has good ...",X81980526,"Sun Hilla Tower, Belur, Howrah",,,[],"['Security / Fire Alarm', 'Feng Shui / Vaastu Compliant', 'Intercom Facility', 'Lift(s)', 'Water purifier', 'Maintenance Staff', 'Water Storage', 'Visitor Parking', 'Park', 'Security Personnel', 'Natural Light', 'Spacious Interiors', 'Club house / Community Center']","['Tulsiram Lakshmi Devi Jaiswal Hospital', 'Eastern Railway Hospital', 'Satya Bala Devi ID Hospital', 'Swasti Nursing Home']",[],3 Bedrooms,3 Bathrooms,2 Balconies,,3rd   of 4 Floors,0 to 1 Year Old,
Swami Vivekananda Smriti Bhavan,https://www.99acres.com/4-bhk-bedroom-apartment-flat-for-sale-in-chiriamore-kolkata-north-1700-sq-ft-spid-T80917779,4 BHK Flat,90 Lac,"1,700 sqft",Super Built-up Area,"5,294 /sqft","Chiriamore, BT Road",,"The property consists of 2 separate flats(Bigger one is 1150 sft) but unified(So 2 separate entrance, electric meters) in a very good colony-Safe, secured and peaceful, 3 minutes' walking from bt road - 2 kms from shyambazar, 1.8 kms from dumdum, 1.5 kms from ferry ghat. Howrah, sealdah, dalhousie all within 7 kms, airport -10 kms, dunlop-4 kms. Situated in ward no-1 of kmc, tullah water(Tds 90...",T80917779,"Swami Vivekananda Smriti Bhavan, Chiriamore, BT Road",,,"['2 Wardrobe', '7 Fan', '1 Exhaust Fan', '24 Light', '1 Curtains']","['Lift(s)', 'Water Storage']","['Dum dum metro station', 'Belgachia metro station', 'Hanuman Mandir', 'Lal Mandir', 'Lichubagan Radha Krishna Temple']",[],4 Bedrooms,3 Bathrooms,1 Balcony,"Study Room,Others",1st   of 4 Floors,10+ Year Old,South-East
Sun Hilla Tower,https://www.99acres.com/2-bhk-bedroom-apartment-flat-for-sale-in-belur-howrah-654-sq-ft-spid-G81981056,2 BHK Flat,35 Lac,654 sqft,Built-up Area,"5,351 /sqft","Belur, Howrah","Fresh Construction
Club/ Community Center","Residential apartment This is your chance to a 2 bhk apartment / flat for sale in belur howrah . Where luxury comes with affordability. Basic details: You will love this bright and spacious 2 bedroom apartment with 2 bathrooms, modular kitchen, spacious hall and 1 balconies.The balcony offers a great view and is a place to enjoy at any time. This house provides ample natural light and has good ...",G81981056,"Sun Hilla Tower, Belur, Howrah",,,[],"['Feng Shui / Vaastu Compliant', 'Security / Fire Alarm', 'Lift(s)', 'Water Storage', 'Park', 'Visitor Parking', 'Security Personnel', 'Airy Rooms', 'Spacious Interiors', 'Club house / Community Center']","['Tulsiram Lakshmi Devi Jaiswal Hospital', 'Eastern Railway Hospital', 'Satya Bala Devi ID Hospital', 'Swasti Nursing Home']",[],2 Bedrooms,2 Bathrooms,1 Balcony,,3rd   of 4 Floors,0 to 1 Year Old,
Godrej Se7en Retail,https://www.99acres.com/2-bhk-bedroom-apartment-flat-for-sale-in-godrej-se7en-retail-joka-kolkata-south-860-sq-ft-spid-S81883800,2 BHK Flat,55 Lac,860 sqft,Super Built-up Area,"6,976 /sqft","Joka, Kolkata South",,"Residential apartment This is your chance to a 2 bhk apartment / flat for sale in godrej se7en retail joka kolkata south . Where luxury comes with affordability. Basic details: You will love this bright and spacious 2 bedroom apartment with 2 bathrooms, modular kitchen, spacious hall and 2 balconies.The balcony offers a great view and is a place to enjoy at any time. This house provides ample n...",S81883800,"Godrej Se7en Retail, Joka, Kolkata South",,,[],"['Feng Shui / Vaastu Compliant', 'Security / Fire Alarm', 'Intercom Facility', 'Lift(s)', 'Maintenance Staff', 'Water Storage', 'Park', 'Visitor Parking']","['Bharat Sevashram Sangha Hospital', 'Searight Hospital and Welfare Society', 'Gay-Land Nursing Home', 'Kasturi Medical Centre Pvt Ltd']","['Pool,Park/Garden,Club,Main Road,Others']",2 Bedrooms,2 Bathrooms,2 Balconies,,11st   of 13 Floors,0 to 1 Year Old,
Protik para,https://www.99acres.com/2-bhk-bedroom-apartment-flat-for-sale-in-haridevpur-kolkata-south-950-sq-ft-spid-C83148052,2 BHK Flat,35 Lac,950 sqft,Super Built-up Area,"5,303 /sqft","Haridevpur, Putiary, Kolkata","Top Floor
Close to Metro Station
+2","North, south & east open. Balcony facing south and east",C83148052,"Protik para, Haridevpur, Putiary, Kolkata",,,[],"['Lift(s)', 'Water Storage']","['Netaji metro station', 'Mahanayak uttam kumar metro station', 'Gouria moth', 'Santoshi Maa Mandir', 'Dhali Para Masjid']",[],2 Bedrooms,2 Bathrooms,1 Balcony,,3rd   of 3 Floors,0 to 1 Year Old,West
Tower B,https://www.99acres.com/3-bhk-bedroom-apartment-flat-for-sale-in-new-town-kolkata-east-1457-sq-ft-spid-Z82446954,3 BHK Flat,1.5 Cr,"1,457 sqft",Super Built-up Area,"10,295 /sqft","New Town, Kolkata","Top Floor
Gated Society
+2","Tower b is one of kolkata east's most sought after destination for apartments and this 3 bhk flat in new town is your opportunity to be a part of this community. Containing 3 bedroom(s), 3 bathrooms and 2 balconies, this flat is spread over a super built up area of 1457 sq.Ft. The residential building has 9 floors in total and the flat for sale is located on the top floor. This 1-5 years old pr...",Z82446954,"Tower B, New Town, Kolkata",,,"['2 Fan', '2 Light']","['Security / Fire Alarm', 'Lift(s)', 'Maintenance Staff', 'Water Storage', 'Swimming Pool', 'Park', 'Security Personnel', 'Natural Light', 'Airy Rooms', 'Shopping Centre', 'Fitness Centre / GYM', 'Rain Water Harvesting', 'Club house / Community Center']",[],[],3 Bedrooms,3 Bathrooms,2 Balconies,,9th   of 9 Floors,1 to 5 Year Old,
Godrej Se7en Retail,https://www.99acres.com/2-bhk-bedroom-apartment-flat-for-sale-in-godrej-se7en-retail-joka-kolkata-south-515-sq-ft-spid-Q82224890,2 BHK Flat,52 Lac,515 sqft,Carpet Area,"10,097 /sqft","Joka, Kolkata South","North-East Facing
Close to Metro Station
+2","The property has open to sky car parking. The apartment is semi furnished with brand new (Unused) furniture and appliances namely: 2 wardrobe, 2 bed and side table, microwave, heater, fridge, 1 split ac, sofa and centre table.",Q82224890,"Godrej Se7en Retail, Joka, Kolkata South",,,"['1 Water Purifier', '1 Fridge', '1 Geyser', '1 Stove', '1 AC', '1 TV', '1 Chimney', '2 Bed', '2 Wardrobe', '1 Sofa', '1 Washing Machine', '1 Microwave']","['Security / Fire Alarm', 'Feng Shui / Vaastu Compliant', 'Intercom Facility', 'Lift(s)', 'Water purifier', 'Maintenance Staff', 'Water Storage', 'Visitor Parking', 'Swimming Pool', 'Park', 'Security Personnel', 'Natural Light', 'Airy Rooms', 'Shopping Centre', 'Fitness Centre / GYM', 'Rain Water Harvesting', 'Club house / Community Center', 'Water softening plant']","['Bharat Sevashram Sangha Hospital', 'Searight Hospital and Welfare Society', 'Gay-Land Nursing Home', 'Kasturi Medical Centre Pvt Ltd']",['Park/Garden'],2 Bedrooms,2 Bathrooms,1 Balcony,,11st   of 12 Floors,0 to 1 Year Old,North-East
Sarojni Apartment,https://www.99acres.com/3-bhk-bedroom-apartment-flat-for-sale-in-kaikhali-kolkata-north-1223-sq-ft-spid-C80715423,3 BHK Flat,60 Lac,"1,223 sqft",Carpet Area,"4,905 /sqft","Kaikhali, VIP Road","Top Floor
Marble Flooring
+1",The flat condition is too good and full furnished.,C80715423,"Sarojni Apartment, Kaikhali, VIP Road",,,"['1 Water Purifier', '1 Fridge', '1 Exhaust Fan', '1 Dining Table', '1 Stove', '1 Modular Kitchen', '1 Chimney', '1 Curtains', '1 Sofa', '1 Washing Machine', '1 Microwave']","['Lift(s)', 'Maintenance Staff']","['Shitala Mandir', 'Mother Teresa Church', 'Lichubagan Radha Krishna Temple', 'Axis bank ATM', 'State bank of india ATM']",[],3 Bedrooms,2 Bathrooms,2 Balconies,,4th   of 4 Floors,5 to 10 Year Old,South-East
Fortune Township,https://www.99acres.com/3-bhk-bedroom-apartment-flat-for-sale-in-fortune-township-barasat-north-kolkata-1101-sq-ft-spid-C79404365,3 BHK Flat,40 Lac,"1,101 sqft",Super Built-up Area,"3,633 /sqft","Barasat, Kolkata North","Top Floor
Gated Society
+2","Fortune township is one of the most popular destination for buying apartments/ flats in barasat, kolkata north. You too can be a part of this society by purchasing this 3 bhk flat here. This property faces the south-East direction. The floor plan additionally contains 3 bedroom(s), 2 bathrooms and 2 balconies. All in all, the flat is spread over a super built up area of 1101 sq.Ft. The resident...",C79404365,"Fortune Township, Barasat, Kolkata North",Fortune Township,,"['2 Wardrobe', '2 Fan', '2 Light']","['Feng Shui / Vaastu Compliant', 'Lift(s)', 'Swimming Pool', 'Park', 'Security Personnel', 'Natural Light', 'Airy Rooms', 'Shopping Centre', 'Fitness Centre / GYM', 'Club house / Community Center', 'Rain Water Harvesting']","['Fortune Plaza', 'Brainware University', 'Kazipara HES High School', 'Madrasa School', 'City Hospital', 'North 24 Parganas District Hospital']",[],3 Bedrooms,2 Bathrooms,2 Balconies,Store Room,4th   of 4 Floors,1 to 5 Year Old,South-East
"Khardah, Titagarh, Choudhury More",https://www.99acres.com/2-bhk-bedroom-apartment-flat-for-sale-in-barrackpore-kolkata-north-840-sq-ft-spid-U82067322,2 BHK Flat,42 Lac,840 sqft,Built-up Area,"5,000 /sqft","Barrackpore, Kolkata","Gated Society
Overlooking Park/Garden
+2","Khardah is one of kolkata north's most sought after destination for apartments and this 2 bhk flat in barrackpore is your opportunity to be a part of this community. The flat occupies a built up area of 840 sq.Ft. That consists of 2 bedrooms, 2 bathrooms and 2 balconies. The flat has a total of 14 floors and this property is situated on 3rd floor. As the project is already ready to move, so you...",U82067322,"Khardah, Titagarh, Choudhury More, Barrackpore, Kolkata",,,[],"['Security / Fire Alarm', 'Feng Shui / Vaastu Compliant', 'Intercom Facility', 'Lift(s)', 'Maintenance Staff', 'Water Storage', 'Visitor Parking', 'Swimming Pool', 'Park', 'Security Personnel', 'Natural Light', 'Airy Rooms', 'Shopping Centre', 'Fitness Centre / GYM', 'Waste Disposal', 'Club house / Community Center', 'Water softening plant']","['Nonachandanpukur Municipal Market', 'Jaffarpur Chal Bazar', 'Axisbank ATM', 'Axis bank ATM', 'Sarada Seva Sadan']","['Club,Park/Garden,Pool']",2 Bedrooms,2 Bathrooms,2 Balconies,,3rd   of 14 Floors,1 to 5 Year Old,South-East
South City Residence 375,https://www.99acres.com/3-bhk-bedroom-apartment-flat-for-sale-in-prince-anwar-shah-rd-kolkata-south-1458-sq-ft-spid-D82717072,3 BHK Flat,2.3 Cr,"1,458 sqft",Carpet Area,"15,775 /sqft","Prce Anwar Shah Rd, Kolkata",Furnished,"Price: Rs 2cr 30 lacs with 1 open garage Rs 2cr 35 lacs with 1 covered basement garage Rs 2cr 40 lacs with 2 garages Residential apartment This is your chance to a 3 bhk apartment / flat for sale in prince anwar shah rd kolkata . Where luxury comes with affordability. South city mall is nearby Basic details: You will love this bright and spacious 3 bedroom apartment with 2 bathrooms, modular ki...",D82717072,"South City Residence 375, Prce Anwar Shah Rd, Kolkata",,,"['1 Water Purifier', '4 Fan', '1 Fridge', '3 Geyser', '1 Stove', '11 Light', '4 AC', '1 Modular Kitchen', '1 Chimney', '3 Bed', '4 Wardrobe']","['Intercom Facility', 'Lift(s)', 'Water purifier', 'Swimming Pool', 'Natural Light', 'Airy Rooms', 'Spacious Interiors', 'Fitness Centre / GYM', 'Club house / Community Center']","['Viveknagar Kalibari', 'Nipponzan Myohoji Buddhist Temple', 'Sri Aurobindo Seva Kendra EEDF', 'RG Stone Urology And Laparoscopy Hospital Kolkata']",[],3 Bedrooms,2 Bathrooms,2 Balconies,Servant Room,19th   of 35 Floors,10+ Year Old,North-East
Siddha Waterfront,https://www.99acres.com/3-bhk-bedroom-apartment-flat-for-sale-in-siddha-waterfront-khardah-kolkata-north-1175-sq-ft-r1-spid-G73903915,3 BHK Flat,55 Lac,"1,175 sqft",Super Built-up Area,"4,765 /sqft","Khardah, BT Road",,"Siddha waterfront is one of the most popular destination for buying apartments/ flats in khardah, kolkata north. You too can be a part of this society by purchasing this 3 bhk flat here. This is a north-East-Facing property. The floor plan additionally contains 3 bedroom(s), 2 bathrooms and 2 balconies. All in all, the flat is spread over a super built up area of 1175 sq.Ft. The property is loc...",G73903915,"Siddha Waterfront, Khardah, BT Road",Siddha Waterfront,,[],"['Intercom Facility', 'Lift(s)', 'Maintenance Staff', 'Park']","['Way to Baranagar Metro Station', 'Destination mall', 'Kalyani Expy', 'Kismat Bandipur F.P School', 'Swami Vivekananda University']","['Park/Garden,Club,Pool']",3 Bedrooms,2 Bathrooms,2 Balconies,,10th   of 14 Floors,1 to 5 Year Old,South-East
Bangur Avenue,https://www.99acres.com/4-bhk-bedroom-apartment-flat-for-sale-in-bangur-avenue-lake-town-kolkata-north-1850-sq-ft-spid-M83655134,4 BHK Flat,92.5 Lac,"1,850 sqft",Built-up Area,"5,000 /sqft","Lake Town, Kolkata",Furnished,"Residential apartment This is your chance to a 4 bhk apartment / flat for sale in bangur avenue lake town kolkata . Where luxury comes with affordability. Basic details: You will love this bright and spacious 4 bedroom apartment with 3 bathrooms, modular kitchen, spacious hall and 2 balconies.The balcony offers a great view and is a place to enjoy at any time. This house provides ample natural ...",M83655134,"Bangur Avenue, Lake Town, Kolkata",,,"['4 Wardrobe', '6 Fan', '1 Sofa', '1 Dining Table', '3 Geyser', '15 Light', '5 AC']",[],"['The Church of Jesus Christ of Latter-day Saints', 'Hanuman Mandir', 'Sbi ATM', 'State bank of india ATM', 'Allahabad bank ATM']",[],4 Bedrooms,3 Bathrooms,2 Balconies,,4th   of 5 Floors,10+ Year Old,
rajwada lakebliss,https://www.99acres.com/3-bhk-bedroom-apartment-flat-for-sale-in-kamalgazi-kolkata-south-1185-sq-ft-spid-P81696926,3 BHK Flat,52 Lac,"1,185 sqft",Super Built-up Area,"4,388 /sqft","Kamalgazi, Southern Bypass",,3bhk ventilated apartment on 2nd floor in an inclusive society with lake view and south side open..New apartment. Ready for immediate possession. All facilities available in the society.,P81696926,"rajwada lakebliss, Kamalgazi, Southern Bypass",,,[],"['Lift(s)', 'Maintenance Staff', 'Swimming Pool', 'Park', 'Natural Light', 'Fitness Centre / GYM']","['Shahid khudiram metro station', 'Sitala mandir', 'Bikram mess kali mandir', 'Maa kali temple garia dhalua', 'Shani mandir garia dhalua']",['Others'],3 Bedrooms,2 Bathrooms,1 Balcony,,2nd   of 4 Floors,0 to 1 Year Old,South
Tirupati Apartment,https://www.99acres.com/4-bhk-bedroom-apartment-flat-for-sale-in-tirupati-apartment-bansdroni-kolkata-south-1700-sq-ft-spid-K82373974,4 BHK Flat,1 Cr,"1,700 sqft",Super Built-up Area,"5,882 /sqft","Bansdroni, Kolkata",,"Residential apartment This is your chance to a 4 bhk apartment / flat for sale in tirupati apartment bansdroni kolkata . Where luxury comes with affordability. Basic details: You will love this bright and spacious 4 bedroom apartment with 3 bathrooms, modular kitchen, spacious hall and 1 balconies.The balcony offers a great view and is a place to enjoy at any time. This house provides ample nat...",K82373974,"Tirupati Apartment, Bansdroni, Kolkata",,,[],[],"['Kavi nazrul metro station', 'Sitala Temple', 'Sree Guru Sangha Main Gate', 'Sri Sri 108 Doyal Baba Asram', 'Brahmapur Badamtala Jame Masjid']",[],4 Bedrooms,3 Bathrooms,1 Balcony,,3rd   of 4 Floors,5 to 10 Year Old,
Rajkiran Apartment,https://www.99acres.com/3-bhk-bedroom-apartment-flat-for-sale-in-rajkiran-apartment-alipore-kolkata-south-1587-sq-ft-spid-W82003138,3 BHK Flat,1.5 Cr,"1,587 sqft",Carpet Area,"9,451 /sqft","Alipore, Kolkata",,"Residential apartment This is your chance to a 3 bhk apartment / flat for sale in rajkiran apartment alipore kolkata . Where luxury comes with affordability. Basic details: You will love this bright and spacious 3 bedroom apartment with 2 bathrooms, modular kitchen, spacious hall and 1 balconies.The balcony offers a great view and is a place to enjoy at any time. This house provides ample natur...",W82003138,"Rajkiran Apartment, Alipore, Kolkata",,,[],[],"['Kalighat metro station', 'Jatin das park metro station', 'State bank of india ATM', 'Axis bank ATM', 'Union bank of india ATM']",[],3 Bedrooms,2 Bathrooms,1 Balcony,,4th   of 5 Floors,10+ Year Old,
Residential Flat,https://www.99acres.com/2-bhk-bedroom-apartment-flat-for-sale-in-residential-flat-garia-kolkata-south-820-sq-ft-spid-R82341412,2 BHK Flat,50 Lac,820 sqft,Carpet Area,"6,097 /sqft","Garia, Kolkata",,"Just opposite shahid khudiram metro station (Less than one minute walk). Very near em bypass (Less than one minute walk). 2 bhk flat with dinning, kitchen, 2 bath rooms, 1 balcony. Flat completion certificate in 2021.",R82341412,"Residential Flat, Garia, Kolkata",,,[],"['Maintenance Staff', 'Water Storage', 'Visitor Parking']","['Shahid khudiram metro station', 'Kavi subhash metro station', 'Kavi nazrul metro station', 'Sitala mandir', 'Maa kali temple garia dhalua']",['Main Road'],2 Bedrooms,2 Bathrooms,1 Balcony,,2nd   of 4 Floors,1 to 5 Year Old,West
Durga Apartment,https://www.99acres.com/3-bhk-bedroom-apartment-flat-for-sale-in-ashokgarh-kolkata-north-1250-sq-ft-spid-E81597597,3 BHK Flat,54 Lac,"1,250 sqft",Super Built-up Area,"4,480 /sqft","Ashokgarh, BT Road",Rain Water Harvesting,"Opposite ashokegarh bazar, near pwd road to dakshineswar (1 km),300 metres from dunlop crossing, facing a beautiful lake",E81597597,"Durga Apartment, Ashokgarh, BT Road",,,[],"['Water Storage', 'Rain Water Harvesting']","['Baranagar metro station', 'Dakshineshwar metro station', 'Paradise Nursing Home Kolkata', 'Nayandeep Eye Care', 'Sahid Khudiram Bose Hospital']",['Others'],3 Bedrooms,2 Bathrooms,2 Balconies,,1st   of 4 Floors,10+ Year Old,West
Fortune Heights,https://www.99acres.com/3-bhk-bedroom-apartment-flat-for-sale-in-fortune-heights-barasat-north-kolkata-1289-sq-ft-r1-spid-N76303715,3 BHK Flat,73 Lac,"1,289 sqft",Super Built-up Area,"5,663 /sqft","Barasat, Kolkata North",Top Floor,"Residential apartment this is your chance to a 3 bhk apartment flat for sale in fortune heights barasat kolkata north . Where luxury comes with affordability. Basic details: You will love this bright and spacious 3 bedroom apartment with 2 bathrooms, modular kitchen, spacious hall and 2 balconies.The balcony offers a great view and is a place to enjoy at any time. This house provides ample natu...",N76303715,"Fortune Heights, Barasat, Kolkata North",Fortune Heights,,[],"['Intercom Facility', 'Lift(s)', 'Maintenance Staff', 'Swimming Pool', 'Park', 'Security Personnel', 'Airy Rooms', 'Fitness Centre / GYM', 'Club house / Community Center', 'Waste Disposal']","['Dum Dum Metro Station', 'Suncity Mall', 'National Highway 12', 'Brainware University', 'Barasat Government Medical College']","['Pool,Park/Garden,Club,Main Road']",3 Bedrooms,2 Bathrooms,2 Balconies,Pooja Room,11st   of 11 Floors,1 to 5 Year Old,South-East
Adonis Enclave,https://www.99acres.com/2-bhk-bedroom-apartment-flat-for-sale-in-panchpota-kolkata-south-695-sq-ft-spid-M81771964,2 BHK Flat,26 Lac,695 sqft,Super Built-up Area,"3,741 /sqft","Panchpota, Kolkata",,"One auto away from garia station & one toto away from new garia metro station Located in the popular residential address of panchpota, kolkata south, adonis enclave is one of the most preferred destination for apartments in kolkata south. This 2 bhk flat is your ticket to be a part of this community. This residential flat is west-Facing direction. Containing 2 bedroom(s), 1 bathroom and 1 balco...",M81771964,"Adonis Enclave, Panchpota, Kolkata",,,[],[],[],[],2 Bedrooms,1 Bathroom,1 Balcony,,1st   of 4 Floors,0 to 1 Year Old,West
Bankim Enclave,https://www.99acres.com/3-bhk-bedroom-apartment-flat-for-sale-in-phoolbagan-kolkata-north-1483-sq-ft-spid-K80236443,3 BHK Flat,1.5 Cr,"1,483 sqft",Carpet Area,"10,114 /sqft","Phoolbagan, Kankurgachi",,"Residential apartment this is your chance to a 3 bhk apartment flat for sale in phoolbagan kankurgachi . Where luxury comes with affordability. Basic details: You will love this bright and spacious 3 bedroom apartment with 3 bathrooms, modular kitchen, spacious hall and 1 balconies with 50 of the rooftop ownership.The balcony offers a great view and is a place to enjoy at any time. This house p...",K80236443,"Bankim Enclave, Phoolbagan, Kankurgachi",,,"['1 Water Purifier', '7 Fan', '1 Fridge', '1 Exhaust Fan', '1 Dining Table', '3 Geyser', '1 Stove', '7 Light', '2 AC', '1 Modular Kitchen', '1 Chimney', '1 Curtains', '4 Bed', '4 Wardrobe', '1 Sofa', '1 Washing Machine', '1 Microwave']",[],"['Phoolbagan metro station', 'Salt lake stadium metro station', 'Bengal chemical metro station', 'Federal bank ATM', 'State bank of india ATM']",[],3 Bedrooms,3 Bathrooms,1 Balcony,,4th   of 4 Floors,10+ Year Old,
Kendriya Vihar Phase 2,https://www.99acres.com/4-bhk-bedroom-apartment-flat-for-sale-in-belgharia-north-24-parganas-1800-sq-ft-spid-L81941840,4 BHK Flat,95 Lac,"1,800 sqft",Built-up Area,"5,277 /sqft","Belgharia, BT Road",,"Encompassing an area of more than 11 acres is one of such housing project accomplished by cgewho, an autonomous body under the ministry of housing & employee welfare housing, government of india. The apartment owners have successfully established its own association and have fully taken over the maintenance responsibility from cgewho. The housing complex is located near kolkata airport on the b...",L81941840,"Kendriya Vihar Phase 2, Belgharia, BT Road",,,[],[],"['Baranagar metro station', 'Orbis Eye and Dental Care Centre', 'Zenith Super Specialist Hospital', 'Sahid Khudiram Bose Hospital']",[],4 Bedrooms,4 Bathrooms,3+ Balconies,,6th   of 6 Floors,1 to 5 Year Old,
Elevate Godrej Se7en,https://www.99acres.com/2-bhk-bedroom-apartment-flat-for-sale-in-elevate-godrej-se7en-joka-kolkata-south-952-sq-ft-spid-I81664590,2 BHK Flat,60 Lac,952 sqft,Super Built-up Area,"6,302 /sqft","Joka, Kolkata South",,Joka has highest price escalation in whole of kolkata. Very close to upcoming metro station on joka-Esplqnade route. Godrej is a well respected and reputed developer. Premium property. Excellent design. Plenty of greenary and open space.,I81664590,"Elevate Godrej Se7en, Joka, Kolkata South",Elevate Godrej Se7en,,[],"['Power Back-up', 'Intercom Facility', 'Lift(s)', 'Swimming Pool', 'Park', 'Fitness Centre / GYM', 'Club house / Community Center']","['Joka Metro Station', 'South City Mall', 'NH 12', 'Kolkata Model School', 'IIM–Calcutta', 'Bharat Sevashram Sangha Hospital']",[],2 Bedrooms,2 Bathrooms,2 Balconies,,11st   of 23 Floors,Dec 2027,
Eternia,https://www.99acres.com/3-bhk-bedroom-apartment-flat-for-sale-in-eternia-madhyamgram-kolkata-north-1261-sq-ft-spid-V83446748,3 BHK Flat,70 Lac,"1,261 sqft",Super Built-up Area,"5,551 /sqft","Madhyamgram, Kolkata",Fitness Center/ Gym,"Residential apartment This is your chance to a 3 bhk apartment / flat for sale in eternia madhyamgram kolkata . Where luxury comes with affordability. Basic details: You will love this bright and spacious 3 bedroom apartment with 2 bathrooms, modular kitchen, spacious hall and 2 balconies.The balcony offers a great view and is a place to enjoy at any time. This house provides ample natural ligh...",V83446748,"Eternia, Madhyamgram, Kolkata",Eternia,,[],"['Intercom Facility', 'Lift(s)', 'Fitness Centre / GYM']","['Star Mall', 'NH 12', 'Sunshine Academy School', 'Barasat College', 'Barasat hospital', 'Kolkata Airport', 'Agarpara Station']",[],3 Bedrooms,2 Bathrooms,2 Balconies,,4th   of 7 Floors,Sep 2027,
Gitanjali Park (East End Park) Purple Rose,https://www.99acres.com/3-bhk-bedroom-apartment-flat-for-sale-in-kalikapur-kolkata-south-1206-sq-ft-spid-S82714774,3 BHK Flat,95 Lac,"1,206 sqft",Built-up Area,"8,291 /sqft","Kalikapur, Kolkata",,"Residential apartment This is your chance to a 3 bhk apartment / flat for sale in kalikapur kolkata . Where luxury comes with affordability. Basic details: You will love this bright and spacious 3 bedroom apartment with 2 bathrooms, modular kitchen, spacious hall and 1 balconies.The balcony offers a great view and is a place to enjoy at any time. This house provides ample natural light and has ...",S82714774,"Gitanjali Park (East End Park) Purple Rose, Kalikapur, Kolkata",,,[],[],"['Hindu Temple', 'Hanuman Mandir', 'Shitala Mandir', 'Kali Mandir', 'Lord Shiva Temple', 'Sada Kali Mandir', 'Maa kali temple']",[],3 Bedrooms,2 Bathrooms,1 Balcony,,1st   of 3 Floors,10+ Year Old,
"Small complex, shantiuddan",https://www.99acres.com/3-bhk-bedroom-apartment-flat-for-sale-in-behala-chowrasta-kolkata-south-2000-sq-ft-spid-R80172545,3 BHK Flat,1.3 Cr,"2,000 sqft",Super Built-up Area,"6,500 /sqft","Behala Chowrasta, Kolkata",Top Floor,"This 3 bhk flat is located in small complex, which houses some of the most spacious flats in behala chowrasta, kolkata south. The flat occupies a super built up area of 2000 sq.Ft. That consists of 3 bedrooms, 3 bathrooms and 3 balconies. The property is located on the top floor of a 4 floors tall building. This is a ready to move project and the property is 10+ years old.",R80172545,"Small complex, shantiuddan, Behala Chowrasta, Kolkata",,,"['6 Fan', '1 Exhaust Fan', '5 Geyser', '6 Light', '5 AC']",[],"['Behala Market', 'Santoshi Maa Mandir', 'Kali Temple', 'Jagannath Temple', 'Laxmi Narayan Mandir', 'Sitala Mandir']",[],3 Bedrooms,3 Bathrooms,3 Balconies,,4th   of 4 Floors,10+ Year Old,
Sayan Apartment,https://www.99acres.com/2-bhk-bedroom-apartment-flat-for-sale-in-sayan-apartment-sakher-bazar-kolkata-south-950-sq-ft-spid-D79545635,2 BHK Flat,42 Lac,950 sqft,Super Built-up Area,"4,421 /sqft","Sakher Bazar, Barisha",Overlooking Main Road,"This beautiful 2 bhk flat in sakher bazar, kolkata south is situated in sayan apartment, one of the popular residential society in kolkata south. The flat is north-East-Facing. The flat occupies a super built up area of 950 sq.Ft. That consists of 2 bedrooms, 2 bathrooms and 1 balcony. This flat lies on the 2nd level of a 3 storey building. Another plus point for this is that it is situated nea...",D79545635,"Sayan Apartment, Sakher Bazar, Barisha",,,[],"['Feng Shui / Vaastu Compliant', 'High Ceiling Height', 'Maintenance Staff', 'Water Storage', 'Natural Light']","['Behala Market', 'Santoshi Maa Mandir', 'Kali Temple', 'Jagannath Temple', 'Dhali Para Masjid', 'Laxmi Narayan Mandir']",['Main Road'],2 Bedrooms,2 Bathrooms,1 Balcony,,2nd   of 3 Floors,5 to 10 Year Old,North-East
White Meadows,https://www.99acres.com/2-bhk-bedroom-apartment-flat-for-sale-in-white-meadows-rajpur-southern-bypass-kolkata-south-749-sq-ft-spid-B80998751,2 BHK Flat,32 Lac,749 sqft,Super Built-up Area,"4,272 /sqft","Rajpur, Southern Bypass",,"We are the proud owners of this 2 bhk apartment available in white meadows, rajpur, kolkata south. This it is a and the unit is located on 2nd floor and has a super built-Up area of 749 sq.Ft. . It has 2 bathroom(s) and 1 balcony(s). The ownership is freehold type.",B80998751,"White Meadows, Rajpur, Southern Bypass",White Meadows,,[],[],[],[],2 Bedrooms,2 Bathrooms,1 Balcony,,2nd   of 4 Floors,1 to 5 Year Old,
Pacific Avenue,https://www.99acres.com/2-bhk-bedroom-apartment-flat-for-sale-in-pacific-avenue-boral-kolkata-south-863-sq-ft-r4-spid-E40171565,2 BHK Flat,28 Lac,863 sqft,Super Built-up Area,"3,244 /sqft","Boral, Kolkata",,Residential apartment for sell. The property has 2 bedrooms with 2 bathrooms and 1 balcony. It is an unfurnished property. Located in boral. Available at an expected price of rs 28 lacs. Located on 3rd floor out of the 3. The property comes with a good construction quality which ages 5-10 years old property.,E40171565,"Pacific Avenue, Boral, Kolkata",Pacific Avenue,,[],"['Water Storage', 'Visitor Parking']","['Brahmapur Badamtala Jame Masjid', 'Gosto Mandir', 'Sitala mandir', 'Sree Guru Sangha Main Gate', 'Hindustan Health Point Pvt Ltd']",[],2 Bedrooms,2 Bathrooms,1 Balcony,,3rd   of 3 Floors,5 to 10 Year Old,South-West
Hari Om Dham Complex,https://www.99acres.com/6-bhk-bedroom-apartment-flat-for-sale-in-shreebhumi-kolkata-north-2640-sq-ft-spid-K82189058,6 BHK Flat,1.6 Cr,"2,640 sqft",Carpet Area,"6,060 /sqft","Shreebhumi, Kolkata","Private Garden
Overlooking Park/Garden
+1","Residential apartment This is your chance to a 6 bhk apartment / flat for sale in shreebhumi kolkata . Where luxury comes with affordability. Basic details: You will love this bright and spacious 6 bedroom apartment with 4 bathrooms, modular kitchen, spacious hall and 2 balconies.The balcony offers a great view and is a place to enjoy at any time. This house provides ample natural light and has...",K82189058,"Hari Om Dham Complex, Shreebhumi, Kolkata",,,"['5 Bed', '16 Wardrobe', '5 Fan', '1 Sofa', '4 Geyser', '10 Light', '6 AC', '1 TV', '1 Modular Kitchen', '1 Chimney']","['Private Garden / Terrace', 'Lift(s)', 'Natural Light', 'Airy Rooms', 'Spacious Interiors']","['City centre metro station', 'City Centre 1', 'The Church of Jesus Christ of Latter-day Saints', 'State bank of india ATM', 'Icici bank ATM']",['Park/Garden'],6 Bedrooms,4 Bathrooms,2 Balconies,,3rd   of 5 Floors,5 to 10 Year Old,
Magnolia Merlion,https://www.99acres.com/2-bhk-bedroom-apartment-flat-for-sale-in-magnolia-merlion-rajarhat-kolkata-east-965-sq-ft-spid-B81274017,2 BHK Flat,57 Lac,965 sqft,Super Built-up Area,"9,693 /sqft","Rajarhat, Kolkata",,"2bhk flat for sale in magnolia merlion, rajarhat, kolkata Property details: Location: Tower 5, 3rd floor, flat b, magnolia merlion, bishnupur road, rajarhat, kolkata Carpet area: 588 sq. Ft. Built-Up area: 653 sq. Ft. Balcony area: 33 sq. Ft. Saleable area: 965 sq. Ft. West facing Features: Unfurnished, but freshly painted 4 ceiling fans installed 2 exhaust fans 5 tubelights (1 rechargeable) Ma...",B81274017,"Magnolia Merlion, Rajarhat, Kolkata",Magnolia Merlion,,[],"['Security / Fire Alarm', 'Intercom Facility', 'Lift(s)', 'Water Storage', 'Swimming Pool', 'Park', 'Security Personnel', 'Natural Light', 'Airy Rooms', 'Fitness Centre / GYM', 'Waste Disposal', 'Rain Water Harvesting', 'Club house / Community Center']","['Jatragachi Metro Station', 'Centrus Mall', 'Major Arterial Road', 'Teghoria Primary School', 'Aliah University', 'Ohio Hospital']","['Park/Garden,Pool,Club,Main Road']",2 Bedrooms,2 Bathrooms,1 Balcony,,3rd   of 12 Floors,0 to 1 Year Old,West
Rangit Residency,https://www.99acres.com/3-bhk-bedroom-apartment-flat-for-sale-in-rangit-residency-madhyamgram-kolkata-north-1498-sq-ft-r1-spid-I78145995,3 BHK Flat,50 Lac,"1,498 sqft",Built-up Area,"4,000 /sqft","Madhyamgram, Kolkata","North Facing
Gated Society","One of the well-Known housing socity at madhamgram, north kolkata. This property is on the main road, happening location. Bus stand for entire kolkata is just in 50 mts, kolkata international airport 6.5km, railway station is within one km, auto-Taxi stand is just below the apartment, medical shops and hospital within 100 mts, plenty of shops-Restaurants within the building. There are 2 banks a...",I78145995,"Rangit Residency, Madhyamgram, Kolkata",,,"['1 Bed', '1 Wardrobe', '3 Fan', '1 Fridge', '1 Exhaust Fan', '1 Dining Table', '2 Geyser', '10 Light']","['Security / Fire Alarm', 'Intercom Facility', 'Lift(s)', 'Maintenance Staff', 'Water Storage', 'Recently Renovated', 'Bank Attached Property', 'Security Personnel', 'Natural Light', 'Airy Rooms', 'Shopping Centre', 'Waste Disposal', 'Club house / Community Center']","['Hari Mandir', 'Church of our Lady of Lourdes', 'MAA MONOSHA TEMPLE', 'Shri Shoni Temple', 'SHONI TEMPLE', 'Amanati Mosque']",['Main Road'],3 Bedrooms,2 Bathrooms,3 Balconies,,5th   of 5 Floors,10+ Year Old,North
Suresh Apartments,https://www.99acres.com/2-bhk-bedroom-apartment-flat-for-sale-in-east-rajapur-kolkata-south-999-sq-ft-spid-W82239172,2 BHK Flat,50 Lac,999 sqft,Super Built-up Area,"5,005 /sqft","East Rajapur, Santoshpur",,"We are the proud owners of this 2 bhk apartment available in suresh apartments in east rajapur, santoshpur, survey park, kolkata south. This it is a standalone unit and the apartment is located on 1st floor and has a super built-Up area of 999 sq.Ft. It has 2 bathroom(s) and 1 balcony(s). The ownership is freehold type. Residential apartment This is your chance to a 2 bhk apartment / flat for s...",W82239172,"Suresh Apartments, East Rajapur, Santoshpur",,,[],"['Security / Fire Alarm', 'Lift(s)']","['Lake Pally Shiv Mandir', 'Viveknagar Kalibari', 'Sri Sri 108 Doyal Baba Asram', 'Hanuman Mandir', 'Kali Mandir', 'Shitala Mandir']",['Park/Garden'],2 Bedrooms,2 Bathrooms,1 Balcony,,1st   of 5 Floors,10+ Year Old,
Bengal Shelter Sisirkunja,https://www.99acres.com/4-bhk-bedroom-apartment-flat-for-sale-in-bengal-shelter-sisirkunja-madhyamgram-kolkata-north-1310-sq-ft-spid-X79250395,4 BHK Flat,58 Lac,"1,310 sqft",Super Built-up Area,"5,043 /sqft","Madhyamgram, Kolkata","Top Floor
Recently Renovated","Residential apartment This is your chance to a 4 bhk apartment / flat for sale in bengal shelter sisirkunja madhyamgram kolkata . Where luxury comes with affordability. A premium category semi-Furnished 4 bhk flat with interior designing is available for sale in sisirkunja. Bengal shelter sisirkunja is one of kolkata north's most sought after destination for apartments. Swarnarag, ready to move...",X79250395,"Bengal Shelter Sisirkunja, Madhyamgram, Kolkata",Bengal Shelter Sisirkunja,,"['1 Water Purifier', '8 Fan', '1 Exhaust Fan', '1 Dining Table', '2 Geyser', '1 Stove', '10 Light', '1 Modular Kitchen', '1 Chimney', '1 Curtains', '2 Bed', '1 Sofa']","['Feng Shui / Vaastu Compliant', 'Intercom Facility', 'Lift(s)', 'Water purifier', 'Maintenance Staff', 'Recently Renovated', 'Piped-gas', 'Swimming Pool', 'Park', 'Security Personnel', 'Shopping Centre', 'Fitness Centre / GYM', 'Club house / Community Center', 'Water softening plant']","['Noapara Station', 'Star Mall', 'NH12', 'Brainware University', 'Mount Zion School', 'Narayana Hospital', 'Netaji Subhash Chandra Bose Airport']","['Pool,Club']",4 Bedrooms,2 Bathrooms,2 Balconies,Study Room,7th   of 7 Floors,5 to 10 Year Old,South
Siddha Town,https://www.99acres.com/3-bhk-bedroom-apartment-flat-for-sale-in-siddha-town-madhyamgram-kolkata-north-1390-sq-ft-spid-S83335094,3 BHK Flat,68 Lac,"1,390 sqft",Super Built-up Area,"4,892 /sqft","Madhyamgram, Kolkata",East Facing,"The property is a corner flat and vastu compliant with main door facing east and balcony in the west direction, the bedrooms are south facing providing good air flow inside the rooms. The flat is 1260 sq. Ft. With covered garage of 130 sq. Ft. In siddha town, madhyamgram, located opp. Apc college (New barrackpore). The interior of the flat is completely new and it is semi furnished flat with cl...",S83335094,"Siddha Town, Madhyamgram, Kolkata",Siddha Town,,[],"['Feng Shui / Vaastu Compliant', 'Intercom Facility', 'Lift(s)', 'Maintenance Staff', 'Water Storage', 'Recently Renovated', 'Bank Attached Property', 'Visitor Parking', 'Swimming Pool', 'Park', 'Security Personnel', 'Natural Light', 'Airy Rooms', 'Spacious Interiors', 'Low Density Society', 'Shopping Centre', 'Fitness Centre / GYM', 'Waste Disposal', 'Club house / Community Center', 'Water softening plant']","['Boardghar Market', 'Kalyan Market', 'APC College', 'Sripur High School', 'Apollo DC FMCG', 'NSCB International Airport']",['Park/Garden'],3 Bedrooms,2 Bathrooms,1 Balcony,"Pooja Room,Study Room",1st   of 4 Floors,1 to 5 Year Old,East
ria manhari ananya,https://www.99acres.com/2-bhk-bedroom-apartment-flat-for-sale-in-east-kodalia-kolkata-north-913-sq-ft-spid-B82664168,2 BHK Flat,45 Lac,913 sqft,Super Built-up Area,"4,928 /sqft","East Kodalia, New Barrakpur, Kolkata",,"We are the proud owners of this 2 bhk apartment available in ria manhari ananya, east kodalia, kolkata north. This it is a and the unit is located on 4th floor and has a super built-Up area of 913 sq.Ft. . It has 2 bathroom(s) and 1 balcony(s). The ownership is freehold type.",B82664168,"ria manhari ananya, East Kodalia, New Barrakpur, Kolkata",,,[],"['Security / Fire Alarm', 'Lift(s)', 'Maintenance Staff', 'Park', 'Visitor Parking']","['New Barrackpur Nursing Home Nursing home', 'Mother Nursing Home', 'Bengal Neuro Institute Hospital', 'Dr. B.C Roy General Hospital and Maternity Home']","['Park/Garden,Club,Pool,Main Road']",2 Bedrooms,2 Bathrooms,1 Balcony,,4th   of 4 Floors,1 to 5 Year Old,West
jai matadi korunamoyee,https://www.99acres.com/2-bhk-bedroom-apartment-flat-for-sale-in-nitai-nagar-kolkata-south-1620-sq-ft-spid-R81063171,2 BHK Flat,62 Lac,"1,620 sqft",Super Built-up Area,"4,320 /sqft","Nitai Nagar, Mukundapur",,"Spacious flat near e m byepass & metro rly station Address: Nitainagar, mukundapur Residential apartment- An exceptional opportunity to own a luxurious yet affordable apartment in nitai nagar, mukundapur. Where luxury comes with affordability. Very close (4 buildings away) to renowned school such as birla high school, pathology centre is opposite to the apartment, 4 large popular private hospit...",R81063171,"jai matadi korunamoyee, Nitai Nagar, Mukundapur",,,"['7 Fan', '1 Fridge', '1 Exhaust Fan', '1 Dining Table', '1 Geyser', '1 Stove', '9 Light', '2 AC', '2 TV', '1 Modular Kitchen', '1 Chimney', '1 Curtains', '2 Bed', '2 Wardrobe', '1 Sofa', '1 Washing Machine', '1 Microwave']","['Feng Shui / Vaastu Compliant', 'Water Storage']",[],['Main Road'],2 Bedrooms,2 Bathrooms,1 Balcony,,2nd   of 4 Floors,10+ Year Old,South-East
Rishi Ecoview,https://www.99acres.com/3-bhk-bedroom-apartment-flat-for-sale-in-rishi-ecoview-new-town-kolkata-east-1643-sq-ft-r1-spid-J76388477,3 BHK Flat,1.4 Cr,"1,643 sqft",Super Built-up Area,"9,129 /sqft","New Town, Kolkata",,"A perfect fusion of beauty and elegance, this splendid 3.5bhk flat nestled in action area 2, kolkata is worth considering. Every inch of this abode is efficiently and generously designed to give you more comfort and convenience. Property specifications Measuring a super built area of 1643 sq ft, this flat is positioned on the top floor of a 7 storied building and is well designed to welcome fre...",J76388477,"Rishi Ecoview, New Town, Kolkata",Rishi Ecoview,,"['1 Water Purifier', '5 Fan', '1 Fridge', '1 Exhaust Fan', '1 Dining Table', '3 Geyser', '1 Stove', '9 Light', '3 AC', '1 TV', '1 Curtains', '3 Bed', '3 Wardrobe', '1 Sofa', '1 Washing Machine', '1 Microwave']","['Security / Fire Alarm', 'Intercom Facility', 'Lift(s)', 'Water purifier', 'Maintenance Staff', 'Water Storage', 'Visitor Parking', 'Swimming Pool', 'Park', 'Security Personnel', 'Airy Rooms', 'Spacious Interiors', 'Fitness Centre / GYM', 'Waste Disposal', 'Rain Water Harvesting', 'Club house / Community Center', 'Water softening plant']","['Salt Lake Sector V', 'Axis Mall', 'Delhi Public School Megacity', 'Techno International New Town', 'Ohio Hospital and Medical Centre']","['Pool,Park/Garden']",3 Bedrooms,3 Bathrooms,1 Balcony,Servant Room,7th   of 7 Floors,1 to 5 Year Old,West
RDB Regent City,https://www.99acres.com/3-bhk-bedroom-apartment-flat-for-sale-in-rdb-regent-city-rajarhat-kolkata-east-1427-sq-ft-r1-spid-U78015945,3 BHK Flat,55 Lac,"1,427 sqft",Super Built-up Area,"3,644 /sqft","Rajarhat, Kolkata",,"Situated in rajarhat, kolkata east, rdb regent city is a well planned society that offers a pleasant living experience to its residents. This 3 bhk flat in kolkata east is your opportunity to be a part of this community. The flat is over 1427 sq.Ft. Carpet area and comes with 3 bedroom(s), 2 bathrooms and 1 balcony. This flat is situated on the top floor of this 4 floors tall residential buildi...",U78015945,"RDB Regent City, Rajarhat, Kolkata",RDB Regent City,,"['1 Bed', '1 Wardrobe', '6 Fan', '1 Geyser', '1 Stove', '6 Light', '1 Modular Kitchen', '1 Chimney']","['Lift(s)', 'Maintenance Staff', 'Swimming Pool', 'Water Storage', 'Park', 'Visitor Parking', 'Security Personnel', 'Natural Light', 'Airy Rooms', 'Shopping Centre', 'Fitness Centre / GYM', 'Club house / Community Center']","['Nathpara Shib Mandir', 'Nathpara Temple', 'Dakbunglow Shani Kali Mandir', 'Masjid', 'Hanuman Mandir', 'Krishna Mandir']",[],3 Bedrooms,2 Bathrooms,1 Balcony,Pooja Room,4th   of 4 Floors,10+ Year Old,
Gangotri apartment,https://www.99acres.com/3-bhk-bedroom-apartment-flat-for-sale-in-howrah-1850-sq-ft-r2-spid-K48887507,3 BHK Flat,88 Lac,"1,850 sqft",Carpet Area,"5,405 /sqft","Dobson Road Ganges, Howrah",,"Looking for an apartment in the prime location of gangotri flat owner association, howrah, kolkata? With all amenities and facilities available for you and your family at a stone throw distance? Well! This apartment comes with the best features and provides you and your family comfort, luxury and levels up your class. Property configuration This residential apartment in gangotri flat owner asso...",K48887507,"Gangotri apartment, Dobson Road Ganges, Howrah, Kolkata",,,"['1 Wardrobe', '1 Fan']",[],[],[],3 Bedrooms,2 Bathrooms,No Balcony,Others,10th   of 10 Floors,10+ Year Old,
Daffodil Duke Residency,https://www.99acres.com/2-bhk-bedroom-apartment-flat-for-sale-in-daffodil-duke-residency-tollygunge-kolkata-south-1195-sq-ft-spid-D82695832,2 BHK Flat,1.12 Cr,"1,195 sqft",Built-up Area,"9,372 /sqft","Tollygunge, Kolkata","Top Floor
Metro Station Nearby
+2","Located in the popular residential address of tollygunge, kolkata south, duke residency is one of the most preferred destination for apartments in kolkata south. This 2 bhk flat is your ticket to be a part of this community. Containing 2 bedroom(s), 2 bathrooms and 1 balcony, this flat is spread over a built up area of 1195 sq.Ft. The residential building has 4 floors in total and the flat for ...",D82695832,"Daffodil Duke Residency, Tollygunge, Kolkata",Daffodil Duke Residency,,"['2 Wardrobe', '2 Fan', '2 Light', '1 Modular Kitchen']","['Security / Fire Alarm', 'Lift(s)', 'Maintenance Staff', 'Swimming Pool', 'Water Storage', 'Park', 'Visitor Parking', 'Security Personnel', 'Fitness Centre / GYM', 'Club house / Community Center']","['Mahanayak uttam kumar metro station', 'Netaji metro station', 'Gouria moth', 'Shibaloy', 'Sitala Temple', 'Sbi ATM']",['Park/Garden'],2 Bedrooms,2 Bathrooms,1 Balcony,,4th   of 4 Floors,10+ Year Old,
Merlin Rise,https://www.99acres.com/3-bhk-bedroom-apartment-flat-for-sale-in-merlin-rise-rajarhat-kolkata-east-812-sq-ft-r1-spid-U77705215,3 BHK Flat,77 Lac,812 sqft,Built-up Area,"9,482 /sqft","Rajarhat, Kolkata","Swimming Pool Available
Overlooking Park/Garden
+2","This is your chance to a 3 bhk apartment / flat for sale in merlin rise rajarhat kolkata . Where luxury comes with affordability. Basic details: You will love this bright and spacious 3 bedroom apartment with 2 bathrooms, modular kitchen, spacious hall and 1 balconies.The balcony offers a great view and is a place to enjoy at any time. This house provides ample natural light and has good ventil...",U77705215,"Merl Rise, Rajarhat, Kolkata",Merlin Rise,,[],"['Intercom Facility', 'Lift(s)', 'Swimming Pool', 'Park', 'Fitness Centre / GYM', 'Club house / Community Center', 'Rain Water Harvesting', 'Water softening plant']","['Siksha Tirtha Metro station', 'City Centre New Town', 'Rajarhat Main Road', 'Kalaberia School', 'Aliah University', 'Tata Medical Centre']","['Club,Park/Garden,Pool,Main Road']",3 Bedrooms,2 Bathrooms,1 Balcony,,18th   of 27 Floors,Dec 2027,South
Magnolia Nakshatra,https://www.99acres.com/2-bhk-bedroom-apartment-flat-for-sale-in-magnolia-nakshatra-barasat-north-kolkata-850-sq-ft-spid-B80061341,2 BHK Flat,32 Lac,850 sqft,Super Built-up Area,"3,764 /sqft","Barasat, Kolkata North",,"1. The property is newly built and fully furnished. 2. Completely ununsed flat. 3. Furnishing included: 2 new godrej split acs, 2 queen size beds along with mattress, 1 dining table, 2 wardrobe, 2 dressing table, 1 sofa cum bed. 4. Lots of open area in the campus 5. Swimming pool and children's play area available 6. Enough sitting area for elderly persons 7. Proper size football ground",,,,,[],[],[],[],0,0,0,,0,,
"Sanjeevani Enclave, 406 GT Raod",https://www.99acres.com/2-bhk-bedroom-apartment-flat-for-sale-in-bally-howrah-1090-sq-ft-r1-spid-L76201647,2 BHK Flat,70 Lac,"1,090 sqft",Carpet Area,"6,422 /sqft","Bally, Howrah",,"2 bhk riverside flat for sale | ganga view | prime location near bally fire brigade Experience serene riverside living in this beautiful 2 bhk flat overlooking the ganga river, located in a newly constructed building near bally fire brigade station. Wake up to the panoramic view of the sacred ganges, visible right from your balcony and bedroom, and enjoy the cool, refreshing breeze all year rou...",L76201647,"Sanjeevani Enclave, 406 GT Raod, Bally, Howrah",,,"['3 Fan', '1 Fridge', '1 Exhaust Fan', '2 Geyser', '5 Light', '2 AC', '1 TV', '1 Modular Kitchen', '1 Chimney', '1 Curtains', '2 Bed', '4 Wardrobe', '1 Sofa', '1 Washing Machine', '1 Microwave']",['Maintenance Staff'],"['Dakshineshwar metro station', 'Netra Jyoti Eye Care Centre', 'Micro Point Nursing Home for total EYE Care', 'Swasti Nursing Home']",['Main Road'],2 Bedrooms,2 Bathrooms,1 Balcony,,2nd   of 9 Floors,0 to 1 Year Old,
Panorama Residency,https://www.99acres.com/3-bhk-bedroom-apartment-flat-for-sale-in-panorama-residency-madhyamgram-kolkata-north-1500-sq-ft-spid-D83360256,3 BHK Flat,61 Lac,"1,500 sqft",Super Built-up Area,"4,066 /sqft","Madhyamgram, Kolkata","Hospital Nearby
Market Nearby
+2","Looking for a 3 bhk property for sale in kolkata north? Buy this 3 bhk flat in panorama residency that is situated in madhyamgram, kolkata north. Containing 3 bedroom(s), 2 bathrooms and 2 balconies, this flat is spread over a super built up area of 1500 sq.Ft. The flat has a total of 5 floors and this property is situated on 2nd floor. As the project is already ready to move, so you can easily...",D83360256,"Panorama Residency, Madhyamgram, Kolkata",Panorama Residency,,"['1 Water Purifier', '7 Fan', '1 Exhaust Fan', '15 Light', '1 Chimney']","['Security / Fire Alarm', 'Feng Shui / Vaastu Compliant', 'Intercom Facility', 'Lift(s)', 'Maintenance Staff', 'Water Storage', 'Visitor Parking', 'Swimming Pool', 'Park', 'Security Personnel', 'Fitness Centre / GYM', 'Club house / Community Center', 'Water softening plant']","['Hari Mandir', 'Church of our Lady of Lourdes', 'Shri Shoni Temple', 'MAA MONOSHA TEMPLE', 'SHONI TEMPLE', 'Manorama Pharmacy']",[],3 Bedrooms,2 Bathrooms,2 Balconies,,2nd   of 5 Floors,5 to 10 Year Old,
Eden City Maheshtala,https://www.99acres.com/3-bhk-bedroom-apartment-flat-for-sale-in-eden-city-maheshtala-maheshtala-kolkata-south-1236-sq-ft-spid-I81283531,3 BHK Flat,42 Lac,"1,236 sqft",Super Built-up Area,"3,398 /sqft","Maheshtala, Kolkata","East Facing
Gated Society","East facing, all 4 side open, unused, all window grills fitted, collapsible gate installed on main gate, balcony also grilled, semi covered parking available, club membership available, all fans and light fitted, toilets with mirrors and corner trays. You also can avail the double bed, l pattern sofa with center table, 1 godrej almirah and a tv unit with minimum cost. The balcony opens towards ...",I81283531,"Eden City Maheshtala, Maheshtala, Kolkata",Eden City Maheshtala,,"['1 Bed', '1 Wardrobe', '5 Fan', '1 Sofa', '10 Light']","['Security / Fire Alarm', 'Feng Shui / Vaastu Compliant', 'Lift(s)', 'Maintenance Staff', 'Water Storage', 'Visitor Parking', 'Swimming Pool', 'Park', 'Security Personnel', 'Natural Light', 'Airy Rooms', 'Spacious Interiors', 'Low Density Society', 'Shopping Centre', 'Fitness Centre / GYM', 'Club house / Community Center']","['Behala Chowrasta Metro Station', 'Chinripota Potaka Market', 'NH12', 'Carmel School', 'Jadavpur University', 'ESI Hospital']","['Pool,Park/Garden,Club']",3 Bedrooms,2 Bathrooms,1 Balcony,Pooja Room,9th   of 15 Floors,5 to 10 Year Old,East
Loharuka Green Chinar,https://www.99acres.com/2-bhk-bedroom-apartment-flat-for-sale-in-loharuka-green-chinar-new-town-kolkata-east-926-sq-ft-spid-M83211796,2 BHK Flat,96 Lac,926 sqft,Super Built-up Area,"10,367 /sqft","New Town, Kolkata",East Facing,"Premium 2 bhk east facing( 5th floor 2nd top) resaleflat without brokerage( 5years old ) Loharuka green chinar Unfurnished very well maintained Basement covered parking Location- Left hand side of city center 2 . Upcoming metro in front of the society. 2 min walking from cc2 7 min by car airport Excellent location amid all the vibrancy of biswa bangla sarani. Facilities- 3 lift, fire alarm and ...",M83211796,"Loharuka Green Char, New Town, Kolkata",Loharuka Green Chinar,,[],"['Intercom Facility', 'Lift(s)', 'Park', 'Club house / Community Center']","['Shitala Mandir', 'State bank of india ATM', 'Union bank of india ATM', 'Axis bank ATM', 'Bank of baroda ATM', 'Hdfc bank ATM']","['Park/Garden,Main Road,Club']",2 Bedrooms,2 Bathrooms,2 Balconies,,5th   of 6 Floors,1 to 5 Year Old,East
Prabha rani apartment kalabagan,https://www.99acres.com/3-bhk-bedroom-apartment-flat-for-sale-in-santragachi-ramrajatala-howrah-1500-sq-ft-spid-B82604888,3 BHK Flat,63 Lac,"1,500 sqft",Built-up Area,"4,200 /sqft","Santragachi, Ramrajatala, Ramrajtala, Howrah",North-East Facing,This is a 3.5 bhk property. Ventilated bedrooms complete lake view no water problem new property 5years ready to move,B82604888,"Prabha rani apartment kalabagan , Santragachi, Ramrajatala, Ramrajtala, Howrah",,,"['1 Wardrobe', '1 Fan', '1 Sofa', '1 Dining Table', '1 Washing Machine', '1 Light']","['Lift(s)', 'Water Storage', 'Visitor Parking']","['Shiv Mandir', 'Ram Mondir', 'Mandirtala Mondir', 'Radha Krishna Mandir', 'Dinanta Ashar Kali Mandir', 'Shibtala']",['Main Road'],3 Bedrooms,2 Bathrooms,2 Balconies,"Pooja Room,Study Room,Others",1st   of 5 Floors,1 to 5 Year Old,North-East
Ramkrishna Abasan,https://www.99acres.com/2-bhk-bedroom-apartment-flat-for-sale-in-ramkrishna-abasan-baguiati-kolkata-north-1030-sq-ft-spid-V82821318,2 BHK Flat,40 Lac,"1,030 sqft",Super Built-up Area,"3,883 /sqft","Baguiati, Kolkata",Club/ Community Center,"It is one of the most reputed complex situated just 600 mtrs from vip road. The complex has all modern amenities like children park, 24 hrs power back up even for lifts, community hall, caretaker and 24 hrs security a/w cctv. The property is attractively priced, no other property with similar benefits is available at this price range.",V82821318,"Ramkrishna Abasan, Baguiati, Kolkata",,,"['1 Bed', '2 Wardrobe', '4 Fan', '1 Exhaust Fan', '1 Dining Table', '1 Geyser', '10 Light', '2 AC', '1 TV']","['Security / Fire Alarm', 'Lift(s)', 'Maintenance Staff', 'Water Storage', 'Visitor Parking', 'Park', 'Security Personnel', 'Natural Light', 'Airy Rooms', 'Spacious Interiors', 'Low Density Society', 'Shopping Centre', 'Fitness Centre / GYM', 'Waste Disposal', 'Club house / Community Center']","['The Church of Jesus Christ of Latter-day Saints', 'Icici bank ATM', 'Hdfc bank ATM', 'Bank of baroda ATM', 'Allahabad bank ATM']",['Others'],2 Bedrooms,2 Bathrooms,2 Balconies,,5th   of 5 Floors,5 to 10 Year Old,
Dhanshree Towers,https://www.99acres.com/2-bhk-bedroom-apartment-flat-for-sale-in-dhanshree-towers-alipore-kolkata-south-1075-sq-ft-r2-spid-L65402594,2 BHK Flat,1.15 Cr,"1,075 sqft",Carpet Area,"10,697 /sqft","Alipore, Kolkata",,"Residential apartment This is your chance to a 2 bhk apartment / flat for sale in dhanshree towers alipore kolkata . Where luxury comes with affordability. Basic details: You will love this bright and spacious 2 bedroom apartment with 2 bathrooms, modular kitchen, spacious hall and 1 balconies.The balcony offers a great view and is a place to enjoy at any time. This house provides ample natural...",L65402594,"Dhanshree Towers, Alipore, Kolkata",Dhanshree Towers,,"['1 Water Purifier', '1 Fan', '1 Fridge', '1 Exhaust Fan', '1 Geyser', '1 Stove', '1 Light', '1 AC', '1 TV', '1 Modular Kitchen', '1 Chimney', '1 Curtains', '1 Wardrobe', '1 Sofa', '1 Washing Machine', '1 Microwave']","['Security / Fire Alarm', 'Water purifier', 'Maintenance Staff', 'False Ceiling Lighting', 'Bank Attached Property', 'Visitor Parking', 'Security Personnel', 'Internet/wi-fi connectivity', 'Fitness Centre / GYM', 'Club house / Community Center']","['Netaji bhavan metro station', 'Rabindra sadan metro station', 'Fancy Market', 'Five Star Market', 'Syed Jalal Shah Masjid']",['Main Road'],2 Bedrooms,2 Bathrooms,1 Balcony,,7th   of 15 Floors,10+ Year Old,
Siddha Eden LakeVille,https://www.99acres.com/3-bhk-bedroom-apartment-flat-for-sale-in-siddha-eden-lakeville-bonhooghly-kolkata-north-1500-sq-ft-spid-O82773330,3 BHK Flat,85 Lac,"1,500 sqft",Super Built-up Area,"5,666 /sqft","Bonhooghly, BT Road",,"This is your chance to a 3 bhk apartment / flat for sale in siddha eden lakeville bonhooghly bt road. Where luxury comes with affordability. Basic details: You will love this bright and spacious 3-Bedroom apartment with 2 bathrooms, modular kitchen, spacious hall and 1 balconies.The balcony offers a great view and is a place to enjoy at any time. This house provides ample natural light and has ...",,,,,[],[],[],[],0,0,0,,0,,
Godrej Prakriti,https://www.99acres.com/3-bhk-bedroom-apartment-flat-for-sale-in-godrej-prakriti-sodepur-kolkata-north-1253-sq-ft-spid-V82261208,3 BHK Flat,77.5 Lac,"1,253 sqft",Super Built-up Area,"6,185 /sqft","Sodepur, Kolkata North",,"Gated society in sodepur with all the amenities like clubhouse, pool, temple, playing grounds, hospital and grocery mart. 1. Properties are under construction, and may handover on or before march'26 2. Sbi loan sanctioned rs.30 lacs and already taken round 13 lacs. 3. Part registration or already been made and remaining registration require to be done during handover. * sbi home loan may be tra...",V82261208,"Godrej Prakriti, Sodepur, Kolkata North",Godrej Prakriti,,[],"['Feng Shui / Vaastu Compliant', 'Intercom Facility', 'Lift(s)', 'Maintenance Staff', 'Swimming Pool', 'Park', 'Security Personnel', 'Shopping Centre', 'Fitness Centre / GYM', 'Club house / Community Center', 'Rain Water Harvesting']","['Sodpur Station Subway', 'Destination mall', 'SH 2', 'Kedarnath Poddar Primary Schl', 'JIS University', 'ESI Hospital Kamarhati']",[],3 Bedrooms,2 Bathrooms,2 Balconies,,3rd   of 21 Floors,Mar 2026,West
Greenfield City,https://www.99acres.com/3-bhk-bedroom-apartment-flat-for-sale-in-greenfield-city-behala-kolkata-south-1306-sq-ft-spid-A82256664,3 BHK Flat,70 Lac,"1,306 sqft",Super Built-up Area,"5,359 /sqft","Behala, Kolkata","East Facing
Gated Society
+2","This beautiful 3 bhk flat in behala, kolkata south is situated in greenfield city, one of the popular residential society in kolkata south. The flat is facing the east direction. The floor plan additionally contains 3 bedroom(s), 2 bathrooms and 2 balconies. All in all, the flat is spread over a super built up area of 1306 sq.Ft. The residential building has 12 floors in total and the flat for ...",A82256664,"Greenfield City, Behala, Kolkata",Greenfield City,,"['3 Wardrobe', '6 Fan', '1 Exhaust Fan', '10 Light']","['Lift(s)', 'Swimming Pool', 'Park', 'Security Personnel', 'Natural Light', 'Airy Rooms', 'Spacious Interiors', 'Low Density Society', 'Shopping Centre', 'Fitness Centre / GYM', 'Waste Disposal', 'Rain Water Harvesting', 'Club house / Community Center']","['Behala Chowrasta Metro', 'Uttam Kumar Tollygunge Metro:', 'Genexx Mall (upcoming)', 'Lake Mall', 'South City Mall']",['Others'],3 Bedrooms,2 Bathrooms,2 Balconies,Study Room,11st   of 12 Floors,1 to 5 Year Old,East
Joyville Western Heights,https://www.99acres.com/2-bhk-bedroom-apartment-flat-for-sale-in-joyville-western-heights-santragachi-howrah-1291-sq-ft-spid-K73115617,2 BHK Flat,92 Lac,"1,291 sqft",Carpet Area,"7,126 /sqft","Santragachi, Howrah","Marble Flooring
Overlooking Park/Garden
+2","Well maintain all flat , good area this flat",K73115617,"Joyville Western Heights, Santragachi, Howrah",Joyville Western Heights,,"['2 Fan', '1 Exhaust Fan', '6 Light']","['Feng Shui / Vaastu Compliant', 'Security / Fire Alarm', 'Private Garden / Terrace', 'Intercom Facility', 'Lift(s)', 'High Ceiling Height', 'Maintenance Staff', 'Water Storage', 'Park', 'Recently Renovated', 'Visitor Parking']","['Shyambazar Metro Station', 'Avani Riverside Mall', 'Grand Trunk Road', 'Podar International School Howrah', 'Dr. Kanailal Bhattacharyya College']","['Park/Garden,Main Road']",2 Bedrooms,2 Bathrooms,1 Balcony,"Study Room,Store Room,Pooja Room",5th   of 10 Floors,1 to 5 Year Old,South
DLF New Town Heights,https://www.99acres.com/3-bhk-bedroom-apartment-flat-for-sale-in-dlf-new-town-heights-action-area-3-kolkata-east-2113-sq-ft-r1-spid-N79199851,3 BHK Flat,1.56 Cr,"2,113 sqft",Super Built-up Area,"7,847 /sqft","Action Area 3, Kolkata","North-East Facing
Fitness Center/ Gym
+1","3bhk + servant quarter. All bedrooms positioned towards the north-East side of the building, fixed wardrobes and ready to move in amenities such as beds, geysers, lights, fans, acs, sofa set.",N79199851,"DLF New Town Heights, Action Area 3, Kolkata",,,"['3 Wardrobe', '1 Water Purifier', '6 Fan', '1 Sofa', '1 Exhaust Fan', '3 Geyser', '1 Stove', '3 AC', '1 Modular Kitchen', '1 Chimney']","['Security / Fire Alarm', 'Intercom Facility', 'Lift(s)', 'Maintenance Staff', 'Water Storage', 'Separate entry for servant room', 'Recently Renovated', 'Piped-gas', 'Visitor Parking', 'Swimming Pool', 'Park', 'Security Personnel', 'Internet/wi-fi connectivity', 'Airy Rooms', 'Spacious Interiors', 'Shopping Centre', 'Fitness Centre / GYM', 'Waste Disposal', 'Club house / Community Center', 'Water softening plant']","['State bank of india ATM', 'Axis bank ATM', 'Belle Vue Hospital', 'Global Healthcare System', 'Apollo Pharmacy', 'DLF IT Park']",['Others'],3 Bedrooms,4 Bathrooms,2 Balconies,Servant Room,11st   of 28 Floors,5 to 10 Year Old,North-East
Debalaya Apartment,https://www.99acres.com/2-bhk-bedroom-apartment-flat-for-sale-in-debalaya-apartment-nager-bazar-kolkata-north-764-sq-ft-spid-X83029218,2 BHK Flat,30.5 Lac,764 sqft,Built-up Area,"3,992 /sqft","Nager Bazar, Jessore Road",,"We are the proud owners of this 2 bhk apartment available in debalaya apartment, nager bazar, kolkata north. This it is a and the unit is located on 2nd floor and has a built up area of 764 sq.Ft. . It has 2 bathroom(s) and 1 balcony(s). The ownership is freehold type.",X83029218,"Debalaya Apartment, Nager Bazar, Jessore Road",,,[],[],"['Lichubagan Radha Krishna Temple', 'Hanuman Mandir', 'Allahabad bank ATM', 'Axis bank ATM', 'Union bank of india ATM']",[],2 Bedrooms,2 Bathrooms,1 Balcony,,2nd   of 5 Floors,5 to 10 Year Old,
Co operative society,https://www.99acres.com/3-bhk-bedroom-apartment-flat-for-sale-in-bb-block-sector-1-salt-lake-kolkata-east-980-sq-ft-spid-S83429902,3 BHK Flat,1.1 Cr,980 sqft,Carpet Area,"11,224 /sqft","BB Block Sector 1 Salt Lake, Kolkata","Marble Flooring
Close to Market
+2","Prime location of salt lake city on the junction of two major roads of salt lake near punjab national bank, sector 1",S83429902,"Co operative society, BB Block Sector 1 Salt Lake, Kolkata",,,[],['Water Storage'],"['City centre metro station', 'Bengal chemical metro station', 'City Centre 1', 'The Church of Jesus Christ of Latter-day Saints']",['Main Road'],3 Bedrooms,2 Bathrooms,2 Balconies,,2nd   of 4 Floors,10+ Year Old,South-West
Jeet Jasmine Phase 3,https://www.99acres.com/3-bhk-bedroom-apartment-flat-for-sale-in-jeet-jasmine-phase-3-nayabad-kolkata-south-1270-sq-ft-spid-Z80923983,3 BHK Flat,57.15 Lac,"1,270 sqft",Built-up Area,"4,500 /sqft","Nayabad, Kolkata",,"Flat facing south east.Nice location.Medical shop, bus stand, auto stand are walking distance.",Z80923983,"Jeet Jasme Phase 3, Nayabad, Kolkata",,,"['1 Wardrobe', '2 Fan', '1 Exhaust Fan', '1 Stove', '1 Light', '2 AC', '1 Modular Kitchen', '1 Chimney', '1 Curtains']","['Security / Fire Alarm', 'Lift(s)', 'Water Storage', 'Visitor Parking']","['Durga mandir', 'Shani mandir garia dhalua', 'Maa kali temple garia dhalua', 'Bikram mess kali mandir', 'Kali temple']",['Sea facing'],3 Bedrooms,2 Bathrooms,1 Balcony,Pooja Room,3rd   of 3 Floors,5 to 10 Year Old,South-West
builder flat private house,https://www.99acres.com/1-bhk-bedroom-apartment-flat-for-sale-in-lake-market-kolkata-south-550-sq-ft-spid-O82330362,1 BHK Flat,47 Lac,550 sqft,Built-up Area,"8,545 /sqft","Lake Market, Sarat Bose Road","East Facing
Gated Society
+1","Spacious 1 bhk flat having large bedroom cum sitting room,with 1 toilet and shower, 1 semi modular kitchen and broad passage connecting all. Indane gas cylinders to be used by all residesouth facing airy room at the back which prevents noises from nearby market reaching you. This 1st floor flat, is one of the six identical flats built in the same house having a fairly large ground floor area, c...",O82330362,"builder flat private house, Lake Market, Sarat Bose Road",,,[],"['Feng Shui / Vaastu Compliant', 'Park']","['Kalighat metro station', 'Lake Kalibari', 'State bank of india ATM', 'Dhanalakshimi bank ATM', 'Smile And Profile Dental Treatment Centre Pvt Ltd']",[],1 Bedroom,1 Bathroom,No Balcony,,1st   of 3 Floors,10+ Year Old,East
Pareshnath Heights,https://www.99acres.com/3-bhk-bedroom-apartment-flat-for-sale-in-manictala-kolkata-north-1000-sq-ft-r2-spid-L78804625,3 BHK Flat,80 Lac,"1,000 sqft",Carpet Area,"8,000 /sqft","Manicktala, Kolkata North",,"Check out this 3 bhk apartment for sale in pareshnath heights, a popular residential project that houses in-Demand flats in nerode behary mullick road, manicktala, kolkata north. The flat is over 1000 sq.Ft. Carpet area and comes with 3 bedroom(s), 2 bathrooms and 1 balcony. The flat has a total of 4 floors and this property is situated on 2nd floor. This 5-10 years old property is available fo...",L78804625,"Pareshnath Heights, Manicktala, Kolkata North",,,[],"['Security / Fire Alarm', 'Lift(s)']","['Sherpur Kalibari', 'Kiron Medical Hall and Clinic', 'KOLOTAN', 'Ashoknagar road railway station']",[],3 Bedrooms,2 Bathrooms,1 Balcony,,2nd   of 4 Floors,5 to 10 Year Old,
HILAND GREENS,https://www.99acres.com/2-bhk-bedroom-apartment-flat-for-sale-in-batanagar-kolkata-south-712-sq-ft-spid-O82253346,2 BHK Flat,26.5 Lac,712 sqft,Super Built-up Area,"3,721 /sqft","BataNagar, Kolkata",Gated Society,"Little away from the hustle and bustle of the city Hiland greens phase-1, calcutta riverside, batanagar, kolkata Location landmark: Bata shoe factory, batanagar, calcutta riverside, pin How to reach? Calcutta riverside is 11km from new alipore, just 15 minutes drive via sampriti flyover (Batanagar flyover). Category: A budget-Friendly 2bhk, 712 square feet furnished, ac master bedroom apartment...",O82253346,"HILAND GREENS, BataNagar, Kolkata",,,"['1 Water Purifier', '4 Fan', '1 Fridge', '1 Exhaust Fan', '1 Dining Table', '1 Geyser', '11 Light', '1 AC', '1 TV', '1 Curtains', '1 Bed', '4 Wardrobe', '1 Sofa', '1 Washing Machine', '1 Microwave']","['Feng Shui / Vaastu Compliant', 'Security / Fire Alarm', 'Intercom Facility', 'Lift(s)', 'Maintenance Staff', 'Swimming Pool', 'Water Storage', 'Park', 'Visitor Parking', 'Fitness Centre / GYM', 'Club house / Community Center']","['kali mandir', 'ESI Hospital', 'Sarangabad School', 'Nangi railway station', 'Akra railway station']",['Park/Garden'],2 Bedrooms,2 Bathrooms,1 Balcony,,8th   of 14 Floors,5 to 10 Year Old,South
basundhara welfare association,https://www.99acres.com/2-bhk-bedroom-apartment-flat-for-sale-in-mahamayatala-kolkata-south-850-sq-ft-spid-S83116652,2 BHK Flat,55 Lac,850 sqft,Built-up Area,"5,882 /sqft","Mahamayatala, Garia",East Facing,"It is in a big complex contains 24 hrs security water supply, plumber and electrician and covered garage. Nsc bose road is 2min and metro hardly 5 min. Complex has nice children park a 2 community halls.",S83116652,"basundhara welfare association, Mahamayatala, Garia",,,"['1 Wardrobe', '1 Exhaust Fan', '5 Light', '1 AC', '1 Chimney', '1 Curtains']","['Security / Fire Alarm', 'Intercom Facility', 'Lift(s)', 'Maintenance Staff', 'Water Storage', 'Park', 'Visitor Parking']","['Kavi nazrul metro station', 'Shahid khudiram metro station', 'Sitala mandir', 'Gosto Mandir', 'Brahmapur Badamtala Jame Masjid']","['Park/Garden,Main Road,Club']",2 Bedrooms,2 Bathrooms,1 Balcony,,3rd   of 4 Floors,5 to 10 Year Old,East
Lalbari Abasan,https://www.99acres.com/2-bhk-bedroom-apartment-flat-for-sale-in-bara-nagar-kolkata-north-750-sq-ft-spid-P81800100,2 BHK Flat,35 Lac,750 sqft,Carpet Area,"4,666 /sqft","Bara Nagar, Kolkata",,Prime location near pantaloons bt road,P81800100,"Lalbari Abasan, Bara Nagar, Kolkata",,,"['1 AC', '1 TV']",['Water Storage'],"['Noapara metro station', 'Baranagar metro station', 'Hanuman Mandir', 'Baranagar State General Hospital', 'New Saraju Nursing Home']",[],2 Bedrooms,2 Bathrooms,1 Balcony,,2nd   of 3 Floors,10+ Year Old,West
Tirath Devi Appartment,https://www.99acres.com/3-bhk-bedroom-apartment-flat-for-sale-in-tirath-devi-appartment-bablatala-kolkata-north-1048-sq-ft-spid-O81594217,3 BHK Flat,70 Lac,"1,048 sqft",Super Built-up Area,"8,235 /sqft","Bablatala, Rajarhat",,"3bhk fully furnished apartment with all amenities and covered parking for sale. 15 mins distance from airport and upcoming metro station. Nearby park, market area, and outstanding airport view at night are the additional benefits.",O81594217,"Tirath Devi Appartment, Bablatala, Rajarhat",,,"['1 Water Purifier', '6 Fan', '1 Fridge', '1 Exhaust Fan', '1 Dining Table', '2 Geyser', '1 Stove', '10 Light', '3 AC', '1 TV', '1 Modular Kitchen', '1 Chimney', '1 Curtains', '3 Bed', '4 Wardrobe', '1 Sofa', '1 Washing Machine', '1 Microwave']","['Security / Fire Alarm', 'Lift(s)', 'Maintenance Staff', 'Water Storage', 'Park', 'Visitor Parking']","['Kali mandir', 'Manasha Mandir', 'Kali Temple', 'Kali Mandir', 'Dharmaraj Temple', 'Mukherjee Barir Durgadalan']","['Park/Garden,Main Road']",3 Bedrooms,2 Bathrooms,1 Balcony,,3rd   of 6 Floors,5 to 10 Year Old,North
Uttarayan Apartment,https://www.99acres.com/3-bhk-bedroom-apartment-flat-for-sale-in-uttarayan-apartment-sodepur-kolkata-north-1750-sq-ft-spid-M82055930,3 BHK Flat,60 Lac,"1,750 sqft",Carpet Area,"3,428 /sqft","Sodepur, Kolkata North","Top Floor
Gated Society","This 3 bhk apartment is available for sale in uttarayan apartment, one of the most prominent projects for flats in sodepur, kolkata north. The floor plan additionally contains 3 bedroom(s), 3 bathrooms and 2 balconies. All in all, the flat is spread over a carpet area of 1750 sq.Ft. This flat is situated on the top floor of this 4 floors tall residential building. An added advantage of this 10+...",M82055930,"Uttarayan Apartment, Sodepur, Kolkata North",,,[],"['Lift(s)', 'Water Storage', 'Natural Light', 'Airy Rooms', 'Club house / Community Center']","['Jora Sib Mondir', 'Restroative Clinic Pvt.Ltd.', 'Vasan Eye Care Hospital Sodepur', 'Green-View Nursing Home Kolkata', 'Eye Care']","['Park/Garden,Main Road']",3 Bedrooms,3 Bathrooms,2 Balconies,Pooja Room,4th   of 4 Floors,10+ Year Old,South
Starlite Sunny Seasons,https://www.99acres.com/2-bhk-bedroom-apartment-flat-for-sale-in-starlite-sunny-seasons-garia-kolkata-south-880-sq-ft-spid-J81723710,2 BHK Flat,51 Lac,880 sqft,Carpet Area,"5,795 /sqft","Garia, Kolkata",,Residential apartment for sell.The property comes with a good construction quality which ages 10 years old propertylocated in garia.It is a semifurnished property.The property has 2 bedrooms with 2 bathrooms .Available at an expected price of rs 5100000.Located on 2nd floor out of the 5,J81723710,"Starlite Sunny Seasons, Garia, Kolkata",Starlite Sunny Seasons,,['1 Modular Kitchen'],"['Security / Fire Alarm', 'Feng Shui / Vaastu Compliant', 'Intercom Facility', 'Lift(s)', 'Maintenance Staff', 'Visitor Parking', 'Swimming Pool', 'Park', 'Security Personnel', 'Internet/wi-fi connectivity', 'Fitness Centre / GYM', 'Waste Disposal', 'Club house / Community Center', 'Water softening plant']","['Sitala mandir', 'Gosto Mandir', 'Icici bank ATM', 'Sbi ATM', 'Hindustan Health Point Pvt Ltd', 'Remedy Hospital Unit Of Remedy Medical Services Pvt Ltd']",[],2 Bedrooms,2 Bathrooms,1 Balcony,,2nd   of 5 Floors,10+ Year Old,South
Ideal Enclave 2,https://www.99acres.com/4-bhk-bedroom-apartment-flat-for-sale-in-ideal-enclave-2-new-town-kolkata-east-1995-sq-ft-r1-spid-B77100243,4 BHK Flat,1.6 Cr,"1,995 sqft",Super Built-up Area,"8,020 /sqft","New Town, Kolkata",,"Residential apartment This is your chance to a 4 bhk apartment / flat for sale in ideal enclave 2 new town kolkata . Where luxury comes with affordability. Basic details: You will love this bright and spacious 4 bedroom apartment with 3 bathrooms, modular kitchen, spacious hall and 1 balconies.The balcony offers a great view and is a place to enjoy at any time. This house provides ample natural...",B77100243,"Ideal Enclave 2, New Town, Kolkata",,,"['1 Water Purifier', '1 Fan', '1 Fridge', '1 Exhaust Fan', '1 Dining Table', '1 Geyser', '1 Stove', '1 Light', '1 AC', '1 TV', '1 Modular Kitchen', '1 Chimney', '1 Curtains', '1 Bed', '1 Wardrobe', '1 Sofa', '1 Washing Machine', '1 Microwave']","['Security / Fire Alarm', 'Feng Shui / Vaastu Compliant', 'Intercom Facility', 'Lift(s)', 'Maintenance Staff', 'Water Storage', 'Separate entry for servant room', 'Recently Renovated', 'Visitor Parking', 'Swimming Pool', 'Park', 'Security Personnel', 'Natural Light', 'Airy Rooms', 'Spacious Interiors', 'Low Density Society', 'Fitness Centre / GYM', 'Waste Disposal', 'Rain Water Harvesting', 'Club house / Community Center', 'Water softening plant']","['Rabindra Tirtha Metro Station', 'Terminus Mall', 'mandir', 'Axis bank ATM', 'Hdfc bank ATM', 'Tata Cancer Hospital']",['Park/Garden'],4 Bedrooms,3 Bathrooms,1 Balcony,Servant Room,6th   of 6 Floors,5 to 10 Year Old,North-East
Lake View Apartment,https://www.99acres.com/2-bhk-bedroom-apartment-flat-for-sale-in-biren-roy-road-kolkata-south-720-sq-ft-spid-M82326996,2 BHK Flat,27 Lac,720 sqft,Super Built-up Area,"3,750 /sqft","Biren Roy Road, Kolkata",,Semi furnished.Full new condition. All side full open.1 cover car parking.,M82326996,"Lake View Apartment, Biren Roy Road, Kolkata",,,"['2 Wardrobe', '3 Light', '1 Modular Kitchen']",['Lift(s)'],"['Laxmi Narayan Mandir', 'Sitala Mandir', 'Sakuntala Nursing Home', 'Netaji Eye Hospital', 'Suburban Eye Microsurgery Centre']",['Main Road'],2 Bedrooms,2 Bathrooms,1 Balcony,,2nd   of 3 Floors,1 to 5 Year Old,South
Angana Apartment North Purbachal,https://www.99acres.com/3-bhk-bedroom-apartment-flat-for-sale-in-haltu-kolkata-south-1050-sq-ft-spid-E82355960,3 BHK Flat,70 Lac,"1,050 sqft",Super Built-up Area,"7,000 /sqft","Haltu, Kolkata",,Residential apartment for sell.The property comes with a good construction quality which ages 10 years old propertylocated in north purbachal.It is a unfurnished property.The property has 3 bedrooms with 3 bathrooms .Available at an expected price of rs 7000000.Located on 1st floor out of the 4. This property is south-East facing.,E82355960,"Angana Apartment North Purbachal, Haltu, Kolkata",,,"['1 Exhaust Fan', '5 Light', '1 Modular Kitchen']","['Maintenance Staff', 'Water Storage']",[],['Park/Garden'],3 Bedrooms,3 Bathrooms,1 Balcony,Others,1st   of 4 Floors,10+ Year Old,South-East
New Shakuntala Park,https://www.99acres.com/2-bhk-bedroom-apartment-flat-for-sale-in-new-shakuntala-park-behala-kolkata-south-850-sq-ft-spid-W82832526,2 BHK Flat,36 Lac,850 sqft,Super Built-up Area,"4,235 /sqft","Behala, Kolkata","Overlooking Main Road
Marble Flooring",Spacious room with all modern amenities. Including all furniture and furnishings.,W82832526,"New Shakuntala Park, Behala, Kolkata",New Shakuntala Park,,"['1 Water Purifier', '2 Fan', '1 Exhaust Fan', '1 Dining Table', '1 Geyser', '6 Light', '1 AC', '1 TV', '1 Modular Kitchen', '1 Chimney', '1 Curtains', '2 Bed', '3 Wardrobe', '1 Sofa', '1 Washing Machine']","['Feng Shui / Vaastu Compliant', 'Lift(s)', 'Water purifier', 'High Ceiling Height', 'Water Storage', 'Natural Light', 'Airy Rooms', 'Spacious Interiors']","['Behala Market', 'Jagannath Temple', 'Kali Temple', 'Hari Sabha', 'Sitala Mandir', 'Laxmi Narayan Mandir', 'Shibaloy']",['Main Road'],2 Bedrooms,2 Bathrooms,1 Balcony,Store Room,2nd   of 4 Floors,5 to 10 Year Old,West
Abhishek Apartment,https://www.99acres.com/2-bhk-bedroom-apartment-flat-for-sale-in-abhishek-apartment-bangur-kolkata-north-720-sq-ft-spid-Q82188502,2 BHK Flat,34 Lac,720 sqft,Carpet Area,"4,722 /sqft","Bangur, Lake Town",,"This beautiful 2 bhk flat in bangur, kolkata north is situated in abhishek apartment, one of the popular residential society in kolkata north. The flat occupies a carpet area of 720 sq.Ft. That consists of 2 bedrooms, 2 bathrooms and 1 balcony. This flat is situated on the 3rd floor of this 5 floors tall residential building. An added advantage of this 10+ years old flat is that it is available...",Q82188502,"Abhishek Apartment, Bangur, Lake Town",,,[],[],"['Central park metro station', 'The Church of Jesus Christ of Latter-day Saints', 'Hanuman Mandir', 'State bank of india ATM']",[],2 Bedrooms,2 Bathrooms,1 Balcony,,3rd   of 5 Floors,10+ Year Old,
Rajwada Greenshire,https://www.99acres.com/2-bhk-bedroom-apartment-flat-for-sale-in-rajwada-greenshire-narendrapur-kolkata-south-905-sq-ft-spid-U82723532,2 BHK Flat,46 Lac,905 sqft,Super Built-up Area,"4,640 /sqft","Narendrapur, Kolkata",,"We are the proud owners of this 2 bhk apartment available in rajwada greenshire, narendrapur, kolkata south. This it is a and the unit is located on 1st floor and has a super built-Up area of 905 sq.Ft. . It has 2 bathroom(s) and 1 balcony(s). The ownership is freehold type.",U82723532,"Rajwada Greenshire, Narendrapur, Kolkata",Rajwada Greenshire,,[],[],"['Wood Square Mall', 'Reliance Trends, Kamalgachi', 'Em Bypass', 'Future Institute Of Engg & Mgmt', 'Ramakrishna Mission NH12, West Bengal']",[],2 Bedrooms,2 Bathrooms,1 Balcony,,1st   of 5 Floors,0 to 1 Year Old,
"Magnolia Oxygen, Bishnupur",https://www.99acres.com/2-bhk-bedroom-apartment-flat-for-sale-in-rajarhat-kolkata-east-897-sq-ft-spid-D82383894,2 BHK Flat,52 Lac,897 sqft,Carpet Area,"5,797 /sqft","Rajarhat, Kolkata","Top Floor
School Nearby
+2","Residential apartment This is your chance to a 2 bhk apartment / flat for sale in rajarhat kolkata . Where luxury comes with affordability. Basic details: You will love this bright and spacious 2 bedroom apartment with 2 bathrooms, modular kitchen, spacious hall and 0 balconies.The balcony offers a great view and is a place to enjoy at any time. This house provides ample natural light and has g...",D82383894,"Magnolia Oxygen, Bishnupur, Rajarhat, Kolkata",,,"['2 Bed', '2 Wardrobe', '2 Fan', '1 Fridge', '1 Sofa', '2 Geyser', '1 Washing Machine', '2 Light', '1 AC', '1 TV']","['Feng Shui / Vaastu Compliant', 'Security / Fire Alarm', 'Intercom Facility', 'Lift(s)', 'Maintenance Staff', 'Swimming Pool', 'Water Storage', 'Park', 'Security Personnel', 'Fitness Centre / GYM', 'Club house / Community Center', 'Rain Water Harvesting']","['Shitala Mandir', 'Union bank of india ATM', 'State bank of india ATM', 'Axis bank ATM', 'Bank of baroda ATM', 'Hdfc bank ATM']",['Park/Garden'],2 Bedrooms,2 Bathrooms,No Balcony,,12nd   of 12 Floors,5 to 10 Year Old,West
Sukhobristi Shapoorji,https://www.99acres.com/3-bhk-bedroom-apartment-flat-for-sale-in-sukhobristi-shapoorji-action-area-3-kolkata-east-900-sq-ft-spid-A82600284,3 BHK Flat,62 Lac,900 sqft,Carpet Area,"6,888 /sqft","Action Area 3, Kolkata",East Facing,"This is well maintained, full furnished property.",A82600284,"Sukhobristi Shapoorji, Action Area 3, Kolkata",,,"['1 Water Purifier', '5 Fan', '1 Fridge', '1 Dining Table', '1 Geyser', '1 Stove', '6 Light', '2 AC', '1 TV', '1 Modular Kitchen', '1 Chimney', '1 Curtains', '3 Bed', '3 Wardrobe', '1 Washing Machine']","['Security / Fire Alarm', 'Feng Shui / Vaastu Compliant', 'Lift(s)', 'Water purifier', 'High Ceiling Height', 'Maintenance Staff', 'Water Storage', 'Visitor Parking', 'Park', 'Security Personnel', 'Natural Light', 'Internet/wi-fi connectivity', 'Airy Rooms', 'Spacious Interiors', 'Fitness Centre / GYM', 'Club house / Community Center']","['State bank of india ATM', 'Axis bank ATM', 'Belle Vue Hospital', 'Global Healthcare System', 'Apollo Pharmacy', 'DLF IT Park']","['Park/Garden,Club,Main Road']",3 Bedrooms,2 Bathrooms,1 Balcony,,1st   of 14 Floors,5 to 10 Year Old,East
Rohra Address,https://www.99acres.com/2-bhk-bedroom-apartment-flat-for-sale-in-rohra-address-new-town-kolkata-east-970-sq-ft-spid-F83506250,2 BHK Flat,80 Lac,970 sqft,Super Built-up Area,"8,247 /sqft","New Town, Kolkata",,"We are the proud owners of this 2 bhk apartment available in rohra address, new town, kolkata east. This it is a and the unit is located on 4th floor and has a super built-Up area of 970 sq.Ft. . It has 2 bathroom(s) and 1 balcony(s). The ownership is freehold type.",F83506250,"Rohra Address, New Town, Kolkata",Rohra Address,,"['1 Water Purifier', '4 Fan', '1 Fridge', '1 Exhaust Fan', '1 Dining Table', '2 Geyser', '1 Stove', '4 Light', '2 AC', '2 TV', '1 Modular Kitchen', '1 Chimney', '1 Curtains', '2 Bed', '2 Wardrobe', '1 Sofa', '1 Washing Machine', '1 Microwave']","['Private Garden / Terrace', 'Lift(s)', 'Swimming Pool', 'Park', 'Visitor Parking', 'Security Personnel', 'Fitness Centre / GYM', 'Club house / Community Center']","['Nazrul tirtha metro station', 'Terminus Mall', 'mandir', 'Citibank ATM', 'Hdfc bank ATM', 'Indian overseas bank ATM']",[],2 Bedrooms,2 Bathrooms,1 Balcony,,4th   of 4 Floors,1 to 5 Year Old,
GreenTech City Vedic Wellness Villas,https://www.99acres.com/2-bhk-bedroom-apartment-flat-for-sale-in-greentech-city-vedic-wellness-villas-rajarhat-kolkata-east-750-sq-ft-spid-O83485318,2 BHK Flat,40 Lac,750 sqft,Built-up Area,"5,333 /sqft","Rajarhat, Kolkata","Fitness Center/ Gym
Club/ Community Center
+1","Greentech city vedic wellness villas is one of kolkata east's most sought after destination for apartments and this 2 bhk flat in rajarhat is your opportunity to be a part of this community. The floor plan additionally contains 2 bedroom(s), 2 bathrooms and 1 balcony. All in all, the flat is spread over a built up area of 750 sq.Ft. This flat is situated on the 4th floor of this 4 floors tall r...",O83485318,"GreenTech City Vedic Wellness Villas, Rajarhat, Kolkata",GreenTech City Vedic Wellness Villas,,"['1 Water Purifier', '1 Fan', '1 Fridge', '1 Exhaust Fan', '1 Dining Table', '2 Geyser', '1 Stove', '1 Light', '2 AC', '1 TV', '1 Modular Kitchen', '1 Chimney', '1 Curtains', '2 Bed', '2 Wardrobe', '1 Sofa', '1 Washing Machine', '1 Microwave']","['Security / Fire Alarm', 'Feng Shui / Vaastu Compliant', 'Intercom Facility', 'Lift(s)', 'Water purifier', 'High Ceiling Height', 'Maintenance Staff', 'False Ceiling Lighting', 'Water Storage', 'Recently Renovated', 'Bank Attached Property', 'Visitor Parking', 'Swimming Pool', 'Park', 'Security Personnel', 'Natural Light', 'Airy Rooms', 'Spacious Interiors', 'Fitness Centre / GYM', 'Rain Water Harvesting', 'Club house / Community Center']","['State bank of india ATM', 'Belle Vue Hospital', 'Global Healthcare System', 'Apollo Pharmacy', 'Shapoorji Bus Stand']",['Park/Garden'],2 Bedrooms,2 Bathrooms,1 Balcony,,4th   of 4 Floors,1 to 5 Year Old,North-East
Lakshmi Debi Bhawan,https://www.99acres.com/2-bhk-bedroom-apartment-flat-for-sale-in-sakher-bazar-kolkata-south-950-sq-ft-spid-S80708203,2 BHK Flat,48.5 Lac,950 sqft,Super Built-up Area,"5,105 /sqft","Sakher Bazar, Barisha",,All sides open and ventilated. Covered car park available. 5 mins from metro station,S80708203,"Lakshmi Debi Bhawan, Sakher Bazar, Barisha",,,[],"['Lift(s)', 'Maintenance Staff', 'Natural Light']","['Behala Market', 'Santoshi Maa Mandir', 'Dhali Para Masjid', 'Kali Temple', 'Laxmi Narayan Mandir', 'Jagannath Temple']","['Park/Garden,Main Road']",2 Bedrooms,2 Bathrooms,1 Balcony,,2nd   of 4 Floors,5 to 10 Year Old,North
Amtala more,https://www.99acres.com/3-bhk-bedroom-apartment-flat-for-sale-in-dum-dum-cantt-kolkata-north-1220-sq-ft-r1-spid-V80972061,3 BHK Flat,51 Lac,"1,220 sqft",Super Built-up Area,"4,180 /sqft","Dum Dum Cantt, South Dumdum",Fresh Construction,"Residential apartment This is your chance to a 3 bhk apartment / flat for sale in dum dum cantt south dumdum . Where luxury comes with affordability. Basic details: You will love this bright and spacious 3 bedroom apartment with 2 bathrooms, modular kitchen, spacious hall and 2 balconies.The balcony offers a great view and is a place to enjoy at any time. This house provides ample natural light...",V80972061,"Amtala more , Dum Dum Cantt, South Dumdum",,,[],"['Feng Shui / Vaastu Compliant', 'Lift(s)', 'Water Storage']","['Noapara metro station', 'Lichubagan Radha Krishna Temple', 'Mother Teresa Church', 'Hanuman Mandir', 'Shitala Mandir']",['Main Road'],3 Bedrooms,2 Bathrooms,2 Balconies,,2nd   of 4 Floors,0 to 1 Year Old,West
Godrej Se7en Retail,https://www.99acres.com/3-bhk-bedroom-apartment-flat-for-sale-in-godrej-se7en-retail-joka-kolkata-south-1215-sq-ft-spid-E81915552,3 BHK Flat,80 Lac,"1,215 sqft",Super Built-up Area,"6,584 /sqft","Joka, Kolkata South","Close to Metro Station
Close to School
+2","The apartment is completely new with high quality materials. The flat is well ventilated and airy with covered multilevel car parking. The design and layout of the apartment have been carefully designed and the high ceilings, and taking advantage of each of the spaces and light giving the floor a feeling of spaciousness and greatness. This completely new apartment, consists of a nice and bright...",E81915552,"Godrej Se7en Retail, Joka, Kolkata South",,,[],"['Intercom Facility', 'Lift(s)', 'Maintenance Staff', 'Swimming Pool', 'Security Personnel', 'Airy Rooms', 'Shopping Centre', 'Fitness Centre / GYM', 'Club house / Community Center', 'Water softening plant']","['Bharat Sevashram Sangha Hospital', 'Searight Hospital and Welfare Society', 'Kasturi Medical Centre Pvt Ltd', 'Gay-Land Nursing Home']",[],3 Bedrooms,2 Bathrooms,1 Balcony,,6th   of 11 Floors,1 to 5 Year Old,
Hiland Prinsep,https://www.99acres.com/3-bhk-bedroom-apartment-flat-for-sale-in-hiland-prinsep-maheshtala-kolkata-south-1790-sq-ft-spid-E80216767,3 BHK Flat,80 Lac,"1,790 sqft",Super Built-up Area,"4,748 /sqft","Maheshtala, Kolkata",,"Facing the river ganges, panoramic view from front and back, from living room and all three bed rooms. Additional details : Modular kitchen, 4 new air conditioners , living room , dining room and 1 bedroom fully furnished, two bedroom partly furnished. The society has dedicated security guards for every tower. There is also a separate washroom for domestic help. Full power backup is available. ...",E80216767,"Hiland Prsep, Maheshtala, Kolkata",Hiland Prinsep,,"['1 Wardrobe', '1 Fan', '1 Light', '1 Modular Kitchen']","['Intercom Facility', 'Maintenance Staff', 'Visitor Parking']","['kali mandir', 'ESI Hospital', 'Sarangabad School', 'Nangi railway station']",[],3 Bedrooms,3 Bathrooms,3 Balconies,,8th   of 28 Floors,1 to 5 Year Old,South-East
Tirath Apartment,https://www.99acres.com/3-bhk-bedroom-apartment-flat-for-sale-in-tirath-apartment-chinar-park-kolkata-east-1353-sq-ft-r2-spid-X77331421,3 BHK Flat,75 Lac,"1,353 sqft",Carpet Area,"5,543 /sqft","Char Park, Kolkata",,Flat is situated in the centre of all sorts of amenities and on main road. Flat is suth east facing and on 1st floor. Power back up and water filter is available in the complex.,X77331421,"Tirath Apartment, Char Park, Kolkata",,,"['1 Wardrobe', '5 Fan', '1 Exhaust Fan', '6 Light']","['Security / Fire Alarm', 'Intercom Facility', 'Lift(s)', 'Maintenance Staff', 'Water Storage', 'Park', 'Visitor Parking']","['Shitala Mandir', 'State bank of india ATM', 'Axis bank ATM', 'Union bank of india ATM', 'Bank of baroda ATM', 'Hdfc bank ATM']",[],3 Bedrooms,2 Bathrooms,1 Balcony,,1st   of 5 Floors,1 to 5 Year Old,South-East
Silver Queen Apartment,https://www.99acres.com/2-bhk-bedroom-apartment-flat-for-sale-in-chinsurah-hooghly-840-sq-ft-r1-spid-Y80484301,2 BHK Flat,25 Lac,840 sqft,Carpet Area,"2,976 /sqft","Chsurah, Hooghly","East Facing
Top Floor
+2","The property has the best location as it well connected with trasport facilities to railway station, local auto stand. Hospital, banks, markets, police station are all in vicinity.",Y80484301,"Silver Queen Apartment , Chsurah, Hooghly",,,[],"['Recently Renovated', 'Natural Light', 'Airy Rooms']",[],['Main Road'],2 Bedrooms,2 Bathrooms,1 Balcony,,3rd   of 3 Floors,10+ Year Old,East
purshotam apartment,https://www.99acres.com/2-bhk-bedroom-apartment-flat-for-sale-in-dum-dum-kolkata-north-900-sq-ft-r1-spid-G79809673,2 BHK Flat,30 Lac,900 sqft,Super Built-up Area,"3,333 /sqft","Dum Dum, Kolkata",,"We are the proud owners of this 2 bhk apartment available in purshotam apartment, dum dum, kolkata north. This it is a and the unit is located on 3rd floor and has a super built-Up area of 900 sq.Ft. . It has 1 bathroom(s) and 1 balcony(s). The ownership is freehold type.",G79809673,"purshotam apartment, Dum Dum, Kolkata",,,[],[],"['Shitala Mandir', 'Mother Teresa Church', 'Lichubagan Radha Krishna Temple', 'Axis bank ATM', 'State bank of india ATM']",[],2 Bedrooms,1 Bathroom,1 Balcony,,3rd   of 4 Floors,5 to 10 Year Old,
Riya Gitanjali,https://www.99acres.com/3-bhk-bedroom-apartment-flat-for-sale-in-riya-gitanjali-barrackpore-kolkata-north-1274-sq-ft-spid-D82371568,3 BHK Flat,54 Lac,"1,274 sqft",Super Built-up Area,"4,238 /sqft","Barrackpore, Kolkata","Private Garden
Recently Renovated
+2","Welcome to flat 7, 2e at riya gitanjali, an exquisite 2nd-Floor 3 bhk apartment offering 1274+ square feet of luxurious living space, located in the serene setting of barrackpore, kolkata. Superbuilt 1274 sq ft (With parking 1600 sq ft) Carpet area 900 sq ft Bedroom 3 Dining and drawing 1 Washroom 2 (1 attached, 1 common) Balconies 2 Open private terrace 1 (140 sq ft) Covered 2 wheeler parking ...",D82371568,"Riya Gitanjali, Barrackpore, Kolkata",Riya Gitanjali,,"['3 Bed', '3 Wardrobe', '1 Water Purifier', '3 Fan', '1 Fridge', '2 Geyser', '1 Washing Machine', '3 Light', '1 Modular Kitchen']","['Security / Fire Alarm', 'Feng Shui / Vaastu Compliant', 'Private Garden / Terrace', 'Intercom Facility', 'Lift(s)', 'Water purifier', 'Water Storage', 'Recently Renovated', 'Visitor Parking', 'Swimming Pool', 'Park', 'Security Personnel', 'Natural Light', 'Airy Rooms', 'Spacious Interiors', 'Shopping Centre', 'Fitness Centre / GYM', 'Rain Water Harvesting', 'Club house / Community Center', 'Water softening plant']",[],"['Park/Garden,Pool']",3 Bedrooms,2 Bathrooms,2 Balconies,,2nd   of 4 Floors,1 to 5 Year Old,
Upohar The Condoville,https://www.99acres.com/3-bhk-bedroom-apartment-flat-for-sale-in-upohar-the-condoville-garia-kolkata-south-2079-sq-ft-r1-spid-M78877627,3 BHK Flat,1.9 Cr,"2,079 sqft",Super Built-up Area,"12,666 /sqft","Garia, Kolkata",Gated Society,"Residential apartment This is your chance to a 3 bhk apartment / flat for sale in new garia kolkata . Where luxury comes with affordability. Basic details: You will love this bright and spacious 3 bedroom apartment with 3 bathrooms, modular kitchen, spacious hall and 2 balconies.The balcony offers a great view and is a place to enjoy at any time. This house provides ample natural light and has ...",M78877627,"Upohar The Condoville, Garia, Kolkata",,,[],"['Security / Fire Alarm', 'Lift(s)', 'Visitor Parking']","['Shahid khudiram metro station', 'Kavi subhash metro station', 'Kavi nazrul metro station', 'Sitala mandir', 'Maa kali temple garia dhalua']",[],3 Bedrooms,3 Bathrooms,2 Balconies,Servant Room,7th   of 18 Floors,10+ Year Old,
Hindusthan road Prasanti apartment,https://www.99acres.com/2-bhk-bedroom-apartment-flat-for-sale-in-ballygunge-kolkata-south-1235-sq-ft-spid-T82541246,2 BHK Flat,1.4 Cr,"1,235 sqft",Super Built-up Area,"11,336 /sqft","Ballygunge, Kolkata",,"We are the proud owners of this 2 bhkb apartment available in hindusthan rd prasa apartment, ballygunge place, kolkata south. Thisi it is a and the kuniti is located on 2nd floor and has a super built-Up area of 1235 sq.Ft. . It has 2 bathroom(s) and 1 balcony(s). The ownership is freehold type.",T82541246,"Hdusthan road Prasanti apartment, Ballygunge, Kolkata",,,"['1 Sofa', '1 Stove']","['Security / Fire Alarm', 'Lift(s)', 'Maintenance Staff', 'False Ceiling Lighting', 'Swimming Pool', 'Water Storage', 'Park', 'Security Personnel', 'Natural Light', 'Internet/wi-fi connectivity', 'Spacious Interiors']","['Ice Skating Rink', 'Jyotirmoyee Radha Krishna Mandir', 'Sbi ATM', 'Hsbc ATM', 'Duncan Gleneagles Hospitals', 'Health Point Hospitals']",['Main Road'],2 Bedrooms,2 Bathrooms,1 Balcony,,2nd   of 5 Floors,1 to 5 Year Old,North
Loknath Apartment,https://www.99acres.com/2-bhk-bedroom-apartment-flat-for-sale-in-dakshin-jagatdal-kolkata-south-876-sq-ft-spid-Q83072116,2 BHK Flat,30 Lac,876 sqft,Super Built-up Area,"3,424 /sqft","Daksh Jagatdal, Narendrapur",,"This is a g+3 building with lift. Very well placed among greenery as well as nearby well-Established markets and national banks. The area is well connected by public transport, and good schools are nearby.",Q83072116,"Loknath Apartment, Daksh Jagatdal, Narendrapur",,,[],['Lift(s)'],"['Government Hospital', 'Sarada Vidyapith', 'Subhas gram railway station']",['Main Road'],2 Bedrooms,2 Bathrooms,1 Balcony,,2nd   of 3 Floors,0 to 1 Year Old,
Silver Oak Estate,https://www.99acres.com/3-bhk-bedroom-apartment-flat-for-sale-in-silver-oak-estate-bablatala-kolkata-north-1660-sq-ft-spid-Z81128629,3 BHK Flat,1.3 Cr,"1,660 sqft",Built-up Area,"7,831 /sqft","Bablatala, Rajarhat",Furnished,"Residential apartment This is your chance to a 3 bhk apartment / flat for sale in kalipark rajarhat . Where luxury comes with affordability. Basic details: You will love this bright and spacious 3 bedroom apartment with 2 bathrooms, modular kitchen, spacious hall and 1 balconies.The balcony offers a great view and is a place to enjoy at any time. This house provides ample natural light and has ...",Z81128629,"Silver Oak Estate, Bablatala, Rajarhat",,,"['3 Bed', '5 Wardrobe', '1 Water Purifier', '4 Fan', '1 Sofa', '1 Dining Table', '9 Light', '1 Modular Kitchen', '1 Chimney', '1 Curtains']","['Security / Fire Alarm', 'Feng Shui / Vaastu Compliant', 'Intercom Facility', 'Lift(s)', 'Maintenance Staff', 'Water Storage', 'Visitor Parking', 'Swimming Pool', 'Park', 'Security Personnel', 'Shopping Centre', 'Fitness Centre / GYM', 'Club house / Community Center', 'Water softening plant']","['Kali mandir', 'Manasha Mandir', 'Kali Temple', 'Kali Mandir', 'Dharmaraj Temple', 'Mukherjee Barir Durgadalan']",[],3 Bedrooms,2 Bathrooms,1 Balcony,Servant Room,6th   of 12 Floors,5 to 10 Year Old,North
Rajwada Rosewood,https://www.99acres.com/2-bhk-bedroom-apartment-flat-for-sale-in-rajwada-rosewood-narendrapur-kolkata-south-1010-sq-ft-spid-U83544290,2 BHK Flat,40 Lac,"1,010 sqft",Super Built-up Area,"3,762 /sqft","Narendrapur, Kolkata","North-East Facing
Gated Society","Rajwada rosewood is one of kolkata south's most sought after destination for apartments and this 2 bhk flat in narendrapur is your opportunity to be a part of this community. This residential flat is north-East-Facing direction. The flat occupies a super built up area of 1010 sq.Ft. That consists of 2 bedrooms, 2 bathrooms and 1 balcony. The flat has a total of 4 floors and this property is sit...",U83544290,"Rajwada Rosewood, Narendrapur, Kolkata",Rajwada Rosewood,,[],"['Feng Shui / Vaastu Compliant', 'Intercom Facility', 'Lift(s)', 'Maintenance Staff', 'Swimming Pool', 'Water Storage', 'Park', 'Fitness Centre / GYM', 'Club house / Community Center']",[],['Park/Garden'],2 Bedrooms,2 Bathrooms,1 Balcony,,2nd   of 4 Floors,1 to 5 Year Old,North-East
Ankur Apartment,https://www.99acres.com/2-bhk-bedroom-apartment-flat-for-sale-in-ankur-apartment-baguiati-kolkata-north-780-sq-ft-r2-spid-X76226587,2 BHK Flat,30 Lac,780 sqft,Super Built-up Area,"3,846 /sqft","Baguiati, Kolkata",,"We are the proud owners of this 2 bhk apartment available in ankur apartment, baguiati, kolkata north. This it is a and the unit is located on ground floor and has a super built-Up area of 780 sq.Ft. . It has 1 bathroom(s). The ownership is freehold type.",X76226587,"Ankur Apartment, Baguiati, Kolkata",,,[],[],"['The Church of Jesus Christ of Latter-day Saints', 'Bank of baroda ATM', 'Hdfc bank ATM', 'Icici bank ATM', 'Allahabad bank ATM']",[],2 Bedrooms,1 Bathroom,No Balcony,,Ground of 5 Floors,10+ Year Old,
Hiland Greens,https://www.99acres.com/2-bhk-bedroom-apartment-flat-for-sale-in-hiland-greens-maheshtala-kolkata-south-712-sq-ft-spid-E83485226,2 BHK Flat,20 Lac,712 sqft,Built-up Area,"2,808 /sqft","Maheshtala, Kolkata","Fitness Center/ Gym
Club/ Community Center
+1","Looking for a 2 bhk property for sale in kolkata south? Buy this 2 bhk flat in hiland greens that is situated in maheshtala, kolkata south. Containing 2 bedroom(s), 2 bathrooms and 1 balcony, this flat is spread over a built up area of 712 sq.Ft. The residential building has 14 floors in total and the flat for sale is located on the 4th floor. This is a ready to move project and the property is...",E83485226,"Hiland Greens, Maheshtala, Kolkata",Hiland Greens,,"['1 Fan', '1 Light', '1 Curtains']","['Security / Fire Alarm', 'Feng Shui / Vaastu Compliant', 'Intercom Facility', 'Lift(s)', 'Water purifier', 'High Ceiling Height', 'Maintenance Staff', 'False Ceiling Lighting', 'Water Storage', 'Recently Renovated', 'Swimming Pool', 'Park', 'Security Personnel', 'Natural Light', 'Airy Rooms', 'Fitness Centre / GYM', 'Rain Water Harvesting', 'Club house / Community Center']","['kali mandir', 'ESI Hospital', 'Sarangabad School', 'Nangi railway station', 'Budge budge railway station']",['Others'],2 Bedrooms,2 Bathrooms,1 Balcony,Study Room,11st   of 14 Floors,1 to 5 Year Old,East
Bluechip I Space,https://www.99acres.com/3-bhk-bedroom-apartment-flat-for-sale-in-bluechip-i-space-dum-dum-kolkata-north-1245-sq-ft-spid-B83419726,3 BHK Flat,80 Lac,"1,245 sqft",Super Built-up Area,"8,247 /sqft","Dum Dum, Kolkata","Fitness Center/ Gym
Club/ Community Center
+2","The flat is a south open and situated in a complex about 100 mts from dumdum central jail more on rbc road (Bus, auto, toto and rickshaws are available at the gate of the complex). The building was constructed 13 years ago and is a well maintained one with nearby schools, tulip nursing home, some polyclinics, markets and temple. The distance from nagerbazar market and bus terminal is 1.9 km, fr...",B83419726,"Bluechip I Space, Dum Dum, Kolkata",Bluechip I Space,,[],"['Security / Fire Alarm', 'Power Back-up', 'Lift(s)', 'Maintenance Staff', 'Water Storage', 'Swimming Pool', 'Park', 'Security Personnel', 'Natural Light', 'Airy Rooms', 'Fitness Centre / GYM', 'Waste Disposal', 'Rain Water Harvesting', 'Club house / Community Center', 'Water softening plant']","['Kali mandir', 'Manasha Mandir', 'Kali Mandir', 'Kali Temple', 'Dharmaraj Temple', 'Mukherjee Barir Durgadalan']","['Pool,Park/Garden,Main Road']",3 Bedrooms,2 Bathrooms,1 Balcony,,2nd   of 4 Floors,10+ Year Old,South
kali pada Apartment,https://www.99acres.com/2-bhk-bedroom-apartment-flat-for-sale-in-madhyamgram-kolkata-north-759-sq-ft-spid-E82400594,2 BHK Flat,23 Lac,759 sqft,Super Built-up Area,"4,013 /sqft","Madhyamgram, Kolkata","Ground Floor
Fresh Construction",Open park 12 feet road Lift available,E82400594,"kali pada Apartment , Madhyamgram, Kolkata",,,[],"['Lift(s)', 'Water Storage', 'Visitor Parking']",[],[],2 Bedrooms,2 Bathrooms,1 Balcony,,Ground of 3 Floors,0 to 1 Year Old,West
santragachi Ramtala,https://www.99acres.com/2-bhk-bedroom-apartment-flat-for-sale-in-jagacha-howrah-850-sq-ft-spid-S82419882,2 BHK Flat,38.25 Lac,850 sqft,Super Built-up Area,"4,500 /sqft","Jagacha, Howrah",,Best location property to purchase with every facility available.,S82419882,"santragachi Ramtala, Jagacha, Howrah",,,[],[],"['Shiv Mandir', 'Ram Mondir', 'Satsang Vihar', 'CGHS Dispensary Santragachi', 'Bankra Hospital', 'Bankra Central Nursing Home']",[],2 Bedrooms,2 Bathrooms,1 Balcony,Pooja Room,2nd   of 4 Floors,0 to 1 Year Old,
Realtech Maya,https://www.99acres.com/3-bhk-bedroom-apartment-flat-for-sale-in-realtech-maya-rajarhat-kolkata-east-1057-sq-ft-spid-K82702034,3 BHK Flat,62 Lac,"1,057 sqft",Super Built-up Area,"5,865 /sqft","Rajarhat, Kolkata",,"Residential apartment this is your chance to a 3 bhk apartment flat for sale in realtech maya rajarhat kolkata . Where luxury comes with affordability. Basic details: You will love this bright and spacious 3 bedroom apartment with 2 bathrooms, modular kitchen, spacious hall and 2 balconies.The balcony offers a great view and is a place to enjoy at any time. This house provides ample natural lig...",K82702034,"Realtech Maya, Rajarhat, Kolkata",Realtech Maya,,"['1 Water Purifier', '4 Fan', '1 Fridge', '1 Exhaust Fan', '1 Dining Table', '2 Geyser', '1 Stove', '25 Light', '3 AC', '2 TV', '1 Modular Kitchen', '1 Chimney', '1 Curtains', '3 Bed', '1 Wardrobe', '1 Sofa', '1 Washing Machine']","['Security / Fire Alarm', 'Feng Shui / Vaastu Compliant', 'Private Garden / Terrace', 'Intercom Facility', 'Lift(s)', 'Water purifier', 'Maintenance Staff', 'False Ceiling Lighting', 'Recently Renovated', 'Visitor Parking', 'Swimming Pool', 'Park', 'Security Personnel', 'Natural Light', 'Airy Rooms', 'Spacious Interiors', 'Fitness Centre / GYM', 'Waste Disposal', 'Club house / Community Center', 'Water softening plant']","['Rekjoani Shitala Mandir', 'Kali Temple', 'Dharmaraj Temple', 'Kali Mandir', 'Mukherjee Barir Durgadalan', 'Rajarhat Police Station Kali Temple']",['Club'],3 Bedrooms,2 Bathrooms,2 Balconies,,2nd   of 4 Floors,5 to 10 Year Old,North-East
Eden Pearls,https://www.99acres.com/3-bhk-bedroom-apartment-flat-for-sale-in-eden-pearls-em-bypass-kolkata-south-1220-sq-ft-spid-L78831641,3 BHK Flat,65 Lac,"1,220 sqft",Super Built-up Area,"5,327 /sqft","EM Bypass, Kolkata South",Top Floor,"Eden pearls is one of the most popular destination for buying apartments/ flats in em bypass, kolkata south. You too can be a part of this society by purchasing this 3 bhk flat here. This is a south-West-Facing property. Constructed on a super built up area of 1220 sq.Ft., the flat comprises 3 bedroom(s), 2 bathrooms and 1 balcony. This flat lies on the top level of a 3 storey building. An adde...",L78831641,"Eden Pearls, EM Bypass, Kolkata South",Eden Pearls,,"['2 Wardrobe', '1 Water Purifier', '5 Light', '1 Modular Kitchen', '1 Chimney']","['Security / Fire Alarm', 'Intercom Facility', 'Lift(s)', 'Water Storage', 'Recently Renovated', 'Security Personnel', 'Natural Light', 'Airy Rooms', 'Low Density Society', 'Waste Disposal', 'Club house / Community Center', 'Water softening plant']","['Garia Metro Station Rd', 'Ananda Marga Primary School', 'Peerless Hospital', 'State Bank of India']",['Others'],3 Bedrooms,2 Bathrooms,1 Balcony,,3rd   of 3 Floors,10+ Year Old,South-West
Bengal Peerless Avidipta Phase 2,https://www.99acres.com/3-bhk-bedroom-apartment-flat-for-sale-in-bengal-peerless-avidipta-phase-2-mukundapur-kolkata-south-1677-sq-ft-spid-T83300950,3 BHK Flat,2.9 Cr,"1,677 sqft",Carpet Area,"17,292 /sqft","Mukundapur, Kolkata","East Facing
Gated Society","The property is based at a very good location (Em bypass). All essentials like hospitals, malls, school is nearby.",T83300950,"Bengal Peerless Avidipta Phase 2, Mukundapur, Kolkata",Bengal Peerless Avidipta Phase 2,,[],"['Security / Fire Alarm', 'Feng Shui / Vaastu Compliant', 'Intercom Facility', 'Lift(s)', 'Maintenance Staff', 'Water Storage', 'Piped-gas', 'Visitor Parking', 'Swimming Pool', 'Park', 'Fitness Centre / GYM', 'Rain Water Harvesting', 'Club house / Community Center']","['Jyotirindra Nandi Metro Station', 'Metropolis Mall', 'EM Bypass', 'Birla High School', 'Sammilani Mahavidyalaya', 'Rabindra Bharati University']","['Pool,Park/Garden,Club,Main Road,Others']",3 Bedrooms,3 Bathrooms,2 Balconies,,20th   of 46 Floors,0 to 1 Year Old,East
Krittika Apartment A,https://www.99acres.com/2-bhk-bedroom-apartment-flat-for-sale-in-sheoraphuli-hooghly-840-sq-ft-spid-T82258202,2 BHK Flat,23 Lac,840 sqft,Built-up Area,"2,738 /sqft","Sheoraphuli, Hooghly",North-East Facing,"Residential apartment This is your chance to a 2 bhk apartment / flat for sale in sheoraphuli hooghly . Where luxury comes with affordability. Basic details: You will love this bright and spacious 2 bedroom apartment with 2 bathrooms, modular kitchen, spacious hall and 1 balconies.The balcony offers a great view and is a place to enjoy at any time. This house provides ample natural light and ha...",T82258202,"Krittika Apartment A, Sheoraphuli, Hooghly",,,"['2 Fan', '2 Light']","['Feng Shui / Vaastu Compliant', 'Lift(s)', 'Water Storage']",[],[],2 Bedrooms,2 Bathrooms,1 Balcony,,1st   of 5 Floors,5 to 10 Year Old,North-East
SGIL Orchid,https://www.99acres.com/3-bhk-bedroom-apartment-flat-for-sale-in-sgil-orchid-rajarhat-kolkata-east-1223-sq-ft-r2-spid-D63047426,3 BHK Flat,64 Lac,"1,223 sqft",Super Built-up Area,"5,233 /sqft","Rajarhat, Kolkata",,"Like new since purchase, first owner, south-Facing spacious bedrooms and drawing room, spacious balcony with grill, covered car parking under the building, community hall, society maintained, regular maintenance, tick-Wood frames of all bedroom doors and front door, semifinished kitchen",D63047426,"SGIL Orchid, Rajarhat, Kolkata",SGIL Orchid,,[],"['Security Personnel', 'Natural Light', 'Airy Rooms', 'Spacious Interiors', 'Low Density Society', 'Fitness Centre / GYM', 'Club house / Community Center', 'Waste Disposal']","['Dakbunglow Shani Kali Mandir', 'Rajarhat Shitala Kali Temple', 'Hanuman Mandir', 'Masjid', 'Kali Mandir', 'Krishna Mandir']","['Park/Garden,Main Road']",3 Bedrooms,2 Bathrooms,1 Balcony,,2nd   of 4 Floors,5 to 10 Year Old,South
Bluechip I Space,https://www.99acres.com/3-bhk-bedroom-apartment-flat-for-sale-in-bluechip-i-space-dum-dum-kolkata-north-1245-sq-ft-spid-W83261744,3 BHK Flat,80 Lac,"1,245 sqft",Carpet Area,"6,425 /sqft","Dum Dum, Kolkata",,"With car parking, well maintained, south open, lift facility, 24 hrs water, generator facility, 24 hr security, cctv, Ready to move in one month notice",W83261744,"Bluechip I Space, Dum Dum, Kolkata",Bluechip I Space,,[],"['Power Back-up', 'Lift(s)', 'Swimming Pool', 'Maintenance Staff', 'Park', 'Security Personnel', 'Fitness Centre / GYM', 'Club house / Community Center', 'Rain Water Harvesting']","['Kali mandir', 'Manasha Mandir', 'Kali Mandir', 'Kali Temple', 'Dharmaraj Temple', 'Mukherjee Barir Durgadalan']","['Pool,Park/Garden,Main Road,Others']",3 Bedrooms,2 Bathrooms,1 Balcony,,2nd   of 4 Floors,10+ Year Old,South
Bengal Peerless Avidipta Phase 2,https://www.99acres.com/3-bhk-bedroom-apartment-flat-for-sale-in-bengal-peerless-avidipta-phase-2-mukundapur-kolkata-south-2081-sq-ft-spid-S81753818,3 BHK Flat,3.3 Cr,"2,081 sqft",Super Built-up Area,"15,857 /sqft","Mukundapur, Kolkata","Gated Society
Fresh Construction","Tallest tower on em byepass. Mukundapur is a hospital locality with manipal, medica, r n tagore hospitals plus shankara netralaya, netralayam etc. Avidipta 2 is located on the em byepass with metro station right next to it. There is a kotak bank branch as well within the property. Property is on higher floors. Above the 30th floor with full kolkata skyline. You can see the view of kishore bhara...",S81753818,"Bengal Peerless Avidipta Phase 2, Mukundapur, Kolkata",Bengal Peerless Avidipta Phase 2,,[],"['Power Back-up', 'Feng Shui / Vaastu Compliant', 'Intercom Facility', 'Lift(s)', 'Swimming Pool', 'Park', 'Piped-gas', 'Fitness Centre / GYM', 'Club house / Community Center', 'Rain Water Harvesting']","['Jyotirindra Nandi Metro Station', 'Metropolis Mall', 'EM Bypass', 'Birla High School', 'Sammilani Mahavidyalaya', 'Rabindra Bharati University']",['Main Road'],3 Bedrooms,4 Bathrooms,2 Balconies,,34th   of 46 Floors,0 to 1 Year Old,
Master Orchard Estate,https://www.99acres.com/2-bhk-bedroom-apartment-flat-for-sale-in-master-orchard-estate-madhyamgram-kolkata-north-920-sq-ft-r1-spid-C80517237,2 BHK Flat,39 Lac,920 sqft,Super Built-up Area,"4,239 /sqft","Madhyamgram, Kolkata",North Facing,"Residential apartment This is your chance to a 2 bhk apartment / flat for sale in orchard estate madhyamgram kolkata . Where luxury comes with affordability. Basic details: You will love this bright and spacious 2 bedroom apartment with 2 bathrooms, modular kitchen, spacious hall and 1 balconies.The balcony offers a great view and is a place to enjoy at any time. This house provides ample natur...",C80517237,"Master Orchard Estate, Madhyamgram, Kolkata",Master Orchard Estate,,[],"['Security / Fire Alarm', 'Feng Shui / Vaastu Compliant', 'Intercom Facility', 'Lift(s)', 'Maintenance Staff', 'Water Storage', 'Visitor Parking', 'Swimming Pool', 'Park', 'Security Personnel', 'Fitness Centre / GYM', 'Rain Water Harvesting', 'Club house / Community Center']","['City Centre 2 Metro Station', 'Star Mall', 'Doharia AH1 Highway', 'Keshav Academy School', 'Vivekananda College', 'Narayana Hospital']","['Pool,Park/Garden,Club']",2 Bedrooms,2 Bathrooms,1 Balcony,,3rd   of 4 Floors,Within 6 months,North
Sugam Sudhir,https://www.99acres.com/4-bhk-bedroom-apartment-flat-for-sale-in-sugam-sudhir-garia-kolkata-south-1750-sq-ft-r1-spid-E78187797,4 BHK Flat,1.3 Cr,"1,750 sqft",Super Built-up Area,"6,285 /sqft","Garia, Kolkata",,"This 4 bhk flat is located in sugam sudhir, which houses some of the most spacious flats in garia, kolkata south. The flat is over 1750 sq.Ft. Super built up area and comes with 4 bedroom(s), 3 bathrooms and 2 balconies. The property is located on the ground floor of a 7 floors tall building. An added advantage of this 0-1 year old flat is that it is available for immediate possession as the pr...",E78187797,"Sugam Sudhir, Garia, Kolkata",Sugam Sudhir,,[],"['Intercom Facility', 'Lift(s)', 'Swimming Pool', 'Park', 'Fitness Centre / GYM', 'Club house / Community Center']","['Shahid khudiram metro station', 'Kavi nazrul metro station', 'Sitala mandir', 'Gosto Mandir', 'Maa kali temple garia dhalua']",[],4 Bedrooms,3 Bathrooms,2 Balconies,,Ground of 7 Floors,0 to 1 Year Old,South
Unimark Lakewood Estate,https://www.99acres.com/2-bhk-bedroom-apartment-flat-for-sale-in-unimark-lakewood-estate-em-bypass-kolkata-south-680-sq-ft-spid-J80357865,2 BHK Flat,86 Lac,680 sqft,Carpet Area,"12,647 /sqft","EM Bypass, Kolkata South",Fresh Construction,The facing is south east and it's on the high rise and it gives scenic beauty from the balcony,J80357865,"Unimark Lakewood Estate, EM Bypass, Kolkata South",Unimark Lakewood Estate,,[],"['Feng Shui / Vaastu Compliant', 'Security / Fire Alarm', 'Intercom Facility', 'Lift(s)', 'Maintenance Staff', 'Swimming Pool', 'Water Storage', 'Park', 'Visitor Parking', 'Fitness Centre / GYM', 'Club house / Community Center', 'Water softening plant']","['Mahanayak Uttam Kumar', 'Metropolis Mall', 'Eastren Metropolitan Bypass', 'Shishu Bhawan School', 'Jadavpur University']",['Park/Garden'],2 Bedrooms,2 Bathrooms,1 Balcony,,11st   of 18 Floors,0 to 1 Year Old,South-East
Rishi Pranaya,https://www.99acres.com/2-bhk-bedroom-apartment-flat-for-sale-in-rajarhat-kolkata-east-954-sq-ft-spid-H80229499,2 BHK Flat,90 Lac,954 sqft,Built-up Area,"9,433 /sqft","Rajarhat, Kolkata",,"A 2 bhk apartment for sale in kalikapur, kolkata. Posted by owner, no brokerage involved. This beautifully designed 2 bhk unit with all the modern-Day comforts is one of kalikapurs most desired properties. Contact now for more information. This 2 bhk unit is on floor 22. There are 23 floors in this property. The price of this apartment is rs 90.0 l. Each unit has a built-Up area of 954 square_f...",H80229499,"Rishi Pranaya, Rajarhat, Kolkata",,,[],"['Feng Shui / Vaastu Compliant', 'Security / Fire Alarm', 'Lift(s)', 'Swimming Pool', 'Visitor Parking', 'Fitness Centre / GYM', 'Club house / Community Center', 'Water softening plant']","['Axis bank ATM', 'State bank of india ATM', 'Belle Vue Hospital', 'Global Healthcare System', 'Tata Cancer Hospital', 'Bhagirathi Neotia Woman And Child Care Centre']","['Park/Garden,Club,Main Road']",2 Bedrooms,2 Bathrooms,1 Balcony,,22nd   of 23 Floors,0 to 1 Year Old,
Asha CHS,https://www.99acres.com/2-bhk-bedroom-apartment-flat-for-sale-in-tollygunge-phari-kolkata-south-1068-sq-ft-spid-E81123987,2 BHK Flat,1.15 Cr,"1,068 sqft",Built-up Area,"10,767 /sqft","Tollygunge Phari, Kolkata","North Facing
Gated Society
+2","We have solar power to run common amenity. Lounge is available. Children playing area is there. Washrooms for servant is seperated. All bathrooms are attached. Its a complex of three building with 3lifts in each. Check out this 2 bhk apartment for sale in asha chs, a popular residential project that houses in-Demand flats in tollygunge phari, kolkata south. This is a north-Facing property. Cont...",E81123987,"Asha CHS, Tollygunge Phari, Kolkata",,,[],"['Feng Shui / Vaastu Compliant', 'Security / Fire Alarm', 'Lift(s)', 'Maintenance Staff', 'Water Storage', 'Park', 'Visitor Parking', 'Security Personnel', 'Club house / Community Center']","['Rabindra sarobar metro station', 'Mahanayak uttam kumar metro station', 'Kalighat metro station', 'Shibaloy', 'Lake Kalibari']",['Park/Garden'],2 Bedrooms,2 Bathrooms,1 Balcony,,4th   of 16 Floors,10+ Year Old,North
Prudent Prana,https://www.99acres.com/3-bhk-bedroom-apartment-flat-for-sale-in-prudent-prana-garia-kolkata-south-1120-sq-ft-r1-spid-U83217708,3 BHK Flat,47 Lac,"1,120 sqft",Super Built-up Area,"4,196 /sqft","Garia, Kolkata",East Facing,"Situated in garia, kolkata south, prudent prana is a well planned society that offers a pleasant living experience to its residents. This 3 bhk flat in kolkata south is your opportunity to be a part of this community. This is a east-Facing property. Containing 3 bedroom(s), 2 bathrooms and 1 balcony, this flat is spread over a super built up area of 1120 sq.Ft. The residential building has 8 fl...",U83217708,"Prudent Prana, Garia, Kolkata",Prudent Prana,,[],"['Security / Fire Alarm', 'Intercom Facility', 'Lift(s)', 'Maintenance Staff', 'Swimming Pool', 'Water Storage', 'Park', 'Security Personnel', 'Fitness Centre / GYM', 'Club house / Community Center', 'Rain Water Harvesting', 'Water softening plant']","['Big Bazaar', 'Bagherghole Primary School', 'Future Institute of Technology', 'Bakul Math', 'State Bank of India ATM']",['Park/Garden'],3 Bedrooms,2 Bathrooms,1 Balcony,,1st   of 8 Floors,1 to 5 Year Old,East
Sucasa Apartment,https://www.99acres.com/2-bhk-bedroom-apartment-flat-for-sale-in-sucasa-apartment-garia-kolkata-south-805-sq-ft-spid-T82117754,2 BHK Flat,40 Lac,805 sqft,Carpet Area,"4,968 /sqft","Garia, Kolkata",Top Floor,"This 2 bhk apartment is available for sale in sucasa green apartment, one of the most prominent projects for flats in garia, kolkata south. The floor plan additionally contains 2 bedroom(s), 2 bathrooms and 1 balcony. All in all, the flat is spread over a carpet area of 805 sq.Ft. This flat lies on the top level of a 4 storey building. As the project is already ready to move, so you can easily ...",T82117754,"Sucasa Apartment, Garia, Kolkata",,,"['1 Wardrobe', '2 Geyser', '1 Modular Kitchen']","['Security / Fire Alarm', 'Intercom Facility', 'Lift(s)', 'Maintenance Staff', 'Water Storage']","['Shahid khudiram metro station', 'Kavi subhash metro station', 'Kavi nazrul metro station', 'Maa kali temple garia dhalua']",['Main Road'],2 Bedrooms,2 Bathrooms,1 Balcony,,4th   of 4 Floors,5 to 10 Year Old,North-West
MICASA APARTMENT,https://www.99acres.com/3-bhk-bedroom-apartment-flat-for-sale-in-ashoka-road-kolkata-south-2400-sq-ft-spid-J82860632,3 BHK Flat,3 Cr,"2,400 sqft",Super Built-up Area,"12,500 /sqft","Ashoka Road, Alipore",North Facing,"Open from 3 sides, east , south and west open, entrance north facing, vastu compliant, two covered parking, semi furnished.",J82860632,"MICASA APARTMENT, Ashoka Road, Alipore",,,"['1 Bed', '1 Fan', '1 Light', '1 AC']","['Feng Shui / Vaastu Compliant', 'Security / Fire Alarm', 'Lift(s)', 'Water Storage', 'Security Personnel', 'Natural Light', 'Airy Rooms', 'Spacious Interiors', 'Low Density Society']","['Kalighat metro station', 'Jatin das park metro station', 'State bank of india ATM', 'Axis bank ATM', 'Union bank of india ATM']",['Park/Garden'],3 Bedrooms,3 Bathrooms,2 Balconies,Study Room,1st   of 4 Floors,10+ Year Old,North
sunrise symphony melody 1,https://www.99acres.com/2-bhk-bedroom-apartment-flat-for-sale-in-rajarhat-kolkata-east-831-sq-ft-spid-J82955342,2 BHK Flat,55 Lac,831 sqft,Super Built-up Area,"6,618 /sqft","Rajarhat, Kolkata",,"Sunrise symphony melody 1 is one of the most popular destination for buying apartments/ flats in rajarhat, kolkata east. You too can be a part of this society by purchasing this 2 bhk flat here. The floor plan additionally contains 2 bedroom(s), 2 bathrooms and 1 balcony. All in all, the flat is spread over a super built up area of 831 sq.Ft. The property is located on the 10th floor of a 13 fl...",J82955342,"sunrise symphony melody 1, Rajarhat, Kolkata",,,[],"['Lift(s)', 'Park', 'Recently Renovated', 'Visitor Parking', 'Security Personnel', 'Natural Light', 'Airy Rooms', 'Fitness Centre / GYM', 'Club house / Community Center']","['Shitala Mandir', 'Union bank of india ATM', 'State bank of india ATM', 'Axis bank ATM', 'Bank of baroda ATM', 'Hdfc bank ATM']",['Main Road'],2 Bedrooms,2 Bathrooms,1 Balcony,,10th   of 13 Floors,5 to 10 Year Old,South
Temple Tower,https://www.99acres.com/2-bhk-bedroom-apartment-flat-for-sale-in-ballygunge-place-kolkata-south-1350-sq-ft-spid-Y82650466,2 BHK Flat,1.49 Cr,"1,350 sqft",Super Built-up Area,"11,000 /sqft","Ballygunge Place, Kolkata",Recently Renovated,"Located in ballygunge. Opposite birla mandir on main road. Facing main road. Spacious rooms, huge balcony, spacious and airy living & dining area. Well maintained building with new elevators. Well kept lobbies. 24 hours water, security, cctv, lift. Access to all modes of public transport from building's main gate.",Y82650466,"Temple Tower, Ballygunge Place, Kolkata",,,"['2 Bed', '5 Wardrobe', '5 Fan', '2 Geyser', '5 Light', '3 AC', '2 TV']","['Security / Fire Alarm', 'Feng Shui / Vaastu Compliant', 'Lift(s)', 'High Ceiling Height', 'Water Storage', 'Recently Renovated', 'Security Personnel', 'Natural Light', 'Airy Rooms', 'Spacious Interiors', 'Shopping Centre', 'Waste Disposal']","['Ice Skating Rink', 'Sitala Mandir-Bondel Road', 'Gariahat Sarbojanin Durgotsab', 'Deshari Complete Eye Care', 'Repose Clinic and Research Centre Pvt. Ltd.']",['Main Road'],2 Bedrooms,2 Bathrooms,1 Balcony,,2nd   of 11 Floors,10+ Year Old,
Om Netra,https://www.99acres.com/2-bhk-bedroom-apartment-flat-for-sale-in-chetla-kolkata-south-830-sq-ft-spid-P79978721,2 BHK Flat,80 Lac,830 sqft,Super Built-up Area,"9,638 /sqft","Chetla, Kolkata",Overlooking Main Road,"Residential apartment This is your chance to a 2 bhk apartment / flat for sale in chetla kolkata . Where luxury comes with affordability. Basic details: You will love this bright and spacious 2 bedroom apartment with 2 bathrooms, modular kitchen, spacious hall and 1 balconies.The balcony offers a great view and is a place to enjoy at any time. This house provides ample natural light and has goo...",P79978721,"Om Netra, Chetla, Kolkata",,,"['1 Water Purifier', '4 Fan', '1 Fridge', '1 Exhaust Fan', '1 Dining Table', '2 Geyser', '10 Light', '3 AC', '1 TV', '1 Chimney', '2 Bed', '2 Wardrobe', '1 Sofa', '1 Microwave']","['Security / Fire Alarm', 'Lift(s)', 'Water Storage']","['Kalighat metro station', 'Rabindra sarobar metro station', 'Shibaloy', 'Union bank of india ATM', 'Axis bank ATM', 'State bank of india ATM']",['Main Road'],2 Bedrooms,2 Bathrooms,1 Balcony,,1st   of 4 Floors,10+ Year Old,South
Merlin Heights,https://www.99acres.com/4-bhk-bedroom-apartment-flat-for-sale-in-merlin-heights-ballygunge-kolkata-south-2000-sq-ft-spid-K83444888,4 BHK Flat,2 Cr,"2,000 sqft",Super Built-up Area,"10,000 /sqft","Ballygunge, Kolkata","North Facing
Furnished
+1","Merlin heights is one of the most popular destination for buying apartments/ flats in ballygunge, kolkata south. You too can be a part of this society by purchasing this 4 bhk flat here. The flat is north-Facing. The floor plan additionally contains 4 bedroom(s), 4 bathrooms and more than 3 balconies. All in all, the flat is spread over a super built up area of 2000 sq.Ft. This flat is situated...",K83444888,"Merl Heights, Ballygunge, Kolkata",Merlin Heights,,"['1 Water Purifier', '8 Fan', '1 Dining Table', '3 Geyser', '1 Stove', '3 AC', '1 Modular Kitchen', '1 Chimney', '1 Curtains', '1 Bed', '1 Sofa', '1 Washing Machine']","['Security / Fire Alarm', 'High Ceiling Height', 'Maintenance Staff', 'False Ceiling Lighting', 'Security Personnel', 'Low Density Society', 'Waste Disposal']","['Jatin das park metro station', 'Radha Krishna Mandir', 'Jyotirmoyee Radha Krishna Mandir', 'Calcutta Heart Research Center']",[],4 Bedrooms,4 Bathrooms,3+ Balconies,,1st   of 10 Floors,10+ Year Old,North
Moni Orchid,https://www.99acres.com/3-bhk-bedroom-apartment-flat-for-sale-in-moni-orchid-nayabad-kolkata-south-1227-sq-ft-spid-V83231054,3 BHK Flat,60 Lac,"1,227 sqft",Super Built-up Area,"4,889 /sqft","Nayabad, Kolkata",,Interior work worth 650000/- Absolutely free. We are the proud owners of this 3 bhk apartment available in moni orchid complex nayabad kolkata south. The unit is located on 3rd floor of a 4th floor building and has a super built-Up area of 1227 sq.Ft. . It has 2 bathroom(s) and 1 balcony(s). The ownership is freehold type. Covered parking extra 500000/-,V83231054,"Moni Orchid, Nayabad, Kolkata",Moni Orchid,,"['2 Wardrobe', '1 Modular Kitchen']","['Lift(s)', 'Park']","['Maa kali temple', 'Shoni thakur mandir', 'Maa Kali mandir', 'Hindu Temple', 'Lord Shiva Temple', 'Old Radha Krishna Temple']",['Main Road'],3 Bedrooms,2 Bathrooms,1 Balcony,,3rd   of 4 Floors,1 to 5 Year Old,South-East
Eternia,https://www.99acres.com/3-bhk-bedroom-apartment-flat-for-sale-in-eternia-madhyamgram-kolkata-north-1277-sq-ft-spid-F82416224,3 BHK Flat,62 Lac,"1,277 sqft",Super Built-up Area,"4,855 /sqft","Madhyamgram, Kolkata",,This property is a new construction by srijan realty and same as handed over. It is in a big society complex with all modern amenities and having 26 towers and a big open space lush greenery to breath in. This flat is available for immediate sale with one independent covered parking.,F82416224,"Eternia, Madhyamgram, Kolkata",Eternia,,[],"['Security / Fire Alarm', 'Intercom Facility', 'Lift(s)', 'Maintenance Staff', 'Swimming Pool', 'Water Storage', 'Visitor Parking', 'Security Personnel', 'Fitness Centre / GYM', 'Club house / Community Center', 'Rain Water Harvesting']","['Star Mall', 'NH 12', 'Sunshine Academy School', 'Barasat College', 'Barasat hospital', 'Kolkata Airport', 'Agarpara Station']","['Park/Garden,Club,Pool,Main Road']",3 Bedrooms,2 Bathrooms,1 Balcony,,4th   of 7 Floors,1 to 5 Year Old,North-West
S D Rohini Complex,https://www.99acres.com/2-bhk-bedroom-apartment-flat-for-sale-in-s-d-rohini-complex-bablatala-kolkata-north-1058-sq-ft-spid-Q81275677,2 BHK Flat,42 Lac,"1,058 sqft",Super Built-up Area,"3,969 /sqft","Bablatala, Rajarhat","East Facing
Gated Society","Residential apartment This is your chance to a 2 bhk, 2 balcony east open apartment / flat for sale in rohini complex bablatala rajarhat. Where luxury comes with affordability. Basic details: You will love this bright and spacious 2 bedroom apartment with 2 bathrooms, modular kitchen, spacious hall and 2 balconies.The balcony offers a great view and is a place to enjoy at any time. This house p...",Q81275677,"S D Rohi Complex, Bablatala, Rajarhat",,,"['4 Fan', '4 Light', '1 Modular Kitchen']","['Intercom Facility', 'Lift(s)', 'Water purifier', 'Swimming Pool', 'Park', 'Security Personnel', 'Natural Light', 'Internet/wi-fi connectivity', 'Fitness Centre / GYM', 'Waste Disposal', 'Rain Water Harvesting', 'Club house / Community Center', 'Water softening plant']","['Kali mandir', 'Manasha Mandir', 'Kali Temple', 'Kali Mandir', 'Dharmaraj Temple', 'Mukherjee Barir Durgadalan']",['Main Road'],2 Bedrooms,2 Bathrooms,2 Balconies,,5th   of 27 Floors,10+ Year Old,East
Merlin The One,https://www.99acres.com/2-bhk-bedroom-apartment-flat-for-sale-in-merlin-the-one-tollygunge-kolkata-south-700-sq-ft-r1-spid-L76528553,2 BHK Flat,1.29 Cr,700 sqft,Built-up Area,"22,241 /sqft","Tollygunge, Kolkata","Top Floor
Fresh Construction
+2","This 2 bhk apartment is available for sale in merlin the one, one of the most prominent projects for flats in tollygunge, kolkata south. Constructed on a built up area of 700 sq.Ft., the flat comprises 2 bedroom(s), 2 bathrooms and 1 balcony. This flat lies on the top level of a 17 storey building. This 0-1 year old property is available for immediate possession as the project is ready to move....",L76528553,"Merl The One, Tollygunge, Kolkata",Merlin The One,,"['1 Water Purifier', '4 Fan', '1 Fridge', '1 Exhaust Fan', '1 Geyser', '1 Stove', '8 Light', '3 AC', '2 TV', '1 Curtains', '2 Bed', '1 Wardrobe', '1 Sofa', '1 Washing Machine']","['Security / Fire Alarm', 'Feng Shui / Vaastu Compliant', 'Intercom Facility', 'Lift(s)', 'Maintenance Staff', 'Water Storage', 'Visitor Parking', 'Swimming Pool', 'Park', 'Security Personnel', 'Natural Light', 'Airy Rooms', 'Internet/wi-fi connectivity', 'Spacious Interiors', 'Fitness Centre / GYM', 'Waste Disposal', 'Rain Water Harvesting', 'Club house / Community Center', 'Water softening plant']","['Mahanayak Uttam Kumar Metro', 'South City Mall', 'NH 12', 'National Public School', 'New Alipore College', 'Rabindra Bharati University']",[],2 Bedrooms,2 Bathrooms,1 Balcony,,17th   of 17 Floors,0 to 1 Year Old,
Merlin Elements,https://www.99acres.com/3-bhk-bedroom-apartment-flat-for-sale-in-merlin-elements-new-alipore-kolkata-south-1100-sq-ft-spid-L81836066,3 BHK Flat,2.2 Cr,"1,100 sqft",Carpet Area,"20,000 /sqft","New Alipore, Kolkata",,"This lovely 3 bhk apartment/flat in new alipore is available for sale in one of kolkata south's most popular projects, merlin elements. Containing 3 bedroom(s), 3 bathrooms and 2 balconies, this flat is spread over a carpet area of 1100 sq.Ft. The property is located on the 9th floor of a 12 floors tall building. An added advantage of this 0-1 year old flat is that it is available for immediate...",L81836066,"Merl Elements, New Alipore, Kolkata",Merlin Elements,,[],"['Power Back-up', 'Lift(s)', 'Park', 'Fitness Centre / GYM', 'Rain Water Harvesting']","['Behala Bazar metro station', 'South City Mall', '143-163, NH12', 'Sahapur Girls High School', 'Mahatma Gandhi University']",[],3 Bedrooms,3 Bathrooms,2 Balconies,,9th   of 12 Floors,0 to 1 Year Old,
KoushikiApartment,https://www.99acres.com/2-bhk-bedroom-apartment-flat-for-sale-in-sarat-ghosh-garden-kolkata-south-1148-sq-ft-spid-U83359262,2 BHK Flat,95 Lac,"1,148 sqft",Super Built-up Area,"8,275 /sqft","Sarat Ghosh Garden, Southern Avenue",,"2bhk fully furnished flat in kasba with covered car parking !! Flat details: 2 bedrooms, 1 attached & 1 common bathroom, 1 living room, 1 dining area, 1 balcony, 1 modular kitchen, roof right. Amenities: 24 hours water supply, security with cctv surveillance, lift facility. Benefits: Calm & quiet residential area, no noise pollution, 5mins walk-In distance to market area, 3mins walk-In distance...",U83359262,"KoushikiApartment, Sarat Ghosh Garden, Southern Avenue",,,"['5 Fan', '1 Exhaust Fan', '2 Geyser', '10 Light', '3 AC', '1 Modular Kitchen', '1 Chimney', '1 Curtains', '2 Bed', '4 Wardrobe', '1 Sofa']","['Security / Fire Alarm', 'Lift(s)', 'Maintenance Staff', 'False Ceiling Lighting', 'Water Storage', 'Airy Rooms', 'Spacious Interiors']","['Hari Sava.Lord Krishna Temple', 'Viveknagar Kalibari', 'Nipponzan Myohoji Buddhist Temple', 'Gariahat Sarbojanin Durgotsab']",[],2 Bedrooms,2 Bathrooms,1 Balcony,,4th   of 4 Floors,10+ Year Old,South
Elson Sapphire,https://www.99acres.com/2-bhk-bedroom-apartment-flat-for-sale-in-bhatrapally-north-24-parganas-796-sq-ft-spid-D82776890,2 BHK Flat,25 Lac,796 sqft,Super Built-up Area,"3,140 /sqft","Bhatrapally, Barasat",Gated Society,"Residential apartment This is your chance to a 2 bhk apartment / flat for sale in bhatrapally barasat . Where luxury comes with affordability. Basic details: You will love this bright and spacious 2 bedroom apartment with 2 bathrooms, modular kitchen, spacious hall and 1 balconies.The balcony offers a great view and is a place to enjoy at any time. This house provides ample natural light and ha...",D82776890,"Elson Sapphire, Bhatrapally, Barasat",,,[],"['Security / Fire Alarm', 'Lift(s)', 'Water Storage', 'Visitor Parking', 'Security Personnel', 'Fitness Centre / GYM', 'Club house / Community Center', 'Waste Disposal']","['Amanati Mosque', 'SHONI TEMPLE', 'MAA MONOSHA TEMPLE', 'Church of our Lady of Lourdes', 'Shri Shoni Temple']",[],2 Bedrooms,2 Bathrooms,1 Balcony,,3rd   of 3 Floors,10+ Year Old,South
Belani Metro Towers,https://www.99acres.com/4-bhk-bedroom-apartment-flat-for-sale-in-belani-metro-towers-park-street-kolkata-central-3200-sq-ft-r1-spid-O77215175,4 BHK Flat,6.24 Cr,"3,200 sqft",Super Built-up Area,"17,187 /sqft","Park Street, Kolkata",,"Near main road, Fully furnished, 1 servant quarter, 3 covered parking, 8 ac, 8 fan,",O77215175,"Belani Metro Towers, Park Street, Kolkata",Belani Metro Towers,,"['1 Water Purifier', '9 Fan', '1 Fridge', '1 Exhaust Fan', '1 Dining Table', '4 Geyser', '50 Light', '8 AC', '1 Modular Kitchen', '1 Chimney', '1 Curtains', '4 Bed', '20 Wardrobe', '1 Sofa', '1 Washing Machine', '1 Microwave']","['Feng Shui / Vaastu Compliant', 'Security / Fire Alarm', 'Lift(s)', 'False Ceiling Lighting', 'Water Storage', 'Visitor Parking', 'Security Personnel', 'Shopping Centre']","['Maidan metro station', 'Canara bank ATM', 'Gvv ATM', 'Nightingale Hospital', 'Life Line Diagnostic Centre And Nursing Home']","['Park/Garden,Main Road']",4 Bedrooms,4 Bathrooms,No Balcony,"Servant Room,Pooja Room",5th   of 10 Floors,10+ Year Old,East
The Elite Tower,https://www.99acres.com/3-bhk-bedroom-apartment-flat-for-sale-in-purba-sinthi-kolkata-north-1051-sq-ft-r1-spid-E79987937,3 BHK Flat,55 Lac,"1,051 sqft",Super Built-up Area,"5,708 /sqft","Purba Sthi, Kolkata",Fresh Construction,"Spacious 3bhk flat with road view & modern amenities This well-Designed 3bhk flat offers a comfortable and modern living experience with a road view from all three rooms. The layout includes an open kitchen seamlessly connected to a spacious dining hall, perfect for family gatherings. The flat features one attached bathroom and one common bathroom for convenience. A cozy balcony adds to the cha...",E79987937,"The Elite Tower, Purba Sthi, Kolkata",,,[],"['Lift(s)', 'Maintenance Staff', 'Water Storage', 'Security Personnel', 'Natural Light', 'Airy Rooms', 'Waste Disposal', 'Water softening plant']","['Dum dum metro station', 'Noapara metro station', 'Hanuman Mandir', 'Lichubagan Radha Krishna Temple', 'Mother Teresa Church']",['Main Road'],3 Bedrooms,2 Bathrooms,1 Balcony,,2nd   of 7 Floors,0 to 1 Year Old,
Oswal Orchard County,https://www.99acres.com/4-bhk-bedroom-apartment-flat-for-sale-in-oswal-orchard-county-belgharia-north-24-parganas-1817-sq-ft-spid-E80587349,4 BHK Flat,1.15 Cr,"1,817 sqft",Super Built-up Area,"6,329 /sqft","Belgharia, BT Road","Close to Metro Station
Close to School
+2",Good property with all the amenities and super airy Additional details :,E80587349,"Oswal Orchard County, Belgharia, BT Road",Oswal Orchard County,,[],"['Feng Shui / Vaastu Compliant', 'Security / Fire Alarm', 'Intercom Facility', 'Lift(s)', 'Maintenance Staff', 'Swimming Pool', 'Water Storage', 'Park', 'Visitor Parking', 'Fitness Centre / GYM', 'Club house / Community Center']","['Jora Sib Mondir', 'Netaji Sebayan Hospital', 'Green-View Nursing Home Kolkata', 'ESI Hospital', 'Vijoy Optic and Polyclinic']","['Pool,Park/Garden,Club,Main Road']",4 Bedrooms,3 Bathrooms,1 Balcony,,11st   of 13 Floors,5 to 10 Year Old,South-East
Unnayani Trinayan Enclave,https://www.99acres.com/3-bhk-bedroom-apartment-flat-for-sale-in-unnayani-trinayan-enclave-joka-kolkata-south-1330-sq-ft-spid-U81651682,3 BHK Flat,1 Cr,"1,330 sqft",Super Built-up Area,"7,518 /sqft","Joka, Kolkata South",,"We are the proud owners of this 3 bhk apartment available in unnayani trinayan enclave, joka, kolkata south. This it is a and the unit is located on 4th floor and has a super built-Up area of 1330 sq.Ft. . It has 2 bathroom(s) and 1 balcony(s). The ownership is freehold type.",U81651682,"Unnayani Trayan Enclave, Joka, Kolkata South",Unnayani Trinayan Enclave,,[],[],"['Joka Metro', 'Thakurpukur Bazar', 'Bibirahat']",[],3 Bedrooms,2 Bathrooms,1 Balcony,,4th   of 5 Floors,5 to 10 Year Old,
Manor Aspira Aashiyana,https://www.99acres.com/3-bhk-bedroom-apartment-flat-for-sale-in-rajarhat-kolkata-east-1124-sq-ft-spid-H79275953,3 BHK Flat,59 Lac,"1,124 sqft",Super Built-up Area,"5,249 /sqft","Rajarhat, Kolkata",North Facing,"Manor aspira aashiyana is one of the most popular destination for buying apartments/ flats in rajarhat, kolkata east. You too can be a part of this society by purchasing this 3 bhk flat here. This is a north-Facing property. Constructed on a super built up area of 1124 sq.Ft., the flat comprises 3 bedroom(s), 2 bathrooms and 2 balconies. This flat lies on the 2nd level of a 6 storey building. A...",H79275953,"Manor Aspira Aashiyana, Rajarhat, Kolkata",,,[],"['Security / Fire Alarm', 'Feng Shui / Vaastu Compliant', 'Intercom Facility', 'Lift(s)', 'High Ceiling Height', 'Maintenance Staff', 'Water Storage', 'Bank Attached Property', 'Swimming Pool', 'Park', 'Security Personnel', 'Natural Light', 'Internet/wi-fi connectivity', 'Airy Rooms', 'Spacious Interiors', 'Shopping Centre', 'Fitness Centre / GYM', 'Waste Disposal', 'Club house / Community Center', 'Water softening plant']","['Shitala Mandir', 'Union bank of india ATM', 'State bank of india ATM', 'Axis bank ATM', 'Bank of baroda ATM', 'Hdfc bank ATM']",[],3 Bedrooms,2 Bathrooms,2 Balconies,,2nd   of 6 Floors,1 to 5 Year Old,North
Merlin Niket,https://www.99acres.com/3-bhk-bedroom-apartment-flat-for-sale-in-merlin-niket-tollygunge-kolkata-south-1495-sq-ft-spid-P83261348,3 BHK Flat,1 Cr,"1,495 sqft",Super Built-up Area,"6,688 /sqft","Tollygunge, Kolkata",,Please call within monday to friday by 10:30 am to 06:00 pm 88c baburam ghosh road. Flat 3b. Merlin niket. Opposite technician studio. 1495 sqft. 3 bhk. 1 puja room. Varendah. Fully furnished. 1 covered car parking. Marble flooring. South facing. Complex of 2 buildings. Flat located at 3rd floor. Building has 4 floors. 3 ac and 1 geyser installed. Sliding windows. Expecting 1.00 crore,P83261348,"Merl Niket, Tollygunge, Kolkata",Merlin Niket,,"['1 Geyser', '3 AC']",['Lift(s)'],"['Mahanayak uttam kumar metro station', 'Rabindra sarobar metro station', 'Shibaloy', 'Gouria moth', 'Sbi ATM', 'Sbi ATM']",[],3 Bedrooms,2 Bathrooms,1 Balcony,Pooja Room,3rd   of 4 Floors,10+ Year Old,
Shubham Residency,https://www.99acres.com/3-bhk-bedroom-apartment-flat-for-sale-in-south-kolkata-1200-sq-ft-spid-Y81715560,3 BHK Flat,58 Lac,"1,200 sqft",Super Built-up Area,"5,272 /sqft","226 Nayabad Avenue, Kolkata South",Top Floor,"This property is in front of nayabad 1b bus stand...5 km distance metro and local train station available...Near to netaji subhash chandra bose cancer hospital, peerless, amri, medica and narayana hospital. Water filters also installed to get filter water through tap and entire building newly painted from outside.",Y81715560,"Shubham Residency, 226 Nayabad Avenue, Kolkata South, Kolkata",,,"['6 Fan', '1 Dining Table', '6 Light', '1 Curtains']","['Feng Shui / Vaastu Compliant', 'Security / Fire Alarm', 'Lift(s)', 'Water Storage', 'Visitor Parking']",[],"['Main Road,Others']",3 Bedrooms,2 Bathrooms,1 Balcony,,4th   of 4 Floors,5 to 10 Year Old,South-East
Unimark Springfield,https://www.99acres.com/3-bhk-bedroom-apartment-flat-for-sale-in-unimark-springfield-rajarhat-kolkata-east-1355-sq-ft-r1-spid-R80888409,3 BHK Flat,1.05 Cr,"1,355 sqft",Super Built-up Area,"6,273 /sqft","Rajarhat, Kolkata","North Facing
Fresh Construction
+2","This beautiful 3 bhk high rise Corner flat is situated in unimark springfield, one of the popular and vibrant residential society in rajarhat. The flat occupies a super built up area of 1355 sq.Ft. That consists of 3 bedrooms, 2 bathrooms and 1 sunset view balcony. Unimark springfield is designed very well to provide modern facilities such as swimming pool, fitness centre / gym, park, club hous...",R80888409,"Unimark Sprgfield, Rajarhat, Kolkata",Unimark Springfield,,"['1 Bed', '3 Wardrobe', '3 Fan', '1 Sofa', '1 Dining Table', '10 Light', '1 AC', '1 Modular Kitchen', '1 Curtains']","['Power Back-up', 'Intercom Facility', 'Lift(s)', 'Swimming Pool', 'Park', 'Fitness Centre / GYM', 'Club house / Community Center']","['Bablatala More', 'CITY CENTER 2', 'AKANKHA MORE', 'SEC-V', 'Derozio Memorial', 'Bhattacharyya', 'Vidyasagar']",['Park/Garden'],3 Bedrooms,2 Bathrooms,1 Balcony,,9th   of 10 Floors,0 to 1 Year Old,North
Unique Pearl,https://www.99acres.com/3-bhk-bedroom-apartment-flat-for-sale-in-unique-pearl-rajarhat-kolkata-east-1314-sq-ft-spid-B83543734,3 BHK Flat,65 Lac,"1,314 sqft",Super Built-up Area,"4,946 /sqft","Rajarhat, Kolkata",,The price is inclusive of 1 parking slot. The property is near upcoming city center 2 metro station,B83543734,"Unique Pearl, Rajarhat, Kolkata",Unique Pearl,,[],"['Power Back-up', 'Intercom Facility', 'Lift(s)', 'Swimming Pool', 'Fitness Centre / GYM', 'Rain Water Harvesting']","['Rabindra Tirtha Metro Station', 'Terminus Mall', 'mandir', 'Axis bank ATM', 'Hdfc bank ATM', 'Bhagirathi Neotia Woman And Child Care Centre']",[],3 Bedrooms,2 Bathrooms,2 Balconies,,4th   of 5 Floors,1 to 5 Year Old,North
N.P.Apartment,https://www.99acres.com/3-bhk-bedroom-apartment-flat-for-sale-in-bhadrakali-hooghly-1277-sq-ft-spid-W83357174,3 BHK Flat,45 Lac,"1,277 sqft",Super Built-up Area,"4,147 /sqft","Bhadrakali, Uttarpara","Top Floor
Recently Renovated
+2","Furnished flat ,newly painted both inside and outside.Roof top 100% covered by shed. Modular kitchen,tv cabinet ,wall mounted cabinets geysers, bathroom cabinet, loft cabinets, sofa cum bed, dining table with chairs are included in the price.",W83357174,"N.P.Apartment, Bhadrakali, Uttarpara",,,[],"['Security / Fire Alarm', 'Lift(s)', 'Water purifier', 'Maintenance Staff', 'Water Storage', 'Recently Renovated', 'Visitor Parking', 'Airy Rooms', 'Spacious Interiors', 'Waste Disposal']",[],[],3 Bedrooms,2 Bathrooms,1 Balcony,,3rd   of 3 Floors,10+ Year Old,South-West
Eden City Maheshtala,https://www.99acres.com/3-bhk-bedroom-apartment-flat-for-sale-in-eden-city-maheshtala-maheshtala-kolkata-south-1524-sq-ft-spid-G82155352,3 BHK Flat,48 Lac,"1,524 sqft",Built-up Area,"3,149 /sqft","Maheshtala, Kolkata",,"This lovely 3 bhk apartment/flat in maheshtala is available for sale in one of kolkata south's most popular projects, eden city maheshtala. The flat is west-Facing. The floor plan additionally contains 3 bedroom(s), 3 bathrooms and 1 balcony. All in all, the flat is spread over a built up area of 1524 sq.Ft. The flat has a total of 15 floors and this property is situated on 12th floor. Being a ...",G82155352,"Eden City Maheshtala, Maheshtala, Kolkata",Eden City Maheshtala,,[],"['Lift(s)', 'Maintenance Staff', 'Swimming Pool', 'Water Storage', 'Separate entry for servant room', 'Park', 'Visitor Parking', 'Security Personnel', 'Shopping Centre', 'Fitness Centre / GYM', 'Club house / Community Center']","['Behala Chowrasta Metro Station', 'Chinripota Potaka Market', 'NH12', 'Carmel School', 'Jadavpur University', 'ESI Hospital']","['Others,Main Road']",3 Bedrooms,3 Bathrooms,1 Balcony,,12nd   of 15 Floors,5 to 10 Year Old,West
Unimark Springfield,https://www.99acres.com/3-bhk-bedroom-apartment-flat-for-sale-in-unimark-springfield-rajarhat-kolkata-east-1355-sq-ft-r1-spid-O77443051,3 BHK Flat,85 Lac,"1,355 sqft",Super Built-up Area,"6,273 /sqft","Rajarhat, Kolkata","North-East Facing
Fresh Construction","Near to city center 2 , cc2 metro station , airport , derozio college Residential apartment This is your chance to a 3 bhk apartment / flat for sale in unimark springfield rajarhat kolkata . Where luxury comes with affordability. Basic details: You will love this bright and spacious 3 bedroom apartment with 2 bathrooms, modular kitchen, spacious hall and 1 balconies.The balcony offers a great v...",O77443051,"Unimark Sprgfield, Rajarhat, Kolkata",Unimark Springfield,,"['2 Wardrobe', '5 Fan', '1 Exhaust Fan', '6 Light']","['Power Back-up', 'Feng Shui / Vaastu Compliant', 'Security / Fire Alarm', 'Intercom Facility', 'Lift(s)', 'Swimming Pool', 'Maintenance Staff', 'Water Storage', 'Park', 'Fitness Centre / GYM', 'Club house / Community Center']","['Bablatala More', 'CITY CENTER 2', 'AKANKHA MORE', 'SEC-V', 'Derozio Memorial', 'Bhattacharyya', 'Vidyasagar']","['Pool,Club,Park/Garden,Main Road']",3 Bedrooms,2 Bathrooms,1 Balcony,,9th   of 10 Floors,0 to 1 Year Old,North-East
The Vedic Village,https://www.99acres.com/3-bhk-bedroom-apartment-flat-for-sale-in-the-vedic-village-rajarhat-kolkata-east-1300-sq-ft-r1-spid-J75218881,3 BHK Flat,50 Lac,"1,300 sqft",Carpet Area,"3,846 /sqft","Rajarhat, Kolkata","Top Floor
Fitness Center/ Gym
+2","This 3 bhk apartment is available for sale in the vedic village, one of the most prominent projects for flats in rajarhat, kolkata east. The flat is over 1300 sq.Ft. Carpet area and comes with 3 bedroom(s), 2 bathrooms and 2 balconies. The residential building has 5 floors in total and the flat for sale is located on the top floor. An added advantage of this 1-5 years old flat is that it is ava...",J75218881,"The Vedic Village, Rajarhat, Kolkata",The Vedic Village,,[],"['Security / Fire Alarm', 'Intercom Facility', 'Lift(s)', 'Swimming Pool', 'Water Storage', 'Park', 'Visitor Parking', 'Fitness Centre / GYM', 'Club house / Community Center']","['Axis Mall', 'Champagachi', 'Amity University', 'Narayana Hospital', 'Subhash Chandra', 'Harishdadpur P.H.', 'Synthesis Business']",['Pool'],3 Bedrooms,2 Bathrooms,2 Balconies,,5th   of 5 Floors,1 to 5 Year Old,
The Ektaa Hibiscus,https://www.99acres.com/3-bhk-bedroom-apartment-flat-for-sale-in-tangra-kolkata-central-1750-sq-ft-spid-E78349377,3 BHK Flat,1.8 Cr,"1,750 sqft",Built-up Area,"10,857 /sqft","Tangra, Kolkata","North-East Facing
Corner Property
+2","This luxurious & serene , road facing corner apartment (North -East) is graced with abundant natural light and a refreshing flow of air since there are no longer construction nearby. This luxurious & serene, road facing corner apartment (North-East) is graced with abundant natural light and a refreshing flow of air since there are no longer construction nearby. Near st. Sebastian school",E78349377,"The Ektaa Hibiscus, Tangra, Kolkata",,,"['3 Wardrobe', '10 Fan', '1 Exhaust Fan', '1 Geyser', '20 Light', '1 Modular Kitchen', '1 Curtains']","['Feng Shui / Vaastu Compliant', 'Intercom Facility', 'Lift(s)', 'Maintenance Staff', 'Security Personnel', 'Fitness Centre / GYM', 'Club house / Community Center']","['Chinese Kali Temple', 'Arathdar Masjid', 'Federal bank ATM', 'Axis bank ATM', 'Allahabad bank ATM', 'Axis bank ATM']","['Club,Main Road,Park/Garden']",3 Bedrooms,3 Bathrooms,1 Balcony,,9th   of 13 Floors,5 to 10 Year Old,North-East
on request,https://www.99acres.com/2-bhk-bedroom-apartment-flat-for-sale-in-jatindas-nagar-kolkata-north-750-sq-ft-spid-W80906055,2 BHK Flat,40 Lac,750 sqft,Carpet Area,"5,333 /sqft","Jatdas Nagar, BT Road",,"Located in the popular residential address of jatindas nagar, kolkata north, on request is one of the most preferred destination for apartments in kolkata north. This 2 bhk flat is your ticket to be a part of this community. This property faces the east direction. Constructed on a carpet area of 750 sq.Ft., the flat comprises 2 bedroom(s), 2 bathrooms and 1 balcony. This flat is situated on the...",W80906055,"on request, Jatdas Nagar, BT Road",,,"['4 Wardrobe', '2 Fan', '10 Light']",['Water Storage'],"['Baranagar metro station', 'Mother Teresa Church', 'Orbis Eye and Dental Care Centre', 'Zenith Super Specialist Hospital']",[],2 Bedrooms,2 Bathrooms,1 Balcony,,1st   of 2 Floors,5 to 10 Year Old,East
Ashabari Housing Complex,https://www.99acres.com/3-bhk-bedroom-apartment-flat-for-sale-in-ashabari-housing-complex-patuli-kolkata-south-1644-sq-ft-spid-V80678229,3 BHK Flat,1.2 Cr,"1,644 sqft",Super Built-up Area,"7,299 /sqft","Patuli, EM Bypass",,1. Covered parking included in the price 2. Power connection - 3 phase 3. Fire station - Opposite the complex 4. Police station - Across the road (Em bye pass) 5. 3 metro stations - Within walking distance (15 minutes at normal pace) 6. 3 markets within 200 mtrs including floating market 7. Satyajit roy park - Adjoining the complex 8. 2 other parks within 300 mtrs. 9. 4 super specialty hospital...,V80678229,"Ashabari Housg Complex, Patuli, EM Bypass",Ashabari Housing Complex,,"['4 Wardrobe', '7 Fan', '1 Exhaust Fan', '2 Geyser', '17 Light']","['Security / Fire Alarm', 'Feng Shui / Vaastu Compliant', 'Lift(s)', 'High Ceiling Height', 'Maintenance Staff', 'False Ceiling Lighting', 'Water Storage', 'Recently Renovated', 'Park', 'Security Personnel', 'Natural Light', 'Airy Rooms', 'Spacious Interiors', 'Waste Disposal', 'Club house / Community Center', 'Water softening plant']","['Kavi subhash metro station', 'Shahid khudiram metro station', 'Kavi nazrul metro station', 'Sitala mandir', 'Maa kali temple garia dhalua']",['Park/Garden'],3 Bedrooms,2 Bathrooms,1 Balcony,,7th   of 9 Floors,10+ Year Old,North-West
Shraddha Apartment,https://www.99acres.com/3-bhk-bedroom-apartment-flat-for-sale-in-shraddha-apartment-behala-kolkata-south-1300-sq-ft-spid-U83064450,3 BHK Flat,75 Lac,"1,300 sqft",Carpet Area,"5,769 /sqft","Behala, Kolkata",,"The "" main entrance"" is pure "" north"", southwest master bedroom 400 sq ft, ( 20x20ft ), southeast ""kitchen"", puja room ""north east"" , north-West balcony, south open balcony half round, all windows sliding aluminium, all grills box pattern to put ample plants. Reason for ""master bedroom 400 sq ft is , for large size "" home theatre "" 11.2.4 system with special lifetime cabling and overhead"" proje...",U83064450,"Shraddha Apartment, Behala, Kolkata",,,"['1 Bed', '1 Wardrobe', '3 Fan', '1 Fridge', '1 Sofa', '1 Washing Machine', '1 Stove', '12 Light', '1 AC', '1 Curtains']","['Feng Shui / Vaastu Compliant', 'Security / Fire Alarm', 'Lift(s)', 'Water Storage']","['Behala Market', 'Laxmi Narayan Mandir', 'Sitala Mandir', 'Hari Sabha', 'Jagannath Temple', 'Kali Temple', 'Jora Mandir']","['Park/Garden,Main Road']",3 Bedrooms,2 Bathrooms,2 Balconies,,1st   of 4 Floors,10+ Year Old,South
Hardik mansion,https://www.99acres.com/5-bhk-bedroom-apartment-flat-for-sale-in-desh-bandhu-nagar-kolkata-north-2081-sq-ft-spid-R83448870,5 BHK Flat,1 Cr,"2,081 sqft",Super Built-up Area,"4,805 /sqft","Desh Bandhu Nagar, Baguiati",,"We are the proud owners of this 5 bhk apartment available in standalone hardik mansion building, jora mandir, facing vip road, kolkata . The apartment is located on 4th floor and has a super built-Up area of 2081 sq.Ft. With abundant air & light due to its openness & location. It has 2 bathroom(s) and 2 balcony(s). The ownership is freehold type and the building has lift , security, common faci...",R83448870,"Hardik mansion, Desh Bandhu Nagar, Baguiati",,,[],"['Lift(s)', 'Maintenance Staff']","['Lichubagan Radha Krishna Temple', 'Hanuman Mandir', 'Allahabad bank ATM', 'Bank of baroda ATM', 'Hdfc bank ATM']","['Others,Main Road']",5 Bedrooms,2 Bathrooms,2 Balconies,,4th   of 4 Floors,10+ Year Old,
Flora Fountain,https://www.99acres.com/4-bhk-bedroom-apartment-flat-for-sale-in-flora-fountain-tangra-kolkata-central-2017-sq-ft-spid-A82017988,4 BHK Flat,3.1 Cr,"2,017 sqft",Super Built-up Area,"15,369 /sqft","Tangra, Kolkata","Gated Society
Overlooking Park/Garden
+2","South facing flat with all four sides open . One balcony and one open terrace . Fully furnished ready to move in from first day with premium quality (Daikin) a/c in all four rooms and living and dining space . Original polished teak wood flooring in master bedroom and teak wood main door . Complete kitchen with chimney and modular style waterproof ply , sun mica with premium quality hinges and ...",A82017988,"Flora Founta, Tangra, Kolkata",Flora Fountain,,"['3 Bed', '5 Wardrobe', '7 Fan', '3 Geyser', '5 AC', '1 Modular Kitchen', '1 Chimney', '1 Curtains']","['Intercom Facility', 'Lift(s)', 'Swimming Pool', 'Park', 'Fitness Centre / GYM', 'Club house / Community Center', 'Rain Water Harvesting']","['Quest Mall', 'Thakurnagar - Panchpota Road', 'Don Bosco School', 'University of Calcutta', 'Sealdah Metro Station', 'Fortis Hospital']","['Main Road,Pool,Park/Garden']",4 Bedrooms,3 Bathrooms,2 Balconies,Servant Room,23rd   of 26 Floors,1 to 5 Year Old,South
Shankh Mani,https://www.99acres.com/2-bhk-bedroom-apartment-flat-for-sale-in-shankh-mani-tollygunge-kolkata-south-1316-sq-ft-spid-W78981685,2 BHK Flat,85 Lac,"1,316 sqft",Super Built-up Area,"8,854 /sqft","Tollygunge, Kolkata",,"South east facing, complete complex with all the amenities available and builder is mani group Additional details :",W78981685,"Shankh Mani, Tollygunge, Kolkata",Shankh Mani,,[],"['Lift(s)', 'Swimming Pool', 'Park', 'Fitness Centre / GYM', 'Club house / Community Center', 'Waste Disposal', 'Rain Water Harvesting', 'Water softening plant']","['Behala Chowrasta', 'South City Mall', ""Saralata Girls' School"", 'Jadavpur University', 'M R Bangur Hospital', 'Netaji Subhash Chandra Airport']","['Park/Garden,Main Road,Club']",2 Bedrooms,2 Bathrooms,1 Balcony,,6th   of 12 Floors,1 to 5 Year Old,South
Realtech Curiocity Classic,https://www.99acres.com/2-bhk-bedroom-apartment-flat-for-sale-in-realtech-curiocity-classic-new-town-kolkata-east-792-sq-ft-spid-S83373764,2 BHK Flat,57 Lac,792 sqft,Built-up Area,"7,196 /sqft","New Town, Kolkata",,"This is your chance to a 2 bhk apartment / flat for sale in realtech curiocity classic new town kolkata . Where luxury comes with affordability. Basic details: You will love this bright and spacious 2 bedroom apartment with 2 bathrooms, modular kitchen, spacious hall and 3 balconies.The balcony offers a great view and is a place to enjoy at any time. This house provides ample natural light and ...",S83373764,"Realtech Curiocity Classic, New Town, Kolkata",,,[],[],"['mandir', 'Axis bank ATM', 'Global Healthcare System', 'Belle Vue Hospital', 'Tata Cancer Hospital', 'Bhagirathi Neotia Woman And Child Care Centre']",[],2 Bedrooms,2 Bathrooms,3 Balconies,,1st   of 5 Floors,Within 6 months,
Ideal AquaView,https://www.99acres.com/3-bhk-bedroom-apartment-flat-for-sale-in-ideal-aquaview-new-town-kolkata-east-1475-sq-ft-spid-G83368082,3 BHK Flat,1.35 Cr,"1,475 sqft",Super Built-up Area,"12,857 /sqft","New Town, Kolkata","Fresh Construction
Gated Society
+2","Spacious flat , society complete",G83368082,"Ideal AquaView, New Town, Kolkata",Ideal AquaView,,[],"['Security / Fire Alarm', 'Intercom Facility', 'Lift(s)', 'Maintenance Staff', 'Swimming Pool', 'Water Storage', 'Park', 'Visitor Parking', 'Fitness Centre / GYM', 'Club house / Community Center', 'Rain Water Harvesting']","['Ahirini Market', 'Axis Mall', 'Central Mall', 'EuroKids Pre-School Newtown', 'TIME Kids Preschool', 'Gandhi Institute Of Management']","['Pool,Main Road,Park/Garden,Club']",3 Bedrooms,2 Bathrooms,1 Balcony,,17th   of 25 Floors,0 to 1 Year Old,South
Anamika apartment,https://www.99acres.com/2-bhk-bedroom-apartment-flat-for-sale-in-botanical-garden-area-howrah-1100-sq-ft-spid-K81241939,2 BHK Flat,45 Lac,"1,100 sqft",Carpet Area,"4,090 /sqft","Botanical Garden Area, Howrah",,It is standing on the main thoroughfare road which is a bus route also. School bank postoffice polyclinic market all facilities are available. Rabindrasadan/exide more is just 15 minutes away by bus or taxi.,K81241939,"Anamika apartment, Botanical Garden Area, Howrah",,,"['1 Water Purifier', '5 Fan', '1 Fridge', '1 Exhaust Fan', '1 Geyser', '4 Light', '2 AC', '1 TV', '1 Modular Kitchen', '1 Chimney', '1 Curtains', '2 Bed', '3 Wardrobe', '1 Washing Machine', '1 Microwave']",[],"['Five Star Market', 'Fancy Market', 'Lokenath Baba Mandir', 'Dinanta Ashar Kali Mandir', 'Radha Krishna Mandir', 'Mandirtala Mondir']",[],2 Bedrooms,2 Bathrooms,1 Balcony,,4th   of 4 Floors,10+ Year Old,
Abhay bina,https://www.99acres.com/3-bhk-bedroom-apartment-flat-for-sale-in-jadavpur-south-kolkata-1220-sq-ft-spid-O82787268,3 BHK Flat,85 Lac,"1,220 sqft",Super Built-up Area,"6,967 /sqft","Jadavpur, Kolkata",Top Floor,"Abhay vina is one of the most popular destination for buying apartments/ flats in central park, kolkata east. You too can be a part of this society by purchasing this 3 bhk flat here. Constructed on a super built up area of 1220 sq.Ft., the flat comprises 3 bedroom(s), 2 bathrooms and 1 balcony. The property is located on the top floor of a 4 floors tall building. Being a ready to move project,...",O82787268,"Abhay ba, Jadavpur, Kolkata",,,['1 Modular Kitchen'],['Lift(s)'],"['Viveknagar Kalibari', 'Lake Pally Shiv Mandir', 'Nipponzan Myohoji Buddhist Temple', 'Hanuman Mandir', 'Kali Mandir']",[],3 Bedrooms,2 Bathrooms,1 Balcony,,4th   of 4 Floors,1 to 5 Year Old,
Netaji Sarak,https://www.99acres.com/3-bhk-bedroom-apartment-flat-for-sale-in-netaji-sarak-muchipara-kolkata-south-1565-sq-ft-r2-spid-Y76849407,3 BHK Flat,85 Lac,"1,565 sqft",Super Built-up Area,"6,538 /sqft","Muchipara, Kolkata","Furnished
Close to School
+2",Fully furnished 3bhk flat - 3 side open south east facing with independent covered car parking.,Y76849407,"Netaji Sarak, Muchipara, Kolkata",,,"['5 Fan', '1 Exhaust Fan', '60 Light', '1 AC', '1 TV', '1 Modular Kitchen', '1 Chimney', '1 Curtains', '2 Bed', '3 Wardrobe', '1 Sofa']","['Feng Shui / Vaastu Compliant', 'Security / Fire Alarm', 'Lift(s)', 'Water purifier', 'Maintenance Staff', 'False Ceiling Lighting', 'Water Storage', 'Security Personnel', 'Natural Light', 'Airy Rooms', 'Spacious Interiors']","['Laxmi Narayan Mandir', 'Sitala Mandir', 'Sakuntala Nursing Home', 'Netaji Eye Hospital', 'Suburban Eye Microsurgery Centre']",[],3 Bedrooms,3 Bathrooms,3 Balconies,,3rd   of 4 Floors,5 to 10 Year Old,South-East
Brindavan Garden,https://www.99acres.com/2-bhk-bedroom-apartment-flat-for-sale-in-brindavan-garden-em-bypass-kolkata-south-1090-sq-ft-spid-E82639696,2 BHK Flat,74 Lac,"1,090 sqft",Carpet Area,"6,880 /sqft","EM Bypass, Kolkata South",,"We are the proud owners of this 2 bhk apartment available in brindavan garden, em bypass, kolkata south. This it is a and the unit is located on 4th floor and has a carpet area of 1090 sq.Ft. . It has 2 bathroom(s) and 1 balcony(s). The ownership is freehold type.",E82639696,"Brdavan Garden, EM Bypass, Kolkata South",Brindavan Garden,,[],[],"['Durga mandir', 'Shani mandir garia dhalua', 'Maa kali temple garia dhalua', 'Bikram mess kali mandir', 'Kali temple']",[],2 Bedrooms,2 Bathrooms,1 Balcony,,4th   of 11 Floors,5 to 10 Year Old,
Shriram Grand City,https://www.99acres.com/3-bhk-bedroom-apartment-flat-for-sale-in-shriram-grand-city-uttarpara-hooghly-1120-sq-ft-spid-S82904224,3 BHK Flat,60 Lac,"1,119 sqft",Super Built-up Area,"5,358 /sqft","Uttarpara, Hooghly","Close to Metro Station
Close to School
+2","Flat with car parking for sell in shriram grand city, uttarpara in grand one. The complex consists of 24 towers. This is an under construction flat; To be completed within april 2026. It consists of 3 bedrooms, 2 bathrooms (One attached) and 2 balconies (1 with living room and another is utility balcony adjacent to kitchen) Super built area of the flat is 1119.7 sq ft ; Situated on 11th floor T...",S82904224,"Shriram Grand City, Uttarpara, Hooghly",Shriram Grand City,,[],"['Security / Fire Alarm', 'Power Back-up', 'Intercom Facility', 'Lift(s)', 'Water purifier', 'Maintenance Staff', 'Water Storage', 'Visitor Parking', 'Swimming Pool', 'Park', 'Security Personnel', 'Natural Light', 'Airy Rooms', 'Spacious Interiors', 'Low Density Society', 'Shopping Centre', 'Fitness Centre / GYM', 'Waste Disposal', 'Rain Water Harvesting', 'Club house / Community Center', 'Water softening plant']",[],['Park/Garden'],3 Bedrooms,2 Bathrooms,2 Balconies,,11st   of 14 Floors,Apr 2026,South
Meghdoot Apartment,https://www.99acres.com/2-bhk-bedroom-apartment-flat-for-sale-in-meghdoot-apartment-bally-howrah-700-sq-ft-spid-K81890030,2 BHK Flat,37.8 Lac,700 sqft,Carpet Area,"5,400 /sqft","Bally, Howrah",,"This spacious apartment offers a large, well-Ventilated bedroom that ensures a constant flow of fresh air, promoting a peaceful and comfortable environment. The property is located in a serene area, free from congestion, providing a calm retreat from the hustle and bustle. The apartment also features easy access to a charming terrace, perfect for enjoying fresh air and relaxing moments. The bat...",K81890030,"Meghdoot Apartment, Bally, Howrah",,,"['2 Bed', '1 Wardrobe', '4 Fan', '10 Light', '1 Curtains']","['Feng Shui / Vaastu Compliant', 'False Ceiling Lighting', 'Natural Light', 'Airy Rooms']","['Blue Bell Nursing Home', 'Mahiyari Lakshmikamal Hospital', 'Sebayan Nursing Services Pvt. Ltd.', 'Disha Eye Care', 'Hazi S. T. Mullick Rural Hospital']",['Main Road'],2 Bedrooms,1 Bathroom,1 Balcony,Others,4th   of 4 Floors,5 to 10 Year Old,South
Nalini Apartment,https://www.99acres.com/2-bhk-bedroom-apartment-flat-for-sale-in-nalini-apartment-naktala-kolkata-south-750-sq-ft-spid-L83353994,2 BHK Flat,37 Lac,750 sqft,Carpet Area,"4,933 /sqft","Naktala, Garia","Geetanjali Metro Station within 250m
Overlooking Main Road","Situated in naktala, kolkata south, nalini apartment is a well planned society that offers a pleasant living experience to its residents. This 2 bhk flat in kolkata south is your opportunity to be a part of this community. This property faces the south-East direction. The flat occupies a carpet area of 750 sq.Ft. That consists of 2 bedrooms, 2 bathrooms and 1 balcony. This flat lies on the 2nd ...",L83353994,"Nali Apartment, Naktala, Garia",,,[],"['Feng Shui / Vaastu Compliant', 'Water Storage']","['Kavi nazrul metro station', 'Sree Guru Sangha Main Gate', 'Sitala Temple', 'Sri Sri 108 Doyal Baba Asram', 'Gosto Mandir']",['Main Road'],2 Bedrooms,2 Bathrooms,1 Balcony,,2nd   of 3 Floors,5 to 10 Year Old,South-East
Merlin Rise,https://www.99acres.com/2-bhk-bedroom-apartment-flat-for-sale-in-merlin-rise-rajarhat-kolkata-east-638-sq-ft-spid-U81878902,2 BHK Flat,58 Lac,638 sqft,Carpet Area,"9,090 /sqft","Rajarhat, Kolkata",,"Located in the popular residential address of rajarhat, kolkata east, merlin rise is one of the most preferred destination for apartments in kolkata east. This 2 bhk flat is your ticket to be a part of this community. Containing 2 bedroom(s), 2 bathrooms and 1 balcony, this flat is spread over a carpet area of 635 sq.Ft. The residential building has 27 floors in total and the flat for sale is l...",U81878902,"Merl Rise, Rajarhat, Kolkata",Merlin Rise,,[],"['Intercom Facility', 'Lift(s)', 'Swimming Pool', 'Park', 'Fitness Centre / GYM', 'Club house / Community Center', 'Rain Water Harvesting']","['Siksha Tirtha Metro station', 'City Centre New Town', 'Rajarhat Main Road', 'Kalaberia School', 'Aliah University', 'Tata Medical Centre']",[],2 Bedrooms,2 Bathrooms,1 Balcony,,11st   of 27 Floors,Jan 2027,
Mayuree Apartment,https://www.99acres.com/3-bhk-bedroom-apartment-flat-for-sale-in-a-block-lake-town-kolkata-north-1384-sq-ft-spid-K81005317,3 BHK Flat,75 Lac,"1,384 sqft",Super Built-up Area,"5,419 /sqft","A Block Lake Town, Kolkata","East Facing
Top Floor
+1",One garage 1 room and bathroom in ground flore. Opposite to health care nursing home.,K81005317,"Mayuree Apartment, A Block Lake Town, Kolkata",,,[],[],"['Dum dum metro station', 'Belgachia metro station', 'Hanuman Mandir', 'The Church of Jesus Christ of Latter-day Saints']",[],3 Bedrooms,2 Bathrooms,2 Balconies,,4th   of 4 Floors,10+ Year Old,East
Merlin Urvan,https://www.99acres.com/3-bhk-bedroom-apartment-flat-for-sale-in-merlin-urvan-dum-dum-kolkata-north-830-sq-ft-spid-M82867816,3 BHK Flat,98 Lac,830 sqft,Carpet Area,"11,807 /sqft","Dum Dum, Kolkata",,"Gated community, compound with all kind of amenities.",M82867816,"Merl Urvan, Dum Dum, Kolkata",Merlin Urvan,,[],"['Security / Fire Alarm', 'Feng Shui / Vaastu Compliant', 'Intercom Facility', 'Lift(s)', 'High Ceiling Height', 'Maintenance Staff', 'False Ceiling Lighting', 'Water Storage', 'Bank Attached Property', 'Visitor Parking', 'Swimming Pool', 'Park', 'Security Personnel', 'Natural Light', 'Airy Rooms', 'Low Density Society', 'Shopping Centre', 'Fitness Centre / GYM', 'Waste Disposal', 'Rain Water Harvesting', 'Club house / Community Center']","['Noapara Metro Station', 'Diamond Plaza Mall', 'Rajarhat Main Road', 'SH 1', 'Sarojini Naidu College for Women', 'Cossipore Aman School']","['Pool,Park/Garden,Club,Main Road']",3 Bedrooms,2 Bathrooms,2 Balconies,,1st   of 13 Floors,0 to 1 Year Old,North-East
Prasad Lake District,https://www.99acres.com/2-bhk-bedroom-apartment-flat-for-sale-in-prasad-lake-district-kadapara-kolkata-north-1202-sq-ft-r2-spid-F68306462,2 BHK Flat,1.12 Cr,"1,202 sqft",Super Built-up Area,"9,317 /sqft","Kadapara, Kankurgachi",,"Situated in kadapara, kolkata east, prasad lake district is a well planned society that offers a pleasant living experience to its residents. This 2 bhk flat in kolkata east is your opportunity to be a part of this community. The floor plan additionally contains 2 bedroom(s), 2 bathrooms and 1 balcony. All in all, the flat is spread over a super built up area of 1202 sq.Ft. The residential buil...",F68306462,"Prasad Lake District, Kadapara, Kankurgachi",Prasad Lake District,,"['1 Water Purifier', '1 Fan', '1 Fridge', '1 Exhaust Fan', '1 Dining Table', '1 Geyser', '1 Stove', '6 Light', '1 AC', '2 TV', '1 Modular Kitchen', '1 Chimney', '1 Curtains', '3 Bed', '2 Wardrobe', '1 Sofa', '1 Washing Machine', '1 Microwave']","['Lift(s)', 'Swimming Pool', 'Water Storage', 'Park', 'Visitor Parking', 'Security Personnel', 'Natural Light', 'Airy Rooms', 'Fitness Centre / GYM', 'Club house / Community Center']","['Salt lake stadium metro station', 'Phoolbagan metro station', 'Bengal chemical metro station', 'IA market', 'United bank of india ATM']",[],2 Bedrooms,2 Bathrooms,1 Balcony,,7th   of 7 Floors,10+ Year Old,
Minerva Garden Residency,https://www.99acres.com/4-bhk-bedroom-apartment-flat-for-sale-in-joka-kolkata-south-3200-sq-ft-r1-spid-M75736551,4 BHK Flat,88 Lac,"3,200 sqft",Built-up Area,"3,520 /sqft","Joka, Kolkata South",,"Specious, greenery around, maintained garden, pollution free, 1 km from joka metro station, on d h rd, convence available round the clock.. Residential apartment This is your chance to a 4 bhk apartment / flat for sale in minerva garden joka kolkata south . Where luxury comes with affordability. Basic details: You will love this bright and spacious 4 bedroom apartment with 4 bathrooms, modular ...",M75736551,"Merva Garden Residency , Joka, Kolkata South",,,[],"['Feng Shui / Vaastu Compliant', 'Water Storage', 'Visitor Parking']","['Gay-Land Nursing Home', 'Kasturi Medical Centre Pvt Ltd', 'Bangur Medicare Research Institute', 'Swadesh Basu Hospital']",['Park/Garden'],4 Bedrooms,4 Bathrooms,1 Balcony,"Servant Room,Pooja Room",2nd   of 2 Floors,10+ Year Old,South
Rahul Plaza,https://www.99acres.com/2-bhk-bedroom-apartment-flat-for-sale-in-rahul-plaza-behala-kolkata-south-831-sq-ft-spid-G79457251,2 BHK Flat,45 Lac,831 sqft,Carpet Area,"5,415 /sqft","Behala, Kolkata",East Facing,Location on d h road metro route,G79457251,"Rahul Plaza, Behala, Kolkata",,,[],"['Security / Fire Alarm', 'Lift(s)', 'Maintenance Staff', 'Water Storage']","['Behala Market', 'Jagannath Temple', 'Kali Temple', 'Hari Sabha', 'Laxmi Narayan Mandir', 'Sitala Mandir', 'Shibaloy']",['Main Road'],2 Bedrooms,2 Bathrooms,No Balcony,,4th   of 5 Floors,10+ Year Old,East
Pressman Apartment,https://www.99acres.com/2-bhk-bedroom-apartment-flat-for-sale-in-south-kolkata-1158-sq-ft-spid-B83027984,2 BHK Flat,43 Lac,"1,158 sqft",Super Built-up Area,"3,713 /sqft","Netaji Nagar, Kolkata, Kolkata South",,"Spacious hall, easy access to road at a convenient location, multiple schools that are easily accessible, multiple provisional stores nearby.",B83027984,"Pressman Apartment, Netaji Nagar, Kolkata, Kolkata South, Kolkata",,,[],"['Security / Fire Alarm', 'Intercom Facility', 'Lift(s)', 'High Ceiling Height', 'Water Storage', 'Security Personnel', 'Natural Light']",[],[],2 Bedrooms,2 Bathrooms,No Balcony,,2nd   of 6 Floors,10+ Year Old,
Shanti Palace,https://www.99acres.com/2-bhk-bedroom-apartment-flat-for-sale-in-hanskhali-pool-howrah-736-sq-ft-spid-D82978510,2 BHK Flat,30 Lac,736 sqft,Super Built-up Area,"4,076 /sqft","Hanskhali Pool, Howrah",,"Just beside main road (Andul road), prime location, spacious rooms, gated society, cc camera, fire services, 24 hours security",D82978510,"Shanti Palace, Hanskhali Pool, Howrah",,,"['4 Fan', '1 Fridge', '1 Exhaust Fan', '1 Dining Table', '1 Stove', '6 Light', '2 AC', '1 TV', '1 Curtains', '2 Bed', '1 Wardrobe', '1 Sofa']","['Security / Fire Alarm', 'Intercom Facility', 'Lift(s)', 'Water Storage', 'Visitor Parking', 'Security Personnel', 'Club house / Community Center']","['Shibtala Baroari Durga Temple', 'Podra More Durga Temple', 'Satsang Vihar', 'Kali Temple', 'Durga Temple', 'Shiva Temple']",['Main Road'],2 Bedrooms,2 Bathrooms,1 Balcony,,5th   of 10 Floors,5 to 10 Year Old,East
Chandravilla Apartment,https://www.99acres.com/2-bhk-bedroom-apartment-flat-for-sale-in-baishali-park-kolkata-south-680-sq-ft-spid-C79175415,2 BHK Flat,26 Lac,680 sqft,Carpet Area,"3,823 /sqft","Baishali Park, Brahmapur, Kolkata","Close to Metro Station
Fresh Construction
+2","Prime connectivity: Just 7-10 minutes from masterda surya sen metro station, ensuring easy commutes.",C79175415,"Chandravilla Apartment, Baishali Park, Brahmapur, Kolkata",,,[],"['Feng Shui / Vaastu Compliant', 'High Ceiling Height', 'Water Storage', 'Natural Light', 'Airy Rooms', 'Spacious Interiors']","['Kavi nazrul metro station', 'Brahmapur Badamtala Jame Masjid', 'Gosto Mandir', 'Sitala Temple', 'Sree Guru Sangha Main Gate']","['Main Road,Others']",2 Bedrooms,1 Bathroom,No Balcony,,1st   of 3 Floors,0 to 1 Year Old,South
srivastav enclave,https://www.99acres.com/3-bhk-bedroom-apartment-flat-for-sale-in-jhorehat-howrah-1114-sq-ft-spid-T81839866,3 BHK Flat,35 Lac,"1,114 sqft",Super Built-up Area,"3,783 /sqft","Jhorehat, Duillya, Howrah","Gated Society
Overlooking Park/Garden
+1","Premium quality flat available near fakir chandra high school, this is semi furnished flat...Wait spacious living room...",T81839866,"srivastav enclave , Jhorehat, Duillya, Howrah",,,"['1 Water Purifier', '1 Modular Kitchen', '1 Chimney', '1 Curtains']","['Security / Fire Alarm', 'Lift(s)', 'Maintenance Staff', 'Water Storage', 'Visitor Parking', 'Park', 'Security Personnel', 'Natural Light', 'Airy Rooms', 'Low Density Society', 'Fitness Centre / GYM', 'Waste Disposal']","['Mahiyari Lakshmikamal Hospital', 'Blue Bell Nursing Home', 'Sebayan Nursing Services Pvt. Ltd.', 'Disha Eye Care', 'Green View Clinic Pvt Ltd']","['Park/Garden,Main Road']",3 Bedrooms,2 Bathrooms,1 Balcony,,2nd   of 5 Floors,1 to 5 Year Old,South
Eden Tulip,https://www.99acres.com/3-bhk-bedroom-apartment-flat-for-sale-in-madurdaha-kolkata-south-1124-sq-ft-spid-C83561900,3 BHK Flat,72 Lac,"1,124 sqft",Built-up Area,"6,405 /sqft","Madurdaha, EM Bypass, Kolkata South",,"Eden tulip is one of the most popular destination for buying apartments/ flats in madurdaha, kolkata south. You too can be a part of this society by purchasing this 3 bhk flat here. This is a south-East-Facing property. The flat occupies a built up area of 1124 sq.Ft. That consists of 3 bedrooms, 2 bathrooms and 1 balcony. This flat lies on the 2nd level of a 3 storey building. This 10+ years o...",C83561900,"Eden Tulip, Madurdaha, EM Bypass, Kolkata South",,,[],"['Feng Shui / Vaastu Compliant', 'Lift(s)', 'Water Storage']","['Maa kali temple', 'Shoni thakur mandir', 'Maa Kali mandir', 'Hindu Temple', 'Lord Shiva Temple', 'Old Radha Krishna Temple']",[],3 Bedrooms,2 Bathrooms,1 Balcony,,2nd   of 3 Floors,10+ Year Old,South-East
"Uttrayan Apartment-I, Uttrayan",https://www.99acres.com/3-bhk-bedroom-apartment-flat-for-sale-in-chinsurah-hooghly-1116-sq-ft-spid-P81303921,3 BHK Flat,56 Lac,"1,116 sqft",Super Built-up Area,"5,017 /sqft","Chsurah, Hooghly",,"Luxurious fully furnished flat for sale in prime and peaceful location! Size: 1116 sq. Ft. Location: Just 5 minutes (450m) walking distance from chinsurah railway station, 15 feet wide road in front so all vehicles can reach the entrance of the flat Nearby: Schools, colleges, hospitals, malls, and markets all within easy reach! Key features: - Premium quality building from the renowned builder ...",P81303921,"Uttrayan Apartment-I, Uttrayan, Chsurah, Hooghly",,,"['1 Bed', '2 Wardrobe', '1 Water Purifier', '5 Fan', '1 Geyser', '34 Light', '1 AC', '1 TV', '1 Modular Kitchen', '1 Chimney']","['Security / Fire Alarm', 'Intercom Facility', 'Lift(s)', 'Water purifier', 'High Ceiling Height', 'Maintenance Staff', 'False Ceiling Lighting', 'Water Storage', 'Recently Renovated', 'Security Personnel', 'Natural Light', 'Airy Rooms', 'Spacious Interiors', 'Waste Disposal']",[],[],3 Bedrooms,2 Bathrooms,1 Balcony,,2nd   of 5 Floors,1 to 5 Year Old,South-West
Rishi Pranaya,https://www.99acres.com/2-bhk-bedroom-apartment-flat-for-sale-in-majarhati-kolkata-east-954-sq-ft-spid-G79931227,2 BHK Flat,82 Lac,954 sqft,Built-up Area,"8,280 /sqft","Majarhati, New Town",,"Looking for a 2 bhk property for sale in kolkata east? Buy this 2 bhk flat in rishi pranaya that is situated in majarhati, kolkata east. This is a south-East-Facing property. Constructed on a built up area of 954 sq.Ft., the flat comprises 2 bedroom(s), 2 bathrooms and 1 balcony. The residential building has 23 floors in total and the flat for sale is located on the 14th floor. An added advanta...",G79931227,"Rishi Pranaya, Majarhati, New Town",,,[],"['Security / Fire Alarm', 'Feng Shui / Vaastu Compliant', 'Intercom Facility', 'Lift(s)', 'Maintenance Staff', 'Water Storage', 'Visitor Parking', 'Swimming Pool', 'Park', 'Natural Light', 'Internet/wi-fi connectivity', 'Airy Rooms', 'Fitness Centre / GYM', 'Club house / Community Center']","['Shitala Mandir', 'Kali mandir', 'Kali Temple', 'Manasha Mandir', 'Kali Mandir', 'State bank of india ATM', 'Axis bank ATM']",['Park/Garden'],2 Bedrooms,2 Bathrooms,1 Balcony,,14th   of 23 Floors,0 to 1 Year Old,South-East
Shyam Plaza,https://www.99acres.com/3-bhk-bedroom-apartment-flat-for-sale-in-kestopur-kolkata-north-1015-sq-ft-r1-spid-D78713029,3 BHK Flat,47 Lac,"1,015 sqft",Carpet Area,"4,630 /sqft","Kestopur, Kolkata","Close to Metro Station
Close to Hospital
+2",3 bhk two years old property at rabindrapally market area.Kestopur.Lift available. All paper ok.Mutation is done from bidhannagar municipal corporation.,D78713029,"Shyam Plaza, Kestopur, Kolkata",,,"['2 Wardrobe', '4 Fan', '1 Exhaust Fan', '4 Light']","['Feng Shui / Vaastu Compliant', 'Lift(s)', 'Water Storage']","['Karunamoyee metro station', 'Salt lake sector v metro station', 'Central park metro station', 'The Church of Jesus Christ of Latter-day Saints']",['Main Road'],3 Bedrooms,2 Bathrooms,1 Balcony,Pooja Room,3rd   of 4 Floors,1 to 5 Year Old,West
"Northern Court,37/4C,Northern Avenue",https://www.99acres.com/2-bhk-bedroom-apartment-flat-for-sale-in-northern-avenue-kolkata-north-650-sq-ft-spid-Q81096543,2 BHK Flat,70 Lac,650 sqft,Carpet Area,"10,769 /sqft","Northern Avenue, BT Road",,The house is located in prime location of dum dum at northern avenue. Dum dum station is 10 mins from the location. Airport is 20 mins from the location. The house is well maintained and recently renovated. It is a very sturdy construction. The house is fully furnished and pricing includes the same. Each room is airconditioned with drawing room also being air conditioned. Each room has a double...,Q81096543,"Northern Court,37/4C,Northern Avenue, Northern Avenue, BT Road",,,"['1 Water Purifier', '1 Fan', '1 Fridge', '1 Exhaust Fan', '1 Dining Table', '1 Geyser', '1 Stove', '1 Light', '1 AC', '1 TV', '1 Modular Kitchen', '1 Chimney', '1 Curtains', '1 Bed', '1 Wardrobe', '1 Sofa', '1 Washing Machine', '1 Microwave']","['Water purifier', 'Maintenance Staff', 'False Ceiling Lighting', 'Recently Renovated', 'Natural Light', 'Airy Rooms']","['Belgachia metro station', 'Dum dum metro station', 'Hanuman Mandir', 'Lichubagan Radha Krishna Temple', 'Sbi ATM']",['Main Road'],2 Bedrooms,2 Bathrooms,1 Balcony,,2nd   of 4 Floors,10+ Year Old,
Godrej Se7en Retail,https://www.99acres.com/3-bhk-bedroom-apartment-flat-for-sale-in-godrej-se7en-retail-joka-kolkata-south-792-sq-ft-spid-R79183347,3 BHK Flat,78 Lac,792 sqft,Carpet Area,"9,848 /sqft","Joka, Kolkata South",,"Residential apartment This is your chance to a 3 bhk apartment / flat for sale in godrej se7en retail joka kolkata south . Where luxury comes with affordability. Basic details: You will love this bright and spacious 3 bedroom apartment with 3 bathrooms, modular kitchen, spacious hall and 2 balconies.The balcony offers a great view and is a place to enjoy at any time. This house provides ample n...",R79183347,"Godrej Se7en Retail, Joka, Kolkata South",,,[],"['Security / Fire Alarm', 'Intercom Facility', 'Lift(s)', 'Maintenance Staff', 'Water Storage', 'Park', 'Visitor Parking', 'Security Personnel', 'Fitness Centre / GYM', 'Club house / Community Center', 'Water softening plant']","['Bharat Sevashram Sangha Hospital', 'Searight Hospital and Welfare Society', 'Gay-Land Nursing Home', 'Kasturi Medical Centre Pvt Ltd']",[],3 Bedrooms,3 Bathrooms,2 Balconies,,12nd   of 14 Floors,0 to 1 Year Old,
Realtech Nirman Bela,https://www.99acres.com/2-bhk-bedroom-apartment-flat-for-sale-in-realtech-nirman-bela-rajarhat-kolkata-east-774-sq-ft-spid-L82788654,2 BHK Flat,34 Lac,774 sqft,Built-up Area,"4,392 /sqft","Rajarhat, Kolkata",,"We are the proud owners of this 2 bhk apartment available in realtech nirman bela, rajarhat, kolkata east. This semi-Furnished apartment it is a and the unit is located on 4th floor and has a built up area of 774 sq.Ft. . It has 2 bathroom(s) and 1 balcony(s). The ownership is freehold type.The flat is se facing, with three sides open, all modern amenities are there, like lift, swimming pool, 2...",L82788654,"Realtech Nirman Bela, Rajarhat, Kolkata",Realtech Nirman Bela,,"['1 Wardrobe', '3 Fan', '1 Fridge', '1 Sofa', '1 Washing Machine', '1 Stove', '12 Light', '1 Curtains']","['Feng Shui / Vaastu Compliant', 'Intercom Facility', 'Lift(s)', 'Swimming Pool', 'Park', 'Fitness Centre / GYM']","['Shitala Mandir', 'Kali Temple', 'State bank of india ATM', 'Union bank of india ATM', 'Axis bank ATM', 'Bank of baroda ATM']",[],2 Bedrooms,2 Bathrooms,1 Balcony,,4th   of 5 Floors,1 to 5 Year Old,
Eden Radiance,https://www.99acres.com/3-bhk-bedroom-apartment-flat-for-sale-in-eden-radiance-madurdaha-kolkata-south-1274-sq-ft-spid-T81510361,3 BHK Flat,77.71 Lac,"1,274 sqft",Super Built-up Area,"6,476 /sqft","Madurdaha, EM Bypass, Kolkata South","Top Floor
Close to Metro Station
+2","Covered car parking (01 no ), lift, gated security, generator available",T81510361,"Eden Radiance, Madurdaha, EM Bypass, Kolkata South",Eden Radiance,,[],"['Power Back-up', 'Feng Shui / Vaastu Compliant', 'Security / Fire Alarm', 'Intercom Facility', 'Lift(s)', 'Maintenance Staff', 'Water Storage']","['Ahallya Nagar', 'Rupdasi Market, Madurdaha', 'Daspara Bazar, Subrata Rd', 'Modern Public High School, Kissan Market']","['Park/Garden,Main Road']",3 Bedrooms,2 Bathrooms,1 Balcony,,2nd   of 2 Floors,5 to 10 Year Old,
Angel Residency,https://www.99acres.com/2-bhk-bedroom-apartment-flat-for-sale-in-rk-pally-kolkata-south-970-sq-ft-spid-K82542172,2 BHK Flat,38 Lac,970 sqft,Super Built-up Area,"3,917 /sqft","RK Pally, Narendrapur",,"We are the proud owners of this 2 bhk apartment available in west bengal Angel residency, em bypass, kolkata south. This it is a and the unit is located on 2nd floor and has a super built-Up area of 970 sq.Ft. . It has 2 bathroom(s) and 1 balcony(s). The ownership is freehold type. This is located just opposite to sbi narendrapur branch.",K82542172,"Angel Residency, RK Pally, Narendrapur",,,"['3 Fan', '1 Fridge', '1 Exhaust Fan', '1 Dining Table', '4 Light', '1 Modular Kitchen', '1 Chimney']","['Maintenance Staff', 'Water Storage', 'Park']","['Kali temple', 'Kalpana Maternity and Nursing Home South 24 Parganas', 'Government Hospital', 'Satyarani Memorial Nursing Home And Diagnostic Centre']",['Park/Garden'],2 Bedrooms,2 Bathrooms,1 Balcony,,2nd   of 3 Floors,10+ Year Old,
Bali Twin,https://www.99acres.com/3-bhk-bedroom-apartment-flat-for-sale-in-bali-twin-bosepukur-kolkata-south-1490-sq-ft-spid-C81929048,3 BHK Flat,1.1 Cr,"1,490 sqft",Super Built-up Area,"7,382 /sqft","Bosepukur, Kasba","Close to Market
Close to School
+2","150 metre from rashbehari connector, (Just 150 metre from bosepukur durga puja ), just next to bosepukur baazar, inbetween ruby more, 3 side open flat with lots of light and air which is pretty hard to find in flats.",C81929048,"Bali Tw, Bosepukur, Kasba",,,['1 Wardrobe'],"['Lift(s)', 'Maintenance Staff', 'Water Storage']","['Radha Krishna Temple', 'Battala Sitala Mandir', 'Sitala Mandir-Bondel Road', 'Shani Temple', 'Hari Sava.Lord Krishna Temple']",[],3 Bedrooms,2 Bathrooms,1 Balcony,,3rd   of 3 Floors,10+ Year Old,South
"Balaji Apartment, Rahara",https://www.99acres.com/2-bhk-bedroom-apartment-flat-for-sale-in-khardah-kolkata-north-592-sq-ft-spid-X82289804,2 BHK Flat,25 Lac,592 sqft,Super Built-up Area,"6,738 /sqft","Khardah, BT Road","Ground Floor
Fresh Construction","Regent park is one of the most popular destination for buying apartments/ flats in rahara, khardaha. You too can be a part of this society by purchasing this 2 bhk flat here. The flat is over 592 sq.Ft. Super built up area and comes with 2 bedroom(s), 1 bathroom and 1 balcony. The flat has a total of 4 floors and this property is situated on ground floor. This is a ready to move project and the...",X82289804,"Balaji Apartment, Rahara, Khardah, BT Road",,,[],['Lift(s)'],"['Jora Sib Mondir', 'Sri Jagannath Mandir', 'Sankara Jyoti Eye Institute', 'Sree Balaram Seva Mandir State General Hospital']",[],2 Bedrooms,1 Bathroom,1 Balcony,,Ground of 4 Floors,0 to 1 Year Old,
Modello Highs,https://www.99acres.com/2-bhk-bedroom-apartment-flat-for-sale-in-modello-highs-em-bypass-kolkata-south-1118-sq-ft-spid-M81816166,2 BHK Flat,90 Lac,"1,118 sqft",Super Built-up Area,"8,050 /sqft","EM Bypass, Kolkata South","East Facing
Close to Metro Station
+2","Well maintained complex, ready to move, on extended bypass,",M81816166,"Modello Highs, EM Bypass, Kolkata South",Modello Highs,,[],"['Security / Fire Alarm', 'Power Back-up', 'Intercom Facility', 'Lift(s)', 'Maintenance Staff', 'Water Storage', 'Visitor Parking', 'Swimming Pool', 'Park', 'Security Personnel', 'Natural Light', 'Airy Rooms', 'Low Density Society', 'Fitness Centre / GYM', 'Waste Disposal', 'Rain Water Harvesting', 'Club house / Community Center']","['Netaji metro station', 'South City Mall', 'St. John Bosco School', 'Jadavpur University', 'Remedy Hospital', 'IRIS MULTISPECIALITY HOSPITAL']",[],2 Bedrooms,2 Bathrooms,No Balcony,Pooja Room,2nd   of 17 Floors,1 to 5 Year Old,East
EGV Apartment Owner's Association,https://www.99acres.com/3-bhk-bedroom-apartment-flat-for-sale-in-action-area-3-kolkata-east-1809-sq-ft-spid-K83326778,3 BHK Flat,1.25 Cr,"1,809 sqft",Super Built-up Area,"9,600 /sqft","Action Area 3, Kolkata",,"Partly furnished. In elita garden vista opp sapoorji complex, bus stand,overlooking vast grenfields, serene environment.Nearby market, schools,, bank, restaurant, spencers and other shopping, salon and eating joint Facilities. College, hospitals , temple , metro just few kilometres property is vaastu compliant.New infosys complex is in the making. Tower with common area being taken up for renov...",K83326778,"EGV Apartment Owner's Association, Action Area 3, Kolkata",,,"['5 Fan', '1 Geyser', '12 Light', '1 Modular Kitchen', '1 Chimney']","['Security / Fire Alarm', 'Feng Shui / Vaastu Compliant', 'Intercom Facility', 'Lift(s)', 'Maintenance Staff', 'Water Storage', 'Visitor Parking', 'Swimming Pool', 'Park', 'Security Personnel', 'Natural Light', 'Airy Rooms', 'Spacious Interiors', 'Shopping Centre', 'Fitness Centre / GYM', 'Waste Disposal', 'Club house / Community Center', 'Water softening plant']","['State bank of india ATM', 'Axis bank ATM', 'Belle Vue Hospital', 'Global Healthcare System', 'Apollo Pharmacy', 'DLF IT Park']","['Main Road,Others']",3 Bedrooms,3 Bathrooms,2 Balconies,,25th   of 29 Floors,5 to 10 Year Old,North-East
Sureka Sunrise Symphony,https://www.99acres.com/4-bhk-bedroom-apartment-flat-for-sale-in-sureka-sunrise-symphony-new-town-kolkata-east-3390-sq-ft-spid-Q82795940,4 BHK Flat,3.2 Cr,"3,390 sqft",Built-up Area,"9,439 /sqft","New Town, Kolkata",Gated Society,"It is a pant house with 17th & 18th floors, double entry/exit doors on both the floors,with spacious terrace and double height drawing room. Total built up area: 3390 sft, 17 and 18th floors, 2 entrances one each at 17th & 18th floor, building height: Basement+g+18 floors, 2 covered car paring at basement, double height building reception lobby with visitors waiting area and security with inter...",Q82795940,"Sureka Sunrise Symphony, New Town, Kolkata",Sureka Sunrise Symphony,,"['5 Fan', '1 Exhaust Fan', '1 Dining Table', '1 Geyser', '88 Light', '9 AC', '1 Modular Kitchen', '1 Chimney', '2 Bed', '2 Wardrobe', '1 Sofa']","['Feng Shui / Vaastu Compliant', 'Security / Fire Alarm', 'Intercom Facility', 'Lift(s)', 'Maintenance Staff', 'Swimming Pool', 'Water Storage', 'Park', 'Visitor Parking', 'Security Personnel', 'Fitness Centre / GYM', 'Club house / Community Center']","['City Centre New Town', 'Rajarhat Sikshaniketan', 'Amity University Kolkata', 'Apollo Multispeciality Hospitals', 'Netaji Subhash Chandra Bose Int Airport']",['Park/Garden'],4 Bedrooms,4 Bathrooms,1 Balcony,"Servant Room,Pooja Room",17th   of 18 Floors,10+ Year Old,West
Hiland Greens,https://www.99acres.com/2-bhk-bedroom-apartment-flat-for-sale-in-hiland-greens-maheshtala-kolkata-south-740-sq-ft-spid-C81771812,2 BHK Flat,26 Lac,740 sqft,Built-up Area,"3,783 /sqft","Maheshtala, Kolkata",,"Looking for a 2 bhk property for sale in kolkata south? Buy this 2 bhk flat in hiland greens that is situated in maheshtala, kolkata south. The floor plan additionally contains 2 bedroom(s), 2 bathrooms and 1 balcony. All in all, the flat is spread over a built up area of 740 sq.Ft. The residential building has 9 floors in total and the flat for sale is located on the top floor. As the project ...",C81771812,"Hiland Greens, Maheshtala, Kolkata",Hiland Greens,,[],"['Power Back-up', 'Intercom Facility', 'Lift(s)', 'Swimming Pool', 'Park', 'Fitness Centre / GYM', 'Club house / Community Center']",[],[],2 Bedrooms,2 Bathrooms,1 Balcony,,9th   of 14 Floors,1 to 5 Year Old,
Unique Woods,https://www.99acres.com/3-bhk-bedroom-apartment-flat-for-sale-in-unique-woods-salua-kolkata-east-1250-sq-ft-spid-M83137304,3 BHK Flat,55 Lac,"1,250 sqft",Super Built-up Area,"4,400 /sqft","Salua, New Town",Ceramic Flooring,"This ready to move 3 bhk apartment/flat in the unique wood complex at mondol para, salua (Near chinar park crossing and city centre 2 ) is available for sale. The apartment occupies a super built up area of 1250 sq. Ft. And consists of 3 bedrooms, 2 bathrooms and 1 balcony. The car parking area in the ground floor is around 135 sq ft. Which is included in quoted sales price. So cost per sq ft i...",M83137304,"Unique Woods, Salua, New Town",Unique Woods,,[],"['Security / Fire Alarm', 'Intercom Facility', 'Lift(s)', 'Water Storage', 'Visitor Parking']","['Kali mandir', 'Kali Temple', 'Manasha Mandir', 'Shitala Mandir', 'Kali Mandir', 'Dharmaraj Temple', 'State bank of india ATM']",[],3 Bedrooms,2 Bathrooms,1 Balcony,,2nd   of 5 Floors,1 to 5 Year Old,South-East
Tolly Residency,https://www.99acres.com/2-bhk-bedroom-apartment-flat-for-sale-in-tolly-residency-bansdroni-kolkata-south-958-sq-ft-spid-R82653604,2 BHK Flat,80 Lac,958 sqft,Super Built-up Area,"8,350 /sqft","Bansdroni, Kolkata",Furnished,"This is a gated and secure society, one of the most reputed society in this area. The property is 3-4 min walk from metro, all amenities (Bank, hospital, school, market etc. Are nearby at walking distance",R82653604,"Tolly Residency, Bansdroni, Kolkata",,,"['1 Water Purifier', '5 Fan', '1 Exhaust Fan', '1 Dining Table', '16 Light', '2 AC', '1 Modular Kitchen', '1 Curtains', '3 Bed', '3 Wardrobe', '1 Sofa']","['Intercom Facility', 'Lift(s)', 'Water purifier', 'Water Storage', 'Recently Renovated', 'Security Personnel', 'Natural Light', 'Airy Rooms', 'Spacious Interiors', 'Low Density Society', 'Waste Disposal', 'Club house / Community Center', 'Water softening plant']","['Netaji metro station', 'Sitala Temple', 'Sri Sri 108 Doyal Baba Asram', 'Sree Guru Sangha Main Gate', 'Brahmapur Badamtala Jame Masjid']",[],2 Bedrooms,2 Bathrooms,1 Balcony,,3rd   of 4 Floors,10+ Year Old,South-East
megha cooperative society,https://www.99acres.com/3-bhk-bedroom-apartment-flat-for-sale-in-sector-3-salt-lake-kolkata-east-1200-sq-ft-spid-H82356346,3 BHK Flat,1.35 Cr,"1,200 sqft",Carpet Area,"11,250 /sqft","Sector 3 Salt Lake, Kolkata",,The property is located on the main road . It is200 mt from manipal hospital and adjacent to saltlake stadium gate no 2 tennis court and sport authority of india is within 200 meters market place is nearby. Inclusive of 1 parking,H82356346,"megha cooperative society, Sector 3 Salt Lake, Kolkata",,,[],[],[],[],3 Bedrooms,2 Bathrooms,1 Balcony,,1st   of 4 Floors,10+ Year Old,
Windsor Heights,https://www.99acres.com/3-bhk-bedroom-apartment-flat-for-sale-in-windsor-heights-em-bypass-kolkata-south-1665-sq-ft-spid-I82414648,3 BHK Flat,1.07 Cr,"1,665 sqft",Super Built-up Area,"6,426 /sqft","EM Bypass, Kolkata South","Gated Society
Corner Property
+2","Resale property, ready to move flat. All mordan amenities ar available here. Getad society ,bang on bypass.",I82414648,"Wdsor Heights, EM Bypass, Kolkata South",Windsor Heights,,"['1 Wardrobe', '1 Fan', '1 Exhaust Fan', '1 Geyser', '1 Light', '1 Chimney', '1 Modular Kitchen']","['Power Back-up', 'Security / Fire Alarm', 'Intercom Facility', 'Lift(s)', 'Swimming Pool', 'Maintenance Staff', 'Visitor Parking', 'Shopping Centre', 'Fitness Centre / GYM', 'Club house / Community Center']","['Shahid Khudiram', 'Big Bazaar', 'Multiplex', 'Vegetable market', 'Peerless', 'Dum Dum', ""Children's park 2""]","['Pool,Club,Main Road']",3 Bedrooms,2 Bathrooms,1 Balcony,,7th   of 11 Floors,5 to 10 Year Old,South-East
chowringhee house,https://www.99acres.com/2-bhk-bedroom-apartment-flat-for-sale-in-park-street-kolkata-central-1116-sq-ft-spid-J80612711,2 BHK Flat,1.25 Cr,"1,116 sqft",Super Built-up Area,"12,886 /sqft","Park Street, Kolkata",,Location is on the main road.Back side of indian museum waking distance park street metro station transport every time available open car parking is chargeable.One balcony 2 rooms attached 2.Bathroom with rooms 24 hours water one dressing room,J80612711,"chowrghee house, Park Street, Kolkata",,,"['1 Wardrobe', '1 Water Purifier', '5 Fan', '1 Geyser', '44 Light', '1 Chimney']","['Security / Fire Alarm', 'Lift(s)', 'Maintenance Staff', 'Water Storage']",[],[],2 Bedrooms,2 Bathrooms,1 Balcony,,2nd   of 4 Floors,5 to 10 Year Old,South
Unimark Riviera,https://www.99acres.com/3-bhk-bedroom-apartment-flat-for-sale-in-unimark-riviera-uttarpara-hooghly-1450-sq-ft-r2-spid-A75413123,3 BHK Flat,90 Lac,"1,450 sqft",Built-up Area,"8,181 /sqft","Uttarpara, Hooghly","Fresh Construction
Overlooking Park/Garden
+2","It's a river view project, you can see river from balcony and bedroom as well",A75413123,"Unimark Riviera, Uttarpara, Hooghly",Unimark Riviera,,"['1 Bed', '3 Wardrobe', '3 Fan', '1 Exhaust Fan', '1 Dining Table', '1 Geyser', '15 Light', '1 Modular Kitchen', '1 Chimney']","['Power Back-up', 'Intercom Facility', 'Lift(s)', 'Swimming Pool', 'Park', 'Shopping Centre', 'Fitness Centre / GYM', 'Club house / Community Center', 'Rain Water Harvesting', 'Water softening plant']",[],"['Pool,Park/Garden,Main Road,Club']",3 Bedrooms,2 Bathrooms,2 Balconies,,3rd   of 11 Floors,0 to 1 Year Old,South-East
NESTLING Co-op Housing Society Ltd,https://www.99acres.com/3-bhk-bedroom-apartment-flat-for-sale-in-action-area-3-kolkata-east-1337-sq-ft-spid-Y83024024,3 BHK Flat,60 Lac,"1,337 sqft",Super Built-up Area,"4,487 /sqft","Action Area 3, Kolkata","North-East Facing
Corner Property
+1","The flat is spacious, airy, open on 3 sides, corner plot with wide roads on north and east sides, in a peaceful locality, amidst vast greenery, all branded materials used in a well-Maintained building with caretaker. A must choice for living in total serenity.",Y83024024,"NESTLING Co-op Housg Society Ltd, Action Area 3, Kolkata",,,"['7 Light', '1 Modular Kitchen']","['Lift(s)', 'Maintenance Staff', 'Water Storage', 'Visitor Parking', 'Waste Disposal']","['State bank of india ATM', 'Axis bank ATM', 'Belle Vue Hospital', 'Global Healthcare System', 'Apollo Pharmacy', 'DLF IT Park']",['Main Road'],3 Bedrooms,2 Bathrooms,1 Balcony,,3rd   of 4 Floors,1 to 5 Year Old,North-East
Shubham Apartments,https://www.99acres.com/3-bhk-bedroom-apartment-flat-for-sale-in-alipore-kolkata-south-1345-sq-ft-spid-C83376688,3 BHK Flat,1.2 Cr,"1,345 sqft",Carpet Area,"8,921 /sqft","Alipore, Kolkata","Recently Renovated
Gated Society
+2","Spacious 3 bhk apartment with marble flooring, separate verandah, separate mandir, separate store room, well maintained and fully furnished. All electricals and all required amenities like a/c, geyser, fridge, oven etc. Ready to move in. One open car park.",C83376688,"Shubham Apartments, Alipore, Kolkata",,,"['5 Fan', '1 Fridge', '1 Exhaust Fan', '1 Dining Table', '2 Geyser', '1 Stove', '20 Light', '3 AC', '1 Modular Kitchen', '1 Chimney', '1 Curtains', '3 Bed', '3 Wardrobe', '1 Sofa']","['Feng Shui / Vaastu Compliant', 'Lift(s)', 'High Ceiling Height', 'Maintenance Staff', 'Water Storage', 'Recently Renovated', 'Visitor Parking', 'Security Personnel', 'Internet/wi-fi connectivity', 'Airy Rooms', 'Spacious Interiors', 'Low Density Society', 'Club house / Community Center']",[],[],3 Bedrooms,2 Bathrooms,1 Balcony,"Pooja Room,Store Room",2nd   of 5 Floors,10+ Year Old,
Gennexx Joka,https://www.99acres.com/3-bhk-bedroom-apartment-flat-for-sale-in-gennexx-joka-behala-kolkata-south-1120-sq-ft-spid-Y81502491,3 BHK Flat,49 Lac,"1,120 sqft",Carpet Area,"4,375 /sqft","Behala, Kolkata",,"Freshly painted and ready to move in, all lights and fans in place",Y81502491,"Gennexx Joka, Behala, Kolkata",,,[],"['Security / Fire Alarm', 'Lift(s)', 'Maintenance Staff', 'Water Storage', 'Recently Renovated', 'Visitor Parking', 'Swimming Pool', 'Park', 'Security Personnel', 'Natural Light', 'Airy Rooms', 'Fitness Centre / GYM', 'Club house / Community Center']","['Behala Market', 'Laxmi Narayan Mandir', 'Jagannath Temple', 'Kali Temple', 'Sitala Mandir', 'Hari Sabha', 'Shibaloy']",['Others'],3 Bedrooms,2 Bathrooms,1 Balcony,,2nd   of 3 Floors,10+ Year Old,North
SD Rittika Residency,https://www.99acres.com/2-bhk-bedroom-apartment-flat-for-sale-in-sd-rittika-residency-rajarhat-kolkata-east-809-sq-ft-r4-spid-W54821976,2 BHK Flat,28 Lac,809 sqft,Super Built-up Area,"3,461 /sqft","Rajarhat, Kolkata",,Society is very well maintained. Close to road. All shops are on the ground floor. South east open. Additional details : Covered car parking is available for 4 lacs extra. The apartment has borings water supply. Daily needs shopping could be done within the society premises to make the stay convinent. Full power backup is available. There is also a separate washroom for domestic help. The socie...,W54821976,"SD Rittika Residency, Rajarhat, Kolkata",SD Rittika Residency,,[],"['Feng Shui / Vaastu Compliant', 'Intercom Facility', 'Lift(s)', 'Maintenance Staff', 'Park', 'Security Personnel', 'Natural Light', 'Internet/wi-fi connectivity', 'Airy Rooms', 'Fitness Centre / GYM', 'Club house / Community Center']","['Kali mandir', 'Manasha Mandir', 'Kali Mandir', 'Kali Temple', 'Dharmaraj Temple', 'Mukherjee Barir Durgadalan']",['Park/Garden'],2 Bedrooms,2 Bathrooms,1 Balcony,Study Room,4th   of 5 Floors,5 to 10 Year Old,South-East
Pratapaditya Road,https://www.99acres.com/4-bhk-bedroom-apartment-flat-for-sale-in-pratapaditya-kolkata-south-1700-sq-ft-spid-N82290024,4 BHK Flat,2.03 Cr,"1,700 sqft",Built-up Area,"11,941 /sqft","Pratapaditya, Sarat Bose Road",East Facing,G+4 storied building 4 bedrooms + 3 bathrooms + 1 kitchen + 1 balcony + big hall with marble flooring + with lift The main door is east-Facing The property is on the main road facing Loan-Free property 1 covered car parking Pure residential ambience in a quiet and calm environment Stone's throw distance from kalighat metro station Schools & hospital at a walking distance All taxes are paid up t...,N82290024,"Pratapaditya Road, Pratapaditya, Sarat Bose Road",,,[],"['Security / Fire Alarm', 'Lift(s)', 'Maintenance Staff', 'Water Storage', 'Visitor Parking', 'Security Personnel', 'Natural Light', 'Airy Rooms', 'Low Density Society', 'Waste Disposal']","['Kalighat metro station', 'Rabindra sarobar metro station', 'Lake Kalibari', 'Dhanalakshimi bank ATM', 'State bank of india ATM']",['Main Road'],4 Bedrooms,3 Bathrooms,1 Balcony,,2nd   of 4 Floors,10+ Year Old,East
Urbana,https://www.99acres.com/3-bhk-bedroom-apartment-flat-for-sale-in-urbana-em-bypass-kolkata-south-2550-sq-ft-spid-B77043717,3 BHK Flat,4.1 Cr,"2,550 sqft",Super Built-up Area,"16,078 /sqft","EM Bypass, Kolkata South",,"This 3 bhk apartment is available for sale in urbana tower 8, one of the most prominent projects for flats in em bypass, kolkata south. The floor plan additionally contains 3 bedroom(s), 3 bathrooms and 2 balconies. All in all, the flat is spread over a super built up area of 2557 sq.Ft. The flat has a total of 45 floors and this property is situated on 4th floor. This residential property is s...",B77043717,"Urbana, EM Bypass, Kolkata South",Urbana,,[],"['Lift(s)', 'Swimming Pool', 'Park', 'Fitness Centre / GYM', 'Club house / Community Center']","['Kavi Sukanta Metro Station', 'Acropolis Mall', 'Calcutta International School', 'Jadavpur University', 'Amri Hospital, JC Block']",[],3 Bedrooms,3 Bathrooms,2 Balconies,,4th   of 45 Floors,Dec 2026,
Om Tower,https://www.99acres.com/1-bhk-bedroom-apartment-flat-for-sale-in-om-tower-behala-kolkata-south-567-sq-ft-spid-O82563662,1 BHK Flat,22 Lac,567 sqft,Built-up Area,"3,880 /sqft","Behala, Kolkata",,"24x7 manned security, power backup, lift, common terrace accessible to all residents, childrens play area within the gated premises, low-Density living with just 3 g+4 storied blocks in a friendly neighborhood. This lovely 1 bhk apartment/flat in behala is available for sale in one of kolkata south's most popular projects, om tower. The flat is over 567 sq.Ft. Built up area and comes with 1 bed...",O82563662,"Om Tower, Behala, Kolkata",,,[],"['Park', 'Visitor Parking']","['Behala Market', 'Laxmi Narayan Mandir', 'Jagannath Temple', 'Kali Temple', 'Sitala Mandir', 'Hari Sabha', 'Shibaloy']",[],1 Bedroom,1 Bathroom,1 Balcony,,3rd   of 4 Floors,10+ Year Old,
Alcove New Kolkata Prayag,https://www.99acres.com/2-bhk-bedroom-apartment-flat-for-sale-in-alcove-new-kolkata-prayag-serampore-hooghly-632-sq-ft-spid-N81486465,2 BHK Flat,46 Lac,632 sqft,Carpet Area,"7,278 /sqft","Serampore, Hooghly","Close to School
Swimming Pool Available
+2",It's a 2bhk flat with a picturesque river view from all two bed rooms..With car parking and one two wheeler parking space..,N81486465,"Alcove New Kolkata Prayag, Serampore, Hooghly",Alcove New Kolkata Prayag,,"['2 Wardrobe', '3 Fan', '1 Exhaust Fan', '8 Light', '1 Modular Kitchen', '1 Chimney']","['Security / Fire Alarm', 'Power Back-up', 'Feng Shui / Vaastu Compliant', 'Intercom Facility', 'Lift(s)', 'Maintenance Staff', 'Water Storage', 'Piped-gas', 'Visitor Parking', 'Swimming Pool', 'Park', 'Shopping Centre', 'Fitness Centre / GYM', 'Rain Water Harvesting', 'Club house / Community Center']",[],"['Pool,Park/Garden,Club,Main Road,Others']",2 Bedrooms,2 Bathrooms,1 Balcony,,9th   of 22 Floors,1 to 5 Year Old,South
Nirala Apartment,https://www.99acres.com/2-bhk-bedroom-apartment-flat-for-sale-in-nirala-apartment-boral-kolkata-south-500-sq-ft-spid-E79454821,2 BHK Flat,18 Lac,500 sqft,Carpet Area,"3,600 /sqft","Boral, Kolkata","Ground Floor
Gated Society
+1","My property is ground floor of 500 sq.Ft. Super built- Up area. 2bhk, one balcony. Near boral main road. It has 24 hours securities with cctv cameras installed. Club rooms. 24 hour water supply. Association is present.",E79454821,"Nirala Apartment, Boral, Kolkata",Nirala Apartment,,[],"['Security / Fire Alarm', 'Maintenance Staff']","['Kavi nazrul metro station', 'Shahid khudiram metro station', 'Sitala mandir', 'Gosto Mandir', 'Brahmapur Badamtala Jame Masjid']",['Main Road'],2 Bedrooms,1 Bathroom,1 Balcony,,Ground of 4 Floors,10+ Year Old,North-West
"Udayan Housing Complex ,Pratapgarh,Garia Main Road",https://www.99acres.com/2-bhk-bedroom-apartment-flat-for-sale-in-pratapgarh-kolkata-south-1050-sq-ft-spid-O83079236,2 BHK Flat,35 Lac,"1,050 sqft",Super Built-up Area,"5,000 /sqft","Pratapgarh, Garia",Ground Floor,"Independent 2 bhk, one toilet, side corridor, ground floor of a stand alone 3 storied building within a housing complex in pollution free quiet ambience beside garia main road, opposite b d m international school, em bypass within 200 m, kavi najrul metro station 1.5 km, Sale price :Rs 35 lakhs (Interested buyers are requested to send sms)",O83079236,"Udayan Housg Complex ,Pratapgarh,Garia Ma Road, Pratapgarh, Garia",,,"['6 Wardrobe', '3 Light']",[],"['Shahid khudiram metro station', 'Kavi nazrul metro station', 'Sitala mandir', 'Gosto Mandir', 'Maa kali temple garia dhalua']",[],2 Bedrooms,1 Bathroom,1 Balcony,,Ground of 3 Floors,10+ Year Old,
Kunjaban Apartments,https://www.99acres.com/2-bhk-bedroom-apartment-flat-for-sale-in-kunjaban-apartments-bara-nagar-kolkata-north-897-sq-ft-spid-D80564177,2 BHK Flat,42 Lac,897 sqft,Super Built-up Area,"4,682 /sqft","Bara Nagar, Kolkata","Top Floor
Fitness Center/ Gym
+2","I have a 2bhk flat with 1drawing dining,2 bathroom ,1kitchen,1 balcony, with 865 sq feet area. It is situated in baranagar, kunjaban complex, with gym, community hall, 24hrs security, and lift facility. Two bedroom includes ac, two bathroom are well connected with geyser in running condition, two loft and one wall almirah of wooden, so the flat is furnished almost It is well connected to dakshi...",D80564177,"Kunjaban Apartments, Bara Nagar, Kolkata",Kunjaban Apartments,,"['2 Wardrobe', '3 Fan', '1 Geyser', '8 Light', '2 AC']","['Feng Shui / Vaastu Compliant', 'Intercom Facility', 'Lift(s)', 'Maintenance Staff', 'Swimming Pool', 'Park', 'Security Personnel', 'Fitness Centre / GYM', 'Club house / Community Center']","['Saraju Nursing Home', 'Astha Medical Services Pvt Ltd', 'New Saraju Nursing Home', 'Critical and Trauma Care Hospital']",[],2 Bedrooms,2 Bathrooms,1 Balcony,,5th   of 5 Floors,5 to 10 Year Old,
Bengal Peerless Avidipta Phase 2,https://www.99acres.com/3-bhk-bedroom-apartment-flat-for-sale-in-bengal-peerless-avidipta-phase-2-mukundapur-kolkata-south-1677-sq-ft-spid-X80818241,3 BHK Flat,2.4 Cr,"1,677 sqft",Super Built-up Area,"21,305 /sqft","Mukundapur, Kolkata","East Facing
Fresh Construction",Not interior yet. You can build whatever you want. One servant room.,X80818241,"Bengal Peerless Avidipta Phase 2, Mukundapur, Kolkata",Bengal Peerless Avidipta Phase 2,,[],"['Security / Fire Alarm', 'Feng Shui / Vaastu Compliant', 'Intercom Facility', 'Lift(s)', 'Maintenance Staff', 'Water Storage', 'Piped-gas', 'Visitor Parking', 'Swimming Pool', 'Park', 'Fitness Centre / GYM', 'Rain Water Harvesting', 'Club house / Community Center']","['Jyotirindra Nandi Metro Station', 'Metropolis Mall', 'EM Bypass', 'Birla High School', 'Sammilani Mahavidyalaya', 'Rabindra Bharati University']",['Main Road'],3 Bedrooms,3 Bathrooms,1 Balcony,Servant Room,43   of 46 Floors,0 to 1 Year Old,East
bose villa,https://www.99acres.com/2-bhk-bedroom-apartment-flat-for-sale-in-sk-deb-road-kolkata-north-987-sq-ft-spid-R80899317,2 BHK Flat,45 Lac,987 sqft,Super Built-up Area,"4,559 /sqft","SK Deb Road, South Dumdum","Overlooking Main Road
Close to Airport
+2",1) 5 mins walking distance from vip road and laketown clock tower 2) both room and balcony south facing 3) 3 side open with no upcoming construction 4) large drawing and kitchen area 5) only one flat per floor 6) lift available 7) cc under process 8) only 2 years oldbrand new property,R80899317,"bose villa, SK Deb Road, South Dumdum",,,[],['Lift(s)'],"['Belgachia metro station', 'City Centre 1', 'The Church of Jesus Christ of Latter-day Saints', 'Sbi ATM', 'State bank of india ATM']",['Main Road'],2 Bedrooms,2 Bathrooms,1 Balcony,,4th   of 5 Floors,0 to 1 Year Old,South
Southwinds,https://www.99acres.com/3-bhk-bedroom-apartment-flat-for-sale-in-southwinds-garia-kolkata-south-1295-sq-ft-spid-O81735392,3 BHK Flat,82 Lac,"1,295 sqft",Super Built-up Area,"6,332 /sqft","Garia, Kolkata","Lions vidyamandir within 1km
Recently Renovated
+2","This beautiful 3 bhk flat in garia, kolkata south is situated in southwinds, one of the popular residential society in kolkata south. This is a south-Facing property. The floor plan additionally contains 3 bedroom(s), 3 bathrooms and 1 balcony. All in all, the flat is spread over a super built up area of 1285 sq.Ft. This flat is situated on the 8th floor of this 18 floors tall residential build...",O81735392,"Southwds, Garia, Kolkata",Southwinds,,"['1 Wardrobe', '8 Fan', '15 Light', '1 Modular Kitchen']","['Power Back-up', 'Intercom Facility', 'Lift(s)', 'High Ceiling Height', 'Maintenance Staff', 'Recently Renovated', 'Piped-gas', 'Swimming Pool', 'Park', 'Security Personnel', 'Natural Light', 'Airy Rooms', 'Spacious Interiors', 'Shopping Centre', 'Fitness Centre / GYM', 'Waste Disposal', 'Club house / Community Center', 'Water softening plant']","['Government Hospital', 'Subhas gram railway station', 'Mallikpur railway station']",['Park/Garden'],3 Bedrooms,3 Bathrooms,1 Balcony,,10th   of 18 Floors,1 to 5 Year Old,South
Realtech Nirman Bela,https://www.99acres.com/2-bhk-bedroom-apartment-flat-for-sale-in-realtech-nirman-bela-rajarhat-kolkata-east-774-sq-ft-spid-L82788654,2 BHK Flat,34 Lac,774 sqft,Built-up Area,"4,392 /sqft","Rajarhat, Kolkata",,"We are the proud owners of this 2 bhk apartment available in realtech nirman bela, rajarhat, kolkata east. This semi-Furnished apartment it is a and the unit is located on 4th floor and has a built up area of 774 sq.Ft. . It has 2 bathroom(s) and 1 balcony(s). The ownership is freehold type.The flat is se facing, with three sides open, all modern amenities are there, like lift, swimming pool, 2...",L82788654,"Realtech Nirman Bela, Rajarhat, Kolkata",Realtech Nirman Bela,,"['1 Wardrobe', '3 Fan', '1 Fridge', '1 Sofa', '1 Washing Machine', '1 Stove', '12 Light', '1 Curtains']","['Feng Shui / Vaastu Compliant', 'Intercom Facility', 'Lift(s)', 'Swimming Pool', 'Park', 'Fitness Centre / GYM']","['Shitala Mandir', 'Kali Temple', 'State bank of india ATM', 'Union bank of india ATM', 'Axis bank ATM', 'Bank of baroda ATM']",[],2 Bedrooms,2 Bathrooms,1 Balcony,,4th   of 5 Floors,1 to 5 Year Old,
SMRITINIKETAN CO-OPERATIVE HOUSING SOCIETY LIMITED,https://www.99acres.com/3-bhk-bedroom-apartment-flat-for-sale-in-new-town-kolkata-east-1400-sq-ft-spid-J82436936,3 BHK Flat,1.35 Cr,"1,400 sqft",Built-up Area,"9,642 /sqft","New Town, Kolkata",,"This beautiful 3 bhk flat in new town, kolkata east is situated in between biswa bangla gate and new town school. One of the popular residential society in kolkata east. The flat occupies a built up area of 1200 sq.Ft. That consists of 3 bedrooms, 2 bathrooms and 2 balcony. The property is located on the 6th floor of a 13th floor tall building. This is a ready to move project and the property i...",J82436936,"SMRITINIKETAN CO-OPERATIVE HOUSING SOCIETY LIMITED, New Town, Kolkata",,,[],[],"['Terminus Mall', 'mandir', 'Kali Temple', 'Hdfc bank ATM', 'Axis bank ATM', 'Citibank ATM', 'Apollo Dental Clinic']",[],3 Bedrooms,2 Bathrooms,2 Balconies,,6th   of 13 Floors,Within 6 months,
Purbachal Bijoygarh,https://www.99acres.com/3-bhk-bedroom-apartment-flat-for-sale-in-bijoygarh-kolkata-south-1012-sq-ft-spid-O83306806,3 BHK Flat,36 Lac,"1,012 sqft",Super Built-up Area,"3,557 /sqft","Bijoygarh, Kolkata",,"The building exterior painting has been done recently. Hence this major expenditure to be shared among the only 3 flat owners would not arise for next 8-10 years. Moreover, the common maintenance cost is quite low. Besides it's well maintained bedrooms, it has drawing room with balcony overlooking the sides being a corner building. That makes the flat well lighted and airy. There are shops and ...",O83306806,"Purbachal Bijoygarh, Bijoygarh, Kolkata",,,"['1 Water Purifier', '5 Fan', '1 Fridge', '1 Exhaust Fan', '1 Dining Table', '1 Geyser', '1 Stove', '11 Light', '1 AC', '1 TV', '1 Curtains', '3 Bed', '3 Wardrobe', '1 Sofa', '1 Washing Machine', '1 Microwave']",['Low Density Society'],"['Viveknagar Kalibari', 'Sri Sri 108 Doyal Baba Asram', 'Lake Pally Shiv Mandir', 'Sitala Temple', 'Sree Guru Sangha Main Gate']",['Main Road'],3 Bedrooms,2 Bathrooms,1 Balcony,,2nd   of 3 Floors,10+ Year Old,South-East
Radha Krishna Villa,https://www.99acres.com/2-bhk-bedroom-apartment-flat-for-sale-in-p-majumder-road-kolkata-south-720-sq-ft-spid-J83373018,2 BHK Flat,43 Lac,720 sqft,Super Built-up Area,"5,972 /sqft","P Majumder Road, Kolkata",,"Garage area: 230 sq.Ft (2 covered car parks) 3-Side open flat (South, east, north) well-Ventilated with natural light Electricity setup supports 3 ac units running simultaneously",J83373018,"Radha Krishna Villa, P Majumder Road, Kolkata",,,['4 Wardrobe'],[],"['Hari Sava.Lord Krishna Temple', 'Old Radha Krishna Temple', 'Sada Kali Mandir', 'Lord Shiva Temple', 'Shitala Mandir']",[],2 Bedrooms,2 Bathrooms,1 Balcony,,2nd   of 4 Floors,1 to 5 Year Old,North-East
LOKENATH HOUSE,https://www.99acres.com/3-bhk-bedroom-apartment-flat-for-sale-in-halisahar-north-24-parganas-1144-sq-ft-r1-spid-I81201493,3 BHK Flat,34.32 Lac,"1,144 sqft",Super Built-up Area,"3,000 /sqft","Halisahar, Kanchrapara, North 24 Parganas",,"Prime location in kancharapara & halisahar perfect for your dream home or business! Strategically located at the heart of kancharapara and halisahar, this property enjoys a prime position on a 40-Foot-Wide main road. With seamless connectivity, it is: - 7 minutes from kancharapara station - 15 minutes from halisahar station - 500 meters from dunlop ghat - Just 2 minutes from bagmores commercial...",I81201493,"LOKENATH HOUSE, Halisahar, Kanchrapara, North 24 Parganas",,,[],"['Lift(s)', 'Water Storage', 'Visitor Parking']",[],"['Main Road,Others']",3 Bedrooms,2 Bathrooms,1 Balcony,,2nd   of 5 Floors,0 to 1 Year Old,North
Riddhi Siddhi Garden,https://www.99acres.com/2-bhk-bedroom-apartment-flat-for-sale-in-riddhi-siddhi-garden-joka-kolkata-south-1017-sq-ft-spid-H82216108,2 BHK Flat,49 Lac,"1,017 sqft",Carpet Area,"4,818 /sqft","Joka, Kolkata South",,"2 bedrooms, 1 drawing cum dinning room (L shape) 2 balconies east facing, 2 bathrooms (1 attached to bed room) , gated society with club house & swimming pool etc with all faciilities, opposite esi hospital, 1 km away to iim kolkata.",H82216108,"Riddhi Siddhi Garden, Joka, Kolkata South",,,"['3 Fan', '2 Geyser', '4 Light']",[],"['Dhali Para Masjid', 'Kasturi Medical Centre Pvt Ltd', 'Bangur Medicare Research Institute', 'Gay-Land Nursing Home', 'Swadesh Basu Hospital']",[],2 Bedrooms,2 Bathrooms,2 Balconies,,1st   of 4 Floors,10+ Year Old,
Siddha Suburbia,https://www.99acres.com/2-bhk-bedroom-apartment-flat-for-sale-in-siddha-suburbia-baruipur-kolkata-south-915-sq-ft-spid-Q81676146,2 BHK Flat,55 Lac,915 sqft,Super Built-up Area,"6,010 /sqft","Baruipur, Kolkata South","Fresh Construction
Gated Society
+2","Skywalk Siddha suburbia on southern bypass. 915 sq ft, 2 bhk, south facing & podium facing, 3rd floor. 1 independent mlcp parking",Q81676146,"Siddha Suburbia, Baruipur, Kolkata South",Siddha Suburbia,,[],"['Security / Fire Alarm', 'Intercom Facility', 'Lift(s)', 'Maintenance Staff', 'Water Storage', 'Visitor Parking', 'Swimming Pool', 'Park', 'Security Personnel', 'Fitness Centre / GYM', 'Rain Water Harvesting', 'Club house / Community Center', 'Water softening plant']","['Kavi Nazrul Metro', 'Metropolis Mall', 'EM Bypass', 'Narendrapur Ramakrishna Mission', 'Indus Valley World School']",['Park/Garden'],2 Bedrooms,2 Bathrooms,1 Balcony,,3rd   of 14 Floors,0 to 1 Year Old,South
Alokananda Apartment,https://www.99acres.com/2-bhk-bedroom-apartment-flat-for-sale-in-garia-kolkata-south-677-sq-ft-spid-I83048298,2 BHK Flat,35 Lac,677 sqft,Super Built-up Area,"5,169 /sqft","Garia, Kolkata",,Very near to garia 5 no busstand and 6 no busstand. Very near to metro station,I83048298,"Alokananda Apartment, Garia, Kolkata",,,[],[],"['Kavi nazrul metro station', 'Shahid khudiram metro station', 'Kavi subhash metro station', 'Sitala mandir', 'Gosto Mandir']",[],2 Bedrooms,2 Bathrooms,1 Balcony,,1st   of 2 Floors,10+ Year Old,South-East
Sunny Vally,https://www.99acres.com/3-bhk-bedroom-apartment-flat-for-sale-in-sunny-vally-fartabad-kolkata-south-1265-sq-ft-spid-Z82411768,3 BHK Flat,72 Lac,"1,265 sqft",Super Built-up Area,"5,691 /sqft","Fartabad, Garia","North-East Facing
Gated Society
+2","Resale property, ready to move flat. All modern amenities ar available here. Gated community . Close to metro.",Z82411768,"Sunny Vally, Fartabad, Garia",,,[],"['Security / Fire Alarm', 'Intercom Facility', 'Lift(s)', 'Maintenance Staff', 'Water Storage', 'Park', 'Visitor Parking']","['Shahid khudiram metro station', 'Kavi subhash metro station', 'Kavi nazrul metro station', 'Maa kali temple garia dhalua']","['Pool,Park/Garden,Club']",3 Bedrooms,2 Bathrooms,1 Balcony,,3rd   of 4 Floors,5 to 10 Year Old,North-East
Rajwada Windsor Greens,https://www.99acres.com/3-bhk-bedroom-apartment-flat-for-sale-in-mahamayatala-kolkata-south-1270-sq-ft-spid-D82416374,3 BHK Flat,70 Lac,"1,270 sqft",Super Built-up Area,"5,511 /sqft","Mahamayatala, Garia","Gated Society
Overlooking Park/Garden
+1",Resale property ready to move flat. All mordan amenities ar available here. Gated community. Close to metro. Close to hospital.,D82416374,"Rajwada Wdsor Greens , Mahamayatala, Garia",,,[],"['Security / Fire Alarm', 'Intercom Facility', 'Lift(s)', 'Maintenance Staff', 'Park', 'Visitor Parking']","['Shahid khudiram metro station', 'Kavi nazrul metro station', 'Sitala mandir', 'Gosto Mandir', 'Maa kali temple garia dhalua']","['Park/Garden,Club']",3 Bedrooms,2 Bathrooms,1 Balcony,,3rd   of 4 Floors,10+ Year Old,South-East
RAI APARTMENT,https://www.99acres.com/2-bhk-bedroom-apartment-flat-for-sale-in-bansdroni-kolkata-south-780-sq-ft-spid-C82000486,2 BHK Flat,26 Lac,780 sqft,Super Built-up Area,"3,333 /sqft","Bansdroni, Kolkata","Top Floor
Close to Metro Station
+2","It is big size 2.5 bhk, 1.8 km distrance from masterda surya sen metro station. Near school, bazar, auto stand. I'm property owner. So contact me directly. No hidden charges and brokerage.",C82000486,"RAI APARTMENT , Bansdroni, Kolkata",,,[],[],"['Netaji metro station', 'Sitala Temple', 'Sree Guru Sangha Main Gate', 'Sri Sri 108 Doyal Baba Asram', 'Brahmapur Badamtala Jame Masjid']",[],2 Bedrooms,2 Bathrooms,1 Balcony,"Study Room,Pooja Room",2nd   of 2 Floors,1 to 5 Year Old,South-East
Rwitika Abasan,https://www.99acres.com/2-bhk-bedroom-apartment-flat-for-sale-in-math-bagan-kolkata-north-1100-sq-ft-spid-T82211564,2 BHK Flat,35 Lac,"1,100 sqft",Super Built-up Area,"3,181 /sqft","Math Bagan, Sodepur",,"It is an we organised flat covering the entire ground floor, so can use the entire basement or lobby. Walking distance from both sodepur railway station and b t road. Loanable property.",T82211564,"Rwitika Abasan, Math Bagan, Sodepur",,,[],[],"['Jora Sib Mondir', 'Dewan Medicare And Nursing Home', 'Restroative Clinic Pvt.Ltd.', 'Vasan Eye Care Hospital Sodepur', 'Anupama Eye Care']",[],2 Bedrooms,2 Bathrooms,1 Balcony,,Ground of 4 Floors,5 to 10 Year Old,
ballygunge Circular,https://www.99acres.com/4-bhk-bedroom-apartment-flat-for-sale-in-ballygunge-circular-road-kolkata-south-2000-sq-ft-spid-N82542100,4 BHK Flat,2.5 Cr,"2,000 sqft",Built-up Area,"13,888 /sqft","Ballygunge Circular Road, Kolkata","Corner Property
Overlooking Park/Garden
+1","The apartment is open from 3 sides with excellent sunlight, breeze and view . The rooms are spacious and modern. One covered car park is included.",N82542100,"ballygunge Circular, Ballygunge Circular Road, Kolkata",,,"['1 Water Purifier', '6 Fan', '1 Exhaust Fan', '1 Dining Table', '4 Geyser', '12 Light', '6 AC', '1 Modular Kitchen', '1 Curtains', '3 Bed', '4 Wardrobe', '1 Sofa']","['Lift(s)', 'High Ceiling Height', 'Maintenance Staff', 'False Ceiling Lighting']","['Ice Skating Rink', 'Jyotirmoyee Radha Krishna Mandir', 'Sbi ATM', 'Hsbc ATM', 'Union bank ATM', 'Duncan Gleneagles Hospitals']",['Park/Garden'],4 Bedrooms,4 Bathrooms,3 Balconies,,1st   of 6 Floors,10+ Year Old,
Standalone Building,https://www.99acres.com/2-bhk-bedroom-apartment-flat-for-sale-in-standalone-building-italgacha-kolkata-north-805-sq-ft-spid-X82031100,2 BHK Flat,32 Lac,805 sqft,Built-up Area,"3,975 /sqft","Italgacha, North Dumdum","Top Floor
Overlooking Main Road","Next to cbsc schools, jessore road metro 5 mts by walk Dum dum airport 3 kms distance only.",X82031100,"Standalone Buildg, Italgacha, North Dumdum",,,"['1 Bed', '1 Wardrobe', '1 Water Purifier', '3 Fan', '1 Exhaust Fan', '1 Geyser', '4 Light', '1 Modular Kitchen']","['Security / Fire Alarm', 'Water Storage']","['Shitala Mandir', 'Mother Teresa Church', 'Axis bank ATM', 'Phoenix Hospital And Diagnostic Centre Pvt Ltd', 'Aparna Nursing Home']",['Main Road'],2 Bedrooms,2 Bathrooms,1 Balcony,,3rd   of 3 Floors,10+ Year Old,
later,https://www.99acres.com/3-bhk-bedroom-apartment-flat-for-sale-in-chinar-park-kolkata-east-1293-sq-ft-spid-C80087441,3 BHK Flat,64 Lac,"1,293 sqft",Carpet Area,"4,949 /sqft","Char Park, Kolkata",Top Floor,"The property is located on the rajarhat main road at dashadrone. It is a three side (North, east, south) open property .All the required amenities like lift, 24 hours boring water, water treatment plant, 24 *7 security service, power backup, cctv surveillance , community hall are available here.City center2 , haldiram, airport, charnock hospital are very near to it.Easy access to market for dai...",C80087441,"later, Char Park, Kolkata",,,[],"['Security / Fire Alarm', 'Lift(s)', 'Water Storage', 'Visitor Parking']","['Shitala Mandir', 'Kali mandir', 'Kali Temple', 'Manasha Mandir', 'Kali Mandir', 'State bank of india ATM', 'Axis bank ATM']",['Main Road'],3 Bedrooms,2 Bathrooms,1 Balcony,,5th   of 5 Floors,10+ Year Old,South-East
Adya Highrise,https://www.99acres.com/3-bhk-bedroom-apartment-flat-for-sale-in-adya-highrise-tollygunge-kolkata-south-1292-sq-ft-spid-X80203299,3 BHK Flat,87 Lac,"1,292 sqft",Super Built-up Area,"6,965 /sqft","Tollygunge, Kolkata",,"Adya highrise is one of kolkata south's most sought after destination for apartments and this 3 bhk flat in tollygunge is your opportunity to be a part of this community. The flat occupies a super built up area of 1292 sq.Ft. That consists of 3 bedrooms, 2 bathrooms . The residential building has 9 floors in total and the flat for sale is located on the 8th floor. An added advantage of this 5-1...",X80203299,"Adya Highrise, Tollygunge, Kolkata",Adya Highrise,,[],[],"['Netaji metro station', 'Behala Market', 'Santoshi Maa Mandir', 'Gouria moth', 'Dhali Para Masjid', 'Shibaloy', 'Kali Temple']",[],3 Bedrooms,2 Bathrooms,No Balcony,,8th   of 9 Floors,5 to 10 Year Old,
Naha Residency,https://www.99acres.com/3-bhk-bedroom-apartment-flat-for-sale-in-dum-dum-park-kolkata-north-1198-sq-ft-spid-W81694258,3 BHK Flat,69.48 Lac,"1,198 sqft",Super Built-up Area,"5,800 /sqft","Dum Dum Park, Kolkata",,Prime location at dum dum park,W81694258,"Naha Residency , Dum Dum Park, Kolkata",,,[],"['Security / Fire Alarm', 'Maintenance Staff', 'Water Storage', 'Visitor Parking']",[],[],3 Bedrooms,2 Bathrooms,1 Balcony,,4th   of 7 Floors,Within 3 months,
Sudha Residency,https://www.99acres.com/2-bhk-bedroom-apartment-flat-for-sale-in-sudha-residency-baguiati-kolkata-north-980-sq-ft-spid-P80127873,2 BHK Flat,35 Lac,980 sqft,Super Built-up Area,"3,571 /sqft","Baguiati, Kolkata",,"We are the proud owners of this 2 bhk apartment available in chowdhury s k dev road, lake town, kolkata north. This it is a and the unit is located on 1st floor and has a super built-Up area of 980 sq.Ft. . It has 2 bathroom(s) and 1 balcony(s). The ownership is freehold type.",P80127873,"Sudha Residency, Baguiati, Kolkata",,,[],[],"['Lichubagan Radha Krishna Temple', 'Bank of baroda ATM', 'Hdfc bank ATM', 'Union bank of india ATM', 'Allahabad bank ATM']",[],2 Bedrooms,2 Bathrooms,1 Balcony,,1st   of 3 Floors,5 to 10 Year Old,
Suniti Apartment,https://www.99acres.com/3-bhk-bedroom-apartment-flat-for-sale-in-vip-road-kolkata-north-1157-sq-ft-spid-Z82519046,3 BHK Flat,52.06 Lac,"1,157 sqft",Super Built-up Area,"4,500 /sqft","VIP Road, Kolkata","Private Garden
Club/ Community Center","It's just 5 mins walking distance from vip and also from jessore road, and 10 mins from airport",Z82519046,"Suniti Apartment, VIP Road, Kolkata",,,[],"['Security / Fire Alarm', 'Feng Shui / Vaastu Compliant', 'Private Garden / Terrace', 'Lift(s)', 'Maintenance Staff', 'Water Storage', 'Bank Attached Property', 'Visitor Parking', 'Security Personnel', 'Natural Light', 'Airy Rooms', 'Spacious Interiors', 'Low Density Society', 'Shopping Centre', 'Club house / Community Center']","['Central park metro station', 'City Centre 1', 'The Church of Jesus Christ of Latter-day Saints', 'State bank of india ATM', 'Allahabad bank ATM']",[],3 Bedrooms,2 Bathrooms,1 Balcony,,2nd   of 3 Floors,Within 3 months,
Manjushree Appartment,https://www.99acres.com/2-bhk-bedroom-apartment-flat-for-sale-in-haridevpur-kolkata-south-820-sq-ft-spid-Q82748706,2 BHK Flat,27 Lac,820 sqft,Super Built-up Area,"3,292 /sqft","Haridevpur, Putiary, Kolkata",,"Living in the heart of tollygunge, south kolkata, 820 sqft, marble-Floored flat on the 1st floor, barely 7 minutes from mahanayak uttam kumar metro station. Recently maintained, this used-But-New-Like property is a rare find. Only genuine customers can contact.",Q82748706,"Manjushree Appartment, Haridevpur, Putiary, Kolkata",,,[],[],"['Netaji metro station', 'Mahanayak uttam kumar metro station', 'Gouria moth', 'Santoshi Maa Mandir', 'Dhali Para Masjid']",[],2 Bedrooms,1 Bathroom,1 Balcony,,1st   of 3 Floors,5 to 10 Year Old,
Ashirbad appartment,https://www.99acres.com/2-bhk-bedroom-apartment-flat-for-sale-in-bara-nagar-kolkata-north-838-sq-ft-spid-U82537306,2 BHK Flat,42 Lac,838 sqft,Carpet Area,"5,011 /sqft","Bara Nagar, Kolkata","Top Floor
Close to Metro Station
+2","Lift , car and bike parking available..Security guard available",U82537306,"Ashirbad appartment , Bara Nagar, Kolkata",,,"['1 Bed', '1 Wardrobe', '1 Fan', '1 Exhaust Fan', '1 Geyser', '1 Microwave', '1 Light', '1 Modular Kitchen']","['Security / Fire Alarm', 'Lift(s)', 'Water Storage', 'Visitor Parking']","['Baranagar metro station', 'Dakshineshwar metro station', 'Paradise Nursing Home Kolkata', 'Baranagar State General Hospital']",['Main Road'],2 Bedrooms,2 Bathrooms,1 Balcony,,4th   of 4 Floors,10+ Year Old,South
Shivam Apartment Baguihati,https://www.99acres.com/3-bhk-bedroom-apartment-flat-for-sale-in-shivam-apartment-baguihati-baguiati-kolkata-north-1238-sq-ft-spid-W83489582,3 BHK Flat,44 Lac,"1,238 sqft",Carpet Area,"3,554 /sqft","Baguiati, Kolkata",,"Its a main road facing falt, plenty of air and light. Living room is lavish luxury.",W83489582,"Shivam Apartment Baguihati, Baguiati, Kolkata",Shivam Apartment Baguihati,,[],"['Feng Shui / Vaastu Compliant', 'High Ceiling Height', 'Maintenance Staff', 'Water Storage', 'Visitor Parking']","['Lichubagan Radha Krishna Temple', 'Hanuman Mandir', 'Allahabad bank ATM', 'Icici bank ATM', 'Bank of baroda ATM']",['Main Road'],3 Bedrooms,2 Bathrooms,1 Balcony,Pooja Room,1st   of 1 Floors,10+ Year Old,South
Tolly Apartments,https://www.99acres.com/2-bhk-bedroom-apartment-flat-for-sale-in-tolly-apartments-tollygunge-kolkata-south-1000-sq-ft-spid-Q82069460,2 BHK Flat,49 Lac,"1,000 sqft",Super Built-up Area,"5,000 /sqft","Tollygunge, Kolkata","Top Floor
Close to Metro Station
+2","Situated in bansdroni, kolkata south, tolly apartments is a well planned society that offers a pleasant living experience to its residents. This 2 bhk flat in kolkata south is your opportunity to be a part of this community. This is an airy and spacious south-East-Facing property. Constructed on a super built up area of 1000 sq.Ft., the semi-Furnished flat comprises 2 bedroom(s), 2 bathrooms an...",Q82069460,"Tolly Apartments, Tollygunge, Kolkata",,,"['1 Fan', '1 Light', '1 AC', '1 Chimney']","['Security / Fire Alarm', 'Lift(s)', 'Maintenance Staff', 'Water Storage', 'Visitor Parking', 'Waste Disposal']","['Mahanayak uttam kumar metro station', 'Rabindra sarobar metro station', 'Gouria moth', 'Shibaloy', 'Lake Kalibari']",['Main Road'],2 Bedrooms,2 Bathrooms,2 Balconies,,5th   of 5 Floors,10+ Year Old,South-East
"Garden View Apartment, Bediapara",https://www.99acres.com/2-bhk-bedroom-apartment-flat-for-sale-in-south-dumdum-kolkata-north-899-sq-ft-spid-G82719156,2 BHK Flat,34 Lac,899 sqft,Super Built-up Area,"3,670 /sqft","South Dumdum, Kolkata","Overlooking Park/Garden
Corner Property","Garden view apartment is one of kolkata north's most sought after destination for apartments and this 2 bhk flat in rn tagore road is your opportunity to be a part of this apartment. The flat is over 899 sq.Ft. Super built up area and comes with 2 bedroom(s), 2 bathrooms and 1 balcony, which is open in the front. This flat lies on the 3rd level of a 5-Storey building with a lush green garden in...",G82719156,"Garden View Apartment, Bediapara, South Dumdum, Kolkata",,,"['1 Water Purifier', '1 Fan', '3 Light']","['Feng Shui / Vaastu Compliant', 'Lift(s)', 'Water purifier', 'High Ceiling Height', 'Maintenance Staff', 'False Ceiling Lighting', 'Water Storage', 'Bank Attached Property', 'Airy Rooms', 'Water softening plant']",[],"['Park/Garden,Main Road']",2 Bedrooms,2 Bathrooms,1 Balcony,,3rd   of 5 Floors,1 to 5 Year Old,West
Realtech Nirman Hijibiji,https://www.99acres.com/3-bhk-bedroom-apartment-flat-for-sale-in-realtech-nirman-hijibiji-new-town-kolkata-east-1188-sq-ft-spid-H82374118,3 BHK Flat,91 Lac,"1,188 sqft",Super Built-up Area,"7,659 /sqft","New Town, Kolkata","DPS MEGACITY Nearby
Fresh Construction
+2","Realtech nirman hijibiji is one of kolkata east's most sought after destination for apartments and this 3 bhk flat in new town is your opportunity to be a part of this community. This property faces the south-East direction. The flat occupies a super built up area of 1188 sq.Ft. That consists of 3 bedrooms, 2 bathrooms and 3 balconies. The property is located on the 1st floor of a 12 floors tal...",H82374118,"Realtech Nirman Hijibiji, New Town, Kolkata",Realtech Nirman Hijibiji,,[],"['Power Back-up', 'Feng Shui / Vaastu Compliant', 'Security / Fire Alarm', 'Intercom Facility', 'Lift(s)', 'Swimming Pool', 'Maintenance Staff', 'Water Storage', 'Park', 'Visitor Parking', 'Fitness Centre / GYM']","['Centrus Mall', 'University Shopping Complex', 'DLF Galleria', 'IT-MALL, New Town Rd', 'Central Mall Newtown', 'Delhi Public School Megacity']","['Pool,Park/Garden']",3 Bedrooms,2 Bathrooms,3 Balconies,,1st   of 12 Floors,0 to 1 Year Old,South-East
NEER APARTMENT,https://www.99acres.com/2-bhk-bedroom-apartment-flat-for-sale-in-siriti-muchi-para-kolkata-south-970-sq-ft-spid-W83658448,2 BHK Flat,55 Lac,970 sqft,Built-up Area,"5,670 /sqft","Siriti Muchi Para, Diamond Harbour Road","North-East Facing
Close to Metro Station
+2",Lift garage space terrace free space,W83658448,"NEER APARTMENT , Siriti Muchi Para, Diamond Harbour Road",,,[],['Lift(s)'],"['Netaji metro station', 'Mahanayak uttam kumar metro station', 'Behala Market', 'Gouria moth', 'Shibaloy', 'Santoshi Maa Mandir']",[],2 Bedrooms,2 Bathrooms,1 Balcony,,1st   of 3 Floors,10+ Year Old,North-East
PS Lake Place,https://www.99acres.com/2-bhk-bedroom-apartment-flat-for-sale-in-ps-lake-place-lake-town-kolkata-north-1050-sq-ft-spid-Y83415212,2 BHK Flat,40 Lac,"1,050 sqft",Carpet Area,"3,809 /sqft","Lake Town, Kolkata",,With lift,Y83415212,"PS Lake Place, Lake Town, Kolkata",,,[],"['Security / Fire Alarm', 'Lift(s)', 'Water Storage']","['Belgachia metro station', 'The Church of Jesus Christ of Latter-day Saints', 'Hanuman Mandir', 'Sbi ATM', 'State bank of india ATM']",['Main Road'],2 Bedrooms,2 Bathrooms,1 Balcony,,3rd   of 4 Floors,10+ Year Old,East
Upcoming,https://www.99acres.com/2-bhk-bedroom-apartment-flat-for-sale-in-jadavpur-south-kolkata-795-sq-ft-spid-Y80465629,2 BHK Flat,61.5 Lac,795 sqft,Super Built-up Area,"8,188 /sqft","Jadavpur, Kolkata",Marble Flooring,5 mins from jadavpur 8b bus stand & jadavpur university 10 mins from south city mall 15 mins from tollygunge metro Locality is in posh area Bypass connectivity in 15 mins,Y80465629,"Upcomg, Jadavpur, Kolkata",,,[],[],"['Viveknagar Kalibari', 'Lake Pally Shiv Mandir', 'Nipponzan Myohoji Buddhist Temple', 'Hanuman Mandir', 'Kali Mandir']",[],2 Bedrooms,2 Bathrooms,1 Balcony,,2nd   of 4 Floors,Within 6 months,South
PS ONE 10,https://www.99acres.com/3-bhk-bedroom-apartment-flat-for-sale-in-ps-one-10-new-town-kolkata-east-686-sq-ft-spid-O82812830,3 BHK Flat,1.3 Cr,686 sqft,Carpet Area,"18,950 /sqft","New Town, Kolkata",,This is premium residential project by ps group. One 10 situated in newtown action area-1 near novotel hotel. Very high quality finish and good construction. Lots of modern amenities. Project design and execution is top quality. Nice security. Lots of greenery. Connectivity is very good.,O82812830,"PS ONE 10, New Town, Kolkata",PS ONE 10,,[],"['Intercom Facility', 'Lift(s)', 'Swimming Pool', 'Park', 'Fitness Centre / GYM', 'Club house / Community Center', 'Rain Water Harvesting']","['Nazrul Tirtha Metro Station', 'Galaxy Mall', 'Biswa Bangla Sarani', 'The Newtown School', 'Aliah University', 'Ohio Hospital']","['Pool,Park/Garden,Club,Main Road,Others,Sea facing']",3 Bedrooms,2 Bathrooms,2 Balconies,Others,1st   of 20 Floors,5 to 10 Year Old,North
Teesta Torsha Housing,https://www.99acres.com/3-bhk-bedroom-apartment-flat-for-sale-in-new-town-action-area-1a-kolkata-east-1122-sq-ft-spid-O81716102,3 BHK Flat,1.5 Cr,"1,122 sqft",Carpet Area,"13,368 /sqft","New Town Action area 1A, Kolkata",,"Best location, excellent internal decor.",O81716102,"Teesta Torsha Housg, New Town Action area 1A, Kolkata",,,"['5 Fan', '1 Fridge', '1 Exhaust Fan', '1 Dining Table', '2 Geyser', '10 Light', '1 TV', '1 Modular Kitchen', '1 Chimney', '1 Curtains', '3 Bed', '3 Wardrobe', '1 Sofa']","['Security / Fire Alarm', 'Lift(s)', 'Maintenance Staff']","['Nazrul tirtha metro station', 'Terminus Mall', 'Citibank ATM', 'Hdfc bank ATM', 'Hdfc bank ATM', 'Indian overseas bank ATM']",[],3 Bedrooms,2 Bathrooms,2 Balconies,"Pooja Room,Study Room",1st   of 4 Floors,1 to 5 Year Old,South
Tirath Exotica,https://www.99acres.com/3-bhk-bedroom-apartment-flat-for-sale-in-chinar-park-kolkata-east-905-sq-ft-spid-W81448517,3 BHK Flat,54.3 Lac,905 sqft,Super Built-up Area,"6,000 /sqft","Char Park, Kolkata",Fresh Construction,1 socially and politically most peaceful 2 very close to market 0 km and bus stand 0 km 3 though 905 sq ft super built up is much less for a 3 bhk flat as the kitchen is attached to drawing room but standard size rooms with sufficient air and sunlight makes it unique 4 a g 4 apartment with lift ac community hall in chinar park region still available a few flats with reasonable price from land o...,W81448517,"Tirath Exotica, Char Park, Kolkata",,,[],"['Lift(s)', 'Maintenance Staff', 'Water Storage']","['Shitala Mandir', 'State bank of india ATM', 'Union bank of india ATM', 'Axis bank ATM', 'Bank of baroda ATM', 'Hdfc bank ATM']",['Main Road'],3 Bedrooms,2 Bathrooms,1 Balcony,Study Room,1st   of 4 Floors,0 to 1 Year Old,West
Apartment,https://www.99acres.com/2-bhk-bedroom-apartment-flat-for-sale-in-chakraberia-kolkata-south-1075-sq-ft-spid-A82744440,2 BHK Flat,1.1 Cr,"1,075 sqft",Super Built-up Area,"10,232 /sqft","Chakraberia , Ballygunge",,"This 2 bhk apartment is available for sale in chakraberia road, (South), kolkata south. The floor plan additionally contains 2 bedroom(s), 2 bathrooms and 1 balcony. All in all, the flat is spread over a super built up area of 1075 sq.Ft. This flat is situated on the 2nd floor of this 4 floors tall residential building. As the project is already ready to move, so you can easily move into this 1...",A82744440,"Apartment, Chakraberia , Ballygunge",,,"['1 Water Purifier', '6 Fan', '1 Exhaust Fan', '1 Dining Table', '1 Geyser', '6 Light', '1 AC', '1 TV', '1 Curtains', '2 Bed', '6 Wardrobe', '1 Sofa']","['Security / Fire Alarm', 'Feng Shui / Vaastu Compliant', 'Lift(s)', 'Water purifier', 'High Ceiling Height', 'Maintenance Staff', 'False Ceiling Lighting', 'Water Storage', 'Recently Renovated', 'Security Personnel', 'Natural Light', 'Airy Rooms', 'Spacious Interiors']","['Netaji bhavan metro station', 'Jatin das park metro station', 'Radha Krishna Mandir', 'Jyotirmoyee Radha Krishna Mandir']",['Main Road'],2 Bedrooms,2 Bathrooms,1 Balcony,,2nd   of 4 Floors,10+ Year Old,South
Mayfair Symphony,https://www.99acres.com/3-bhk-bedroom-apartment-flat-for-sale-in-mayfair-symphony-rathtala-kolkata-south-1110-sq-ft-spid-I83169200,3 BHK Flat,72 Lac,"1,110 sqft",Super Built-up Area,"6,486 /sqft","Rathtala, Kolkata South",,South east facing and open flat.,I83169200,"Mayfair Symphony, Rathtala, Kolkata South",Mayfair Symphony,,[],"['Security / Fire Alarm', 'Intercom Facility', 'Lift(s)', 'Maintenance Staff', 'Security Personnel', 'Fitness Centre / GYM', 'Waste Disposal']","['Baranagar metro station', 'Dakshineshwar metro station', 'Sahid Khudiram Bose Hospital', 'Zenith Super Specialist Hospital']",[],3 Bedrooms,2 Bathrooms,1 Balcony,,1st   of 4 Floors,5 to 10 Year Old,South
Todi Sunny Skyline,https://www.99acres.com/3-bhk-bedroom-apartment-flat-for-sale-in-todi-sunny-skyline-saha-para-fartabad-kolkata-south-1380-sq-ft-spid-K82413758,3 BHK Flat,73 Lac,"1,380 sqft",Super Built-up Area,"5,289 /sqft","Saha Para, Fartabad, Garia",,"Located in the popular residential address of saha para, fartabad, kolkata south, todi sunny skyline is one of the most preferred destination for apartments in kolkata south. This 3 bhk flat is your ticket to be a part of this community. The flat is north-East-Facing. The flat occupies a super built up area of 1380 sq.Ft. That consists of 3 bedrooms, 2 bathrooms and 2 balconies. This flat is si...",K82413758,"Todi Sunny Skyle, Saha Para, Fartabad, Garia",Todi Sunny Skyline,,[],"['Security / Fire Alarm', 'Power Back-up', 'Feng Shui / Vaastu Compliant', 'Intercom Facility', 'Lift(s)', 'Maintenance Staff', 'Visitor Parking', 'Swimming Pool', 'Park', 'Security Personnel', 'Natural Light', 'Airy Rooms', 'Low Density Society', 'Shopping Centre', 'Fitness Centre / GYM', 'Waste Disposal', 'Club house / Community Center']","['Shahid khudiram metro station', 'Kavi subhash metro station', 'Maa kali temple garia dhalua', 'Shani mandir garia dhalua']","['Main Road,Park/Garden']",3 Bedrooms,2 Bathrooms,2 Balconies,,2nd   of 4 Floors,5 to 10 Year Old,North-East
Rajlaxmi Apartment,https://www.99acres.com/2-bhk-bedroom-apartment-flat-for-sale-in-rajlaxmi-apartment-new-shakuntala-park-kolkata-south-950-sq-ft-spid-B82506192,2 BHK Flat,43 Lac,950 sqft,Super Built-up Area,"4,526 /sqft","New Shakuntala Park, Sarsuna, Kolkata",,"Best location in shakuntala park which is at a stone's throw distance from the busstand, auto stand and local markets. Situated on the main road and communication wise the best in the entire area. No water logging problem near the building.",B82506192,"Rajlaxmi Apartment, New Shakuntala Park, Sarsuna, Kolkata",,,"['1 Wardrobe', '1 TV', '1 Modular Kitchen']","['Recently Renovated', 'Bank Attached Property', 'Natural Light', 'Airy Rooms', 'Spacious Interiors', 'Waste Disposal']","['Laxmi Narayan Mandir', 'Sitala Mandir', 'Sakuntala Nursing Home', 'Netaji Eye Hospital', 'Suburban Eye Microsurgery Centre']",['Main Road'],2 Bedrooms,2 Bathrooms,1 Balcony,,2nd   of 4 Floors,10+ Year Old,South
Riddhi Siddhi Park,https://www.99acres.com/2-bhk-bedroom-apartment-flat-for-sale-in-riddhi-siddhi-park-joka-kolkata-south-812-sq-ft-r2-spid-T65453362,2 BHK Flat,40 Lac,812 sqft,Super Built-up Area,"4,926 /sqft","Joka, Kolkata South","Ground Floor
Close to Metro Station
+2",7 minutes walking distance from joka metro station,T65453362,"Riddhi Siddhi Park, Joka, Kolkata South",Riddhi Siddhi Park,,"['1 Wardrobe', '3 Fan', '1 Exhaust Fan', '1 Geyser', '3 Light', '1 Chimney', '6 Curtains', '1 Modular Kitchen']","['Security / Fire Alarm', 'Lift(s)', 'Maintenance Staff', 'Water Storage', 'Visitor Parking', 'Security Personnel', 'Natural Light', 'Airy Rooms', 'Low Density Society', 'Fitness Centre / GYM', 'Waste Disposal', 'Club house / Community Center']","['Bharat Sevashram Sangha Hospital', 'Kasturi Medical Centre Pvt Ltd', 'Gay-Land Nursing Home', 'Bangur Medicare Research Institute']",[],2 Bedrooms,2 Bathrooms,No Balcony,,Ground of 5 Floors,5 to 10 Year Old,South-East
not there,https://www.99acres.com/2-bhk-bedroom-apartment-flat-for-sale-in-south-kolkata-476-sq-ft-spid-L80840253,2 BHK Flat,30 Lac,476 sqft,Built-up Area,"6,302 /sqft","milan tirtha club, Kolkata South",,"We are the proud owners of this 2 bhk apartment available in not there, milan tirtha club, kolkata south. This it is a and the unit is located on ground floor and has a built up area of 143 sq.Ft. . It has 1 bathroom(s) and 1 balcony(s). The ownership is freehold type.",L80840253,"not there, milan tirtha club, Kolkata South, Kolkata",,,[],"['Feng Shui / Vaastu Compliant', 'Security / Fire Alarm', 'Maintenance Staff', 'Water Storage']","['Netaji bhavan metro station', 'Rabindra sadan metro station', 'Ice Skating Rink', 'Jyotirmoyee Radha Krishna Mandir', 'Hsbc ATM']",[],2 Bedrooms,2 Bathrooms,No Balcony,,Ground of 3 Floors,Under Construction,North
Akshara Whispering Willows,https://www.99acres.com/2-bhk-bedroom-apartment-flat-for-sale-in-akshara-whispering-willows-rajarhat-kolkata-east-1800-sq-ft-spid-Y81089889,2 BHK Flat,60 Lac,"1,800 sqft",Super Built-up Area,"3,333 /sqft","Rajarhat, Kolkata","Top Floor
Fitness Center/ Gym
+1","This property is 6 mins. Drive from city center ii. This property comes with an exclusive owner's terrace of 540 sq feet ( So total area flat 978 + private terrace 540 = 1518 sq. Feet ) and parking area of 120 sq feet, property is a corner plot with both sides facing the road. It has 2 bed rooms, 1 balcony, 2 toilet, a very long hall, kitchen and a 540 sq. Feet private terrace attached. Propert...",Y81089889,"Akshara Whisperg Willows, Rajarhat, Kolkata",Akshara Whispering Willows,,"['2 Bed', '2 Wardrobe', '4 Fan', '1 Fridge', '1 Exhaust Fan', '1 Dining Table', '8 Light', '1 AC', '1 Chimney']","['Intercom Facility', 'Lift(s)', 'Maintenance Staff', 'Park', 'Security Personnel', 'Fitness Centre / GYM', 'Club house / Community Center']","['Kali mandir', 'Shitala Mandir', 'Kali Temple', 'Manasha Mandir', 'Kali Mandir', 'Dharmaraj Temple', 'State bank of india ATM']",['Main Road'],2 Bedrooms,2 Bathrooms,1 Balcony,,5th   of 5 Floors,10+ Year Old,South
Purbachal Cluster 11,https://www.99acres.com/2-bhk-bedroom-apartment-flat-for-sale-in-purbachal-cluster-11-sector-3-salt-lake-kolkata-east-823-sq-ft-spid-V83023158,2 BHK Flat,57 Lac,823 sqft,Carpet Area,"6,925 /sqft","Sector 3 Salt Lake, Kolkata",Ground Floor,"Spacious rooms Ground floor ,easy to commute, Nearby is school,markets,hospitals, main road",V83023158,"Purbachal Cluster 11, Sector 3 Salt Lake, Kolkata",,,"['3 Fan', '3 Light']",[],"['Salt lake stadium metro station', 'Bengal chemical metro station', 'City centre metro station', 'Phoolbagan metro station']",['Park/Garden'],2 Bedrooms,2 Bathrooms,2 Balconies,,Ground of 4 Floors,10+ Year Old,East
Greentech City,https://www.99acres.com/2-bhk-bedroom-apartment-flat-for-sale-in-vedic-village-kolkata-east-1100-sq-ft-spid-W81576805,2 BHK Flat,47 Lac,"1,100 sqft",Super Built-up Area,"6,266 /sqft","Vedic Village, Kolkata","East Facing
Gated Society
+2","It's in vedic village, huge complex, full of greenary and complete interiors work done. 3no. Lg ac, modular kitchen, burmateak used, gi windows grill, shower panel, all false ceiling, scandilier light, havells fans and many more fittings....1 covered car parking all inclusive. All papers ok. No brokerage...",W81576805,"Greentech City, Vedic Village, Kolkata",,,"['3 Fan', '1 Fridge', '1 Exhaust Fan', '1 Geyser', '1 Stove', '24 Light', '3 AC', '1 Modular Kitchen', '1 Chimney', '3 Curtains', '1 Bed', '1 Microwave']","['Security / Fire Alarm', 'Intercom Facility', 'Lift(s)', 'Maintenance Staff', 'Water Storage', 'Park', 'Visitor Parking']",[],['Park/Garden'],2 Bedrooms,2 Bathrooms,1 Balcony,,1st   of 5 Floors,1 to 5 Year Old,East
Godrej Prakriti,https://www.99acres.com/2-bhk-bedroom-apartment-flat-for-sale-in-godrej-prakriti-sodepur-kolkata-north-996-sq-ft-spid-P81279763,2 BHK Flat,56 Lac,996 sqft,Carpet Area,"5,622 /sqft","Sodepur, Kolkata North",,"Located on bt road in sodepur, panihati, godrej prakriti is a premium residential complex that seamlessly blends modern amenities with lush natural surroundings. This southeast-Facing apartment, perched on the 15th floor of the everest tower, enjoys abundant natural light and cross ventilation, creating a bright and peaceful living space. Residents benefit from secure basement parking, along wi...",P81279763,"Godrej Prakriti, Sodepur, Kolkata North",Godrej Prakriti,,[],"['Feng Shui / Vaastu Compliant', 'Intercom Facility', 'Lift(s)', 'Maintenance Staff', 'Swimming Pool', 'Park', 'Security Personnel', 'Natural Light', 'Shopping Centre', 'Fitness Centre / GYM', 'Rain Water Harvesting', 'Club house / Community Center', 'Water softening plant']","['Sodpur Station Subway', 'Destination mall', 'SH 2', 'Kedarnath Poddar Primary Schl', 'JIS University', 'ESI Hospital Kamarhati']","['Pool,Park/Garden,Club,Main Road']",2 Bedrooms,2 Bathrooms,1 Balcony,,15th   of 21 Floors,1 to 5 Year Old,North-East
Rupayan,https://www.99acres.com/3-bhk-bedroom-apartment-flat-for-sale-in-jodhpur-park-kolkata-south-1288-sq-ft-spid-N81041675,3 BHK Flat,1.35 Cr,"1,288 sqft",Built-up Area,"12,857 /sqft","Jodhpur Park, Kolkata",,"The flat is a vastu compliant flat and suitable for followers of vastu shastra. The flat is right in front of jodhpur park market with all daily need items easily available. It has been refurbished 8 years back with false ceiling, plumbing and upgraded kitchen. It comes with 1 covered car parking.",N81041675,"Rupayan, Jodhpur Park, Kolkata",,,"['3 Fan', '2 Geyser', '4 Light', '1 Modular Kitchen']","['High Ceiling Height', 'False Ceiling Lighting', 'Recently Renovated', 'Natural Light']","['Nipponzan Myohoji Buddhist Temple', 'Viveknagar Kalibari', 'Jodhpur Park Nursing and Maternity Home Pvt Ltd', 'KD Cure S.C. Das Memorial Medical Center']",[],3 Bedrooms,2 Bathrooms,2 Balconies,,2nd   of 4 Floors,10+ Year Old,
lokenath towers,https://www.99acres.com/3-bhk-bedroom-apartment-flat-for-sale-in-dakshin-dari-kolkata-north-1181-sq-ft-r1-spid-Q79581169,3 BHK Flat,68 Lac,"1,181 sqft",Super Built-up Area,"5,757 /sqft","Daksh Dari, Kolkata",,"We are the proud owners of this 3 bhk apartment available in dakshin dari, lake town , kolkata (North).5 mins distance from vip - Laketown, 20 mins distance from airport,10 mins distance from railway station-Ultadanga.Local bazar and malls available within less than 1 min distance. This unit is located on 3rd floor and has a built up area of 1180 sq.Ft. . It has 2 bathroom(s) 1 balcony.Addition...",Q79581169,"lokenath towers, Daksh Dari, Kolkata",,,[],"['Feng Shui / Vaastu Compliant', 'Security / Fire Alarm', 'Lift(s)', 'Water Storage']",[],"['Main Road,Park/Garden']",3 Bedrooms,2 Bathrooms,1 Balcony,,3rd   of 4 Floors,0 to 1 Year Old,South-East
Ps Nautical,https://www.99acres.com/3-bhk-bedroom-apartment-flat-for-sale-in-ps-nautical-patuli-kolkata-south-1170-sq-ft-spid-G82407560,3 BHK Flat,1.05 Cr,"1,170 sqft",Super Built-up Area,"8,974 /sqft","Patuli, EM Bypass","Gated Society
Corner Property
+1","Resale property, ready to move flat. All modern amenities ar available here. Gated community. Close to metro.",G82407560,"Ps Nautical, Patuli, EM Bypass",,,[],"['Security / Fire Alarm', 'Intercom Facility', 'Lift(s)', 'Maintenance Staff', 'Visitor Parking']","['Kavi subhash metro station', 'Shahid khudiram metro station', 'Kavi nazrul metro station', 'Maa kali temple garia dhalua']",[],3 Bedrooms,2 Bathrooms,1 Balcony,,5th   of 7 Floors,5 to 10 Year Old,South-West
Sugam Park,https://www.99acres.com/3-bhk-bedroom-apartment-flat-for-sale-in-sugam-park-narendrapur-kolkata-south-1860-sq-ft-spid-A81850838,3 BHK Flat,85 Lac,"1,860 sqft",Super Built-up Area,"4,569 /sqft","Narendrapur, Kolkata","Recently Renovated
Gated Society
+2","Located in the popular residential address of narendrapur, kolkata south, sugam park is one of the most preferred destination for apartments in kolkata south. This 3 bhk flat is your ticket to be a part of this community. This residential flat is south-East-Facing direction. The flat is over 1860 sq.Ft. Super built up area and comes with 3 bedroom(s), 3 bathrooms and 2 balconies. The property i...",A81850838,"Sugam Park, Narendrapur, Kolkata",,,[],"['Security / Fire Alarm', 'Feng Shui / Vaastu Compliant', 'Intercom Facility', 'Lift(s)', 'High Ceiling Height', 'Maintenance Staff', 'Water Storage', 'Recently Renovated', 'Visitor Parking', 'Swimming Pool', 'Park', 'Security Personnel', 'Natural Light', 'Airy Rooms', 'Spacious Interiors', 'Low Density Society', 'Shopping Centre', 'Fitness Centre / GYM', 'Waste Disposal', 'Club house / Community Center', 'Water softening plant']","['Sitala mandir', 'Hindustan Health Point Pvt Ltd', 'Remedy Hospital Unit Of Remedy Medical Services Pvt Ltd', 'Namita Biswas Memorial Eye Hospital']",['Park/Garden'],3 Bedrooms,3 Bathrooms,2 Balconies,,1st   of 4 Floors,1 to 5 Year Old,South-East
"Dobson Lane, Madhusudan Apartment",https://www.99acres.com/2-bhk-bedroom-apartment-flat-for-sale-in-shibpur-howrah-1200-sq-ft-r1-spid-P77477103,2 BHK Flat,56 Lac,"1,200 sqft",Super Built-up Area,"4,666 /sqft","Shibpur, Howrah",Overlooking Main Road,"Airy and full of sunlight flat with obstruction free beautiful view from 12th floor. Spectacular viewing of howrah bridges (Rabindra and vidyasagar setu), the ganges, howrah station, victoria memorial, jetty, floatel, etc. Next to plush green huge parks of railways. 400 meters from howrah a.C market Stone's throw distance from fresh vegetable wholesale market. Within 1 km from barabazar. Within...",P77477103,"Dobson Lane, Madhusudan Apartment, Shibpur, Howrah",,,"['6 Wardrobe', '4 Fan', '1 Exhaust Fan', '2 Geyser', '5 Light', '2 AC', '1 Curtains']","['Lift(s)', 'Water Storage']","['Mandirtala Mondir', 'Shibtala', 'Radha Krishna Mandir', 'Dinanta Ashar Kali Mandir', 'Lokenath Baba Mandir', 'Pagoda']","['Main Road,Others']",2 Bedrooms,2 Bathrooms,1 Balcony,Others,12nd   of 13 Floors,10+ Year Old,South-East
Tarama Apartment,https://www.99acres.com/2-bhk-bedroom-apartment-flat-for-sale-in-tarama-apartment-ariadaha-kolkata-north-715-sq-ft-spid-O83231576,2 BHK Flat,23 Lac,715 sqft,Carpet Area,"3,216 /sqft","Ariadaha, Bara Nagar",,"We are the proud owners of this 2 bhk apartment available in tarama apartment, kestopur, kolkata south a c banerjee road kolkata 700057",O83231576,"Tarama Apartment, Ariadaha, Bara Nagar",,,[],[],"['Karunamoyee metro station', 'Salt lake sector v metro station', 'Central park metro station', 'The Church of Jesus Christ of Latter-day Saints']",[],2 Bedrooms,1 Bathroom,1 Balcony,,2nd   of 3 Floors,5 to 10 Year Old,
Swapnoneer Apartment,https://www.99acres.com/2-bhk-bedroom-apartment-flat-for-sale-in-swapnoneer-apartment-nayabad-kolkata-south-835-sq-ft-spid-J83332346,2 BHK Flat,40 Lac,835 sqft,Super Built-up Area,"5,633 /sqft","Nayabad, Kolkata",,"Property is located in the vicinity of market, r n tagore hospital and banks.",J83332346,"Swapnoneer Apartment, Nayabad, Kolkata",Swapnoneer Apartment,,[],"['Power Back-up', 'Feng Shui / Vaastu Compliant']","['Durga mandir', 'Shani mandir garia dhalua', 'Maa kali temple garia dhalua', 'Bikram mess kali mandir', 'Kali temple']",['Others'],2 Bedrooms,2 Bathrooms,1 Balcony,Others,2nd   of 3 Floors,5 to 10 Year Old,North-East
Ambika Apartment,https://www.99acres.com/1-bhk-bedroom-apartment-flat-for-sale-in-jawpur-kolkata-north-560-sq-ft-spid-P83624438,1 BHK Flat,20 Lac,560 sqft,Carpet Area,"3,571 /sqft","Jawpur, Kolkata","Top Floor
Close to Metro Station
+2",Walking distance from dumdum metro station,P83624438,"Ambika Apartment , Jawpur, Kolkata",,,"['1 Wardrobe', '1 Fan', '1 Light']",['Water Storage'],[],[],1 Bedroom,1 Bathroom,1 Balcony,,5th   of 5 Floors,5 to 10 Year Old,South-East
T.P.Mansion,https://www.99acres.com/1-bhk-bedroom-apartment-flat-for-sale-in-jamuna-nagar-kolkata-south-470-sq-ft-spid-C82709736,1 BHK Flat,21.15 Lac,470 sqft,Super Built-up Area,"4,500 /sqft","Jamuna Nagar, EM Bypass","Close to Metro Station
Close to School
+2","Near jyotirindra nandi metro station , sanctioned by kmc, sbi approved",C82709736,"T.P.Mansion, Jamuna Nagar, EM Bypass",,,[],[],"['Maa kali temple', 'Shoni thakur mandir', 'Maa Kali mandir', 'Hindu Temple', 'Lord Shiva Temple', 'Old Radha Krishna Temple']",[],1 Bedroom,1 Bathroom,1 Balcony,,3rd   of 4 Floors,1 to 5 Year Old,North-West
Priyo Mitra Road,https://www.99acres.com/2-bhk-bedroom-apartment-flat-for-sale-in-patipukur-kolkata-north-650-sq-ft-spid-X83125064,2 BHK Flat,32 Lac,650 sqft,Carpet Area,"4,923 /sqft","Patipukur, South Dumdum",,"It's a standalone flat with 2 floor s - 2flats, 1st floor on sale, with airy rooms big hall oen infront and back",X83125064,"Priyo Mitra Road , Patipukur, South Dumdum",,,[],[],[],[],2 Bedrooms,2 Bathrooms,2 Balconies,,1st   of 2 Floors,5 to 10 Year Old,
"aradhana apartment,kendua",https://www.99acres.com/1-bhk-bedroom-apartment-flat-for-sale-in-patuli-kolkata-south-556-sq-ft-r1-spid-X74628395,1 BHK Flat,22 Lac,556 sqft,Super Built-up Area,"3,956 /sqft","Patuli, EM Bypass",,"Spacious dining room, and a bed room with one bathroom",X74628395,"aradhana apartment,kendua, Patuli, EM Bypass",,,[],['Water Storage'],"['Kavi nazrul metro station', 'Shahid khudiram metro station', 'Kavi subhash metro station', 'Sri Sri 108 Doyal Baba Asram']",['Club'],1 Bedroom,1 Bathroom,1 Balcony,,Ground of 4 Floors,10+ Year Old,West
Alcove New Kolkata Sangam,https://www.99acres.com/3-bhk-bedroom-apartment-flat-for-sale-in-alcove-new-kolkata-sangam-serampore-hooghly-1039-sq-ft-spid-H82070486,3 BHK Flat,58 Lac,"1,039 sqft",Super Built-up Area,"8,992 /sqft","Serampore, Hooghly",Fresh Construction,New kolkata sangam to walsh hospital - 2.3 km New kolkata sangam to esihospital distance - 3.2 km New kolkata sangam to care concern hospital pvt ltd - 2.8 km New kolkata sangam to mani kamal hospital - 5.3 km New kolkata sangam to disha eye hospital sheoraphuli - 5.5 km New kolkata sangam to re-Life hospital - 6.2 km New kolkata sangam to paramount hospital - 900 mtr,H82070486,"Alcove New Kolkata Sangam, Serampore, Hooghly",Alcove New Kolkata Sangam,,[],"['Power Back-up', 'Lift(s)', 'Water purifier', 'Bank Attached Property', 'Piped-gas', 'Swimming Pool', 'Park', 'Security Personnel', 'Natural Light', 'Internet/wi-fi connectivity', 'Airy Rooms', 'Low Density Society', 'Fitness Centre / GYM', 'Waste Disposal', 'Rain Water Harvesting', 'Club house / Community Center']",[],"['Pool,Park/Garden,Club,Main Road,Others']",3 Bedrooms,2 Bathrooms,1 Balcony,,17th   of 29 Floors,0 to 1 Year Old,South
Raj Gardens,https://www.99acres.com/4-bhk-bedroom-apartment-flat-for-sale-in-south-kolkata-2400-sq-ft-spid-Y81072219,4 BHK Flat,3 Cr,"2,400 sqft",Super Built-up Area,"12,500 /sqft","sarat Chatterjee Avenue, Kolkata South",,"Raj garden facing rabindra sarobar lake is located in one of kolkata south's most sought after destination for apartments and this 3.5 bhk flat on the first floor of almost new stand alone building of g+5 is your opportunity to be a part of this community. Constructed on a super built area of 2400 sq.Ft., the flat comprises 3.5 bedroom(s), 3 bathrooms .One separate servant cum store room, two c...",Y81072219,"Raj Gardens, sarat Chatterjee Avenue, Kolkata South, Kolkata",,,"['3 Bed', '4 Wardrobe', '1 Water Purifier', '6 Fan', '1 Sofa', '1 Exhaust Fan', '25 Light', '6 AC', '1 Chimney', '1 Curtains']",[],[],[],4 Bedrooms,3 Bathrooms,No Balcony,"Servant Room,Study Room",1st   of 5 Floors,5 to 10 Year Old,
Magnolia Mulberry,https://www.99acres.com/3-bhk-bedroom-apartment-flat-for-sale-in-magnolia-mulberry-new-town-kolkata-east-876-sq-ft-r1-spid-L78222921,3 BHK Flat,73.5 Lac,876 sqft,Carpet Area,"8,390 /sqft","New Town, Kolkata",Fresh Construction,"Just a stone's throw away from akankha more, city centre 2, the upcoming metro station, eco park, sector v, and kolkata airport.",L78222921,"Magnolia Mulberry, New Town, Kolkata",Magnolia Mulberry,,[],"['Security / Fire Alarm', 'Intercom Facility', 'Lift(s)', 'Maintenance Staff', 'Water Storage', 'Visitor Parking']","['City Centre II', 'Sector V', 'Derozio Memorial College', 'Charnock Hospital', 'Airport', 'Eco Park']",[],3 Bedrooms,2 Bathrooms,1 Balcony,,3rd   of 4 Floors,0 to 1 Year Old,South
Kuti Ghat Complex,https://www.99acres.com/2-bhk-bedroom-apartment-flat-for-sale-in-kuti-ghat-complex-bara-nagar-kolkata-north-916-sq-ft-spid-L83644984,2 BHK Flat,45 Lac,916 sqft,Carpet Area,"4,912 /sqft","Bara Nagar, Kolkata",North-East Facing,"North east facing ,specious drawing room ,attached bathroom ,modeller kithchen,balcony facing north ,lift avilable ,apartment is in 2 nd floor out of 4 th floor",L83644984,"Kuti Ghat Complex, Bara Nagar, Kolkata",,,"['3 Wardrobe', '1 Exhaust Fan', '40 Light', '1 Modular Kitchen']","['Lift(s)', 'Maintenance Staff', 'Water Storage']","['Swasti Nursing Home', 'Saraju Nursing Home', 'Astha Medical Services Pvt Ltd', 'Paradise Nursing Home Kolkata', 'Baranagar State General Hospital']",['Park/Garden'],2 Bedrooms,2 Bathrooms,1 Balcony,,2nd   of 4 Floors,1 to 5 Year Old,North-East
Avinandan Apartments,https://www.99acres.com/3-bhk-bedroom-apartment-flat-for-sale-in-avinandan-apartments-kalikapur-kolkata-south-1275-sq-ft-spid-Z82776870,3 BHK Flat,65 Lac,"1,275 sqft",Super Built-up Area,"5,098 /sqft","Kalikapur, Kolkata",,"We are the proud owners of this 3 bhk apartment available in avinandan apartments, kalikapur,kolkata south. This it is a and the unit is located on 1st floor and has a super built-Up area of 1275 sq.Ft. . It has 2 bathroom(s) and 1 balcony(s). The ownership is freehold type.",Z82776870,"Avandan Apartments, Kalikapur, Kolkata",,,"['2 Wardrobe', '5 Fan', '1 Exhaust Fan', '8 Light', '1 Modular Kitchen', '1 Chimney']","['Maintenance Staff', 'Water Storage', 'Visitor Parking']","['Hindu Temple', 'Maa kali temple', 'Shoni thakur mandir', 'Maa Kali mandir', 'Lord Shiva Temple', 'Sada Kali Mandir']",['Main Road'],3 Bedrooms,2 Bathrooms,1 Balcony,,1st   of 3 Floors,10+ Year Old,
Skyline Harmony,https://www.99acres.com/3-bhk-bedroom-apartment-flat-for-sale-in-skyline-harmony-saha-para-fartabad-kolkata-south-1315-sq-ft-spid-G82634500,3 BHK Flat,73 Lac,"1,315 sqft",Super Built-up Area,"5,551 /sqft","Saha Para, Fartabad, Garia","Fitness Center/ Gym
Swimming Pool Available
+1","Resale property, ready to move flat. Very good condition. Gated community with all mordan amenities ar available here. Close to metro station, school and hospital.",G82634500,"Skyle Harmony, Saha Para, Fartabad, Garia",Skyline Harmony,,[],"['Power Back-up', 'Security / Fire Alarm', 'Intercom Facility', 'Lift(s)', 'Swimming Pool', 'Maintenance Staff', 'Water Storage', 'Visitor Parking', 'Fitness Centre / GYM']","['Shahid khudiram metro station', 'Kavi subhash metro station', 'Maa kali temple garia dhalua', 'Shani mandir garia dhalua']",[],3 Bedrooms,2 Bathrooms,1 Balcony,,2nd   of 4 Floors,5 to 10 Year Old,
Fortune Heights,https://www.99acres.com/3-bhk-bedroom-apartment-flat-for-sale-in-fortune-heights-barasat-north-kolkata-987-sq-ft-spid-C82561326,3 BHK Flat,46 Lac,987 sqft,Super Built-up Area,"3,700 /sqft","Barasat, Kolkata North",,"With covered car parking in the same block having south-East open. Two playgrounds both side. No other adjacent blocks near this block, making the apartment very airy . Super pleasant place to stay.",C82561326,"Fortune Heights, Barasat, Kolkata North",Fortune Heights,,[],"['Intercom Facility', 'Lift(s)', 'Maintenance Staff', 'Swimming Pool', 'Park', 'Security Personnel', 'Low Density Society', 'Fitness Centre / GYM', 'Club house / Community Center']","['Dum Dum Metro Station', 'Suncity Mall', 'National Highway 12', 'Brainware University', 'Barasat Government Medical College']","['Pool,Park/Garden,Club,Main Road,Others']",3 Bedrooms,2 Bathrooms,1 Balcony,,5th   of 11 Floors,1 to 5 Year Old,North-West
Rajwada Springfield,https://www.99acres.com/3-bhk-bedroom-apartment-flat-for-sale-in-rajwada-springfield-kamalgazi-kolkata-south-1510-sq-ft-spid-W83028664,3 BHK Flat,75 Lac,"1,510 sqft",Super Built-up Area,"4,966 /sqft","Kamalgazi, Southern Bypass",,The apartment is part of rajwada springfield. Light and airy top floor flat facing south-West. Part of a gated community with all amenities and a club house. Located in rajpur-Sonarpur municipality right after the kamalgazi flyover.,W83028664,"Rajwada Sprgfield, Kamalgazi, Southern Bypass",Rajwada Springfield,,"['4 Fan', '5 Light', '1 Modular Kitchen']","['Power Back-up', 'Security / Fire Alarm', 'Intercom Facility', 'Lift(s)', 'Swimming Pool', 'Maintenance Staff', 'Water Storage', 'Visitor Parking', 'Fitness Centre / GYM']","['Shahid Khudiram', 'Kavi Nazrul', 'FBB', 'BB-WOOD SQUARE MALL', 'Eastern Metropolitan Bypass', 'Nateji Subhash Chandra Bose Rd']",['Main Road'],3 Bedrooms,2 Bathrooms,2 Balconies,,11st   of 12 Floors,1 to 5 Year Old,South-West
SB Enterprise,https://www.99acres.com/3-bhk-bedroom-apartment-flat-for-sale-in-action-area-1-kolkata-east-1750-sq-ft-spid-M82936220,3 BHK Flat,1.25 Cr,"1,750 sqft",Super Built-up Area,"7,142 /sqft","Action Area 1, Kolkata","Gated Society
Corner Property
+2","Sb enterprise is one of kolkata east's most sought after destination for apartments and this 3 bhk flat in action area 1 is your opportunity to be a part of this community. This residential flat is south-East-Facing direction. Containing 3 bedroom(s), 2 bathrooms and 2 balconies, this flat is spread over a super built up area of 1750 sq.Ft. The residential building has 4 floors in total and the...",M82936220,"SB Enterprise, Action Area 1, Kolkata",,,[],"['Feng Shui / Vaastu Compliant', 'Security / Fire Alarm', 'Intercom Facility', 'Lift(s)', 'Maintenance Staff', 'Water Storage', 'Park', 'Visitor Parking']","['Rabindra Tirtha Metro Station', 'Nazrul tirtha metro station', 'Terminus Mall', 'mandir', 'Hdfc bank ATM', 'Axis bank ATM']","['Others,Main Road,Park/Garden']",3 Bedrooms,2 Bathrooms,2 Balconies,Others,2nd   of 4 Floors,1 to 5 Year Old,South-East
Bidhanpally,https://www.99acres.com/2-bhk-bedroom-apartment-flat-for-sale-in-garia-kolkata-south-745-sq-ft-spid-D82806078,2 BHK Flat,31 Lac,745 sqft,Super Built-up Area,"4,161 /sqft","Garia, Kolkata",,"We are the proud owners of this 2 bhk apartment available in mahamaya park apartment, garia, kolkata south. This it is a and the unit is located on 1st floor and has a super built-Up area of 745 sq.Ft. . It has 2 bathroom(s) and 1 balcony(s). The ownership is freehold type.",D82806078,"Bidhanpally, Garia, Kolkata",,,"['2 Fan', '1 Fridge', '1 Exhaust Fan', '1 Dining Table', '1 Geyser', '1 Stove', '8 Light', '1 AC', '1 TV', '1 Curtains', '1 Bed', '2 Wardrobe', '1 Washing Machine', '1 Microwave']","['Feng Shui / Vaastu Compliant', 'Water Storage']",[],[],2 Bedrooms,2 Bathrooms,1 Balcony,,1st   of 3 Floors,5 to 10 Year Old,East
Deganta Apartment,https://www.99acres.com/2-bhk-bedroom-apartment-flat-for-sale-in-kalikapur-kolkata-south-675-sq-ft-spid-X82506530,2 BHK Flat,32 Lac,675 sqft,Carpet Area,"4,740 /sqft","Kalikapur, Kolkata",,"The apartment is located in a very peaceful and well connected locality in santoshpur. Very close to kavi sukanto metro station. Just 2 kms from ruby hospital. Market, atm and other amenities in the vicinity.",X82506530,"Deganta Apartment, Kalikapur, Kolkata",,,[],[],"['Hindu Temple', 'Hanuman Mandir', 'Shitala Mandir', 'Kali Mandir', 'Lord Shiva Temple', 'Sada Kali Mandir', 'Maa kali temple']",[],2 Bedrooms,2 Bathrooms,1 Balcony,,2nd   of 6 Floors,10+ Year Old,
Susoma Apartment,https://www.99acres.com/2-bhk-bedroom-apartment-flat-for-sale-in-susoma-apartment-hridaypur-kolkata-north-1260-sq-ft-spid-O82842992,2 BHK Flat,32 Lac,"1,260 sqft",Carpet Area,"2,539 /sqft","Hridaypur, Kolkata",,"1 minute walking distance from hridaypur rly station (5 minutes from dakbanglow more bus stop), located on the main road between hridaypur - Dakbanglow more",O82842992,"Susoma Apartment, Hridaypur, Kolkata",,,[],[],"['MAA MONOSHA TEMPLE', 'SHONI TEMPLE', 'Church of our Lady of Lourdes', 'Shri Shoni Temple', 'Hari Mandir', 'Amanati Mosque']",[],2 Bedrooms,2 Bathrooms,1 Balcony,Pooja Room,2nd   of 4 Floors,10+ Year Old,
Mahabir Apartment,https://www.99acres.com/2-bhk-bedroom-apartment-flat-for-sale-in-mahabir-apartment-agarpara-kolkata-north-780-sq-ft-spid-A82777240,2 BHK Flat,23 Lac,780 sqft,Super Built-up Area,"3,680 /sqft","Agarpara, Panihati","Top Floor
Close to School
+2","G+4 building. Top floor. 2bedroom(One attached), open kichen cum dining, one common bathroom, one balcuni. Entry- East side main gate Bed room- One master bedroom 16/12 sf. North and west side windows. One attached bathroom. 2nd bed room 9/12 sf. West & south face window. One 3/12 sf balkuni south face. North-West clear. 25ft s.M.Banerjee roan in front of flat. 1.5min distance from agarpara sta...",A82777240,"Mahabir Apartment, Agarpara, Panihati",,,"['1 Geyser', '1 Light', '1 Chimney']","['Lift(s)', 'Maintenance Staff', 'Park']","['Jora Sib Mondir', 'Vijoy Optic and Polyclinic', 'Netaji Sebayan Hospital', 'Green-View Nursing Home Kolkata', 'Eye Care']",['Main Road'],2 Bedrooms,2 Bathrooms,1 Balcony,,4th   of 4 Floors,5 to 10 Year Old,South
Emami City,https://www.99acres.com/2-bhk-bedroom-apartment-flat-for-sale-in-emami-city-jessore-road-kolkata-north-1150-sq-ft-spid-Z83197112,2 BHK Flat,1 Cr,"1,150 sqft",Super Built-up Area,"8,695 /sqft","Jessore Road, Kolkata","North Facing
Dum dum metro station Nearby
+2","This 2 bhk flat is located in emami city, which houses some of the most spacious flats in jessore road, kolkata north. The flat is facing the north direction. The flat occupies a super built up area of 1303 sq.Ft. That consists of 2 bedrooms, 2 bathrooms and 2 balconies. The property is located on the basement floor of a 13 floors tall building. This is a ready to move project and the property ...",Z83197112,"Emami City, Jessore Road, Kolkata",Emami City,,[],"['Power Back-up', 'Feng Shui / Vaastu Compliant', 'Intercom Facility', 'Lift(s)', 'High Ceiling Height', 'Bank Attached Property', 'Piped-gas', 'Swimming Pool', 'Park', 'Natural Light', 'Airy Rooms', 'Shopping Centre', 'Fitness Centre / GYM', 'Waste Disposal', 'Rain Water Harvesting', 'Club house / Community Center']","['Local Market', 'Diamond Plaza', 'Sarojini Naidu College', 'St. Stephen School', 'Motijheel Science College', 'Dum Dum Commerce College']",['Others'],2 Bedrooms,2 Bathrooms,2 Balconies,,Basement of 13 Floors,10+ Year Old,North
new,https://www.99acres.com/2-bhk-bedroom-apartment-flat-for-sale-in-jatragachhi-kolkata-east-900-sq-ft-spid-K83304062,2 BHK Flat,27 Lac,900 sqft,Carpet Area,"3,000 /sqft","Jatragachhi, Kolkata East",Overlooking Main Road,"Prime location,connected with new town,",K83304062,"new, Jatragachhi, Kolkata East, Kolkata",,,"['1 Bed', '1 Water Purifier', '1 Fan', '1 Sofa', '1 Microwave', '1 Light', '1 Chimney']","['Feng Shui / Vaastu Compliant', 'Security / Fire Alarm', 'Lift(s)', 'Maintenance Staff', 'Water Storage', 'Visitor Parking']","['Rabindra Tirtha Metro Station', 'Nazrul tirtha metro station', 'Terminus Mall', 'mandir', 'Hdfc bank ATM', 'Citibank ATM']","['Others,Main Road']",2 Bedrooms,2 Bathrooms,1 Balcony,Others,3rd   of 6 Floors,5 to 10 Year Old,South-West
royal residency,https://www.99acres.com/3-bhk-bedroom-apartment-flat-for-sale-in-behala-kolkata-south-1171-sq-ft-spid-X82418260,3 BHK Flat,60 Lac,"1,171 sqft",Super Built-up Area,"5,123 /sqft","Behala, Kolkata","North Facing
Close to Metro Station
+2","Check out this 3 bhk apartment for sale in royal residency, a popular residential project that houses in-Demand flats in behala, kolkata south. The flat is north-Facing. Constructed on a super built up area of 1171 sq.Ft., the flat comprises 3 bedroom(s), 2 bathrooms and 1 balcony. The flat has a total of 5 floors and this property is situated on 4th floor. This is a ready to move project and t...",X82418260,"royal residency , Behala, Kolkata",,,[],"['Security / Fire Alarm', 'Lift(s)', 'Maintenance Staff', 'Water Storage', 'Natural Light', 'Airy Rooms']","['Behala Market', 'Jagannath Temple', 'Kali Temple', 'Hari Sabha', 'Sitala Mandir', 'Laxmi Narayan Mandir', 'Shibaloy']",['Main Road'],3 Bedrooms,2 Bathrooms,1 Balcony,,4th   of 5 Floors,1 to 5 Year Old,North
Bakul,https://www.99acres.com/2-bhk-bedroom-apartment-flat-for-sale-in-bakul-kasba-kolkata-south-830-sq-ft-spid-E82936484,2 BHK Flat,40 Lac,830 sqft,Built-up Area,"5,333 /sqft","Kasba, Kolkata",,"Flat available on sale at kasba on bb chatterjee road( Bus route) .3rd floor. 2bhk,, 2wash room.",E82936484,"Bakul, Kasba, Kolkata",,,[],[],"['Gariahat Sarbojanin Durgotsab', 'Sitala Mandir-Bondel Road', 'Battala Sitala Mandir', 'Radha Krishna Temple', 'Axis bank ATM']",[],2 Bedrooms,2 Bathrooms,1 Balcony,,3rd   of 3 Floors,10+ Year Old,
Mani Manisri Apartment,https://www.99acres.com/3-bhk-bedroom-apartment-flat-for-sale-in-patuli-kolkata-south-1460-sq-ft-spid-F82407414,3 BHK Flat,1.12 Cr,"1,460 sqft",Super Built-up Area,"7,671 /sqft","Patuli, EM Bypass",,"Resale property, ready to move flat all modern amenities ar available here. Gated community . South east open.",F82407414,"Mani Manisri Apartment , Patuli, EM Bypass",,,"['1 Wardrobe', '1 Fan', '1 Geyser', '1 Light', '1 AC', '1 Modular Kitchen', '1 Chimney']","['Security / Fire Alarm', 'Intercom Facility', 'Lift(s)', 'Maintenance Staff', 'Visitor Parking', 'Park', 'Security Personnel', 'Airy Rooms', 'Spacious Interiors', 'Low Density Society', 'Fitness Centre / GYM', 'Waste Disposal', 'Club house / Community Center', 'Water softening plant']","['Shahid khudiram metro station', 'Kavi subhash metro station', 'Kavi nazrul metro station', 'Sitala mandir', 'Maa kali temple garia dhalua']","['Park/Garden,Main Road']",3 Bedrooms,2 Bathrooms,1 Balcony,,10th   of 10 Floors,5 to 10 Year Old,South-East
Ps Nautical,https://www.99acres.com/3-bhk-bedroom-apartment-flat-for-sale-in-ps-nautical-patuli-kolkata-south-1152-sq-ft-spid-Y81819522,3 BHK Flat,1.08 Cr,"1,152 sqft",Super Built-up Area,"9,375 /sqft","Patuli, EM Bypass","Patuli Nearby
Recently Renovated
+2","Ps nautical is one of kolkata south's most sought after destination for apartments and this 3 bhk flat in patuli is your opportunity to be a part of this community. This property faces the south-East direction. The floor plan additionally contains 3 bedroom(s), 2 bathrooms and 1 balcony. All in all, the flat is spread over a super built up area of 1152 sq.Ft. The residential building has 18 flo...",Y81819522,"Ps Nautical, Patuli, EM Bypass",,,[],"['Security / Fire Alarm', 'Feng Shui / Vaastu Compliant', 'Intercom Facility', 'Lift(s)', 'High Ceiling Height', 'Maintenance Staff', 'Water Storage', 'Recently Renovated', 'Visitor Parking', 'Swimming Pool', 'Park', 'Security Personnel', 'Natural Light', 'Airy Rooms', 'Spacious Interiors', 'Shopping Centre', 'Fitness Centre / GYM', 'Waste Disposal', 'Club house / Community Center', 'Water softening plant']","['Kavi subhash metro station', 'Shahid khudiram metro station', 'Kavi nazrul metro station', 'Maa kali temple garia dhalua']",['Park/Garden'],3 Bedrooms,2 Bathrooms,1 Balcony,,4th   of 18 Floors,1 to 5 Year Old,South-East
Purobi Apartment,https://www.99acres.com/2-bhk-bedroom-apartment-flat-for-sale-in-behala-unique-park-kolkata-south-850-sq-ft-spid-K81670122,2 BHK Flat,36 Lac,850 sqft,Carpet Area,"4,235 /sqft","Behala Unique Park, Kolkata","North Facing
Vitrified Flooring",Semi furnished. North facing. 3 sides open. No lift.,K81670122,"Purobi Apartment, Behala Unique Park, Kolkata",,,"['1 Geyser', '1 Modular Kitchen']",['False Ceiling Lighting'],"['Behala Market', 'Laxmi Narayan Mandir', 'Kali Temple', 'Jagannath Temple', 'Sitala Mandir', 'Hari Sabha', 'Santoshi Maa Mandir']",[],2 Bedrooms,2 Bathrooms,1 Balcony,,1st   of 4 Floors,10+ Year Old,North
Magnolia Prestige Housing Complex,https://www.99acres.com/2-bhk-bedroom-apartment-flat-for-sale-in-bishnupur-kolkata-north-850-sq-ft-r1-spid-Q77466079,2 BHK Flat,40 Lac,850 sqft,Carpet Area,"4,705 /sqft","Bishnupur, Kolkata",,"Situated in bishnupur, kolkata north, magnolia prestige housing complex is a well planned society that offers a pleasant living experience to its residents. This 2 bhk flat in kolkata north is your opportunity to be a part of this community. This residential flat is south-Facing direction. The floor plan additionally contains 2 bedroom(s), 2 bathrooms and 1 balcony. All in all, the flat is spre...",Q77466079,"Magnolia Prestige Housg Complex, Bishnupur, Kolkata",,,[],"['Intercom Facility', 'Lift(s)', 'Swimming Pool', 'Fitness Centre / GYM', 'Club house / Community Center']","['Dakbunglow Shani Kali Mandir', 'Rajarhat Shitala Kali Temple', 'Nathpara Shib Mandir', 'Nathpara Temple', 'Hanuman Mandir']",[],2 Bedrooms,2 Bathrooms,1 Balcony,,1st   of 4 Floors,1 to 5 Year Old,South
"tapas bhavan , parui kancha road",https://www.99acres.com/2-bhk-bedroom-apartment-flat-for-sale-in-ramnarayan-government-colony-kolkata-south-945-sq-ft-spid-R82097170,2 BHK Flat,36.9 Lac,945 sqft,Super Built-up Area,"4,612 /sqft","Ramnarayan Government Colony, Behala","Overlooking Park/Garden
Granite Flooring",Separate car parking and 2 wheeler parking available . Near the garden available .,R82097170,"tapas bhavan , parui kancha road, Ramnarayan Government Colony, Behala",,,"['3 Fan', '1 Exhaust Fan', '6 Light', '1 Modular Kitchen']","['Natural Light', 'Airy Rooms', 'Low Density Society', 'Waste Disposal']","['Behala Market', 'Laxmi Narayan Mandir', 'Sitala Mandir', 'Kali Temple', 'Jagannath Temple', 'Hari Sabha', 'Santoshi Maa Mandir']",['Park/Garden'],2 Bedrooms,2 Bathrooms,1 Balcony,,2nd   of 4 Floors,5 to 10 Year Old,
GLS Ruposi Bangla Phase 1,https://www.99acres.com/3-bhk-bedroom-apartment-flat-for-sale-in-gls-ruposi-bangla-phase-1-new-town-kolkata-east-1359-sq-ft-r1-spid-O78594469,3 BHK Flat,1.25 Cr,"1,359 sqft",Super Built-up Area,"9,197 /sqft","New Town, Kolkata",,"South east facing open Gls ruposi bangla phase 1 by gls realty ( G+4 and b+g+10 ) located in new town kolkata. Current status of properties in gls ruposi bangla phase 1 are under construction.. It offers 2 bhk, 3 bhk bhk residential properties. The project offers world class residential units with top",O78594469,"GLS Ruposi Bangla Phase 1, New Town, Kolkata",GLS Ruposi Bangla Phase 1,,[],"['Security / Fire Alarm', 'Intercom Facility', 'Lift(s)', 'Maintenance Staff', 'Swimming Pool', 'Water Storage', 'Park', 'Fitness Centre / GYM', 'Club house / Community Center', 'Rain Water Harvesting', 'Water softening plant']","['Kali mandir', 'Kali Temple', 'Manasha Mandir', 'Kali Mandir', 'Dharmaraj Temple', 'Mukherjee Barir Durgadalan']","['Park/Garden,Pool,Club,Main Road']",3 Bedrooms,2 Bathrooms,1 Balcony,,12nd   of 12 Floors,0 to 1 Year Old,South-East
Starlite Sunny Seasons,https://www.99acres.com/3-bhk-bedroom-apartment-flat-for-sale-in-starlite-sunny-seasons-garia-kolkata-south-1130-sq-ft-spid-T82416282,3 BHK Flat,60 Lac,"1,130 sqft",Super Built-up Area,"5,309 /sqft","Garia, Kolkata","Gated Society
Overlooking Park/Garden
+2",Resale property ready to move flat. All mordan amenities ar available here. Gated community. Close to metro.,T82416282,"Starlite Sunny Seasons, Garia, Kolkata",Starlite Sunny Seasons,,[],"['Power Back-up', 'Security / Fire Alarm', 'Intercom Facility', 'Lift(s)', 'Swimming Pool', 'Maintenance Staff', 'Park', 'Visitor Parking', 'Security Personnel', 'Fitness Centre / GYM', 'Club house / Community Center']","['Shahid khudiram metro station', 'Kavi subhash metro station', 'Kavi nazrul metro station', 'Maa kali temple garia dhalua']","['Pool,Park/Garden,Club']",3 Bedrooms,2 Bathrooms,1 Balcony,,3rd   of 4 Floors,10+ Year Old,South-East
Brahmaputra Apartment,https://www.99acres.com/2-bhk-bedroom-apartment-flat-for-sale-in-nager-bazar-kolkata-north-975-sq-ft-r1-spid-B75767115,2 BHK Flat,47.5 Lac,975 sqft,Super Built-up Area,"5,641 /sqft","Nager Bazar, Jessore Road","East Facing
Corner Property
+1","One of kolkata north's most sought after destination, 2 bhk flat opposite to diamond plaza mall, nager bazar. Floor plan is attached - Vastu friendly, contains 2 bedroom(s), 2 bathrooms and 2 balcony, completly open from 3 side, so ample of light and air is key highlight of flat. All in all flat is spread over a super built up area of 975 sq.Ft. Outdoor building paint and renovation completed r...",B75767115,"Brahmaputra Apartment, Nager Bazar, Jessore Road",,,"['1 Water Purifier', '4 Fan', '1 Exhaust Fan', '5 Light']","['Feng Shui / Vaastu Compliant', 'Private Garden / Terrace', 'Lift(s)', 'Water Storage', 'Park', 'Recently Renovated', 'Visitor Parking', 'Natural Light', 'Airy Rooms', 'Spacious Interiors']","['Lichubagan Radha Krishna Temple', 'Hanuman Mandir', 'Shitala Mandir', 'Axis bank ATM', 'Allahabad bank ATM', 'State bank of india ATM']",['Park/Garden'],2 Bedrooms,2 Bathrooms,2 Balconies,,4th   of 4 Floors,5 to 10 Year Old,East
Magnolia City,https://www.99acres.com/1-bhk-bedroom-apartment-flat-for-sale-in-magnolia-city-barasat-north-kolkata-509-sq-ft-spid-Q82950104,1 BHK Flat,20 Lac,509 sqft,Super Built-up Area,"3,929 /sqft","Barasat, Kolkata North","East Facing
Close to School
+2","Very well connected with hospital, schools & college and shortly metro connectivity will be there",Q82950104,"Magnolia City, Barasat, Kolkata North",Magnolia City,,"['1 Bed', '1 Wardrobe', '1 Fan', '1 Geyser', '2 Light']","['Security / Fire Alarm', 'Power Back-up', 'Feng Shui / Vaastu Compliant', 'Intercom Facility', 'Lift(s)', 'Maintenance Staff', 'Water Storage', 'Piped-gas', 'Visitor Parking', 'Swimming Pool', 'Security Personnel', 'Internet/wi-fi connectivity', 'Shopping Centre', 'Fitness Centre / GYM', 'Club house / Community Center']","['Nilganj, Bazi Market', 'Star Mall, Jessore Road Madhyamgram', 'Colony More Barasat', 'Newtown', 'Sector-V Salt Lake']",[],1 Bedroom,1 Bathroom,No Balcony,,3rd   of 8 Floors,5 to 10 Year Old,East
Deep Apartment,https://www.99acres.com/1-bhk-bedroom-apartment-flat-for-sale-in-deep-apartment-kasba-kolkata-south-415-sq-ft-spid-B82545768,1 BHK Flat,26 Lac,415 sqft,Carpet Area,"6,265 /sqft","Kasba, Kolkata","Recently Renovated
Overlooking Main Road",All side open . Spacious. Excellent peaceful locality . Front gate visible from top.,B82545768,"Deep Apartment, Kasba, Kolkata",Deep Apartment,,[],"['Maintenance Staff', 'Water Storage', 'Recently Renovated', 'Natural Light', 'Airy Rooms', 'Spacious Interiors']","['Battala Sitala Mandir', 'Radha Krishna Temple', 'Sitala Mandir-Bondel Road', 'Shani Temple', 'Axis bank ATM', 'State bank of india ATM']",['Main Road'],1 Bedroom,1 Bathroom,1 Balcony,,2nd   of 3 Floors,10+ Year Old,South
kolkata metropoliton development authority,https://www.99acres.com/2-bhk-bedroom-apartment-flat-for-sale-in-mohan-pur-kolkata-north-620-sq-ft-r1-spid-G78312465,2 BHK Flat,21 Lac,620 sqft,Carpet Area,"3,387 /sqft","Mohan Pur, Barrackpore",,Well ventilated south open property in a gated community facing barasat and kalyani highway society have own market and community hall,G78312465,"kolkata metropoliton development authority, Mohan Pur, Barrackpore",,,[],"['Security / Fire Alarm', 'Park']","['Jaffarpur Chal Bazar', 'Nonachandanpukur Municipal Market', 'Axisbank ATM', 'Axis bank ATM', 'New Panacea Hospital']","['Pool,Park/Garden,Club,Main Road']",2 Bedrooms,1 Bathroom,1 Balcony,,2nd   of 3 Floors,5 to 10 Year Old,South
Future Da,https://www.99acres.com/3-bhk-bedroom-apartment-flat-for-sale-in-da-block-newtown-kolkata-east-1480-sq-ft-spid-H82627952,3 BHK Flat,1.1 Cr,"1,480 sqft",Super Built-up Area,"7,432 /sqft","DA Block Newtown, New Town","Fresh Construction
Gated Society
+2","Looking for a 3 bhk property for sale in kolkata east? Buy this 3 bhk flat in future da that is situated in da block newtown, kolkata east. This property faces the south-East direction. The flat is over 1480 sq.Ft. Super built up area and comes with 3 bedroom(s), 2 bathrooms and 2 balconies. This flat lies on the 2nd level of a 4 storey building. As the project is already ready to move, so you ...",H82627952,"Future Da , DA Block Newtown, New Town",,,[],"['Feng Shui / Vaastu Compliant', 'Security / Fire Alarm', 'Intercom Facility', 'Lift(s)', 'Maintenance Staff', 'Water Storage', 'Park', 'Visitor Parking']","['Rabindra Tirtha Metro Station', 'Nazrul tirtha metro station', 'Terminus Mall', 'mandir', 'Hdfc bank ATM', 'Citibank ATM']","['Park/Garden,Main Road']",3 Bedrooms,2 Bathrooms,2 Balconies,,2nd   of 4 Floors,0 to 1 Year Old,South-East
Sunrise Green,https://www.99acres.com/3-bhk-bedroom-apartment-flat-for-sale-in-sunrise-green-new-town-kolkata-east-1550-sq-ft-spid-K82374674,3 BHK Flat,1.65 Cr,"1,550 sqft",Super Built-up Area,"10,774 /sqft","New Town, Kolkata","Private Garden
Recently Renovated
+2","Sunrise green is one of kolkata east's most sought after destination for apartments and this 3 bhk flat in new town is your opportunity to be a part of this community. The flat is facing the south-East direction. The flat is over 1550 sq.Ft. Super built up area and comes with 3 bedroom(s), 2 bathrooms and 1 balcony. The flat has a total of 15 floors and this property is situated on 12th floor. ...",K82374674,"Sunrise Green, New Town, Kolkata",,,"['1 Water Purifier', '4 Fan', '1 Fridge', '1 Exhaust Fan', '1 Dining Table', '2 Geyser', '1 Stove', '8 Light', '4 AC', '2 TV', '1 Modular Kitchen', '1 Chimney', '1 Curtains', '4 Bed', '3 Wardrobe', '1 Sofa', '1 Washing Machine', '1 Microwave']","['Centrally Air Conditioned', 'Water purifier', 'Security / Fire Alarm', 'Feng Shui / Vaastu Compliant', 'Private Garden / Terrace', 'Intercom Facility', 'Lift(s)', 'High Ceiling Height', 'Maintenance Staff', 'False Ceiling Lighting', 'Water Storage', 'Separate entry for servant room', 'Piped-gas', 'Internet/wi-fi connectivity', 'Recently Renovated', 'Visitor Parking', 'Swimming Pool', 'Park', 'Security Personnel', 'Natural Light', 'Airy Rooms', 'Spacious Interiors', 'Low Density Society', 'Waste Disposal', 'Rain Water Harvesting', 'Water softening plant', 'Shopping Centre', 'Fitness Centre / GYM', 'Club house / Community Center']","['Nazrul tirtha metro station', 'Rabindra Tirtha Metro Station', 'Terminus Mall', 'mandir', 'Hdfc bank ATM', 'Citibank ATM']","['Park/Garden,Pool,Club,Main Road,Others']",3 Bedrooms,2 Bathrooms,1 Balcony,,12nd   of 15 Floors,1 to 5 Year Old,South-East
Metropolitan CHS,https://www.99acres.com/2-bhk-bedroom-apartment-flat-for-sale-in-metropolitan-chs-tangra-kolkata-central-822-sq-ft-spid-K82052058,2 BHK Flat,62 Lac,822 sqft,Carpet Area,"7,542 /sqft","Tangra, Kolkata",,"The view, locality, the owner also gets an under roof garage facility (Price excluded), highly secured locality, security cameras with sensors throughout the building, cleaners and lot more.",K82052058,"Metropolitan CHS, Tangra, Kolkata",,,[],"['Feng Shui / Vaastu Compliant', 'Security / Fire Alarm', 'Lift(s)', 'High Ceiling Height', 'Maintenance Staff', 'Water Storage', 'Park', 'Visitor Parking', 'Club house / Community Center', 'Waste Disposal', 'Rain Water Harvesting']","['Salt lake stadium metro station', 'IA market', 'Chinese Kali Temple', 'Axis bank ATM', 'United bank of india ATM', 'H.P.Poddar Memorial Clinic And Nursing Home']","['Park/Garden,Club,Main Road']",2 Bedrooms,2 Bathrooms,1 Balcony,,5th   of 5 Floors,1 to 5 Year Old,
South Wind,https://www.99acres.com/3-bhk-bedroom-apartment-flat-for-sale-in-south-wind-rajpur-southern-bypass-kolkata-south-1265-sq-ft-spid-R81101675,3 BHK Flat,85 Lac,"1,265 sqft",Built-up Area,"6,719 /sqft","Rajpur, Southern Bypass",,Spacious drowning cum dinning Spacious bed rooms High class interiors Covered independent car parking Price negotiable Additional details :,R81101675,"South Wd, Rajpur, Southern Bypass",,,[],[],"['Government Hospital', 'Subhas gram railway station', 'Mallikpur railway station']",[],3 Bedrooms,2 Bathrooms,1 Balcony,,4th   of 12 Floors,1 to 5 Year Old,North-East
Devaloke Sonar City,https://www.99acres.com/3-bhk-bedroom-apartment-flat-for-sale-in-devaloke-sonar-city-kamalgazi-kolkata-south-1274-sq-ft-spid-P82675936,3 BHK Flat,87 Lac,"1,274 sqft",Super Built-up Area,"6,828 /sqft","Kamalgazi, Southern Bypass","Private Garden
Recently Renovated
+2","This 3 bhk flat is located in devaloke sonar city, which houses some of the most spacious flats in kamalgazi, kolkata south. The floor plan additionally contains 3 bedroom(s), 2 bathrooms and 1 balcony. All in all, the flat is spread over a super built up area of 1272 sq.Ft. The flat has a total of 11 floors and this property is situated on 7th floor. As the project is already ready to move, so...",P82675936,"Devaloke Sonar City, Kamalgazi, Southern Bypass",Devaloke Sonar City,,"['1 Water Purifier', '4 Fan', '1 Exhaust Fan', '1 Geyser', '6 Light', '2 AC', '1 Modular Kitchen', '1 Curtains', '3 Bed', '3 Wardrobe', '1 Sofa']","['Security / Fire Alarm', 'Feng Shui / Vaastu Compliant', 'Private Garden / Terrace', 'Intercom Facility', 'Lift(s)', 'Maintenance Staff', 'Water Storage', 'Recently Renovated', 'Visitor Parking', 'Swimming Pool', 'Park', 'Security Personnel', 'Natural Light', 'Airy Rooms', 'Low Density Society', 'Fitness Centre / GYM', 'Club house / Community Center']","['Kavi Nazrul', 'Woodsquare', 'EM bypass', 'Future Campus School', 'South Star Nursing Home', 'Sonarpur Railway Station']","['Park/Garden,Main Road']",3 Bedrooms,2 Bathrooms,1 Balcony,,7th   of 11 Floors,1 to 5 Year Old,
Siddha Happyville,https://www.99acres.com/2-bhk-bedroom-apartment-flat-for-sale-in-siddha-happyville-rajarhat-kolkata-east-975-sq-ft-spid-D82757130,2 BHK Flat,61 Lac,975 sqft,Super Built-up Area,"6,256 /sqft","Rajarhat, Kolkata","Power Back-up
Gated Society
+2",Its a 2 bhk flat in siddha happyville with one mlcp parking space and flat is on 2nd floor which view podium where all ameniities and facilities are there. The price and availabitity of the flat subject to change without any prior notice,D82757130,"Siddha Happyville, Rajarhat, Kolkata",Siddha Happyville,,[],"['Power Back-up', 'Intercom Facility', 'Lift(s)', 'Swimming Pool', 'Maintenance Staff', 'Park', 'Security Personnel', 'Fitness Centre / GYM', 'Club house / Community Center', 'Waste Disposal', 'Rain Water Harvesting']","['Central Park Metro Station', 'City Centre New Town', 'Rajarhat Main Rd', 'Hariyana International Academy', 'Aliah University']","['Park/Garden,Main Road']",2 Bedrooms,2 Bathrooms,1 Balcony,,2nd   of 19 Floors,1 to 5 Year Old,South-East
Merlin Greens,https://www.99acres.com/2-bhk-bedroom-apartment-flat-for-sale-in-merlin-greens-aamtala-kolkata-south-1100-sq-ft-spid-R83130344,2 BHK Flat,40 Lac,"1,100 sqft",Super Built-up Area,"3,636 /sqft","Amtala, Kolkata South",,"This property a-4005 is a fully furnished studio/duplex apartment in block-I comprising of both fourth and fifth floor under project nirvana situated within the premises of merlin greens at amtala, kriparampore, diamond harbour road, south 24 parganas. One can easily access both the floors from inside through staircase with spacious rooms with an open balcony on both floors . Amenities includes...",R83130344,"Merl Greens, Amtala, Kolkata South",Merlin Greens,,"['2 Bed', '2 Wardrobe', '3 Fan', '1 Fridge', '1 Sofa', '1 Dining Table', '7 Light', '3 AC', '1 TV', '1 Modular Kitchen']","['Security / Fire Alarm', 'Private Garden / Terrace', 'Intercom Facility', 'Lift(s)', 'High Ceiling Height', 'Maintenance Staff', 'False Ceiling Lighting', 'Water Storage', 'Visitor Parking', 'Swimming Pool', 'Park', 'Security Personnel', 'Natural Light', 'Internet/wi-fi connectivity', 'Airy Rooms', 'Spacious Interiors', 'Low Density Society', 'Waste Disposal', 'Club house / Community Center']",[],"['Pool,Main Road,Club,Others']",2 Bedrooms,2 Bathrooms,1 Balcony,,4th   of 5 Floors,10+ Year Old,South-West
Orchard Avaasa,https://www.99acres.com/2-bhk-bedroom-apartment-flat-for-sale-in-chinar-park-kolkata-east-1053-sq-ft-spid-X78384141,2 BHK Flat,85 Lac,"1,053 sqft",Super Built-up Area,"8,072 /sqft","Char Park, Kolkata",,"Located in a very good position wide open in all the sides, very well connected, 1 km away from biswa bangla road and metro station, on the other side rajarhat road is 50 mtrs away, citi centre ii is 1.5 km away. Market, schools, hospitals are nearby. Flat is east facing, for all the rooms east side is open, full of light & air. Rooms are of standard size & the living room is of proper size.",X78384141,"Orchard Avaasa , Char Park, Kolkata",,,[],"['Security / Fire Alarm', 'Intercom Facility', 'Lift(s)', 'Maintenance Staff', 'Swimming Pool', 'Water Storage', 'Park', 'Fitness Centre / GYM', 'Club house / Community Center']","['Shitala Mandir', 'State bank of india ATM', 'Union bank of india ATM', 'Axis bank ATM', 'Bank of baroda ATM', 'Hdfc bank ATM']",['Main Road'],2 Bedrooms,2 Bathrooms,1 Balcony,,10th   of 13 Floors,0 to 1 Year Old,East
Siddha Xanadu Condominium,https://www.99acres.com/2-bhk-bedroom-apartment-flat-for-sale-in-siddha-xanadu-condominium-rajarhat-kolkata-east-1010-sq-ft-spid-H82948964,2 BHK Flat,66 Lac,"1,010 sqft",Super Built-up Area,"6,534 /sqft","Rajarhat, Kolkata","Gated Society
Furnished
+2","Located in the popular residential address of rajarhat, kolkata east, siddha xanadu condominium is one of the most preferred destination for apartments in kolkata east. This 2 bhk flat is your ticket to be a part of this community. This property faces the west direction. The flat occupies a super built up area of 1010 sq.Ft. That consists of 2 bedrooms, 2 bathrooms and 1 balcony. The flat has a...",H82948964,"Siddha Xanadu Condomium, Rajarhat, Kolkata",Siddha Xanadu Condominium,,"['1 Water Purifier', '1 Fridge', '3 Fan', '1 Exhaust Fan', '1 Dining Table', '2 Geyser', '1 Stove', '10 Light', '1 TV', '2 AC', '1 Chimney', '1 Curtains', '1 Modular Kitchen', '2 Bed', '2 Wardrobe', '1 Sofa', '1 Microwave', '1 Washing Machine']","['Security / Fire Alarm', 'Power Back-up', 'Feng Shui / Vaastu Compliant', 'Intercom Facility', 'Lift(s)', 'Water purifier', 'Maintenance Staff', 'Water Storage', 'Visitor Parking', 'Swimming Pool', 'Park', 'Security Personnel', 'Natural Light', 'Internet/wi-fi connectivity', 'Airy Rooms', 'Low Density Society', 'Shopping Centre', 'Fitness Centre / GYM', 'Waste Disposal', 'Rain Water Harvesting', 'Club house / Community Center', 'Water softening plant']","['Kali mandir', 'Manasha Mandir', 'Kali Temple', 'Kali Mandir', 'Dharmaraj Temple', 'Mukherjee Barir Durgadalan']","['Park/Garden,Main Road']",2 Bedrooms,2 Bathrooms,1 Balcony,,9th   of 11 Floors,1 to 5 Year Old,West
SGIL Residenzza,https://www.99acres.com/2-bhk-bedroom-apartment-flat-for-sale-in-sgil-residenzza-airport-kolkata-north-956-sq-ft-r1-spid-R79872603,2 BHK Flat,38 Lac,956 sqft,Carpet Area,"3,974 /sqft","Airport, Dum Dum","North Facing
Close to School
+2","Sgil residenzza... A society of 330+ apartments in a gated community.. Located at airport gate no: 3.. On the belghoria expressway start point.. The society is opposite to airport city hotel. The society has gated security, community hall, gym, swimming pool, lifts, joggers way, and celebrates all festivals like durga puja etc... The apartment is in block 3.. 4th floor.. 956 sq ft super build u...",R79872603,"SGIL Residenzza, Airport, Dum Dum",SGIL Residenzza,,"['1 Water Purifier', '5 Fan', '1 Fridge', '1 Exhaust Fan', '1 Dining Table', '1 Geyser', '8 Light', '1 AC', '1 TV', '1 Chimney', '1 Curtains', '3 Bed', '2 Wardrobe']","['Power Back-up', 'Intercom Facility', 'Lift(s)', 'Swimming Pool', 'Maintenance Staff', 'Park', 'Security Personnel', 'Fitness Centre / GYM', 'Club house / Community Center']","['Shitala Mandir', 'Mother Teresa Church', 'Dr. Rathikul Hasan', 'Phoenix Hospital And Diagnostic Centre Pvt Ltd', 'North Dum Dum Municipality Hospital']",['Others'],2 Bedrooms,2 Bathrooms,1 Balcony,,4th   of 5 Floors,10+ Year Old,North
"Ideal Towers, Iqbalpore More",https://www.99acres.com/3-bhk-bedroom-apartment-flat-for-sale-in-khidirpur-kolkata-south-1495-sq-ft-spid-U81527621,3 BHK Flat,1.75 Cr,"1,495 sqft",Built-up Area,"11,705 /sqft","Khidirpur, Kolkata","Gated Society
Fitness Center/ Gym
+2","Ideal towers is one of the most popular destination for buying apartments/ flats in khidirpur, kolkata south. You too can be a part of this society by purchasing this 3 bhk flat here. Constructed on a built up area of 1495 sq.Ft., the flat comprises 3 bedroom(s), 2 bathrooms and 1 balcony. The residential building has 9 floors in total and the flat for sale is located on the 4th floor. As the p...",U81527621,"Ideal Towers, Iqbalpore More, Khidirpur, Kolkata",,,"['2 Wardrobe', '3 Fan', '3 Light']","['Power Back-up', 'Intercom Facility', 'Lift(s)', 'Swimming Pool', 'Maintenance Staff', 'Park', 'Security Personnel', 'Natural Light', 'Airy Rooms', 'Shopping Centre', 'Fitness Centre / GYM', 'Club house / Community Center']","['Five Star Market', 'Fancy Market', 'Ismail Mosque', 'Sitala Mandir', 'Patitpabon Mandir', 'Syed Jalal Shah Masjid']",[],3 Bedrooms,2 Bathrooms,1 Balcony,,4th   of 9 Floors,10+ Year Old,
Naoolin Debanistha,https://www.99acres.com/3-bhk-bedroom-apartment-flat-for-sale-in-naoolin-debanistha-new-town-kolkata-east-1220-sq-ft-spid-F81866342,3 BHK Flat,85 Lac,"1,220 sqft",Super Built-up Area,"6,967 /sqft","New Town, Kolkata","North Facing
Vitrified Flooring","The property is in prime location, very near to metro, market. The most important is that the property is unused. The rooms are very specious and open.",F81866342,"Naool Debanistha, New Town, Kolkata",Naoolin Debanistha,,['4 Light'],"['Lift(s)', 'High Ceiling Height']","['State bank of india ATM', 'Belle Vue Hospital', 'Apollo Pharmacy', 'DLF IT Park', 'Shapoorji Bus Stand', ""St. Xavier's University""]",[],3 Bedrooms,2 Bathrooms,1 Balcony,,1st   of 4 Floors,1 to 5 Year Old,North
Ujan Appartment,https://www.99acres.com/2-bhk-bedroom-apartment-flat-for-sale-in-birati-kolkata-north-875-sq-ft-spid-R82935160,2 BHK Flat,35 Lac,875 sqft,Super Built-up Area,"4,000 /sqft","Birati, Kolkata","Gated Society
Corner Property
+1","This beautiful 2 bhk flat in birati, kolkata north is situated in ujan appartment, one of the popular residential society in kolkata north. The flat is facing the south direction. Containing 2 bedroom(s), 2 bathrooms and 1 balcony, this flat is spread over a super built up area of 875 sq.Ft. The property is located on the 2nd floor of a 4 floors tall building. As the project is already ready to...",R82935160,"Ujan Appartment, Birati, Kolkata",,,[],"['Feng Shui / Vaastu Compliant', 'Security / Fire Alarm', 'Lift(s)', 'Maintenance Staff', 'Water Storage', 'Park', 'Visitor Parking']","['Mother Teresa Church', 'Shitala Mandir', 'Bindubasini Nursing Home', 'Asmii Eye Foundation', 'Birati Nursing Home Pvt. Ltd.']",[],2 Bedrooms,2 Bathrooms,1 Balcony,,2nd   of 4 Floors,1 to 5 Year Old,South-West
Siddha Eden LakeVille,https://www.99acres.com/3-bhk-bedroom-apartment-flat-for-sale-in-siddha-eden-lakeville-bt-road-kolkata-north-1300-sq-ft-r8-spid-U70461982,3 BHK Flat,99 Lac,"1,300 sqft",Super Built-up Area,"7,615 /sqft","BT Road, Kolkata","North Facing
Gated Society
+2","Situated in bt road, kolkata north, siddha eden lakeville is a well planned society that offers a pleasant living experience to its residents. This 3 bhk flat in kolkata north is your opportunity to be a part of this community. The flat is facing the north direction. The flat is over 1495 sq.Ft. Super built up area and comes with 3 bedroom(s), 3 bathrooms and 1 balcony. The flat has a total of ...",U70461982,"Siddha Eden LakeVille, BT Road, Kolkata",Siddha Eden LakeVille,,[],"['Intercom Facility', 'Lift(s)', 'Swimming Pool', 'Park', 'Fitness Centre / GYM', 'Club house / Community Center', 'Rain Water Harvesting']","['Noapara Metro Station', 'City Centre Salt Lake', 'Rai Mohon Banerjee Rd', 'Belghoria Expy', 'Central Modern School']",[],3 Bedrooms,3 Bathrooms,1 Balcony,,21st   of 24 Floors,1 to 5 Year Old,North
Siddha Waterfront,https://www.99acres.com/2-bhk-bedroom-apartment-flat-for-sale-in-siddha-waterfront-khardah-kolkata-north-529-sq-ft-r1-spid-R77959003,2 BHK Flat,42.25 Lac,529 sqft,Carpet Area,"7,986 /sqft","Khardah, BT Road","Gated Society
Overlooking Main Road
+1",No brokers in between....Deal directly with owner. Open from south direction. First block on entry to siddha premise after commercial building. 50 m from main gate of siddha waterfront,R77959003,"Siddha Waterfront, Khardah, BT Road",Siddha Waterfront,,[],"['Security / Fire Alarm', 'Intercom Facility', 'Lift(s)', 'Maintenance Staff', 'Water Storage', 'Visitor Parking', 'Swimming Pool', 'Park', 'Security Personnel', 'Fitness Centre / GYM', 'Rain Water Harvesting', 'Club house / Community Center', 'Water softening plant']","['Way to Baranagar Metro Station', 'Destination mall', 'Kalyani Expy', 'Kismat Bandipur F.P School', 'Swami Vivekananda University']",['Main Road'],2 Bedrooms,2 Bathrooms,1 Balcony,,6th   of 12 Floors,0 to 1 Year Old,South-East
Sananda Apartment,https://www.99acres.com/3-bhk-bedroom-apartment-flat-for-sale-in-bally-howrah-1200-sq-ft-spid-J81876754,3 BHK Flat,60 Lac,"1,200 sqft",Carpet Area,"5,000 /sqft","Bally, Howrah",Top Floor,"Can see dakshineswar temple, ganga river from the flat.Dealshmineswar metro 7 min walk, 1 km, bally ghat station connecting to dumdum & sealdah 2 min walk. Airport : 10 km, salt lake sector 5 : 6 km. From the flat one can enjoy river view, old bally bridge, nivedita setu and can see the greenary with 5 different rows of train as well as vehicles way, providing hilly view. All building materials...",J81876754,"Sananda Apartment, Bally, Howrah",,,"['6 Fan', '1 Fridge', '1 Exhaust Fan', '1 Dining Table', '1 Stove', '15 Light', '1 AC', '1 Curtains', '4 Bed', '1 Wardrobe', '1 Sofa']","['Lift(s)', 'Water Storage', 'Natural Light', 'Airy Rooms', 'Spacious Interiors']","['Dakshineshwar metro station', 'Netra Jyoti Eye Care Centre', 'Micro Point Nursing Home for total EYE Care', 'Swasti Nursing Home']",['Others'],3 Bedrooms,3 Bathrooms,2 Balconies,Pooja Room,4th   of 4 Floors,10+ Year Old,South-East
Manimala Residency,https://www.99acres.com/2-bhk-bedroom-apartment-flat-for-sale-in-east-balia-kolkata-south-848-sq-ft-spid-K80159405,2 BHK Flat,34 Lac,848 sqft,Built-up Area,"4,009 /sqft","East Balia, Garia",,Best in class property available at new garia location in kolkata.,K80159405,"Manimala Residency, East Balia, Garia",,,"['2 Fan', '1 Exhaust Fan', '6 Light', '1 Modular Kitchen']","['Security / Fire Alarm', 'Lift(s)', 'Maintenance Staff', 'Water Storage', 'Visitor Parking']","['Kavi subhash metro station', 'Shahid khudiram metro station', 'Maa kali temple garia dhalua', 'Shani mandir garia dhalua']",['Club'],2 Bedrooms,2 Bathrooms,1 Balcony,,2nd   of 3 Floors,10+ Year Old,South-West
individual,https://www.99acres.com/2-bhk-bedroom-apartment-flat-for-sale-in-durganagar-kolkata-north-1080-sq-ft-spid-K82782866,2 BHK Flat,45.36 Lac,"1,080 sqft",Super Built-up Area,"4,200 /sqft","Durganagar, Belgharia Expressway, Kolkata","Dumdum cantonment metro Nearby
Nalta high school Nearby
+2","Flat location:Duraganagar railway station,,walking distance 3min away from flat Market/bajar walking just 1min away Metro nearby 5 mins Belgharia expressway nearby 5 min Located in the popular residential address of durganagar, kolkata north, individual is one of the most preferred destination for apartments in kolkata north. This 2 bhk flat is your ticket to be a part of this community. Contai...",K82782866,"dividual , Durganagar, Belgharia Expressway, Kolkata",,,[],[],"['Shitala Mandir', 'Mother Teresa Church', 'Lichubagan Radha Krishna Temple', 'Manorama Nursing Home', 'Aparna Nursing Home']",[],2 Bedrooms,2 Bathrooms,1 Balcony,,5th   of 6 Floors,0 to 1 Year Old,South-West
Irsha Appartment,https://www.99acres.com/2-bhk-bedroom-apartment-flat-for-sale-in-sree-colony-kolkata-south-624-sq-ft-spid-A83431082,2 BHK Flat,27.5 Lac,624 sqft,Built-up Area,"4,326 /sqft","Sree Colony, Kolkata",,"It is a 2bhk apartment on the first floor with marble flooring with south open. It is very near to g.D birla school with all the amenities like grocery shop, vegetable market, and important hospitals like iris hospital, kpc hospital very nearby. There is a children's park nearby. Close to rickshaw stand n main road. It's a sanctioned flat with all papers ready and taxes up to date.Need to sell ...",A83431082,"Irsha Appartment, Sree Colony, Kolkata",,,"['1 Bed', '1 Exhaust Fan', '2 AC']","['Feng Shui / Vaastu Compliant', 'Water Storage', 'Park', 'Visitor Parking']","['Sri Sri 108 Doyal Baba Asram', 'Sitala Temple', 'Sree Guru Sangha Main Gate', 'Lake Pally Shiv Mandir', 'Viveknagar Kalibari']","['Main Road,Club']",2 Bedrooms,2 Bathrooms,1 Balcony,,1st   of 4 Floors,10+ Year Old,South
SGIL Gardenia,https://www.99acres.com/3-bhk-bedroom-apartment-flat-for-sale-in-sgil-gardenia-narendrapur-kolkata-south-1127-sq-ft-spid-V81451723,3 BHK Flat,48 Lac,"1,127 sqft",Built-up Area,"3,993 /sqft","Narendrapur, Kolkata",,"This lovely 3 bhk apartment/flat in narendrapur is available for sale in one of kolkata south's most popular projects, sgil gardenia. The flat is facing the north-West direction. The floor plan additionally contains 3 bedroom(s), 2 bathrooms and 2 balconies. All in all, the flat is spread over a built up area of 1127 sq.Ft. This flat is situated on the 5th floor of this 7 floors tall residentia...",V81451723,"SGIL Gardenia, Narendrapur, Kolkata",SGIL Gardenia,,[],"['Security / Fire Alarm', 'Private Garden / Terrace', 'Lift(s)', 'Maintenance Staff', 'Water Storage', 'Park', 'Visitor Parking', 'Security Personnel', 'Fitness Centre / GYM', 'Club house / Community Center']","['Narayana School', 'Rabindrick Cultural School', 'Ramakrishna Mission Vidyalaya', 'Ukhila Baitul Aaman Jame Masjid', 'Bank of Baroda ATM']",[],3 Bedrooms,2 Bathrooms,2 Balconies,,5th   of 7 Floors,0 to 1 Year Old,North-West
Shivam appartment Mahesh Serampore Hooghly,https://www.99acres.com/2-bhk-bedroom-apartment-flat-for-sale-in-serampore-hooghly-723-sq-ft-spid-M82688512,2 BHK Flat,22 Lac,723 sqft,Super Built-up Area,"3,333 /sqft","Serampore, Hooghly",,"We are the proud owners of this 2 bhk apartment available in shivam apartment hooghly district west bengal, em bypass, kolkata south. This it is a and the unit is located on 1st floor and has a super built-Up area of 750 sq.Ft. . It has 2 bathroom(s) and 1 balcony(s). The ownership is freehold type.",M82688512,"Shivam appartment Mahesh Serampore Hooghly , Serampore, Hooghly",,,[],"['Security / Fire Alarm', 'Maintenance Staff', 'Water Storage', 'Park']",[],"['Main Road,Park/Garden']",2 Bedrooms,2 Bathrooms,1 Balcony,,1st   of 4 Floors,5 to 10 Year Old,West
Swabhumi Sanjana Mansion,https://www.99acres.com/2-bhk-bedroom-apartment-flat-for-sale-in-swabhumi-sanjana-mansion-nager-bazar-kolkata-north-1200-sq-ft-spid-R82563566,2 BHK Flat,52 Lac,"1,200 sqft",Built-up Area,"4,333 /sqft","Nager Bazar, Jessore Road",,"3 side open south east facing flat with a huge balcony, surrounded by greenary, well ventilated and plenty of sunlight. Separate dining room. One separate big hall cum living room. Interior decorated with wallpaper, tiles, designer switches, etc. Semi modular kitchen. All bathroom fittings are of jaquar. Custom designed furniture. The usp of the flat is 120sqft south facing balcony with decorat...",R82563566,"Swabhumi Sanjana Mansion, Nager Bazar, Jessore Road",Swabhumi Sanjana Mansion,,"['1 Bed', '2 Wardrobe', '1 Water Purifier', '2 Fan', '1 Stove', '35 Light', '1 Chimney']","['Lift(s)', 'False Ceiling Lighting', 'Recently Renovated', 'Natural Light', 'Internet/wi-fi connectivity', 'Airy Rooms', 'Spacious Interiors']","['Lichubagan Radha Krishna Temple', 'Hanuman Mandir', 'Shitala Mandir', 'Axis bank ATM', 'Allahabad bank ATM', 'State bank of india ATM']",['Main Road'],2 Bedrooms,2 Bathrooms,1 Balcony,Pooja Room,5th   of 5 Floors,10+ Year Old,South-East
Sonamoni Coop Hsg Soc Ltd,https://www.99acres.com/2-bhk-bedroom-apartment-flat-for-sale-in-jadavgarh-colony-kolkata-south-868-sq-ft-spid-C83328956,2 BHK Flat,36 Lac,868 sqft,Carpet Area,"4,147 /sqft","Jadavgarh Colony, Haltu",,The property is located at a prominent location of haltu just 200 metres away from dps kasba. It's an airy 2bhk flat located on the 1st floor. Society is very nice where all kinds of celebrations take place. The society is a gated community.,C83328956,"Sonamoni Coop Hsg Soc Ltd, Jadavgarh Colony, Haltu",,,[],[],"['Viveknagar Kalibari', 'Hari Sava.Lord Krishna Temple', 'Hanuman Mandir', 'Kali Mandir', 'Shitala Mandir', 'Sada Kali Mandir']",[],2 Bedrooms,2 Bathrooms,2 Balconies,,1st   of 5 Floors,10+ Year Old,
Godrej Prakriti,https://www.99acres.com/3-bhk-bedroom-apartment-flat-for-sale-in-godrej-prakriti-sodepur-kolkata-north-1254-sq-ft-spid-K80779079,3 BHK Flat,68 Lac,"1,254 sqft",Super Built-up Area,"5,422 /sqft","Sodepur, Kolkata North",,"North and east open, lash green view from window; Very airy and spacious.",K80779079,"Godrej Prakriti, Sodepur, Kolkata North",Godrej Prakriti,,['1 Modular Kitchen'],"['Security / Fire Alarm', 'Feng Shui / Vaastu Compliant', 'Intercom Facility', 'Lift(s)', 'Maintenance Staff', 'Swimming Pool', 'Park', 'Security Personnel', 'Airy Rooms', 'Shopping Centre', 'Fitness Centre / GYM', 'Rain Water Harvesting', 'Club house / Community Center']","['Sodpur Station Subway', 'Destination mall', 'SH 2', 'Kedarnath Poddar Primary Schl', 'JIS University', 'ESI Hospital Kamarhati']","['Club,Main Road,Park/Garden,Pool']",3 Bedrooms,2 Bathrooms,1 Balcony,,6th   of 19 Floors,5 to 10 Year Old,North-East
Realtech Nirman Hijibiji,https://www.99acres.com/2-bhk-bedroom-apartment-flat-for-sale-in-realtech-nirman-hijibiji-new-town-kolkata-east-818-sq-ft-spid-G82373638,2 BHK Flat,65.6 Lac,818 sqft,Super Built-up Area,"8,019 /sqft","New Town, Kolkata","East Facing
DPS MEGACITY Nearby
+2","This lovely 2 bhk apartment/flat in new town is available for sale in one of kolkata east's most popular projects, realtech nirman hijibiji. This property faces the east direction. Constructed on a super built up area of 818 sq.Ft., the flat comprises 2 bedroom(s), 2 bathrooms and 2 balconies. The property is located on the 5th floor of a 12 floors tall building. An added advantage of this 0-1 ...",G82373638,"Realtech Nirman Hijibiji, New Town, Kolkata",Realtech Nirman Hijibiji,,[],"['Power Back-up', 'Feng Shui / Vaastu Compliant', 'Security / Fire Alarm', 'Intercom Facility', 'Lift(s)', 'Swimming Pool', 'Maintenance Staff', 'Water Storage', 'Park', 'Visitor Parking', 'Fitness Centre / GYM']","['Centrus Mall', 'University Shopping Complex', 'DLF Galleria', 'IT-MALL, New Town Rd', 'Central Mall Newtown', 'Delhi Public School Megacity']","['Pool,Park/Garden']",2 Bedrooms,2 Bathrooms,2 Balconies,,5th   of 12 Floors,0 to 1 Year Old,East
Unimark Lakewood Estate,https://www.99acres.com/3-bhk-bedroom-apartment-flat-for-sale-in-unimark-lakewood-estate-em-bypass-kolkata-south-1238-sq-ft-spid-Y83172218,3 BHK Flat,1.22 Cr,"1,238 sqft",Carpet Area,"9,854 /sqft","EM Bypass, Kolkata South","Fresh Construction
Gated Society
+2","This 3 bhk flat is located in unimark lakewood estate, which houses some of the most spacious flats in em bypass, kolkata south. This residential flat is south-East-Facing direction. The flat occupies a carpet area of 1238 sq.Ft. That consists of 3 bedrooms, 2 bathrooms and 1 balcony. The flat has a total of 18 floors and this property is situated on 15th floor. This 0-1 year old property is av...",Y83172218,"Unimark Lakewood Estate, EM Bypass, Kolkata South",Unimark Lakewood Estate,,[],"['Intercom Facility', 'Lift(s)', 'Swimming Pool', 'Park', 'Fitness Centre / GYM', 'Club house / Community Center']","['Mahanayak Uttam Kumar', 'Metropolis Mall', 'Eastren Metropolitan Bypass', 'Shishu Bhawan School', 'Jadavpur University']",[],3 Bedrooms,2 Bathrooms,1 Balcony,,15th   of 18 Floors,0 to 1 Year Old,South-East
Society Triangular Park,https://www.99acres.com/3-bhk-bedroom-apartment-flat-for-sale-in-society-triangular-park-triangular-park-kolkata-south-1710-sq-ft-spid-Z83451016,3 BHK Flat,2.5 Cr,"1,710 sqft",Super Built-up Area,"14,619 /sqft","Triangular Park, Ballygunge",,"This 3 bhk apartment is available for sale in society triangular park, one of the most prominent projects for flats in triangular park, kolkata south. This property faces the north-West direction. Constructed on a super built up area of 1710 sq.Ft., the flat comprises 3 bedroom(s), 3 bathrooms and 1 balcony. The property is located on the 2nd floor of a 7 floors tall building. Being a ready to ...",Z83451016,"Society Triangular Park, Triangular Park, Ballygunge",,,[],"['Security / Fire Alarm', 'Intercom Facility', 'Lift(s)', 'Maintenance Staff', 'Visitor Parking']","['Lake Kalibari', 'N G Medicare And Calcutta Hope Infertility Clinic', 'Park Site Nursing Home', 'Fortis Hospital and Kidney Institute']",['Main Road'],3 Bedrooms,3 Bathrooms,1 Balcony,,2nd   of 7 Floors,1 to 5 Year Old,North-West
complex,https://www.99acres.com/2-bhk-bedroom-apartment-flat-for-sale-in-airport-2-no-gate-kolkata-north-1056-sq-ft-spid-X82987048,2 BHK Flat,49.63 Lac,"1,056 sqft",Super Built-up Area,"4,700 /sqft","Airport 2 No. Gate, North Dumdum","North Facing
Private Garden
+2","Flat location nearby 2no airport, ,, Walking distance from 2no jessore road 2mins from flat location. ,,swimming pool, community hall ,park,garden ,parking all the facilities are available..And extra amenities charge are not applicable,, Check out this 2 bhk apartment for sale in complex, a popular residential project that houses in-Demand flats in airport 2 no. Gate, kolkata north. The floor p...",X82987048,"complex , Airport 2 No. Gate, North Dumdum",,,[],"['Security / Fire Alarm', 'Private Garden / Terrace', 'Intercom Facility', 'Lift(s)', 'Water purifier', 'Maintenance Staff', 'Water Storage', 'Visitor Parking', 'Swimming Pool', 'Park', 'Security Personnel', 'Fitness Centre / GYM', 'Club house / Community Center']","['Shitala Mandir', 'Mother Teresa Church', 'State bank of india ATM', 'Axis bank ATM', 'Phoenix Hospital And Diagnostic Centre Pvt Ltd']","['Pool,Park/Garden,Main Road,Others']",2 Bedrooms,2 Bathrooms,1 Balcony,,4th   of 7 Floors,0 to 1 Year Old,North
individual,https://www.99acres.com/3-bhk-bedroom-apartment-flat-for-sale-in-belgharia-expressway-kolkata-north-1167-sq-ft-spid-O82478254,3 BHK Flat,49.01 Lac,"1,167 sqft",Super Built-up Area,"4,200 /sqft","Belgharia Expressway, Kolkata","Barahanagar metro Nearby
Fresh Construction
+2","Just 1min walking distance from belgharia expressway ,and this is a modern facility complex Individual is one of the most popular destination for buying apartments/ flats in belgharia expressway, kolkata north. You too can be a part of this society by purchasing this 3 bhk flat here. Constructed on a super built up area of 1167 sq.Ft., the flat comprises 3 bedroom(s), 2 bathrooms and 1 balcony,...",O82478254,"dividual , Belgharia Expressway, Kolkata",,,[],"['Security / Fire Alarm', 'Intercom Facility', 'Lift(s)', 'Water purifier', 'Water Storage', 'Club house / Community Center']","['Shitala Mandir', 'Mother Teresa Church', 'Dr. Rathikul Hasan', 'Phoenix Hospital And Diagnostic Centre Pvt Ltd', 'North Dum Dum Municipality Hospital']","['Main Road,Park/Garden']",3 Bedrooms,2 Bathrooms,1 Balcony,,4th   of 6 Floors,0 to 1 Year Old,North-West
The Ecos,https://www.99acres.com/4-bhk-bedroom-apartment-flat-for-sale-in-the-ecos-new-town-kolkata-east-2200-sq-ft-spid-R82610908,4 BHK Flat,2.45 Cr,"2,200 sqft",Super Built-up Area,"11,136 /sqft","New Town, Kolkata","Private Garden
Fresh Construction
+2","This 4 bhk flat is located in the ecos, which houses some of the most spacious flats in new town, kolkata east. This property faces the south-East direction. The flat occupies a super built up area of 2200 sq.Ft. That consists of 4 bedrooms, 4 bathrooms and 1 balcony. The property is located on the 5th floor of a 12 floors tall building. This 0-1 year old property is available for immediate pos...",R82610908,"The Ecos, New Town, Kolkata",The Ecos,,[],"['Centrally Air Conditioned', 'Water purifier', 'Security / Fire Alarm', 'Power Back-up', 'Feng Shui / Vaastu Compliant', 'Private Garden / Terrace', 'Intercom Facility', 'Lift(s)', 'High Ceiling Height', 'Maintenance Staff', 'False Ceiling Lighting', 'Water Storage', 'Separate entry for servant room', 'Bank Attached Property', 'Piped-gas', 'Internet/wi-fi connectivity', 'Recently Renovated', 'Visitor Parking', 'Swimming Pool', 'Park', 'Security Personnel', 'Natural Light', 'Airy Rooms', 'Spacious Interiors', 'Low Density Society', 'Waste Disposal', 'Rain Water Harvesting', 'Water softening plant', 'Shopping Centre', 'Fitness Centre / GYM', 'Club house / Community Center']","['Salt Lake Sector V', 'Axis Mall', 'Biswa Bangla Sarani', 'Orchids The International School', 'Aliah University', 'Manipal Hospitals Broadway']","['Pool,Park/Garden,Club,Main Road,Others']",4 Bedrooms,4 Bathrooms,1 Balcony,Servant Room,5th   of 12 Floors,0 to 1 Year Old,South-East
"Atri green residency, Malancha",https://www.99acres.com/2-bhk-bedroom-apartment-flat-for-sale-in-malancha-mahi-nagar-kolkata-south-840-sq-ft-r1-spid-H78188301,2 BHK Flat,29 Lac,840 sqft,Carpet Area,"3,452 /sqft","Malancha Mahi Nagar, Kolkata","East Facing
Overlooking Park/Garden","Very good location, oitside are greenery. Modern amenities. Lift, parking included.",H78188301,"Atri green residency, Malancha, Malancha Mahi Nagar, Kolkata",,,"['2 Bed', '2 Wardrobe', '3 Fan', '1 Exhaust Fan', '1 Geyser', '1 Stove', '1 Microwave', '8 Light', '1 Curtains']","['Security / Fire Alarm', 'Intercom Facility', 'Lift(s)', 'Maintenance Staff', 'Water Storage', 'Park', 'Visitor Parking']","['Government Hospital', 'Mallikpur railway station', 'Subhas gram railway station']","['Park/Garden,Main Road']",2 Bedrooms,2 Bathrooms,1 Balcony,,4th   of 4 Floors,1 to 5 Year Old,East
Siddha Suburbia,https://www.99acres.com/2-bhk-bedroom-apartment-flat-for-sale-in-siddha-suburbia-baruipur-kolkata-south-918-sq-ft-spid-U82308094,2 BHK Flat,52 Lac,918 sqft,Super Built-up Area,"5,664 /sqft","Baruipur, Kolkata South","Private Garden
Holly Cross, VMS Nearby
+1","This 2 bhk apartment is available for sale in siddha suburbia, one of the most prominent projects for flats in baruipur, kolkata south. This is a east-Facing property. Constructed on a super built up area of 918 sq.Ft., the flat comprises 2 bedroom(s), 2 bathrooms and 1 balcony. The residential building has 14 floors in total and the flat for sale is located on the 8th floor. Moreover, the flat...",U82308094,"Siddha Suburbia, Baruipur, Kolkata South",Siddha Suburbia,,[],"['Power Back-up', 'Private Garden / Terrace', 'Intercom Facility', 'Lift(s)', 'Water purifier', 'Recently Renovated', 'Bank Attached Property', 'Piped-gas', 'Swimming Pool', 'Park', 'Security Personnel', 'Natural Light', 'Airy Rooms', 'Spacious Interiors', 'Low Density Society', 'Shopping Centre', 'Fitness Centre / GYM', 'Rain Water Harvesting', 'Club house / Community Center', 'Water softening plant']","['Kavi Nazrul Metro', 'Metropolis Mall', 'EM Bypass', 'Narendrapur Ramakrishna Mission', 'Indus Valley World School']","['Main Road,Pool,Others']",2 Bedrooms,2 Bathrooms,1 Balcony,,8th   of 14 Floors,1 to 5 Year Old,South-West
Basant Bahar Kolkata,https://www.99acres.com/3-bhk-bedroom-apartment-flat-for-sale-in-basant-bahar-kolkata-mahamayatala-kolkata-south-1275-sq-ft-spid-X83367898,3 BHK Flat,65 Lac,"1,275 sqft",Super Built-up Area,"5,098 /sqft","Mahamayatala, Garia",,"3 bhk with covered car parking available for sale in a rapidly developing neighborhood of south kolkata with all the modern amenities within walking distance including bd memorial school, neotia mediplus, suraksha diagnostics, spencer's and local market.",X83367898,"Basant Bahar Kolkata, Mahamayatala, Garia",Basant Bahar Kolkata,,[],"['Security Personnel', 'Fitness Centre / GYM', 'Club house / Community Center', 'Waste Disposal']","['Kavi nazrul metro station', 'Shahid khudiram metro station', 'Sitala mandir', 'Gosto Mandir', 'Brahmapur Badamtala Jame Masjid']",['Park/Garden'],3 Bedrooms,2 Bathrooms,1 Balcony,,3rd   of 4 Floors,10+ Year Old,South-East
Mahamaya Park Apartment,https://www.99acres.com/2-bhk-bedroom-apartment-flat-for-sale-in-mahamaya-park-apartment-garia-kolkata-south-627-sq-ft-spid-Y81675282,2 BHK Flat,21 Lac,627 sqft,Super Built-up Area,"3,349 /sqft","Garia, Kolkata",Top Floor,"We are the proud owners of this 2 bhk apartment available in mahamaya park apartment, garia, kolkata south. This it is a and the unit is located on 4th floor and has a super built-Up area of 627 sq.Ft. . It has 1 bathroom(s) and 1 balcony(s). The ownership is freehold type.",Y81675282,"Mahamaya Park Apartment, Garia, Kolkata",,,[],"['Security / Fire Alarm', 'Maintenance Staff', 'Water Storage']","['Shahid khudiram metro station', 'Kavi nazrul metro station', 'Kavi subhash metro station', 'Sitala mandir', 'Gosto Mandir']",['Main Road'],2 Bedrooms,1 Bathroom,1 Balcony,,4th   of 4 Floors,5 to 10 Year Old,South
Rajwada Lake Bliss,https://www.99acres.com/3-bhk-bedroom-apartment-flat-for-sale-in-rajwada-lake-bliss-sonarpur-kolkata-south-1185-sq-ft-spid-F83237256,3 BHK Flat,52 Lac,"1,185 sqft",Super Built-up Area,"4,388 /sqft","Sonarpur, Kolkata","Gated Society
Corner Property
+2","Resale property, ready to move flat. Unused flat, south east facing. A gated society with all mordan amenities ar available here. Near railway station.",F83237256,"Rajwada Lake Bliss, Sonarpur, Kolkata",Rajwada Lake Bliss,,[],"['Power Back-up', 'Feng Shui / Vaastu Compliant', 'Security / Fire Alarm', 'Intercom Facility', 'Lift(s)', 'Swimming Pool', 'Maintenance Staff', 'Water Storage', 'Park', 'Visitor Parking', 'Fitness Centre / GYM', 'Club house / Community Center']","['Kavi Nazrul Metro Station', 'SMART Superstore', 'Wood Square Mall', 'Kusumba High School', 'Green Park Siksha Sadan High School']","['Pool,Park/Garden,Club,Others']",3 Bedrooms,2 Bathrooms,1 Balcony,,2nd   of 4 Floors,5 to 10 Year Old,South-East
Eden Pavilion,https://www.99acres.com/3-bhk-bedroom-apartment-flat-for-sale-in-eden-pavilion-fartabad-kolkata-south-1251-sq-ft-spid-J82413908,3 BHK Flat,75 Lac,"1,251 sqft",Super Built-up Area,"5,995 /sqft","Fartabad, Garia","North-East Facing
Gated Society
+2","Check out this 3 bhk apartment for sale in eden pavilion, a popular residential project that houses in-Demand flats in fartabad, kolkata south. The flat is facing the north-East direction. The flat is over 1251 sq.Ft. Super built up area and comes with 3 bedroom(s), 2 bathrooms and 2 balconies. The flat has a total of 4 floors and this property is situated on 3rd floor. Being a ready to move pr...",J82413908,"Eden Pavilion, Fartabad, Garia",,,"['1 Wardrobe', '1 Exhaust Fan', '1 Light', '1 Curtains', '1 Modular Kitchen']","['Security / Fire Alarm', 'Feng Shui / Vaastu Compliant', 'Intercom Facility', 'Lift(s)', 'Maintenance Staff', 'Visitor Parking', 'Swimming Pool', 'Park', 'Security Personnel', 'Natural Light', 'Airy Rooms', 'Spacious Interiors', 'Low Density Society', 'Fitness Centre / GYM', 'Club house / Community Center']","['Shahid khudiram metro station', 'Kavi subhash metro station', 'Maa kali temple garia dhalua', 'Shani mandir garia dhalua']","['Pool,Park/Garden']",3 Bedrooms,2 Bathrooms,2 Balconies,,3rd   of 4 Floors,5 to 10 Year Old,North-East
Southwinds,https://www.99acres.com/3-bhk-bedroom-apartment-flat-for-sale-in-southwinds-garia-kolkata-south-1209-sq-ft-spid-F81762072,3 BHK Flat,85 Lac,"1,209 sqft",Super Built-up Area,"7,030 /sqft","Garia, Kolkata","Khudiram within 3km
Lions within 1km
+2","This lovely 3 bhk apartment/flat in garia is available for sale in one of kolkata south's most popular projects, southwinds. This property faces the south direction. The flat occupies a super built up area of 1209 sq.Ft. That consists of 3 bedrooms, 3 bathrooms and 1 balcony. The flat has a total of 18 floors and this property is situated on 9th floor. This is a ready to move project and the pr...",F81762072,"Southwds, Garia, Kolkata",Southwinds,,"['3 Wardrobe', '4 Fan', '1 Sofa', '1 Exhaust Fan', '1 Dining Table', '15 Light', '1 Modular Kitchen', '4 AC', '1 Chimney', '1 Curtains']","['Water purifier', 'Security / Fire Alarm', 'Power Back-up', 'Feng Shui / Vaastu Compliant', 'Intercom Facility', 'Lift(s)', 'High Ceiling Height', 'Maintenance Staff', 'False Ceiling Lighting', 'Water Storage', 'Bank Attached Property', 'Piped-gas', 'Recently Renovated', 'Visitor Parking', 'Swimming Pool', 'Park', 'Security Personnel', 'Natural Light', 'Airy Rooms', 'Spacious Interiors', 'Low Density Society', 'Waste Disposal', 'Water softening plant', 'Shopping Centre', 'Fitness Centre / GYM', 'Club house / Community Center']","['Government Hospital', 'Subhas gram railway station', 'Mallikpur railway station']",['Park/Garden'],3 Bedrooms,3 Bathrooms,1 Balcony,,9th   of 18 Floors,1 to 5 Year Old,South
Urban Sabujayan,https://www.99acres.com/3-bhk-bedroom-apartment-flat-for-sale-in-urban-sabujayan-kalikapur-kolkata-south-1693-sq-ft-spid-N83076798,3 BHK Flat,1.1 Cr,"1,693 sqft",Super Built-up Area,"6,497 /sqft","Kalikapur, Kolkata",,"Situated in kalikapur, kolkata south, urban sabujayan is a well planned society that offers a pleasant living experience to its residents. This 3 bhk flat in kolkata south is your opportunity to be a part of this community. This property faces the south-East direction. The flat is over 1693 sq.Ft. Super built up area and comes with 3 bedroom(s), 3 bathrooms and 1 balcony. The flat has a total o...",N83076798,"Urban Sabujayan, Kalikapur, Kolkata",,,[],"['Power Back-up', 'Feng Shui / Vaastu Compliant', 'Lift(s)', 'Swimming Pool', 'Maintenance Staff', 'Park', 'Security Personnel', 'Fitness Centre / GYM', 'Rain Water Harvesting']","['Maa kali temple', 'Shoni thakur mandir', 'Maa Kali mandir', 'Hindu Temple', 'Lord Shiva Temple', 'Old Radha Krishna Temple']","['Pool,Main Road']",3 Bedrooms,3 Bathrooms,1 Balcony,,3rd   of 4 Floors,1 to 5 Year Old,South-East
CH 54A,https://www.99acres.com/4-bhk-bedroom-apartment-flat-for-sale-in-ballygunge-kolkata-south-1493-sq-ft-r1-spid-S81469445,4 BHK Flat,1.7 Cr,"1,493 sqft",Super Built-up Area,"11,386 /sqft","Ballygunge, Kolkata","Hazra Law college Nearby
Ballygunge phari within 250m
+2","This beautiful, unused, newly constructed 4 bhk flat in ballygunge, kolkata south is situated in ch 54a, one of the popular residential society in kolkata south. The flat is over 1493 sq.Ft. Super built up area and comes with 4 bedroom(s), 3 bathrooms and 1 balcony. The residential building has 4 floors in total and the flat for sale is located on the 2nd floor. As the project is already ready ...",S81469445,"CH 54A, Ballygunge, Kolkata",,,[],"['Feng Shui / Vaastu Compliant', 'Intercom Facility', 'Lift(s)', 'High Ceiling Height', 'Water Storage', 'Visitor Parking', 'Security Personnel', 'Natural Light', 'Airy Rooms', 'Low Density Society', 'Waste Disposal']","['Ice Skating Rink', 'Gariahat Sarbojanin Durgotsab', 'Sbi ATM', 'Quadra Medical Services Pvt Ltd', 'Micro Surgery Day Centre']",['Main Road'],4 Bedrooms,3 Bathrooms,1 Balcony,Servant Room,4th   of 4 Floors,0 to 1 Year Old,South-East
T S Tower,https://www.99acres.com/2-bhk-bedroom-apartment-flat-for-sale-in-behala-kolkata-south-850-sq-ft-r1-spid-V74375163,2 BHK Flat,35 Lac,850 sqft,Super Built-up Area,"4,235 /sqft","Behala, Kolkata",,"3 years old, never used, never rented. Like new condition.",V74375163,"T S Tower, Behala, Kolkata",,,"['3 Fan', '15 Light', '1 Modular Kitchen', '1 Chimney']","['Security / Fire Alarm', 'Lift(s)', 'Water Storage']","['Behala Market', 'Laxmi Narayan Mandir', 'Sitala Mandir', 'Jagannath Temple', 'Kali Temple', 'Hari Sabha', 'Santoshi Maa Mandir']",[],2 Bedrooms,2 Bathrooms,1 Balcony,,1st   of 3 Floors,1 to 5 Year Old,South
Heavens Gateway,https://www.99acres.com/2-bhk-bedroom-apartment-flat-for-sale-in-heavens-gateway-narendrapur-kolkata-south-870-sq-ft-spid-N81486855,2 BHK Flat,29.58 Lac,870 sqft,Super Built-up Area,"3,400 /sqft","Narendrapur, Kolkata","Fresh Construction
Gated Society
+2","Ready to move flat at complex available at narendrapur sonargaon. Buy and get 10 gm gold coin, offer till 1st may.Car parking available. Come and visit.",N81486855,"Heavens Gateway, Narendrapur, Kolkata",Heavens Gateway,,[],"['Power Back-up', 'Intercom Facility', 'Lift(s)', 'Maintenance Staff', 'Water Storage', 'Visitor Parking', 'Fitness Centre / GYM']","['Wood Square Mall', 'Future Institute Of Engineering', ""St.Stephen's School"", 'Asia Heart Foundation College', 'Ramakrisna Mission Vidyalaya']",[],2 Bedrooms,2 Bathrooms,1 Balcony,,3rd   of 4 Floors,0 to 1 Year Old,West
Merlin Elements,https://www.99acres.com/3-bhk-bedroom-apartment-flat-for-sale-in-merlin-elements-new-alipore-kolkata-south-1214-sq-ft-spid-O81491067,3 BHK Flat,1.99 Cr,"1,214 sqft",Built-up Area,"16,392 /sqft","New Alipore, Kolkata",,"This beautiful 3 bhk flat in new alipore, kolkata south is situated in merlin elements, one of the popular residential society in kolkata south. The flat is over 1214 sq.Ft. Built up area and comes with 3 bedroom(s), 3 bathrooms and 2 balconies. The flat has a total of 12 floors and this property is situated on 11th floor. This is a ready to move project and the property is 0-1 year old. The be...",O81491067,"Merl Elements, New Alipore, Kolkata",Merlin Elements,,[],"['Security / Fire Alarm', 'Lift(s)', 'Water purifier', 'Maintenance Staff', 'Water Storage', 'Visitor Parking', 'Swimming Pool', 'Park', 'Natural Light', 'Airy Rooms', 'Fitness Centre / GYM', 'Waste Disposal', 'Rain Water Harvesting', 'Club house / Community Center']","['Behala Bazar metro station', 'South City Mall', '143-163, NH12', 'Sahapur Girls High School', 'Mahatma Gandhi University']","['Park/Garden,Main Road,Others']",3 Bedrooms,3 Bathrooms,2 Balconies,Servant Room,11st   of 12 Floors,0 to 1 Year Old,South
URBANA New Towers,https://www.99acres.com/4-bhk-bedroom-apartment-flat-for-sale-in-east-kolkata-township-kolkata-north-2914-sq-ft-spid-A80696545,4 BHK Flat,4.8 Cr,"2,914 sqft",Super Built-up Area,"16,472 /sqft","East Kolkata Township, BT Road","Club/ Community Center
Overlooking Main Road
+2","Urbana housing complex is landmark by itself. Already home to more that thousand families, urbana has redefined luxury by elevating their living standard and lifestyle to a new height. With the introduction of three more towers in phase 2, urbana is creating more opportunities to be a part of happy urbana community. More about this property 3.5 bhk apartment for sale in east kolkata township, k...",A80696545,"URBANA New Towers, East Kolkata Township, BT Road",,,[],"['Security / Fire Alarm', 'Private Garden / Terrace', 'Intercom Facility', 'Lift(s)', 'Centrally Air Conditioned', 'High Ceiling Height', 'Maintenance Staff', 'Water Storage', 'Separate entry for servant room', 'Piped-gas', 'Visitor Parking', 'Swimming Pool', 'Park', 'Security Personnel', 'Natural Light', 'Airy Rooms', 'Low Density Society', 'Shopping Centre', 'Fitness Centre / GYM', 'Waste Disposal', 'Rain Water Harvesting', 'Club house / Community Center', 'Water softening plant']","['Maa kali temple', 'Maa Kali mandir', 'Shoni thakur mandir', 'Old Radha Krishna Temple', 'Hindu Temple', 'Hari Sava.Lord Krishna Temple']",['Main Road'],4 Bedrooms,4 Bathrooms,2 Balconies,"Pooja Room,Servant Room",30th   of 42 Floors,Oct 2027,North-West
The Banyan Tree Sunland Residency,https://www.99acres.com/4-bhk-bedroom-apartment-flat-for-sale-in-the-banyan-tree-sunland-residency-rajarhat-kolkata-east-1958-sq-ft-spid-W83628140,4 BHK Flat,1.35 Cr,"1,958 sqft",Super Built-up Area,"6,894 /sqft","Rajarhat, Kolkata",,"Check out this 4 bhk apartment for sale in the banyan tree sunland residency, a popular residential project that houses in-Demand flats in rajarhat, kolkata east. The flat is facing the east direction. Containing 4 bedroom(s), 3 bathrooms and 1 balcony, this flat is spread over a super built up area of 1958 sq.Ft. This flat is situated on the 3rd floor of this 9 floors tall residential building...",W83628140,"The Banyan Tree Sunland Residency, Rajarhat, Kolkata",The Banyan Tree Sunland Residency,,[],"['Power Back-up', 'Feng Shui / Vaastu Compliant', 'Security / Fire Alarm', 'Intercom Facility', 'Lift(s)', 'Swimming Pool', 'Maintenance Staff', 'Water Storage', 'Park', 'Visitor Parking', 'Fitness Centre / GYM', 'Club house / Community Center']","['INOX', 'Box Office', 'Karuna Bhandar', 'Laxmi Bhandar', 'State Bank', 'Drug Center', 'NSCB', 'Salua Muslimpara']","['Pool,Main Road,Park/Garden']",4 Bedrooms,3 Bathrooms,1 Balcony,,3rd   of 9 Floors,1 to 5 Year Old,East
On Request,https://www.99acres.com/3-bhk-bedroom-apartment-flat-for-sale-in-new-garia-kolkata-south-1050-sq-ft-spid-L83513932,3 BHK Flat,42.5 Lac,"1,050 sqft",Super Built-up Area,"4,047 /sqft","New Garia, Kolkata","Kabi Subhash within 1km
Fresh Construction
+2","Check out this 3 bhk apartment for sale in on request, a popular residential project that houses in-Demand flats in new garia, kolkata south. The floor plan additionally contains 3 bedroom(s), 2 bathrooms and 1 balcony. All in all, the flat is spread over a super built up area of 1050 sq.Ft. This flat lies on the 1st level of a 2 storey building. An added advantage of this 0-1 year new flat is ...",L83513932,"On Request , New Garia, Kolkata",,,[],"['Feng Shui / Vaastu Compliant', 'Natural Light', 'Airy Rooms', 'Spacious Interiors', 'Low Density Society', 'Waste Disposal']","['Kavi subhash metro station', 'Shani mandir garia dhalua', 'Maa kali temple garia dhalua', 'Durga mandir', 'Bikram mess kali mandir']","['Main Road,Others']",3 Bedrooms,2 Bathrooms,1 Balcony,Others,1st   of 2 Floors,0 to 1 Year Old,South-East
Paradise,https://www.99acres.com/2-bhk-bedroom-apartment-flat-for-sale-in-fartabad-kolkata-south-1044-sq-ft-spid-P83553512,2 BHK Flat,55 Lac,"1,044 sqft",Super Built-up Area,"5,268 /sqft","Fartabad, Garia","Fresh Construction
Vitrified Flooring","Looking for a 2 bhk property for sale in kolkata south? Buy this 2 bhk flat in paradise that is situated in fartabad, kolkata south. This residential flat is south-West-Facing direction. The flat occupies a super built up area of 1044 sq.Ft. That consists of 2 bedrooms, 2 bathrooms and 1 balcony. The property is located on the 4th floor of a 5 floors tall building. Being a ready to move project...",P83553512,"Paradise, Fartabad, Garia",,,[],"['Lift(s)', 'Water Storage', 'Visitor Parking']","['Shahid khudiram metro station', 'Kavi nazrul metro station', 'Kavi subhash metro station', 'Sitala mandir', 'Gosto Mandir']",['Others'],2 Bedrooms,2 Bathrooms,1 Balcony,,4th   of 5 Floors,0 to 1 Year Old,South-West
on request,https://www.99acres.com/3-bhk-bedroom-apartment-flat-for-sale-in-rajarhat-kolkata-east-1008-sq-ft-spid-D83577498,3 BHK Flat,48.38 Lac,"1,008 sqft",Super Built-up Area,"4,800 /sqft","Rajarhat, Kolkata","Gated Society
Corner Property
+2","This 3 bhk apartment is available for sale in on request, one of the most prominent projects for flats in rajarhat, kolkata east. This residential flat is north-West-Facing direction. The floor plan additionally contains 3 bedroom(s), 2 bathrooms and 1 balcony. All in all, the flat is spread over a super built up area of 1008 sq.Ft. The property is located on the 4th floor of a 5 floors tall bu...",D83577498,"on request, Rajarhat, Kolkata",,,[],"['Feng Shui / Vaastu Compliant', 'Security / Fire Alarm', 'Lift(s)', 'Maintenance Staff', 'Water Storage', 'Visitor Parking']","['Re - Life Hospital', 'Kamala Ray Hospital', 'Konnagar Matri Sadan Municipal Hospital', 'Park Lions Hospital', 'Green-View Nursing Home Kolkata']","['Others,Main Road,Park/Garden']",3 Bedrooms,2 Bathrooms,1 Balcony,,4th   of 5 Floors,1 to 5 Year Old,South
On Request New,https://www.99acres.com/3-bhk-bedroom-apartment-flat-for-sale-in-santoshpur-kolkata-south-1400-sq-ft-spid-Z83555424,3 BHK Flat,75.6 Lac,"1,400 sqft",Super Built-up Area,"5,321 /sqft","Santoshpur, Kolkata","Jatinder nandi metro within 1.5km
Indus valley school within 2km
+2","This beautiful 3 bhk flat in santoshpur, kolkata south is situated in on request, one of the popular residential society in kolkata south. Containing 3 bedroom(s), 2 bathrooms and 1 balcony, this flat is spread over a super built up area of 1400 sq.Ft. This flat lies on the 2nd level of a 3 storey building. This is a ready to move project and the property is 1 years old. Car parking charges for...",Z83555424,"On Request New, Santoshpur, Kolkata",,,[],"['Lift(s)', 'Maintenance Staff', 'Water Storage', 'Security Personnel', 'Natural Light', 'Airy Rooms', 'Low Density Society', 'Waste Disposal']","['Netaji Eye Hospital', 'Sakuntala Nursing Home', 'Parnasree Bus Stand', 'Sanjay Tea Stall', 'Upen Tea Shop', 'Swapan Tea Stall']","['Others,Main Road']",3 Bedrooms,2 Bathrooms,2 Balconies,Others,2nd   of 3 Floors,1 to 5 Year Old,South-West
On Request New,https://www.99acres.com/2-bhk-bedroom-apartment-flat-for-sale-in-kalikapur-kolkata-south-900-sq-ft-spid-E83554392,2 BHK Flat,54 Lac,900 sqft,Super Built-up Area,"6,000 /sqft","Kalikapur, Kolkata","Kavi Sukanto within 1km
DPS School within 2km
+2","This lovely 2 bhk apartment/flat in kalikapur is available for sale in one of kolkata south's most popular projects, on request. Containing 2 bedroom(s), 2 bathrooms and 1 balcony, this flat is spread over a super built up area of 900 sq.Ft. This flat lies on the 2nd level of a 3 storey building. This is a ready to move project and the property is 1 years old. Car parking charges for extra rs 6...",E83554392,"On Request New, Kalikapur, Kolkata",,,[],"['Feng Shui / Vaastu Compliant', 'Lift(s)', 'Maintenance Staff', 'Water Storage', 'Bank Attached Property', 'Security Personnel', 'Natural Light', 'Airy Rooms', 'Waste Disposal']","['Netaji Eye Hospital', 'Sakuntala Nursing Home', 'Parnasree Bus Stand', 'Sanjay Tea Stall', 'Upen Tea Shop', 'Swapan Tea Stall']","['Others,Main Road']",2 Bedrooms,2 Bathrooms,1 Balcony,Others,2nd   of 3 Floors,1 to 5 Year Old,South-East
High rise,https://www.99acres.com/2-bhk-bedroom-apartment-flat-for-sale-in-nayabad-kolkata-south-989-sq-ft-spid-I83517822,2 BHK Flat,44 Lac,989 sqft,Super Built-up Area,"4,448 /sqft","Nayabad, Kolkata","Kabi Subhash within 1.5km
Fresh Construction
+2","Situated in dover terrace, kolkata south, hi rise dipak is a well planned society that offers a pleasant living experience to its residents. This 2 bhk flat in kolkata south is your opportunity to be a part of this community. The flat occupies a super built up area of 989 sq.Ft. That consists of 2 bedrooms, 2 bathrooms and 1 balcony. The flat has a total of 7 floors and this property is situate...",I83517822,"High rise , Nayabad, Kolkata",,,[],"['Security / Fire Alarm', 'Feng Shui / Vaastu Compliant', 'Lift(s)', 'Water purifier', 'Water Storage', 'Park', 'Security Personnel', 'Natural Light', 'Airy Rooms', 'Spacious Interiors', 'Low Density Society', 'Waste Disposal']","['Kavi subhash metro station', 'Durga mandir', 'Shani mandir garia dhalua', 'Maa kali temple garia dhalua', 'Bikram mess kali mandir']","['Main Road,Others']",2 Bedrooms,2 Bathrooms,2 Balconies,Others,1st   of 7 Floors,0 to 1 Year Old,South-East
later,https://www.99acres.com/3-bhk-bedroom-apartment-flat-for-sale-in-chinar-park-kolkata-east-1293-sq-ft-spid-C80087441,3 BHK Flat,64 Lac,"1,293 sqft",Carpet Area,"4,949 /sqft","Char Park, Kolkata",Top Floor,"The property is located on the rajarhat main road at dashadrone. It is a three side (North, east, south) open property .All the required amenities like lift, 24 hours boring water, water treatment plant, 24 *7 security service, power backup, cctv surveillance , community hall are available here.City center2 , haldiram, airport, charnock hospital are very near to it.Easy access to market for dai...",C80087441,"later, Char Park, Kolkata",,,[],"['Security / Fire Alarm', 'Lift(s)', 'Water Storage', 'Visitor Parking']","['Shitala Mandir', 'Kali mandir', 'Kali Temple', 'Manasha Mandir', 'Kali Mandir', 'State bank of india ATM', 'Axis bank ATM']",['Main Road'],3 Bedrooms,2 Bathrooms,1 Balcony,,5th   of 5 Floors,10+ Year Old,South-East
Unique Woods,https://www.99acres.com/3-bhk-bedroom-apartment-flat-for-sale-in-unique-woods-salua-kolkata-east-1250-sq-ft-spid-M83137304,3 BHK Flat,55 Lac,"1,250 sqft",Super Built-up Area,"4,400 /sqft","Salua, New Town",Ceramic Flooring,"This ready to move 3 bhk apartment/flat in the unique wood complex at mondol para, salua (Near chinar park crossing and city centre 2 ) is available for sale. The apartment occupies a super built up area of 1250 sq. Ft. And consists of 3 bedrooms, 2 bathrooms and 1 balcony. The car parking area in the ground floor is around 135 sq ft. Which is included in quoted sales price. So cost per sq ft i...",M83137304,"Unique Woods, Salua, New Town",Unique Woods,,[],"['Security / Fire Alarm', 'Intercom Facility', 'Lift(s)', 'Water Storage', 'Visitor Parking']","['Kali mandir', 'Kali Temple', 'Manasha Mandir', 'Shitala Mandir', 'Kali Mandir', 'Dharmaraj Temple', 'State bank of india ATM']",[],3 Bedrooms,2 Bathrooms,1 Balcony,,2nd   of 5 Floors,1 to 5 Year Old,South-East
On Request,https://www.99acres.com/3-bhk-bedroom-apartment-flat-for-sale-in-new-garia-kolkata-south-1202-sq-ft-spid-N83514436,3 BHK Flat,62.5 Lac,"1,202 sqft",Super Built-up Area,"5,199 /sqft","New Garia, Kolkata","Kabi Subhash within 500m
Fresh Construction
+2","Located in the popular residential address of new garia, kolkata south, on request is one of the most preferred destination for apartments in kolkata south. This 3 bhk flat is your ticket to be a part of this community. The floor plan additionally contains 3 bedroom(s), 2 bathrooms and 1 balcony. All in all, the flat is spread over a super built up area of 1202 sq.Ft. The flat has a total of 4 ...",N83514436,"On Request , New Garia, Kolkata",,,[],"['Feng Shui / Vaastu Compliant', 'Lift(s)', 'Security Personnel', 'Natural Light', 'Airy Rooms', 'Spacious Interiors', 'Low Density Society', 'Waste Disposal']","['Kavi subhash metro station', 'Shahid khudiram metro station', 'Shani mandir garia dhalua', 'Maa kali temple garia dhalua']","['Main Road,Others']",3 Bedrooms,2 Bathrooms,1 Balcony,Others,2nd   of 4 Floors,0 to 1 Year Old,South-East
on request,https://www.99acres.com/3-bhk-bedroom-apartment-flat-for-sale-in-rajarhat-kolkata-east-1022-sq-ft-spid-L83577866,3 BHK Flat,49.06 Lac,"1,022 sqft",Super Built-up Area,"4,800 /sqft","Rajarhat, Kolkata","Gated Society
Corner Property
+2","Looking for a 3 bhk property for sale in kolkata east? Buy this 3 bhk flat in on request that is situated in rajarhat, kolkata east. This property faces the south direction. The flat occupies a super built up area of 1022 sq.Ft. That consists of 3 bedrooms, 2 bathrooms and 1 balcony. The property is located on the 3rd floor of a 5 floors tall building. An added advantage of this 1-5 years old f...",L83577866,"on request, Rajarhat, Kolkata",,,[],"['Feng Shui / Vaastu Compliant', 'Security / Fire Alarm', 'Lift(s)', 'Maintenance Staff', 'Water Storage', 'Visitor Parking']","['Re - Life Hospital', 'Kamala Ray Hospital', 'Konnagar Matri Sadan Municipal Hospital', 'Park Lions Hospital', 'Green-View Nursing Home Kolkata']","['Others,Main Road']",3 Bedrooms,2 Bathrooms,1 Balcony,,3rd   of 5 Floors,1 to 5 Year Old,East
High Rise,https://www.99acres.com/3-bhk-bedroom-apartment-flat-for-sale-in-nayabad-kolkata-south-989-sq-ft-spid-E83519794,3 BHK Flat,44 Lac,989 sqft,Super Built-up Area,"4,448 /sqft","Nayabad, Kolkata","North-East Facing
Kavi Subhash within 2km
+2","This 3 bhk apartment is available for sale in high rise, one of the most prominent projects for flats in nayabad, kolkata south. Containing 3 bedroom(s), 2 bathrooms and 2 balconies, this flat is spread over a super built up area of 989 sq.Ft. The flat has a total of 7 floors and this property is situated on 2nd floor. As the project is already ready to move, so you can easily move into this 0-...",E83519794,"High Rise , Nayabad, Kolkata",,,[],"['Security / Fire Alarm', 'Feng Shui / Vaastu Compliant', 'Intercom Facility', 'Lift(s)', 'Maintenance Staff', 'Water Storage', 'Bank Attached Property', 'Security Personnel', 'Natural Light', 'Airy Rooms', 'Low Density Society', 'Waste Disposal']","['Kavi subhash metro station', 'Durga mandir', 'Shani mandir garia dhalua', 'Maa kali temple garia dhalua', 'Bikram mess kali mandir']","['Others,Main Road']",3 Bedrooms,2 Bathrooms,1 Balcony,Others,2nd   of 7 Floors,0 to 1 Year Old,North-East
Hemant Apartment,https://www.99acres.com/1-bhk-bedroom-apartment-flat-for-sale-in-new-garia-kolkata-south-500-sq-ft-spid-Y83513728,1 BHK Flat,25 Lac,500 sqft,Super Built-up Area,"5,000 /sqft","New Garia, Kolkata","Kabi Subhash within 1km
Ncri Hospital within 250m
+1","Situated in new garia, kolkata south, hemant apartment is a well planned society that offers a pleasant living experience to its residents. This 1 bhk flat in kolkata south is your opportunity to be a part of this community. Constructed on a super built up area of 500 sq.Ft., the flat comprises 1 bedroom(s), 1 bathroom . The flat has a total of 3 floors and this property is situated on 1st floo...",Y83513728,"Hemant Apartment , New Garia, Kolkata",,,[],"['Feng Shui / Vaastu Compliant', 'Lift(s)', 'Security Personnel', 'Natural Light', 'Airy Rooms', 'Spacious Interiors', 'Low Density Society', 'Waste Disposal']","['Kavi subhash metro station', 'Shahid khudiram metro station', 'Shani mandir garia dhalua', 'Maa kali temple garia dhalua']",['Main Road'],1 Bedroom,1 Bathroom,1 Balcony,Others,1st   of 3 Floors,0 to 1 Year Old,South-West
on request,https://www.99acres.com/2-bhk-bedroom-apartment-flat-for-sale-in-rajarhat-kolkata-east-950-sq-ft-spid-X83577292,2 BHK Flat,45.6 Lac,950 sqft,Super Built-up Area,"4,800 /sqft","Rajarhat, Kolkata","Gated Society
Corner Property
+1","On request is one of the most popular destination for buying apartments/ flats in rajarhat, kolkata east. You too can be a part of this society by purchasing this 2 bhk flat here. This is a north-East-Facing property. Constructed on a super built up area of 950 sq.Ft., the flat comprises 2 bedroom(s), 2 bathrooms and 1 balcony. The flat has a total of 5 floors and this property is situated on 3...",X83577292,"on request, Rajarhat, Kolkata",,,[],"['Feng Shui / Vaastu Compliant', 'Security / Fire Alarm', 'Lift(s)', 'Maintenance Staff', 'Water Storage', 'Park', 'Visitor Parking']","['Re - Life Hospital', 'Kamala Ray Hospital', 'Konnagar Matri Sadan Municipal Hospital', 'Park Lions Hospital', 'Green-View Nursing Home Kolkata']","['Park/Garden,Others,Main Road']",2 Bedrooms,2 Bathrooms,1 Balcony,,3rd   of 5 Floors,1 to 5 Year Old,North-West
on request,https://www.99acres.com/2-bhk-bedroom-apartment-flat-for-sale-in-rajarhat-kolkata-east-945-sq-ft-spid-V83576998,2 BHK Flat,45.37 Lac,945 sqft,Super Built-up Area,"4,800 /sqft","Rajarhat, Kolkata","Gated Society
Corner Property
+2","Situated in rajarhat, kolkata east, on request is a well planned society that offers a pleasant living experience to its residents. This 2 bhk flat in kolkata east is your opportunity to be a part of this community. This residential flat is south-West-Facing direction. The flat occupies a super built up area of 945 sq.Ft. That consists of 2 bedrooms, 2 bathrooms and 1 balcony. This flat is situ...",V83576998,"on request, Rajarhat, Kolkata",,,[],"['Feng Shui / Vaastu Compliant', 'Security / Fire Alarm', 'Lift(s)', 'Maintenance Staff', 'Water Storage', 'Visitor Parking']","['Shitala Mandir', 'Union bank of india ATM', 'State bank of india ATM', 'Axis bank ATM', 'Bank of baroda ATM', 'Hdfc bank ATM']","['Others,Main Road']",2 Bedrooms,2 Bathrooms,1 Balcony,,3rd   of 5 Floors,1 to 5 Year Old,South-West
on request,https://www.99acres.com/2-bhk-bedroom-apartment-flat-for-sale-in-rajarhat-kolkata-east-930-sq-ft-spid-L83576566,2 BHK Flat,44.64 Lac,930 sqft,Super Built-up Area,"4,800 /sqft","Rajarhat, Kolkata","Gated Society
Corner Property
+2","On request is one of the most popular destination for buying apartments/ flats in rajarhat, kolkata east. You too can be a part of this society by purchasing this 2 bhk flat here. The flat is facing the north-West direction. The flat occupies a super built up area of 930 sq.Ft. That consists of 2 bedrooms, 2 bathrooms and 1 balcony. This flat is situated on the 3rd floor of this 5 floors tall r...",L83576566,"on request, Rajarhat, Kolkata",,,[],"['Feng Shui / Vaastu Compliant', 'Security / Fire Alarm', 'Lift(s)', 'Maintenance Staff', 'Water Storage', 'Visitor Parking']","['Re - Life Hospital', 'Kamala Ray Hospital', 'Konnagar Matri Sadan Municipal Hospital', 'Park Lions Hospital', 'Green-View Nursing Home Kolkata']","['Others,Main Road']",2 Bedrooms,2 Bathrooms,1 Balcony,,3rd   of 5 Floors,1 to 5 Year Old,North-East
on request,https://www.99acres.com/2-bhk-bedroom-apartment-flat-for-sale-in-rajarhat-kolkata-east-891-sq-ft-spid-G83576496,2 BHK Flat,42.77 Lac,891 sqft,Super Built-up Area,"4,800 /sqft","Rajarhat, Kolkata","Gated Society
Corner Property
+1","Located in the popular residential address of rajarhat, kolkata east, on request is one of the most preferred destination for apartments in kolkata east. This 2 bhk flat is your ticket to be a part of this community. This residential flat is east-Facing direction. The flat occupies a super built up area of 891 sq.Ft. That consists of 2 bedrooms, 2 bathrooms and 1 balcony. This flat lies on the ...",G83576496,"on request, Rajarhat, Kolkata",,,[],"['Feng Shui / Vaastu Compliant', 'Security / Fire Alarm', 'Lift(s)', 'Maintenance Staff', 'Water Storage', 'Visitor Parking']","['Re - Life Hospital', 'Kamala Ray Hospital', 'Konnagar Matri Sadan Municipal Hospital', 'Park Lions Hospital', 'Green-View Nursing Home Kolkata']","['Others,Main Road,Park/Garden']",2 Bedrooms,2 Bathrooms,1 Balcony,,4th   of 5 Floors,1 to 5 Year Old,West
on request,https://www.99acres.com/2-bhk-bedroom-apartment-flat-for-sale-in-rajarhat-kolkata-east-945-sq-ft-spid-D83576060,2 BHK Flat,45.36 Lac,945 sqft,Super Built-up Area,"4,800 /sqft","Rajarhat, Kolkata","Gated Society
Corner Property
+1","Check out this 2 bhk apartment for sale in on request, a popular residential project that houses in-Demand flats in rajarhat, kolkata east. The flat is east-Facing. Containing 2 bedroom(s), 2 bathrooms and 1 balcony, this flat is spread over a super built up area of 945 sq.Ft. This flat lies on the 4th level of a 5 storey building. An added advantage of this 1-5 years old flat is that it is ava...",D83576060,"on request, Rajarhat, Kolkata",,,[],"['Feng Shui / Vaastu Compliant', 'Security / Fire Alarm', 'Lift(s)', 'Maintenance Staff', 'Water Storage', 'Visitor Parking']","['Re - Life Hospital', 'Kamala Ray Hospital', 'Konnagar Matri Sadan Municipal Hospital', 'Park Lions Hospital', 'Green-View Nursing Home Kolkata']","['Main Road,Others']",2 Bedrooms,2 Bathrooms,1 Balcony,,4th   of 5 Floors,1 to 5 Year Old,West
Ps Nautical,https://www.99acres.com/3-bhk-bedroom-apartment-flat-for-sale-in-ps-nautical-patuli-kolkata-south-1160-sq-ft-spid-V82573522,3 BHK Flat,1.05 Cr,"1,160 sqft",Super Built-up Area,"9,051 /sqft","Patuli, EM Bypass","KAVI NAJRUL within 250m
PATULI within 1km
+1","Located in the popular residential address of patuli, kolkata south, ps nautical is one of the most preferred destination for apartments in kolkata south. This 3 bhk flat is your ticket to be a part of this community. The flat is north-Facing. The flat is over 1160 sq.Ft. Super built up area and comes with 3 bedroom(s), 2 bathrooms and 1 balcony. The property is located on the 5th floor of a 7 ...",V82573522,"Ps Nautical, Patuli, EM Bypass",,,[],"['Security / Fire Alarm', 'Feng Shui / Vaastu Compliant', 'Intercom Facility', 'Lift(s)', 'Water purifier', 'Maintenance Staff', 'Water Storage', 'Visitor Parking', 'Swimming Pool', 'Park', 'Natural Light', 'Airy Rooms', 'Spacious Interiors', 'Fitness Centre / GYM', 'Waste Disposal', 'Rain Water Harvesting', 'Club house / Community Center', 'Water softening plant']","['Kavi nazrul metro station', 'Shahid khudiram metro station', 'Kavi subhash metro station', 'Sitala mandir', 'Sree Guru Sangha Main Gate']","['Park/Garden,Main Road']",3 Bedrooms,2 Bathrooms,1 Balcony,,5th   of 7 Floors,5 to 10 Year Old,North-East
Sanctuary,https://www.99acres.com/4-bhk-bedroom-apartment-flat-for-sale-in-sanctuary-tollygunge-kolkata-south-2799-sq-ft-spid-A81440589,4 BHK Flat,4.5 Cr,"2,799 sqft",Super Built-up Area,"24,403 /sqft","Tollygunge, Kolkata","Fitness Center/ Gym
Swimming Pool Available
+1","Located in the popular residential address of tollygunge, kolkata south, sanctuary is one of the most preferred destination for apartments in kolkata south. This 4 bhk flat is your ticket to be a part of this community. The flat is over 2799 sq.Ft. Super built up area and comes with 4 bedroom(s), 5 bathrooms and 3 balconies. This flat lies on the 11th level of a 27 storey building. This residen...",A81440589,"Sanctuary, Tollygunge, Kolkata",Sanctuary,,[],"['Lift(s)', 'Centrally Air Conditioned', 'Separate entry for servant room', 'Swimming Pool', 'Park', 'Security Personnel', 'Natural Light', 'Airy Rooms', 'Low Density Society', 'Shopping Centre', 'Fitness Centre / GYM', 'Rain Water Harvesting', 'Club house / Community Center']","['Rabindra Sarovar Metro', 'South City Mall', 'National Highway 12', 'South City International School', 'University of Calcutta']","['Pool,Park/Garden,Club,Main Road']",4 Bedrooms,5 Bathrooms,3 Balconies,,11st   of 29 Floors,Mar 2027,
Siddha Suburbia,https://www.99acres.com/3-bhk-bedroom-apartment-flat-for-sale-in-siddha-suburbia-baruipur-kolkata-south-1210-sq-ft-spid-L83015644,3 BHK Flat,70 Lac,"1,210 sqft",Super Built-up Area,"5,785 /sqft","Baruipur, Kolkata South","Gated Society
Corner Property
+2","Resale property, ready to move flat. Unused flat. South east facing. A gated society with all mordan amenities ar available here.",L83015644,"Siddha Suburbia, Baruipur, Kolkata South",Siddha Suburbia,,[],"['Security / Fire Alarm', 'Power Back-up', 'Feng Shui / Vaastu Compliant', 'Intercom Facility', 'Lift(s)', 'Maintenance Staff', 'Water Storage', 'Visitor Parking', 'Swimming Pool', 'Park', 'Fitness Centre / GYM', 'Rain Water Harvesting', 'Club house / Community Center']","['Kavi Nazrul Metro', 'Metropolis Mall', 'EM Bypass', 'Narendrapur Ramakrishna Mission', 'Indus Valley World School']","['Park/Garden,Pool,Club,Main Road,Others']",3 Bedrooms,2 Bathrooms,1 Balcony,,8th   of 14 Floors,1 to 5 Year Old,South-East
Bengal Peerless Avidipta Phase 2,https://www.99acres.com/3-bhk-bedroom-apartment-flat-for-sale-in-bengal-peerless-avidipta-phase-2-mukundapur-kolkata-south-1389-sq-ft-spid-U82291856,3 BHK Flat,2.5 Cr,"1,389 sqft",Super Built-up Area,"17,998 /sqft","Mukundapur, Kolkata",,"Located in the popular residential address of mukundapur, kolkata south, bengal peerless avidipta phase 2 is one of the most preferred destination for apartments in kolkata south. This 3 bhk flat is your ticket to be a part of this community. This is a south-East-Facing property. The floor plan additionally contains 3 bedroom(s), 2 bathrooms and 2 balconies. All in all, the flat is spread over ...",U82291856,"Bengal Peerless Avidipta Phase 2, Mukundapur, Kolkata",Bengal Peerless Avidipta Phase 2,,[],"['Security / Fire Alarm', 'Feng Shui / Vaastu Compliant', 'Intercom Facility', 'Lift(s)', 'Maintenance Staff', 'Water Storage', 'Piped-gas', 'Visitor Parking', 'Swimming Pool', 'Park', 'Fitness Centre / GYM', 'Rain Water Harvesting', 'Club house / Community Center']","['Jyotirindra Nandi Metro Station', 'Metropolis Mall', 'EM Bypass', 'Birla High School', 'Sammilani Mahavidyalaya', 'Rabindra Bharati University']",['Main Road'],3 Bedrooms,2 Bathrooms,2 Balconies,Servant Room,30th   of 46 Floors,5 to 10 Year Old,South-East
GREEN LEAF,https://www.99acres.com/2-bhk-bedroom-apartment-flat-for-sale-in-new-town-kolkata-east-862-sq-ft-spid-T83454680,2 BHK Flat,53 Lac,862 sqft,Super Built-up Area,"7,737 /sqft","New Town, Kolkata","East Facing
Gated Society
+2","This beautiful 2 bhk flat in new town, kolkata east is situated in green leaf, one of the popular residential society in kolkata east. The flat is east-Facing. The floor plan additionally contains 2 bedroom(s), 2 bathrooms and 1 balcony. All in all, the flat is spread over a super built up area of 862 sq.Ft. The residential building has 4 floors in total and the flat for sale is located on the ...",T83454680,"GREEN LEAF, New Town, Kolkata",,,"['1 Water Purifier', '4 Fan', '1 Fridge', '1 Exhaust Fan', '1 Dining Table', '1 Geyser', '1 Stove', '5 Light', '1 AC', '1 TV', '1 Modular Kitchen', '1 Chimney', '1 Curtains', '1 Bed', '2 Wardrobe', '1 Sofa', '1 Washing Machine']","['Feng Shui / Vaastu Compliant', 'Security / Fire Alarm', 'Intercom Facility', 'Lift(s)', 'Maintenance Staff', 'Water Storage', 'Visitor Parking']","['Kali Temple', 'Rajarhat Shitala Kali Temple', 'Dakbunglow Shani Kali Mandir', 'Rekjoani Shitala Mandir', 'Hanuman Mandir']",['Main Road'],2 Bedrooms,2 Bathrooms,1 Balcony,,3rd   of 4 Floors,5 to 10 Year Old,East
Utsa Luxary,https://www.99acres.com/2-bhk-bedroom-apartment-flat-for-sale-in-utsa-luxary-new-town-action-area-1a-kolkata-east-1242-sq-ft-spid-H83244010,2 BHK Flat,95 Lac,"1,242 sqft",Super Built-up Area,"7,648 /sqft","New Town Action area 1A, Kolkata","East Facing
Gated Society
+2","It is an awesome place for business man to grow their business. Because newtown is the growing city. Near 1 minutes newtown bus stand & dlf 1 5 minutes sector v & metro & biswabengla 5 min tcs & candor tata madical, 8 km international airport",H83244010,"Utsa Luxary, New Town Action area 1A, Kolkata",,,"['1 Bed', '1 Wardrobe', '4 Fan', '1 Exhaust Fan', '8 Light', '1 Modular Kitchen']","['Feng Shui / Vaastu Compliant', 'Security / Fire Alarm', 'Intercom Facility', 'Lift(s)', 'Maintenance Staff', 'Water Storage', 'Park', 'Visitor Parking']","['Nazrul tirtha metro station', 'Terminus Mall', 'mandir', 'Citibank ATM', 'Hdfc bank ATM', 'Hdfc bank ATM', 'Indian overseas bank ATM']","['Pool,Park/Garden,Club,Main Road,Sea facing']",2 Bedrooms,2 Bathrooms,1 Balcony,Pooja Room,2nd   of 13 Floors,5 to 10 Year Old,East
Newtow AA IIIC 1087,https://www.99acres.com/3-bhk-bedroom-apartment-flat-for-sale-in-action-area-3-kolkata-east-560-sq-ft-spid-D82961274,3 BHK Flat,72 Lac,560 sqft,Carpet Area,"12,857 /sqft","Action Area 3, Kolkata","Gated Society
Corner Property
+1",Very good place newtown aa iii & coming soon tata medical candor gate 1 dlf 1 vishwa bangla sector v & metro tcs ecospace business park coffee house eco park airport,D82961274,"Newtow AA IIIC 1087, Action Area 3, Kolkata",,,[],"['Security / Fire Alarm', 'Maintenance Staff', 'Water Storage', 'Visitor Parking']","['State bank of india ATM', 'Belle Vue Hospital', 'Global Healthcare System', 'Apollo Pharmacy', 'DLF IT Park', 'Shapoorji Bus Stand']",['Main Road'],3 Bedrooms,2 Bathrooms,1 Balcony,Pooja Room,2nd   of 5 Floors,1 to 5 Year Old,North-West
Realtech Nirman Curio City,https://www.99acres.com/2-bhk-bedroom-apartment-flat-for-sale-in-realtech-nirman-curio-city-new-town-kolkata-east-1022-sq-ft-spid-Y82887826,2 BHK Flat,80 Lac,"1,022 sqft",Super Built-up Area,"7,827 /sqft","New Town, Kolkata","North Facing
Overlooking Park/Garden
+2",Curiocity realtech 2bhk flat good looking property luxury apartment in rajarhat new town on road faceing property,Y82887826,"Realtech Nirman Curio City, New Town, Kolkata",Realtech Nirman Curio City,,"['2 Bed', '1 Wardrobe', '1 Water Purifier', '7 Fan', '1 Sofa', '1 Microwave', '13 Light', '3 AC', '1 TV', '1 Modular Kitchen']","['Power Back-up', 'Feng Shui / Vaastu Compliant', 'Intercom Facility', 'Lift(s)', 'Swimming Pool', 'Maintenance Staff', 'Park', 'Security Personnel', 'Fitness Centre / GYM', 'Club house / Community Center', 'Rain Water Harvesting']","['Multiplex And Mall', 'Hidco Bridge', 'Narayana e-Techno School Newtown', 'Delhi Public School Megacity', 'Aliah University']","['Main Road,Club,Pool,Park/Garden']",2 Bedrooms,2 Bathrooms,1 Balcony,,3rd   of 5 Floors,5 to 10 Year Old,North
Mounthill Essence,https://www.99acres.com/2-bhk-bedroom-apartment-flat-for-sale-in-mounthill-essence-rajarhat-kolkata-east-996-sq-ft-spid-J82742770,2 BHK Flat,51 Lac,996 sqft,Super Built-up Area,"5,120 /sqft","Rajarhat, Kolkata","Gated Society
Corner Property
+2",Welcome to mounthill essence this property is luxury apartment good property in rajarhat kolkata east contact saimoon ventures pvt ltd thanks,J82742770,"Mounthill Essence, Rajarhat, Kolkata",Mounthill Essence,,[],"['Feng Shui / Vaastu Compliant', 'Security / Fire Alarm', 'Lift(s)', 'Swimming Pool', 'Water Storage', 'Park', 'Visitor Parking', 'Fitness Centre / GYM', 'Club house / Community Center']","['City Centre Mall', 'Rajarhat Main Road', 'Gopal Gurukul International School', 'Amity University Kolkata', 'Lotus Hospital']","['Park/Garden,Pool,Main Road,Club,Others']",2 Bedrooms,2 Bathrooms,1 Balcony,,2nd   of 7 Floors,1 to 5 Year Old,West
The Orchid Grandeur,https://www.99acres.com/4-bhk-bedroom-apartment-flat-for-sale-in-the-orchid-grandeur-rajarhat-kolkata-east-3540-sq-ft-spid-C82672128,4 BHK Flat,1.67 Cr,"3,540 sqft",Super Built-up Area,"4,717 /sqft","Rajarhat, Kolkata",,The orchid grandeur good property triple x 4bhk private terrace servant quarter private garden area with parking this property is good looking property,C82672128,"The Orchid Grandeur, Rajarhat, Kolkata",The Orchid Grandeur,,[],"['Power Back-up', 'Security / Fire Alarm', 'Intercom Facility', 'Lift(s)', 'Swimming Pool', 'Maintenance Staff', 'Water Storage', 'Park', 'Visitor Parking', 'Fitness Centre / GYM', 'Club house / Community Center']","['The Ivy Mall', 'Denovo Institute Of Education', 'Basina Free Primary School', 'Ghosh Bari', 'Lotus Hospital', 'Ohio Hospital']","['Pool,Club,Main Road,Park/Garden,Others']",4 Bedrooms,5 Bathrooms,3 Balconies,Servant Room,Ground of 4 Floors,1 to 5 Year Old,North
The Orchid Grandeur,https://www.99acres.com/3-bhk-bedroom-apartment-flat-for-sale-in-the-orchid-grandeur-rajarhat-kolkata-east-2500-sq-ft-spid-Y82670430,3 BHK Flat,1.2 Cr,"2,500 sqft",Super Built-up Area,"4,800 /sqft","Rajarhat, Kolkata","Overlooking Park/Garden
Overlooking Main Road
+2","The orchid grander, rajarhat bishnupur basina choto chandpur 4 bhk 3 bhk duplex room available & all property is good looking & nice view, front road side",Y82670430,"The Orchid Grandeur, Rajarhat, Kolkata",The Orchid Grandeur,,[],"['Power Back-up', 'Security / Fire Alarm', 'Intercom Facility', 'Lift(s)', 'Swimming Pool', 'Maintenance Staff', 'Water Storage', 'Park', 'Visitor Parking', 'Fitness Centre / GYM', 'Club house / Community Center']","['The Ivy Mall', 'Denovo Institute Of Education', 'Basina Free Primary School', 'Ghosh Bari', 'Lotus Hospital', 'Ohio Hospital']","['Park/Garden,Pool,Club,Main Road']",3 Bedrooms,3 Bathrooms,3 Balconies,Servant Room,2nd   of 4 Floors,5 to 10 Year Old,South-West
"Beside DumDum Airport, Siddhi Vinayak",https://www.99acres.com/3-bhk-bedroom-apartment-flat-for-sale-in-airport-kolkata-north-1441-sq-ft-spid-Q81112329,3 BHK Flat,57.64 Lac,"1,441 sqft",Super Built-up Area,"4,000 /sqft","Airport, Dum Dum",Airport Nearby,"Flat is available on 2nd and 4th floor. Property will be handed over to the buyer by the next 2 months. Located in the popular residential address of airport, kolkata north, beside dumdum airport is one of the most preferred destination for apartments in kolkata north. This 3 bhk flat is your ticket to be a part of this community. The flat occupies a super built up area of 1441 sq.Ft. That cons...",Q81112329,"Beside DumDum Airport, Siddhi Vayak, Airport, Dum Dum",,,[],[],"['Shitala Mandir', 'State bank of india ATM', 'Axis bank ATM', 'Union bank of india ATM', 'Maa Sarada Nursing Home']",[],3 Bedrooms,3 Bathrooms,2 Balconies,,2nd   of 4 Floors,Under Construction,
"Point 30, New Booking",https://www.99acres.com/3-bhk-bedroom-apartment-flat-for-sale-in-airport-kolkata-north-1115-sq-ft-spid-E82846638,3 BHK Flat,41.26 Lac,"1,115 sqft",Super Built-up Area,"3,700 /sqft","Airport, Dum Dum","Airport Nearby
Indira Gandhi International Nearby
+1","Point 30 is one of kolkata north's most sought after destination for apartments and this 3 bhk flat in airport is your opportunity to be a part of this community. The flat is over 1115 sq.Ft. Super built up area and comes with 3 bedroom(s), 2 bathrooms and 1 balcony. The flat has a total of 4 floors and this property is situated on 1st floor. This 0-1 year old property is available for immediat...",E82846638,"Pot 30, New Bookg, Airport, Dum Dum",,,[],"['Feng Shui / Vaastu Compliant', 'Security / Fire Alarm', 'Intercom Facility', 'Lift(s)', 'Maintenance Staff', 'Water Storage', 'Park', 'Visitor Parking']","['Shitala Mandir', 'Mother Teresa Church', 'Aparna Nursing Home', 'Manorama Nursing Home', 'Phoenix Hospital And Diagnostic Centre Pvt Ltd']","['Park/Garden,Main Road,Others,Club']",3 Bedrooms,2 Bathrooms,1 Balcony,,1st   of 4 Floors,1 to 5 Year Old,South-East
Eden Meghbalika,https://www.99acres.com/2-bhk-bedroom-apartment-flat-for-sale-in-eden-meghbalika-baruipur-kolkata-south-740-sq-ft-spid-P79413833,2 BHK Flat,30 Lac,740 sqft,Super Built-up Area,"4,324 /sqft","Baruipur, Kolkata South",,"The balcony faces the children's park area. Nice ventilation and sunlight. Lights, fans, exhaust fan in both bathrooms, 2 beds, 1 dressing table, 1 almira available.",P79413833,"Eden Meghbalika, Baruipur, Kolkata South",Eden Meghbalika,,[],"['Intercom Facility', 'Lift(s)', 'Swimming Pool', 'Park', 'Fitness Centre / GYM']","['Wood Square Mall', 'Holy Cross School', 'Mallikpur Block Hospital', 'Kolkata Airport', 'SH 1', 'Shree Ramkrishna Institute']",['Park/Garden'],2 Bedrooms,2 Bathrooms,1 Balcony,,2nd   of 4 Floors,1 to 5 Year Old,East
Starlite Sunny Bloom,https://www.99acres.com/3-bhk-bedroom-apartment-flat-for-sale-in-starlite-sunny-bloom-mahamayatala-kolkata-south-1125-sq-ft-spid-L82462024,3 BHK Flat,53 Lac,"1,125 sqft",Super Built-up Area,"4,711 /sqft","Mahamayatala, Garia","North-East Facing
Top Floor
+2",Resale property ready to move flat. Getad society with all mordan amenities ar available here. Near hospital and school.,L82462024,"Starlite Sunny Bloom, Mahamayatala, Garia",Starlite Sunny Bloom,,[],"['Security / Fire Alarm', 'Intercom Facility', 'Lift(s)', 'Maintenance Staff', 'Swimming Pool', 'Water Storage', 'Park', 'Security Personnel', 'Fitness Centre / GYM']","['Kavi nazrul metro station', 'Shahid khudiram metro station', 'Sitala mandir', 'Gosto Mandir', 'Brahmapur Badamtala Jame Masjid']","['Pool,Park/Garden,Club']",3 Bedrooms,2 Bathrooms,1 Balcony,,4th   of 4 Floors,5 to 10 Year Old,North-East
Urban Greens Phase 2,https://www.99acres.com/3-bhk-bedroom-apartment-flat-for-sale-in-urban-greens-phase-2-rajarhat-kolkata-east-1350-sq-ft-spid-N81875226,3 BHK Flat,1.02 Cr,"1,350 sqft",Super Built-up Area,"7,555 /sqft","Rajarhat, Kolkata","Top Floor
Fresh Construction
+2","This 3 bhk apartment is available for sale in urban greens phase 2, one of the most prominent projects for flats in rajarhat, kolkata east. This is a south-East-Facing property. The flat is over 1350 sq.Ft. Super built up area and comes with 3 bedroom(s), 2 bathrooms and 1 balcony. The residential building has 10 floors in total and the flat for sale is located on the top floor. As the project ...",N81875226,"Urban Greens Phase 2, Rajarhat, Kolkata",Urban Greens Phase 2,,[],"['Feng Shui / Vaastu Compliant', 'Security / Fire Alarm', 'Intercom Facility', 'Lift(s)', 'Maintenance Staff', 'Swimming Pool', 'Water Storage', 'Park', 'Visitor Parking', 'Fitness Centre / GYM', 'Club house / Community Center']","['Titumir Metro', 'City Centre Mall Rajarhat', 'Atghara FP School', 'Netaji Subhas Open University', 'Charnock Hospital']","['Main Road,Park/Garden']",3 Bedrooms,2 Bathrooms,1 Balcony,,10th   of 10 Floors,0 to 1 Year Old,South-East
Southwinds,https://www.99acres.com/3-bhk-bedroom-apartment-flat-for-sale-in-southwinds-garia-kolkata-south-1226-sq-ft-spid-Y82365230,3 BHK Flat,76 Lac,"1,226 sqft",Super Built-up Area,"6,199 /sqft","Garia, Kolkata","Top Floor
Gated Society
+1","Located in the popular residential address of garia, kolkata south, southwinds is one of the most preferred destination for apartments in kolkata south. This 3 bhk flat is your ticket to be a part of this community. The flat is facing the east direction. Containing 3 bedroom(s), 3 bathrooms and 1 balcony, this flat is spread over a super built up area of 1226 sq.Ft. The property is located on t...",Y82365230,"Southwds, Garia, Kolkata",Southwinds,,[],"['Power Back-up', 'Intercom Facility', 'Lift(s)', 'Maintenance Staff', 'Swimming Pool', 'Park', 'Security Personnel', 'Natural Light', 'Airy Rooms', 'Shopping Centre', 'Fitness Centre / GYM', 'Waste Disposal', 'Club house / Community Center']","['Government Hospital', 'Subhas gram railway station', 'Mallikpur railway station']",['Main Road'],3 Bedrooms,3 Bathrooms,1 Balcony,,15th   of 15 Floors,1 to 5 Year Old,North-West
NPR Joy 98,https://www.99acres.com/4-bhk-bedroom-apartment-flat-for-sale-in-npr-joy-98-bt-road-kolkata-north-2160-sq-ft-spid-G82266816,4 BHK Flat,1.65 Cr,"2,160 sqft",Super Built-up Area,"7,638 /sqft","BT Road, Kolkata","Baranagar Metro within 1km
Fresh Construction
+2",Unused flat at plc location with covered parking .. 3 sides open .. Loan possible from any bank .,G82266816,"NPR Joy 98, BT Road, Kolkata",NPR Joy 98,,[],"['Feng Shui / Vaastu Compliant', 'Intercom Facility', 'Lift(s)', 'Swimming Pool', 'Park', 'Fitness Centre / GYM', 'Club house / Community Center', 'Rain Water Harvesting']","['Noapara Metro Station', 'More Shopping Mall', 'Central Modern School, Baranagar', 'Zenith Super Specialist Hospital', 'Apollo Pharmacy Baranagar']",['Main Road'],4 Bedrooms,3 Bathrooms,2 Balconies,Others,15th   of 25 Floors,0 to 1 Year Old,South-East
Siddha Suburbia,https://www.99acres.com/2-bhk-bedroom-apartment-flat-for-sale-in-siddha-suburbia-baruipur-kolkata-south-918-sq-ft-spid-P82923068,2 BHK Flat,44 Lac,918 sqft,Super Built-up Area,"4,793 /sqft","Baruipur, Kolkata South","Gated Society
Corner Property
+2","Resale, unused 2bhk flat available along with one cover car parking space",P82923068,"Siddha Suburbia, Baruipur, Kolkata South",Siddha Suburbia,,[],"['Security / Fire Alarm', 'Power Back-up', 'Feng Shui / Vaastu Compliant', 'Intercom Facility', 'Lift(s)', 'Maintenance Staff', 'Water Storage', 'Visitor Parking', 'Swimming Pool', 'Park', 'Security Personnel', 'Natural Light', 'Airy Rooms', 'Low Density Society', 'Shopping Centre', 'Fitness Centre / GYM', 'Waste Disposal', 'Rain Water Harvesting', 'Club house / Community Center', 'Water softening plant']","['Kavi Nazrul Metro', 'Metropolis Mall', 'EM Bypass', 'Narendrapur Ramakrishna Mission', 'Indus Valley World School']",['Park/Garden'],2 Bedrooms,2 Bathrooms,1 Balcony,,2nd   of 14 Floors,1 to 5 Year Old,South-West
Purti Star,https://www.99acres.com/3-bhk-bedroom-apartment-flat-for-sale-in-purti-star-rajarhat-kolkata-east-1349-sq-ft-spid-O81891474,3 BHK Flat,86 Lac,"1,349 sqft",Super Built-up Area,"6,375 /sqft","Rajarhat, Kolkata","Gated Society
Corner Property
+2","Looking for a 3 bhk property for sale in kolkata east? Buy this 3 bhk flat in purti star that is situated in rajarhat, kolkata east. This is a south-East-Facing property. Containing 3 bedroom(s), 2 bathrooms and 1 balcony, this flat is spread over a super built up area of 1349 sq.Ft. The flat has a total of 11 floors and this property is situated on 6th floor. This is a ready to move project an...",O81891474,"Purti Star, Rajarhat, Kolkata",Purti Star,,[],"['Security / Fire Alarm', 'Feng Shui / Vaastu Compliant', 'Intercom Facility', 'Lift(s)', 'Maintenance Staff', 'Water Storage', 'Visitor Parking', 'Swimming Pool', 'Park', 'Security Personnel', 'Fitness Centre / GYM', 'Rain Water Harvesting', 'Club house / Community Center']","['Kali mandir', 'Manasha Mandir', 'Kali Temple', 'Kali Mandir', 'Dharmaraj Temple', 'Mukherjee Barir Durgadalan']",['Park/Garden'],3 Bedrooms,2 Bathrooms,1 Balcony,,6th   of 11 Floors,1 to 5 Year Old,South-East
Siddha Galaxia,https://www.99acres.com/3-bhk-bedroom-apartment-flat-for-sale-in-siddha-galaxia-rajarhat-kolkata-east-1290-sq-ft-spid-I81889498,3 BHK Flat,1.35 Cr,"1,290 sqft",Super Built-up Area,"10,465 /sqft","Rajarhat, Kolkata","Gated Society
Corner Property
+2","Located in the popular residential address of rajarhat, kolkata east, siddha galaxia is one of the most preferred destination for apartments in kolkata east. This 3 bhk flat is your ticket to be a part of this community. This residential flat is south-East-Facing direction. Containing 3 bedroom(s), 2 bathrooms and 1 balcony, this flat is spread over a super built up area of 1290 sq.Ft. The resi...",I81889498,"Siddha Galaxia, Rajarhat, Kolkata",Siddha Galaxia,,"['1 Water Purifier', '5 Fan', '1 Fridge', '1 Exhaust Fan', '1 Dining Table', '1 Geyser', '1 Stove', '6 Light', '2 AC', '1 Curtains', '1 Modular Kitchen', '1 Chimney', '1 TV', '1 Bed', '1 Wardrobe', '1 Sofa', '1 Washing Machine', '1 Microwave']","['Security / Fire Alarm', 'Power Back-up', 'Feng Shui / Vaastu Compliant', 'Intercom Facility', 'Lift(s)', 'Maintenance Staff', 'Water Storage', 'Visitor Parking', 'Swimming Pool', 'Park', 'Fitness Centre / GYM', 'Rain Water Harvesting', 'Club house / Community Center']","['Axis Mall', 'Spencers', 'DPS Newtown', 'Narayana School', 'DPS Megacity', 'New Town School', 'Disha Eye Hospital']",['Park/Garden'],3 Bedrooms,2 Bathrooms,1 Balcony,,10th   of 13 Floors,1 to 5 Year Old,South-East
Urban Greens Phase 2,https://www.99acres.com/2-bhk-bedroom-apartment-flat-for-sale-in-urban-greens-phase-2-rajarhat-kolkata-east-920-sq-ft-spid-T81871204,2 BHK Flat,72 Lac,920 sqft,Super Built-up Area,"7,826 /sqft","Rajarhat, Kolkata","Fresh Construction
Gated Society
+2","This 2 bhk apartment is available for sale in urban greens phase 2, one of the most prominent projects for flats in rajarhat, kolkata east. This residential flat is south-Facing direction. Constructed on a super built up area of 920 sq.Ft., the flat comprises 2 bedroom(s), 2 bathrooms and 1 balcony. This flat lies on the 5th level of a 9 storey building. An added advantage of this 0-1 year old ...",T81871204,"Urban Greens Phase 2, Rajarhat, Kolkata",Urban Greens Phase 2,,[],"['Feng Shui / Vaastu Compliant', 'Security / Fire Alarm', 'Intercom Facility', 'Lift(s)', 'Swimming Pool', 'Maintenance Staff', 'Water Storage', 'Park', 'Visitor Parking', 'Fitness Centre / GYM', 'Club house / Community Center']","['Titumir Metro', 'City Centre Mall Rajarhat', 'Atghara FP School', 'Netaji Subhas Open University', 'Charnock Hospital']","['Park/Garden,Club']",2 Bedrooms,2 Bathrooms,1 Balcony,,5th   of 9 Floors,0 to 1 Year Old,South
PS Panache,https://www.99acres.com/3-bhk-bedroom-apartment-flat-for-sale-in-ps-panache-salt-lake-kolkata-east-1415-sq-ft-spid-Q83652140,3 BHK Flat,2 Cr,"1,415 sqft",Super Built-up Area,"14,134 /sqft","Salt Lake, Kolkata","Sector 5 metro Nearby
DPS mega City Nearby
+2","This 3 bhk flat is located in ps panache, which houses some of the most spacious flats in salt lake, kolkata east. The flat is south-East-Facing. The floor plan additionally contains 3 bedroom(s), 2 bathrooms and 1 balcony. All in all, the flat is spread over a super built up area of 1415 sq.Ft. The residential building has 25 floors in total and the flat for sale is located on the 8th floor. T...",Q83652140,"PS Panache, Salt Lake, Kolkata",PS Panache,,"['5 Fan', '1 Exhaust Fan', '1 Dining Table', '2 Geyser', '26 Light', '1 Modular Kitchen', '1 Curtains', '3 AC', '3 Bed', '3 Wardrobe', '1 Sofa', '1 Washing Machine']","['Security / Fire Alarm', 'Power Back-up', 'Feng Shui / Vaastu Compliant', 'Intercom Facility', 'Lift(s)', 'Maintenance Staff', 'Water Storage', 'Visitor Parking', 'Swimming Pool', 'Park', 'Fitness Centre / GYM', 'Rain Water Harvesting', 'Club house / Community Center']","['City Centre Salt Lake', 'NIPS Hotel Management, Kolkata', 'University of Engg & Mgmt (UEM)', 'Chittaranjan National Cancer Institute']","['Pool,Park/Garden,Club,Main Road,Others']",3 Bedrooms,2 Bathrooms,1 Balcony,Others,8th   of 25 Floors,1 to 5 Year Old,South-East
Sree Sai apartment new town,https://www.99acres.com/1-bhk-bedroom-apartment-flat-for-sale-in-cd-block-newtown-kolkata-east-560-sq-ft-spid-N82871080,1 BHK Flat,50 Lac,560 sqft,Carpet Area,"8,928 /sqft","CD Block Newtown, Action Area 1","Ground Floor
Fresh Construction","This flat is on the ground floor with separate entry! Could be used commercially like office! 5 min from biswa bangla gate, and very close to fairfield by marriot. Cd block street number 262.",N82871080,"Sree Sai apartment new town, CD Block Newtown, Action Area 1",,,[],[],"['Rabindra Tirtha Metro Station', 'Nazrul tirtha metro station', 'Terminus Mall', 'mandir', 'Hdfc bank ATM', 'Citibank ATM']",[],1 Bedroom,1 Bathroom,No Balcony,,Ground of 4 Floors,0 to 1 Year Old,
Swan Court,https://www.99acres.com/3-bhk-bedroom-apartment-flat-for-sale-in-swan-court-new-town-kolkata-east-1670-sq-ft-spid-E82785030,3 BHK Flat,1.3 Cr,"1,670 sqft",Super Built-up Area,"7,784 /sqft","New Town, Kolkata","Private Garden
Recently Renovated
+2","This lovely 3 bhk apartment/flat in new town is available for sale in one of kolkata east's most popular projects, swan court. This is a south-West-Facing property. Constructed on a super built up area of 1670 sq.Ft., the flat comprises 3 bedroom(s), 3 bathrooms and 2 balconies. This flat is situated on the 7th floor of this 12 floors tall residential building. This is a ready to move project a...",E82785030,"Swan Court, New Town, Kolkata",Swan Court,,[],"['Centrally Air Conditioned', 'Water purifier', 'Security / Fire Alarm', 'Power Back-up', 'Feng Shui / Vaastu Compliant', 'Private Garden / Terrace', 'Intercom Facility', 'Lift(s)', 'High Ceiling Height', 'Maintenance Staff', 'False Ceiling Lighting', 'Water Storage', 'Separate entry for servant room', 'Bank Attached Property', 'Piped-gas', 'Internet/wi-fi connectivity', 'Recently Renovated', 'Visitor Parking', 'Swimming Pool', 'Park', 'Security Personnel', 'Natural Light', 'Airy Rooms', 'Spacious Interiors', 'Waste Disposal', 'Rain Water Harvesting', 'Water softening plant', 'Shopping Centre', 'Fitness Centre / GYM', 'Club house / Community Center']","['Proposed Metro Station', 'City Centre Mall', 'DPS New Town', 'Nearby ATM', 'AMRI Hospital', 'OHIO Hospital', 'Airport in proximity']","['Pool,Park/Garden,Club,Main Road']",3 Bedrooms,3 Bathrooms,2 Balconies,,7th   of 12 Floors,1 to 5 Year Old,South-West
Oswal Orchard County,https://www.99acres.com/4-bhk-bedroom-apartment-flat-for-sale-in-oswal-orchard-county-belgharia-north-24-parganas-1817-sq-ft-spid-D83247872,4 BHK Flat,1.28 Cr,"1,817 sqft",Super Built-up Area,"8,809 /sqft","Belgharia, BT Road","Baranagar Metro Station within 2km
Adamas School within 1.5km
+2","Oswal orchard county is one of the most popular destination for buying apartments/ flats in belgharia, kolkata north. You too can be a part of this society by purchasing this 4 bhk flat here. This is a south-East-Facing property. Constructed on a super built up area of 1817 sq.Ft., the flat comprises 4 bedroom(s), 3 bathrooms and 1 balcony. This flat lies on the 9th level of a 13 storey buildin...",D83247872,"Oswal Orchard County, Belgharia, BT Road",Oswal Orchard County,,"['5 Fan', '25 Light', '1 Modular Kitchen', '1 Chimney']","['Power Back-up', 'Intercom Facility', 'Lift(s)', 'Swimming Pool', 'Park', 'Fitness Centre / GYM', 'Club house / Community Center']","['Baranagar metro station', 'Midland Nursing Home', 'Sahid Khudiram Bose Hospital', 'Zenith Super Specialist Hospital', 'College of Medicine & Sagore Dutta Hospital']","['Pool,Park/Garden,Main Road,Others,Club']",4 Bedrooms,3 Bathrooms,1 Balcony,Others,9th   of 13 Floors,1 to 5 Year Old,South-East
residential apartment,https://www.99acres.com/3-bhk-bedroom-apartment-flat-for-sale-in-new-town-kolkata-east-1264-sq-ft-spid-N82145558,3 BHK Flat,1.07 Cr,"1,264 sqft",Super Built-up Area,"8,465 /sqft","New Town, Kolkata","Gated Society
Overlooking Main Road
+1","Check out this 3 bhk apartment for sale in residential apartment, a popular residential project that houses in-Demand flats in new town, kolkata east. The flat is south-Facing. The floor plan additionally contains 3 bedroom(s), 2 bathrooms and 1 balcony. All in all, the flat is spread over a super built up area of 1264 sq.Ft. The flat has a total of 12 floors and this property is situated on 3r...",N82145558,"residential apartment, New Town, Kolkata",,,[],"['Feng Shui / Vaastu Compliant', 'Security / Fire Alarm', 'Intercom Facility', 'Lift(s)', 'Maintenance Staff', 'Water Storage', 'Visitor Parking']","['Rabindra Tirtha Metro Station', 'Nazrul tirtha metro station', 'Terminus Mall', 'mandir', 'Hdfc bank ATM', 'Citibank ATM']",['Main Road'],3 Bedrooms,2 Bathrooms,1 Balcony,,3rd   of 12 Floors,1 to 5 Year Old,South
NPR Joy 98,https://www.99acres.com/4-bhk-bedroom-apartment-flat-for-sale-in-npr-joy-98-bt-road-kolkata-north-2071-sq-ft-spid-T82232178,4 BHK Flat,1.8 Cr,"2,071 sqft",Super Built-up Area,"8,691 /sqft","BT Road, Kolkata","Gated Society
Corner Property
+2","Check out this 4 bhk apartment for sale in npr joy 98, a popular residential project that houses in-Demand flats in bt road, kolkata north. This is a south-Facing property. The flat is over 2071 sq.Ft. Super built up area and comes with 4 bedroom(s), 3 bathrooms and 1 balcony. The property is located on the 21st floor of a 25 floors tall building. An added advantage of this 1-5 years old flat i...",T82232178,"NPR Joy 98, BT Road, Kolkata",NPR Joy 98,,[],"['Power Back-up', 'Feng Shui / Vaastu Compliant', 'Intercom Facility', 'Lift(s)', 'Bank Attached Property', 'Swimming Pool', 'Park', 'Security Personnel', 'Shopping Centre', 'Fitness Centre / GYM', 'Rain Water Harvesting', 'Club house / Community Center', 'Water softening plant']","['Noapara Metro Station', 'More Shopping Mall', 'Central Modern School, Baranagar', 'Zenith Super Specialist Hospital', 'Apollo Pharmacy Baranagar']",['Main Road'],4 Bedrooms,3 Bathrooms,1 Balcony,,21st   of 25 Floors,1 to 5 Year Old,South
Purti Veda,https://www.99acres.com/3-bhk-bedroom-apartment-flat-for-sale-in-purti-veda-new-town-kolkata-east-1261-sq-ft-spid-I81774630,3 BHK Flat,1.15 Cr,"1,261 sqft",Super Built-up Area,"9,119 /sqft","New Town, Kolkata",,3 bhk flat sale in new town action area 1 good location beautiful view water body faching also south faching flat sale,I81774630,"Purti Veda, New Town, Kolkata",Purti Veda,,"['2 Wardrobe', '5 Fan', '1 Exhaust Fan', '2 Geyser', '9 Light', '1 Curtains', '1 Modular Kitchen', '1 Chimney']","['Power Back-up', 'Feng Shui / Vaastu Compliant', 'Security / Fire Alarm', 'Intercom Facility', 'Lift(s)', 'Swimming Pool', 'Maintenance Staff', 'Water Storage', 'Park', 'Visitor Parking', 'Fitness Centre / GYM', 'Club house / Community Center']","['Proposed Metro Station', 'Axis Mall', 'Central Mall', 'The New Town School', 'DPS New Town', 'University of Egineering']",[],3 Bedrooms,2 Bathrooms,1 Balcony,,9th   of 12 Floors,0 to 1 Year Old,
joystee mansion,https://www.99acres.com/2-bhk-bedroom-apartment-flat-for-sale-in-mukundapur-colony-kolkata-south-950-sq-ft-spid-I83073952,2 BHK Flat,60 Lac,950 sqft,Carpet Area,"6,315 /sqft","Mukundapur Colony, Santoshpur","Overlooking Park/Garden
Overlooking Main Road
+2",Mukundapur on road faceing property good looking property resell 2 bhk apartment,I83073952,"joystee mansion, Mukundapur Colony, Santoshpur",,,"['2 Bed', '1 Wardrobe', '4 Fan', '1 Sofa', '1 Geyser', '1 Washing Machine', '10 Light', '1 AC', '1 TV']","['Security / Fire Alarm', 'Maintenance Staff', 'Water Storage', 'Visitor Parking']","['Maa kali temple', 'Shoni thakur mandir', 'Maa Kali mandir', 'Hindu Temple', 'Lord Shiva Temple', 'Old Radha Krishna Temple']","['Main Road,Park/Garden']",2 Bedrooms,2 Bathrooms,1 Balcony,,3rd   of 5 Floors,5 to 10 Year Old,South-East
Individual Apartment,https://www.99acres.com/2-bhk-bedroom-apartment-flat-for-sale-in-action-area-2-kolkata-east-980-sq-ft-spid-V83415266,2 BHK Flat,63 Lac,980 sqft,Super Built-up Area,"6,428 /sqft","Action Area 2, Kolkata",,"Individual apartment is one of kolkata east's most sought after destination for apartments and this 2 bhk flat in action area 2 is your opportunity to be a part of this community. This is a east-Facing property. The flat occupies a super built up area of 980 sq.Ft. That consists of 2 bedrooms, 2 bathrooms and 1 balcony. The property is located on the 3rd floor of a 4 floors tall building. As th...",V83415266,"Individual Apartment , Action Area 2, Kolkata",,,[],"['Security / Fire Alarm', 'Lift(s)', 'Maintenance Staff']","['Kali Temple', 'Kali mandir', 'Manasha Mandir', 'Kali Mandir', 'Dharmaraj Temple', 'Mukherjee Barir Durgadalan']","['Main Road,Others']",2 Bedrooms,2 Bathrooms,1 Balcony,Others,3rd   of 4 Floors,0 to 1 Year Old,East
Eco Star Apartment,https://www.99acres.com/3-bhk-bedroom-apartment-flat-for-sale-in-action-area-2-kolkata-east-1368-sq-ft-spid-I83416588,3 BHK Flat,72.5 Lac,"1,368 sqft",Super Built-up Area,"5,300 /sqft","Action Area 2, Kolkata","Fresh Construction
Corner Property
+2","This beautiful 3 bhk flat in action area 2, kolkata east is situated in eco star apartment, one of the popular residential society in kolkata east. The flat is south-Facing. The flat is over 1368 sq.Ft. Super built up area and comes with 3 bedroom(s), 2 bathrooms and 2 balconies. The flat has a total of 4 floors and this property is situated on 3rd floor. Being a ready to move project, you can ...",I83416588,"Eco Star Apartment , Action Area 2, Kolkata",,,[],"['Security / Fire Alarm', 'Lift(s)', 'Maintenance Staff']","['Rabindra Tirtha Metro Station', 'Nazrul tirtha metro station', 'Terminus Mall', 'mandir', 'Hdfc bank ATM', 'Axis bank ATM']","['Others,Main Road']",3 Bedrooms,2 Bathrooms,2 Balconies,Others,3rd   of 4 Floors,0 to 1 Year Old,South
Urban Greens Phase 2,https://www.99acres.com/3-bhk-bedroom-apartment-flat-for-sale-in-urban-greens-phase-2-rajarhat-kolkata-east-1400-sq-ft-spid-I81871870,3 BHK Flat,1.16 Cr,"1,400 sqft",Super Built-up Area,"8,285 /sqft","Rajarhat, Kolkata","Fresh Construction
Gated Society
+2","Looking for a 3 bhk property for sale in kolkata east? Buy this 3 bhk flat in urban greens phase 2 that is situated in rajarhat, kolkata east. This is a west-Facing property. The floor plan additionally contains 3 bedroom(s), 3 bathrooms and 1 balcony. All in all, the flat is spread over a super built up area of 1400 sq.Ft. The property is located on the 6th floor of a 10 floors tall building. ...",I81871870,"Urban Greens Phase 2, Rajarhat, Kolkata",Urban Greens Phase 2,,[],"['Feng Shui / Vaastu Compliant', 'Security / Fire Alarm', 'Intercom Facility', 'Lift(s)', 'Swimming Pool', 'Maintenance Staff', 'Water Storage', 'Park', 'Visitor Parking', 'Fitness Centre / GYM', 'Club house / Community Center']","['Titumir Metro', 'City Centre Mall Rajarhat', 'Atghara FP School', 'Netaji Subhas Open University', 'Charnock Hospital']","['Pool,Club,Park/Garden,Main Road,Others,Sea facing']",3 Bedrooms,3 Bathrooms,1 Balcony,,6th   of 10 Floors,0 to 1 Year Old,West
Bengal Peerless Avidipta Phase 2,https://www.99acres.com/3-bhk-bedroom-apartment-flat-for-sale-in-bengal-peerless-avidipta-phase-2-mukundapur-kolkata-south-1475-sq-ft-spid-G82896146,3 BHK Flat,2.4 Cr,"1,475 sqft",Built-up Area,"16,271 /sqft","Mukundapur, Kolkata","North-East Facing
Private Garden
+2",Avidipta ii is an iconic project by peerless group at the em bypass. The property is a three side open flat and uninterupted view of the skyline of kolkata.,G82896146,"Bengal Peerless Avidipta Phase 2, Mukundapur, Kolkata",Bengal Peerless Avidipta Phase 2,,[],"['Security / Fire Alarm', 'Power Back-up', 'Feng Shui / Vaastu Compliant', 'Private Garden / Terrace', 'Intercom Facility', 'Lift(s)', 'Maintenance Staff', 'Water Storage', 'Piped-gas', 'Visitor Parking', 'Swimming Pool', 'Park', 'Security Personnel', 'Natural Light', 'Airy Rooms', 'Fitness Centre / GYM', 'Waste Disposal', 'Rain Water Harvesting', 'Club house / Community Center', 'Water softening plant']","['Jyotirindra Nandi Metro Station', 'Metropolis Mall', 'EM Bypass', 'Birla High School', 'Sammilani Mahavidyalaya', 'Rabindra Bharati University']",['Main Road'],3 Bedrooms,3 Bathrooms,2 Balconies,,20th   of 46 Floors,0 to 1 Year Old,North-East
Eden Exotica,https://www.99acres.com/2-bhk-bedroom-apartment-flat-for-sale-in-eden-exotica-panchasayar-kolkata-south-970-sq-ft-spid-Y82590924,2 BHK Flat,62 Lac,970 sqft,Super Built-up Area,"6,391 /sqft","Panchasayar, EM Bypass","Kavi Subhash Metro within 1km
Upcoming South Point School within 1km
+2","Eden exotica is located at 1b bus stand near new garia metro station. It is a semi complex with a community hall, gym and play area. It is a complex of 100 flats approximately. This complex has a generator, security and lift.",Y82590924,"Eden Exotica, Panchasayar, EM Bypass",Eden Exotica,,[],"['Security / Fire Alarm', 'Power Back-up', 'Intercom Facility', 'Lift(s)', 'Maintenance Staff', 'Water Storage', 'Park', 'Security Personnel', 'Natural Light', 'Airy Rooms', 'Fitness Centre / GYM', 'Waste Disposal']","['Bhasaman Bazar', 'MILT Snehalaya', 'NAYABAD KIDZEE', 'Indus Valley World School', 'NSEC', 'Techno Model School']",['Others'],2 Bedrooms,2 Bathrooms,1 Balcony,,1st   of 4 Floors,10+ Year Old,South-East
Protiti,https://www.99acres.com/6-bhk-bedroom-apartment-flat-for-sale-in-jodhpur-park-kolkata-south-3000-sq-ft-spid-C81765884,6 BHK Flat,3.25 Cr,"3,000 sqft",Super Built-up Area,"10,833 /sqft","Jodhpur Park, Kolkata","South City International within 500m
Manipal Hospital within 500m
+2",The flat at jodhpur park is an used property. It is overlooking the road and is close to ashok nursing home. It is a with close proximity to south city mall and carmel school.,C81765884,"Protiti, Jodhpur Park, Kolkata",,,[],"['Intercom Facility', 'Lift(s)', 'Maintenance Staff', 'Water Storage', 'Natural Light', 'Spacious Interiors', 'Waste Disposal']","['Nipponzan Myohoji Buddhist Temple', 'Viveknagar Kalibari', 'RG Stone Urology And Laparoscopy Hospital Kolkata', 'Sri Aurobindo Seva Kendra EEDF']",['Main Road'],6 Bedrooms,4 Bathrooms,3+ Balconies,,3rd   of 4 Floors,5 to 10 Year Old,South
Upohar The Condoville,https://www.99acres.com/4-bhk-bedroom-apartment-flat-for-sale-in-upohar-the-condoville-garia-kolkata-south-3620-sq-ft-spid-M81787792,4 BHK Flat,2.9 Cr,"3,620 sqft",Super Built-up Area,"8,011 /sqft","Garia, Kolkata","North-East Facing
Private Garden
+2","Upohar is a large complex at em bypass, near new garia metro and new garia station. This is a flagship project by ambuja with each flat opens to unmatched view. This flat has multiple terraces and balconies.",M81787792,"Upohar The Condoville, Garia, Kolkata",,,[],"['Security / Fire Alarm', 'Private Garden / Terrace', 'Intercom Facility', 'Lift(s)', 'Water purifier', 'Maintenance Staff', 'Water Storage', 'Separate entry for servant room', 'Piped-gas', 'Visitor Parking', 'Swimming Pool', 'Park', 'Security Personnel', 'Natural Light', 'Airy Rooms', 'Spacious Interiors', 'Fitness Centre / GYM', 'Waste Disposal', 'Rain Water Harvesting', 'Club house / Community Center', 'Water softening plant']","['Kavi subhash metro station', 'Shahid khudiram metro station', 'Shani mandir garia dhalua', 'Maa kali temple garia dhalua']","['Pool,Main Road']",4 Bedrooms,4 Bathrooms,3 Balconies,Servant Room,3rd   of 22 Floors,10+ Year Old,North-East
Eden Sky Terraces,https://www.99acres.com/2-bhk-bedroom-apartment-flat-for-sale-in-eden-sky-terraces-nayabad-kolkata-south-1027-sq-ft-spid-I81470403,2 BHK Flat,75 Lac,"1,027 sqft",Super Built-up Area,"7,302 /sqft","Nayabad, Kolkata","NEW GARIA within 1km
PEERLESS HOSPITAL within 2km
+2","Eden sky terrace is located in nayabad. Close to netaji cancer hospital & netaji subhash engineering college.It is a complex with a swimming pool , security and gym",I81470403,"Eden Sky Terraces, Nayabad, Kolkata",Eden Sky Terraces,,[],"['Security / Fire Alarm', 'Power Back-up', 'Intercom Facility', 'Lift(s)', 'Water Storage', 'Swimming Pool', 'Park', 'Security Personnel', 'Natural Light', 'Airy Rooms', 'Fitness Centre / GYM', 'Waste Disposal', 'Rain Water Harvesting', 'Club house / Community Center']","['New Garia Metro Station', 'Metro Cash & Carry', 'Heritage School Nearby', 'Riverdale School Nearby', 'Close to RTIICS']","['Pool,Park/Garden,Club,Main Road']",2 Bedrooms,2 Bathrooms,1 Balcony,,4th   of 11 Floors,1 to 5 Year Old,South-East
Gems City,https://www.99acres.com/3-bhk-bedroom-apartment-flat-for-sale-in-gems-city-joka-kolkata-south-931-sq-ft-r1-spid-T78018911,3 BHK Flat,45 Lac,931 sqft,Super Built-up Area,"4,833 /sqft","Joka, Kolkata South",Fresh Construction,"Spacious, well-Ventilated flat in a 50-Acre gated township with 65% open green space, premium clubhouse, and joka metro connectivity ideal for peaceful yet connected living. New building, fully ventilated, including independent covered car parking",T78018911,"Gems City, Joka, Kolkata South",Gems City,,[],"['Security / Fire Alarm', 'Feng Shui / Vaastu Compliant', 'Intercom Facility', 'Lift(s)', 'Maintenance Staff', 'Visitor Parking', 'Swimming Pool', 'Park', 'Security Personnel', 'Natural Light', 'Airy Rooms', 'Shopping Centre', 'Fitness Centre / GYM', 'Waste Disposal', 'Rain Water Harvesting', 'Club house / Community Center']","['JOKA METRO', 'THAKURPUKUR METRO', 'TARATALA CROSSING/METRO', 'TOLLYGUNGE METRO', 'BEHALA CHOWRASTA']",['Park/Garden'],3 Bedrooms,2 Bathrooms,2 Balconies,,1st   of 10 Floors,0 to 1 Year Old,
Siddha Suburbia,https://www.99acres.com/3-bhk-bedroom-apartment-flat-for-sale-in-siddha-suburbia-baruipur-kolkata-south-1278-sq-ft-spid-G82308726,3 BHK Flat,69 Lac,"1,278 sqft",Super Built-up Area,"5,399 /sqft","Baruipur, Kolkata South","Private Garden
Vivekananda Mission, B d Memor Nearby
+1","This 3 bhk flat is located in siddha suburbia, which houses some of the most spacious flats in baruipur, kolkata south. This property faces the east direction. Containing 3 bedroom(s), 2 bathrooms and 1 balcony, this flat is spread over a super built up area of 1278 sq.Ft. The property is located on the 8th floor of a 14 floors tall building. The flat is currently under construction stage and y...",G82308726,"Siddha Suburbia, Baruipur, Kolkata South",Siddha Suburbia,,[],"['Power Back-up', 'Private Garden / Terrace', 'Intercom Facility', 'Lift(s)', 'False Ceiling Lighting', 'Bank Attached Property', 'Swimming Pool', 'Park', 'Natural Light', 'Internet/wi-fi connectivity', 'Airy Rooms', 'Spacious Interiors', 'Low Density Society', 'Shopping Centre', 'Fitness Centre / GYM', 'Waste Disposal', 'Rain Water Harvesting', 'Club house / Community Center', 'Water softening plant']","['Kavi Nazrul Metro', 'Metropolis Mall', 'EM Bypass', 'Narendrapur Ramakrishna Mission', 'Indus Valley World School']","['Pool,Park/Garden,Club,Main Road']",3 Bedrooms,2 Bathrooms,1 Balcony,Store Room,8th   of 14 Floors,1 to 5 Year Old,North-West
Starlite Sunny Bloom,https://www.99acres.com/3-bhk-bedroom-apartment-flat-for-sale-in-starlite-sunny-bloom-mahamayatala-kolkata-south-1225-sq-ft-spid-Y82461858,3 BHK Flat,56 Lac,"1,225 sqft",Super Built-up Area,"4,571 /sqft","Mahamayatala, Garia","Top Floor
Gated Society
+2",Resale property ready to move flat. All mordan amenities ar available here. Gated community. Near hospital and school.,Y82461858,"Starlite Sunny Bloom, Mahamayatala, Garia",Starlite Sunny Bloom,,[],"['Power Back-up', 'Security / Fire Alarm', 'Intercom Facility', 'Lift(s)', 'Swimming Pool', 'Maintenance Staff', 'Water Storage', 'Park', 'Visitor Parking', 'Security Personnel', 'Fitness Centre / GYM']","['Kavi nazrul metro station', 'Shahid khudiram metro station', 'Sitala mandir', 'Gosto Mandir', 'Brahmapur Badamtala Jame Masjid']","['Pool,Park/Garden,Club']",3 Bedrooms,2 Bathrooms,1 Balcony,,4th   of 4 Floors,5 to 10 Year Old,South-East
Nandi Enclave,https://www.99acres.com/2-bhk-bedroom-apartment-flat-for-sale-in-nandi-enclave-rajarhat-kolkata-east-799-sq-ft-spid-I81983358,2 BHK Flat,30 Lac,799 sqft,Super Built-up Area,"3,754 /sqft","Rajarhat, Kolkata",Top Floor,"From airport 4km, city center 2 3km, school 500m, surakha diagonistic center 100 m, market 500 m, eco park 3 km, biswa bangla gate 6 km, charnok hospital 3 km, akankha metro 2 km",I81983358,"Nandi Enclave, Rajarhat, Kolkata",Nandi Enclave,,[],['Lift(s)'],"['Kali mandir', 'Manasha Mandir', 'Kali Mandir', 'Kali Temple', 'Dharmaraj Temple', 'Mukherjee Barir Durgadalan']",[],2 Bedrooms,2 Bathrooms,1 Balcony,,4th   of 4 Floors,1 to 5 Year Old,
Merlin Urvan,https://www.99acres.com/3-bhk-bedroom-apartment-flat-for-sale-in-merlin-urvan-dum-dum-kolkata-north-1551-sq-ft-spid-P83002044,3 BHK Flat,1.53 Cr,"1,551 sqft",Super Built-up Area,"9,864 /sqft","Dum Dum, Kolkata","Fresh Construction
Gated Society
+2","3 bhk fully furnished luxury flat for sale in merlin urvan, dum dum kolkata north Looking for your dream home in north kolkata? Presenting a spacious 3 bhk luxury flat in the prestigious merlin urvan, located in the heart of dum dum, kolkata north. Super built-Up area: 1551 sq.Ft. 3 bedrooms | 2 bathrooms | 2 balconies Located on 1st floor | total floors: 13 Ready to move | only 01 year old Hig...",P83002044,"Merl Urvan, Dum Dum, Kolkata",Merlin Urvan,,"['1 Water Purifier', '8 Fan', '1 Fridge', '1 Exhaust Fan', '1 Dining Table', '2 Geyser', '1 Stove', '22 Light', '5 AC', '1 TV', '1 Modular Kitchen', '1 Chimney', '1 Curtains', '2 Bed', '5 Wardrobe', '1 Sofa', '1 Washing Machine', '1 Microwave']","['Security / Fire Alarm', 'Feng Shui / Vaastu Compliant', 'Intercom Facility', 'Lift(s)', 'Maintenance Staff', 'Water Storage', 'Visitor Parking', 'Swimming Pool', 'Park', 'Shopping Centre', 'Fitness Centre / GYM', 'Rain Water Harvesting', 'Club house / Community Center']","['Noapara Metro Station', 'Diamond Plaza Mall', 'Rajarhat Main Road', 'SH 1', 'Sarojini Naidu College for Women', 'Cossipore Aman School']","['Main Road,Park/Garden,Pool,Club']",3 Bedrooms,2 Bathrooms,2 Balconies,"Pooja Room,Study Room",1st   of 13 Floors,0 to 1 Year Old,South
ipcon birati,https://www.99acres.com/1-bhk-bedroom-apartment-flat-for-sale-in-birati-kolkata-north-531-sq-ft-spid-L82712674,1 BHK Flat,22.3 Lac,531 sqft,Super Built-up Area,"4,200 /sqft","Birati, Kolkata","Gated Society
Vitrified Flooring","This 1 bhk flat is located in ipcon birati, which houses some of the most spacious flats in birati, kolkata north. Constructed on a super built up area of 531 sq.Ft., the flat comprises 1 bedroom(s), 1 bathroom and 1 balcony. The flat has a total of 4 floors and this property is situated on 2nd floor. This is a ready to move project and the property is 0-1 year old. The vitrified flooring of th...",L82712674,"ipcon birati, Birati, Kolkata",,,[],['Lift(s)'],"['Shitala Mandir', 'North Dum Dum Municipality Hospital', 'Dr. Rathikul Hasan', 'Birati Nursing Home Pvt. Ltd.', 'Bindubasini Nursing Home']",[],1 Bedroom,1 Bathroom,1 Balcony,,2nd   of 4 Floors,1 to 5 Year Old,East
Alcove New Kolkata Sangam,https://www.99acres.com/3-bhk-bedroom-apartment-flat-for-sale-in-alcove-new-kolkata-sangam-serampore-hooghly-1060-sq-ft-spid-P83267808,3 BHK Flat,52 Lac,"1,060 sqft",Super Built-up Area,"5,963 /sqft","Serampore, Hooghly","North-East Facing
Narayana School within 1.5km
+2","This 3 bhk flat is located in alcove new kolkata sangam, which houses some of the most spacious flats in serampore, hooghly. The flat is north-East-Facing. Constructed on a super built up area of 1060 sq.Ft., the flat comprises 3 bedroom(s), 2 bathrooms and 1 balcony. The residential building has 29 floors in total and the flat for sale is located on the 8th floor. An added advantage of this 0-...",P83267808,"Alcove New Kolkata Sangam, Serampore, Hooghly",Alcove New Kolkata Sangam,,[],"['Security / Fire Alarm', 'Feng Shui / Vaastu Compliant', 'Intercom Facility', 'Lift(s)', 'Maintenance Staff', 'Water Storage', 'Piped-gas', 'Visitor Parking', 'Swimming Pool', 'Park', 'Fitness Centre / GYM', 'Rain Water Harvesting', 'Club house / Community Center']",[],"['Club,Sea facing']",3 Bedrooms,2 Bathrooms,1 Balcony,Others,8th   of 29 Floors,0 to 1 Year Old,North-East
Shivom Utopia,https://www.99acres.com/3-bhk-bedroom-apartment-flat-for-sale-in-shivom-utopia-em-bypass-kolkata-south-1373-sq-ft-spid-T80958655,3 BHK Flat,1.65 Cr,"1,373 sqft",Super Built-up Area,"12,017 /sqft","EM Bypass, Kolkata South","Gated Society
Corner Property
+2","This beautiful 3 bhk flat in em bypass, kolkata south is situated in shivom utopia, one of the popular residential society in kolkata south. This is a south-Facing property. Constructed on a super built up area of 1373 sq.Ft., the flat comprises 3 bedroom(s), 2 bathrooms and 2 balconies. This flat is situated on the 12th floor of this 17 floors tall residential building. This 1-5 years old prop...",T80958655,"Shivom Utopia, EM Bypass, Kolkata South",Shivom Utopia,,[],"['Security / Fire Alarm', 'Power Back-up', 'Feng Shui / Vaastu Compliant', 'Intercom Facility', 'Lift(s)', 'Maintenance Staff', 'Water Storage', 'Visitor Parking', 'Swimming Pool', 'Park', 'Security Personnel', 'Fitness Centre / GYM', 'Rain Water Harvesting']","['Mukundapur Metro', 'Acropolis Mall', 'SH 1', 'Modern Public High School', 'University', 'Kalikapur Hospital', 'Kolkata Airport']","['Club,Park/Garden,Others,Main Road,Pool']",3 Bedrooms,2 Bathrooms,2 Balconies,,12nd   of 17 Floors,1 to 5 Year Old,North-East
Ascon Era,https://www.99acres.com/3-bhk-bedroom-apartment-flat-for-sale-in-ascon-era-chinar-park-kolkata-east-1360-sq-ft-spid-M82520466,3 BHK Flat,1.14 Cr,"1,360 sqft",Super Built-up Area,"8,382 /sqft","Char Park, Kolkata","Top Floor
Fresh Construction
+2","Ascon era is one of the most popular destination for buying apartments/ flats in chinar park, kolkata east. You too can be a part of this society by purchasing this 3 bhk flat here. This residential flat is south-West-Facing direction. Constructed on a super built up area of 1360 sq.Ft., the flat comprises 3 bedroom(s), 2 bathrooms and 1 balcony. The flat has a total of 11 floors and this prope...",M82520466,"Ascon Era, Char Park, Kolkata",Ascon Era,,[],"['Feng Shui / Vaastu Compliant', 'Security / Fire Alarm', 'Intercom Facility', 'Lift(s)', 'Swimming Pool', 'Maintenance Staff', 'Water Storage', 'Park', 'Visitor Parking', 'Fitness Centre / GYM', 'Club house / Community Center']","['City Centre 2 Metro Station', 'City Centre 2', 'Rajarhat Main Road (SH 3)', 'Derozio Memorial College', 'Delhi Public School, New Town']","['Main Road,Park/Garden']",3 Bedrooms,2 Bathrooms,1 Balcony,,11st   of 11 Floors,0 to 1 Year Old,South-West
Ganguly 4 Sight Florence,https://www.99acres.com/3-bhk-bedroom-apartment-flat-for-sale-in-garia-kolkata-south-1650-sq-ft-spid-Q82312634,3 BHK Flat,1.07 Cr,"1,650 sqft",Super Built-up Area,"10,514 /sqft","Garia, Kolkata","East Facing
Gated Society
+2",The flat is very good complex in garia..Big flat..1650 sqft..Garia kavi nazul metro just walking 7/8 minutes..Well maintained complex...,Q82312634,"Ganguly 4 Sight Florence , Garia, Kolkata",,,"['1 Wardrobe', '3 Fan', '8 Light', '1 Modular Kitchen']","['Feng Shui / Vaastu Compliant', 'Security / Fire Alarm', 'Lift(s)', 'Maintenance Staff', 'Swimming Pool', 'Water Storage', 'Park', 'Visitor Parking', 'Security Personnel', 'Fitness Centre / GYM', 'Club house / Community Center']","['Kavi nazrul metro station', 'Shahid khudiram metro station', 'Kavi subhash metro station', 'Sitala mandir', 'Gosto Mandir']","['Pool,Club,Park/Garden,Others']",3 Bedrooms,2 Bathrooms,1 Balcony,Study Room,1st   of 4 Floors,5 to 10 Year Old,East
17/2 Moore Avenue,https://www.99acres.com/4-bhk-bedroom-apartment-flat-for-sale-in-moore-avenue-kolkata-south-2850-sq-ft-spid-D81177745,4 BHK Flat,2.1 Cr,"2,850 sqft",Super Built-up Area,"7,368 /sqft","Moore Avenue, Tollygunge",,The property is close to future foundation school. It is in moore avenue adjacent to nsc bose road. This is an 15 years + old property. It is got a security and lift.,D81177745,"17/2 Moore Avenue, Moore Avenue, Tollygunge",,,"['3 Bed', '3 Wardrobe', '5 Fan', '1 Sofa', '1 Dining Table', '1 Stove', '5 Light', '1 Modular Kitchen', '1 Curtains', '1 AC']","['Lift(s)', 'Maintenance Staff', 'Water Storage', 'Security Personnel', 'Natural Light', 'Airy Rooms', 'Spacious Interiors', 'Waste Disposal']","['Netaji metro station', 'Sitala Temple', 'Gouria moth', 'Sri Sri 108 Doyal Baba Asram', 'Sree Guru Sangha Main Gate']",['Main Road'],4 Bedrooms,4 Bathrooms,2 Balconies,,1st   of 4 Floors,10+ Year Old,South-East
Ruchi One Rajarhat,https://www.99acres.com/1-bhk-bedroom-apartment-flat-for-sale-in-ruchi-one-rajarhat-new-town-kolkata-east-970-sq-ft-spid-F83318666,1 BHK Flat,1.5 Cr,970 sqft,Super Built-up Area,"15,463 /sqft","New Town, Kolkata","Private Garden
Fresh Construction
+2","Located in the popular residential address of new town, kolkata east, ruchi one rajarhat is one of the most preferred destination for apartments in kolkata east. This 1 bhk flat is your ticket to be a part of this community. This is a south-East-Facing property. The flat is over 970 sq.Ft. Super built up area and comes with 1 bedroom(s), 1 bathroom and 1 balcony. This flat is situated on the 11...",F83318666,"Ruchi One Rajarhat, New Town, Kolkata",Ruchi One Rajarhat,,"['1 Water Purifier', '3 Fan', '1 Fridge', '1 Exhaust Fan', '1 Dining Table', '1 Geyser', '1 Stove', '5 Light', '2 AC', '1 TV', '1 Modular Kitchen', '1 Chimney', '1 Curtains', '1 Bed', '2 Wardrobe', '1 Sofa', '1 Washing Machine', '1 Microwave']","['Centrally Air Conditioned', 'Water purifier', 'Security / Fire Alarm', 'Feng Shui / Vaastu Compliant', 'Private Garden / Terrace', 'Intercom Facility', 'Lift(s)', 'High Ceiling Height', 'Maintenance Staff', 'False Ceiling Lighting', 'Water Storage', 'Separate entry for servant room', 'Bank Attached Property', 'Piped-gas', 'Internet/wi-fi connectivity', 'Recently Renovated', 'Visitor Parking', 'Swimming Pool', 'Park', 'Security Personnel', 'Natural Light', 'Airy Rooms', 'Spacious Interiors', 'Waste Disposal', 'Rain Water Harvesting', 'Water softening plant', 'Shopping Centre', 'Fitness Centre / GYM', 'Club house / Community Center']","['Nearest Metro Station', 'Axis Mall', 'Shristi The V', 'DPS New Town School', 'International School of Business', 'Techno India College Of Technology']","['Pool,Park/Garden,Club,Main Road,Others']",1 Bedroom,1 Bathroom,1 Balcony,,11st   of 23 Floors,0 to 1 Year Old,South-East
DLF New Town Heights,https://www.99acres.com/3-bhk-bedroom-apartment-flat-for-sale-in-dlf-new-town-heights-new-town-kolkata-east-2054-sq-ft-spid-G82858152,3 BHK Flat,1.65 Cr,"2,054 sqft",Super Built-up Area,"8,033 /sqft","New Town, Kolkata","Private Garden
Recently Renovated
+2","Situated in new town, kolkata east, dlf new town heights is a well planned society that offers a pleasant living experience to its residents. This 3 bhk flat in kolkata east is your opportunity to be a part of this community. The flat is over 2054 sq.Ft. Super built up area and comes with 3 bedroom(s), 3 bathrooms and 2 balconies. The property is located on the 11th floor of a 33 floors tall bu...",G82858152,"DLF New Town Heights, New Town, Kolkata",DLF New Town Heights,,[],"['Centrally Air Conditioned', 'Water purifier', 'Security / Fire Alarm', 'Feng Shui / Vaastu Compliant', 'Private Garden / Terrace', 'Intercom Facility', 'Lift(s)', 'High Ceiling Height', 'Maintenance Staff', 'False Ceiling Lighting', 'Water Storage', 'Separate entry for servant room', 'Bank Attached Property', 'Piped-gas', 'Internet/wi-fi connectivity', 'Recently Renovated', 'Visitor Parking', 'Swimming Pool', 'Park', 'Security Personnel', 'Natural Light', 'Airy Rooms', 'Spacious Interiors', 'Low Density Society', 'Waste Disposal', 'Rain Water Harvesting', 'Water softening plant', 'Shopping Centre', 'Fitness Centre / GYM', 'Club house / Community Center']","['Salt Lake Sector V Metro Station', 'Axis Mall', 'Biswa Bangla Sarani', 'Orchids The International School', 'Amity University Kolkata']","['Pool,Park/Garden,Main Road,Club,Others,Sea facing']",3 Bedrooms,3 Bathrooms,2 Balconies,,11st   of 33 Floors,1 to 5 Year Old,
Ascon Era,https://www.99acres.com/3-bhk-bedroom-apartment-flat-for-sale-in-ascon-era-chinar-park-kolkata-east-1255-sq-ft-spid-P82523058,3 BHK Flat,95 Lac,"1,255 sqft",Super Built-up Area,"7,569 /sqft","Char Park, Kolkata","Fresh Construction
Gated Society
+2","Situated in chinar park, kolkata east, ascon era is a well planned society that offers a pleasant living experience to its residents. This 3 bhk flat in kolkata east is your opportunity to be a part of this community. This is a west-Facing property. Constructed on a super built up area of 1255 sq.Ft., the flat comprises 3 bedroom(s), 2 bathrooms and 2 balconies. The residential building has 11 ...",P82523058,"Ascon Era, Char Park, Kolkata",Ascon Era,,[],"['Feng Shui / Vaastu Compliant', 'Security / Fire Alarm', 'Intercom Facility', 'Lift(s)', 'Swimming Pool', 'Maintenance Staff', 'Water Storage', 'Park', 'Visitor Parking', 'Fitness Centre / GYM', 'Club house / Community Center']","['City Centre 2 Metro Station', 'City Centre 2', 'Rajarhat Main Road (SH 3)', 'Derozio Memorial College', 'Delhi Public School, New Town']","['Club,Main Road,Pool']",3 Bedrooms,2 Bathrooms,2 Balconies,,3rd   of 11 Floors,0 to 1 Year Old,West
individual,https://www.99acres.com/2-bhk-bedroom-apartment-flat-for-sale-in-airport-kolkata-north-950-sq-ft-spid-V82671984,2 BHK Flat,37.05 Lac,950 sqft,Super Built-up Area,"3,900 /sqft","Airport, Dum Dum","Indira gandhi school Nearby
Fresh Construction
+2","This beautiful 2 bhk flat in airport, kolkata north is situated in individual, one of the popular residential society in kolkata north. This is a south-West-Facing property. The floor plan additionally contains 2 bedroom(s), 2 bathrooms and 1 balcony. All in all, the flat is spread over a super built up area of 950 sq.Ft. The property is located on the 2nd floor of a 5 floors tall building. Thi...",V82671984,"dividual , Airport, Dum Dum",,,[],['Lift(s)'],"['Shitala Mandir', 'Mother Teresa Church', 'Lichubagan Radha Krishna Temple', 'Axis bank ATM', 'State bank of india ATM']",[],2 Bedrooms,2 Bathrooms,1 Balcony,,2nd   of 5 Floors,0 to 1 Year Old,South-West
individual,https://www.99acres.com/2-bhk-bedroom-apartment-flat-for-sale-in-airport-kolkata-north-805-sq-ft-spid-Z82607192,2 BHK Flat,38.25 Lac,805 sqft,Super Built-up Area,"4,751 /sqft","Airport, Dum Dum","Auxilium convert school Nearby
Fresh Construction
+2","Individual is one of kolkata north's most sought after destination for apartments and this 2 bhk flat in airport is your opportunity to be a part of this community. This residential flat is south-East-Facing direction. Constructed on a super built up area of 805 sq.Ft., the flat comprises 2 bedroom(s), 2 bathrooms and 1 balcony. This flat lies on the 4th level of a 5 storey building. An added a...",Z82607192,"dividual , Airport, Dum Dum",,,[],['Lift(s)'],"['Shitala Mandir', 'Mother Teresa Church', 'Lichubagan Radha Krishna Temple', 'Axis bank ATM', 'State bank of india ATM']",[],2 Bedrooms,2 Bathrooms,1 Balcony,,4th   of 5 Floors,0 to 1 Year Old,South-East
The 102,https://www.99acres.com/3-bhk-bedroom-apartment-flat-for-sale-in-the-102-joka-kolkata-south-1000-sq-ft-spid-G82317236,3 BHK Flat,59 Lac,"1,000 sqft",Super Built-up Area,"5,900 /sqft","Joka, Kolkata South","joka within 500m
vivekanand school Nearby
+1","This 3 bhk flat is located in the 102, which houses some of the most spacious flats in joka, kolkata south. The flat is facing the east direction. The flat occupies a super built up area of 1000 sq.Ft. That consists of 3 bedrooms, 2 bathrooms and 1 balcony. The residential building has 15 floors in total and the flat for sale is located on the 13th floor. This 1-5 years old property is availabl...",G82317236,"The 102, Joka, Kolkata South",The 102,,[],"['Power Back-up', 'Feng Shui / Vaastu Compliant', 'Intercom Facility', 'Lift(s)', 'Swimming Pool', 'Natural Light', 'Airy Rooms', 'Fitness Centre / GYM', 'Waste Disposal', 'Rain Water Harvesting']","['Joka Metro Station', 'Reliance Trends', 'More Super Market', 'NH12', 'IIM Calcutta', 'Vivekanand Mission School']",['Others'],3 Bedrooms,2 Bathrooms,1 Balcony,Others,13rd   of 15 Floors,1 to 5 Year Old,West
The 102,https://www.99acres.com/3-bhk-bedroom-apartment-flat-for-sale-in-the-102-joka-kolkata-south-1128-sq-ft-spid-K82317440,3 BHK Flat,66 Lac,"1,128 sqft",Super Built-up Area,"5,851 /sqft","Joka, Kolkata South","East Facing
Gated Society
+2","Located in the popular residential address of joka, kolkata south, the 102 is one of the most preferred destination for apartments in kolkata south. This 3 bhk flat is your ticket to be a part of this community. The flat is east-Facing. Containing 3 bedroom(s), 2 bathrooms and 1 balcony, this flat is spread over a super built up area of 1128 sq.Ft. The residential building has 15 floors in tota...",K82317440,"The 102, Joka, Kolkata South",The 102,,[],"['Power Back-up', 'Feng Shui / Vaastu Compliant', 'Intercom Facility', 'Lift(s)', 'Swimming Pool', 'Natural Light', 'Airy Rooms', 'Fitness Centre / GYM', 'Waste Disposal', 'Rain Water Harvesting']","['Joka Metro Station', 'Reliance Trends', 'More Super Market', 'NH12', 'IIM Calcutta', 'Vivekanand Mission School']",['Main Road'],3 Bedrooms,2 Bathrooms,3 Balconies,,3rd   of 15 Floors,1 to 5 Year Old,East
Merlin Urvan,https://www.99acres.com/3-bhk-bedroom-apartment-flat-for-sale-in-merlin-urvan-dum-dum-kolkata-north-1551-sq-ft-r6-spid-Q73612669,3 BHK Flat,1.37 Cr,"1,551 sqft",Super Built-up Area,"7,156 /sqft","Dum Dum, Kolkata","Dumdum within 2km
ILS Dumdum within 1km
+2",This is a road facing flat on 5th floor with one covered car parking.,Q73612669,"Merl Urvan, Dum Dum, Kolkata",Merlin Urvan,,[],"['Feng Shui / Vaastu Compliant', 'Intercom Facility', 'Lift(s)', 'Swimming Pool', 'Park', 'Security Personnel', 'Shopping Centre', 'Fitness Centre / GYM', 'Club house / Community Center', 'Rain Water Harvesting']","['Noapara Metro Station', 'Diamond Plaza Mall', 'Rajarhat Main Road', 'SH 1', 'Sarojini Naidu College for Women', 'Cossipore Aman School']",['Main Road'],3 Bedrooms,2 Bathrooms,2 Balconies,,5th   of 13 Floors,1 to 5 Year Old,South
Siddha Xanadu Condominium,https://www.99acres.com/2-bhk-bedroom-apartment-flat-for-sale-in-siddha-xanadu-condominium-rajarhat-kolkata-east-1010-sq-ft-spid-H82911664,2 BHK Flat,60 Lac,"1,010 sqft",Super Built-up Area,"5,940 /sqft","Rajarhat, Kolkata","East Facing
Gated Society
+2","Siddha xanadu condominium is one of the most popular destination for buying apartments/ flats in rajarhat, kolkata east. You too can be a part of this society by purchasing this 2 bhk flat here. This is a east-Facing property. Containing 2 bedroom(s), 2 bathrooms and 1 balcony, this flat is spread over a super built up area of 1010 sq.Ft. This flat is situated on the 8th floor of this 11 floors...",H82911664,"Siddha Xanadu Condomium, Rajarhat, Kolkata",Siddha Xanadu Condominium,,[],"['Security / Fire Alarm', 'Power Back-up', 'Feng Shui / Vaastu Compliant', 'Intercom Facility', 'Lift(s)', 'Maintenance Staff', 'Water Storage', 'Visitor Parking', 'Swimming Pool', 'Park', 'Security Personnel', 'Natural Light', 'Internet/wi-fi connectivity', 'Airy Rooms', 'Low Density Society', 'Shopping Centre', 'Fitness Centre / GYM', 'Waste Disposal', 'Rain Water Harvesting', 'Club house / Community Center', 'Water softening plant']","['Kali mandir', 'Manasha Mandir', 'Kali Temple', 'Kali Mandir', 'Dharmaraj Temple', 'Mukherjee Barir Durgadalan']","['Park/Garden,Main Road']",2 Bedrooms,2 Bathrooms,1 Balcony,,8th   of 11 Floors,1 to 5 Year Old,East
Earth Mukul Shanti Garden,https://www.99acres.com/2-bhk-bedroom-apartment-flat-for-sale-in-earth-mukul-shanti-garden-rajarhat-kolkata-east-1158-sq-ft-spid-F82894022,2 BHK Flat,51 Lac,"1,158 sqft",Super Built-up Area,"4,404 /sqft","Rajarhat, Kolkata","East Facing
Gated Society
+2","This 2 bhk flat is located in earth mukul shanti garden, which houses some of the most spacious flats in rajarhat, kolkata east. This is a east-Facing property. The flat is over 1158 sq.Ft. Super built up area and comes with 2 bedroom(s), 2 bathrooms and 2 balconies. The residential building has 7 floors in total and the flat for sale is located on the 1st floor. This 1-5 years old property is ...",F82894022,"Earth Mukul Shanti Garden, Rajarhat, Kolkata",Earth Mukul Shanti Garden,,[],"['Security / Fire Alarm', 'Power Back-up', 'Feng Shui / Vaastu Compliant', 'Intercom Facility', 'Lift(s)', 'Maintenance Staff', 'Water Storage', 'Visitor Parking', 'Swimming Pool', 'Park', 'Security Personnel', 'Natural Light', 'Internet/wi-fi connectivity', 'Airy Rooms', 'Low Density Society', 'Shopping Centre', 'Fitness Centre / GYM', 'Waste Disposal', 'Rain Water Harvesting', 'Club house / Community Center', 'Water softening plant']","[""Spencer's"", 'City Centre Mall Rajarhat', ""St. Stephen's School"", 'Salua FP School', 'Kidzee Bablatala', ""Mother Gain's""]","['Park/Garden,Main Road']",2 Bedrooms,2 Bathrooms,2 Balconies,,1st   of 7 Floors,1 to 5 Year Old,East
The Banyan Tree Sunland Residency,https://www.99acres.com/3-bhk-bedroom-apartment-flat-for-sale-in-the-banyan-tree-sunland-residency-rajarhat-kolkata-east-1474-sq-ft-spid-U82883042,3 BHK Flat,92 Lac,"1,474 sqft",Super Built-up Area,"6,241 /sqft","Rajarhat, Kolkata","Gated Society
Swimming Pool Available
+2","The banyan tree sunland residency is one of the most popular destination for buying apartments/ flats in rajarhat, kolkata east. You too can be a part of this society by purchasing this 3 bhk flat here. This is a south-Facing property. The floor plan additionally contains 3 bedroom(s), 2 bathrooms and 1 balcony. All in all, the flat is spread over a super built up area of 1474 sq.Ft. The reside...",U82883042,"The Banyan Tree Sunland Residency, Rajarhat, Kolkata",The Banyan Tree Sunland Residency,,[],"['Security / Fire Alarm', 'Power Back-up', 'Feng Shui / Vaastu Compliant', 'Intercom Facility', 'Lift(s)', 'Maintenance Staff', 'Water Storage', 'Visitor Parking', 'Swimming Pool', 'Park', 'Security Personnel', 'Natural Light', 'Internet/wi-fi connectivity', 'Airy Rooms', 'Low Density Society', 'Shopping Centre', 'Fitness Centre / GYM', 'Waste Disposal', 'Club house / Community Center', 'Water softening plant']","['INOX', 'Box Office', 'Karuna Bhandar', 'Laxmi Bhandar', 'State Bank', 'Drug Center', 'NSCB', 'Salua Muslimpara']","['Park/Garden,Pool,Main Road']",3 Bedrooms,2 Bathrooms,1 Balcony,,6th   of 9 Floors,1 to 5 Year Old,South
The Ecos,https://www.99acres.com/3-bhk-bedroom-apartment-flat-for-sale-in-the-ecos-new-town-kolkata-east-1369-sq-ft-spid-A81369691,3 BHK Flat,1.23 Cr,"1,369 sqft",Super Built-up Area,"8,984 /sqft","New Town, Kolkata","Gated Society
Corner Property
+2",3 bhk south east flat sale in new town action area 2 opp eco park all modern amenities r there near by school hospital market,A81369691,"The Ecos, New Town, Kolkata",The Ecos,,[],"['Power Back-up', 'Intercom Facility', 'Lift(s)', 'High Ceiling Height', 'Maintenance Staff', 'Swimming Pool', 'Park', 'Security Personnel', 'Fitness Centre / GYM', 'Waste Disposal', 'Rain Water Harvesting', 'Club house / Community Center', 'Water softening plant']","['Salt Lake Sector V', 'Axis Mall', 'Biswa Bangla Sarani', 'Orchids The International School', 'Aliah University', 'Manipal Hospitals Broadway']","['Pool,Main Road']",3 Bedrooms,2 Bathrooms,1 Balcony,,4th   of 12 Floors,1 to 5 Year Old,South
Ascon Era,https://www.99acres.com/3-bhk-bedroom-apartment-flat-for-sale-in-ascon-era-chinar-park-kolkata-east-1260-sq-ft-spid-T82523652,3 BHK Flat,94 Lac,"1,260 sqft",Super Built-up Area,"7,460 /sqft","Char Park, Kolkata","Fresh Construction
Gated Society
+2","Ascon era is one of the most popular destination for buying apartments/ flats in chinar park, kolkata east. You too can be a part of this society by purchasing this 3 bhk flat here. The flat is south-West-Facing. The floor plan additionally contains 3 bedroom(s), 2 bathrooms and 1 balcony. All in all, the flat is spread over a super built up area of 1260 sq.Ft. This flat is situated on the 3rd ...",T82523652,"Ascon Era, Char Park, Kolkata",Ascon Era,,[],"['Feng Shui / Vaastu Compliant', 'Security / Fire Alarm', 'Intercom Facility', 'Lift(s)', 'Swimming Pool', 'Maintenance Staff', 'Water Storage', 'Park', 'Visitor Parking', 'Fitness Centre / GYM', 'Club house / Community Center']","['City Centre 2 Metro Station', 'City Centre 2', 'Rajarhat Main Road (SH 3)', 'Derozio Memorial College', 'Delhi Public School, New Town']","['Sea facing,Club,Main Road,Pool']",3 Bedrooms,2 Bathrooms,1 Balcony,,3rd   of 11 Floors,0 to 1 Year Old,South-West
Unimark Springfield,https://www.99acres.com/2-bhk-bedroom-apartment-flat-for-sale-in-unimark-springfield-rajarhat-kolkata-east-971-sq-ft-spid-Y82043124,2 BHK Flat,60 Lac,971 sqft,Super Built-up Area,"6,179 /sqft","Rajarhat, Kolkata","East Facing
Top Floor
+2","This beautiful 2 bhk flat in rajarhat, kolkata east is situated in unimark springfield, one of the popular residential society in kolkata east. The flat is facing the east direction. Containing 2 bedroom(s), 2 bathrooms and 1 balcony, this flat is spread over a super built up area of 971 sq.Ft. This flat lies on the top level of a 10 storey building. This is a ready to move project and the prop...",Y82043124,"Unimark Sprgfield, Rajarhat, Kolkata",Unimark Springfield,,[],"['Power Back-up', 'Security / Fire Alarm', 'Intercom Facility', 'Lift(s)', 'High Ceiling Height', 'Swimming Pool', 'Park', 'Visitor Parking', 'Fitness Centre / GYM', 'Club house / Community Center']","['Bablatala More', 'CITY CENTER 2', 'AKANKHA MORE', 'SEC-V', 'Derozio Memorial', 'Bhattacharyya', 'Vidyasagar']",['Park/Garden'],2 Bedrooms,2 Bathrooms,1 Balcony,,10th   of 10 Floors,0 to 1 Year Old,East
CH 54A,https://www.99acres.com/4-bhk-bedroom-apartment-flat-for-sale-in-ballygunge-kolkata-south-1493-sq-ft-spid-O82893746,4 BHK Flat,1.75 Cr,"1,493 sqft",Super Built-up Area,"11,721 /sqft","Ballygunge, Kolkata",,"This lovely 4 bhk apartment/flat in ballygunge is available for sale in one of kolkata south's most popular projects, ch 54a. This residential flat is south-East-Facing direction. Constructed on a super built up area of 1493 sq.Ft., the flat comprises 4 bedroom(s), 3 bathrooms and 1 balcony. This flat lies on the 2nd level of a 4 storey building. Being a ready to move project, you can expect im...",O82893746,"CH 54A, Ballygunge, Kolkata",,,[],"['Feng Shui / Vaastu Compliant', 'Intercom Facility', 'Lift(s)', 'High Ceiling Height', 'Water Storage', 'Visitor Parking', 'Security Personnel', 'Natural Light', 'Airy Rooms', 'Low Density Society', 'Waste Disposal']","['Ice Skating Rink', 'Gariahat Sarbojanin Durgotsab', 'Sbi ATM', 'Quadra Medical Services Pvt Ltd', 'Micro Surgery Day Centre']",['Main Road'],4 Bedrooms,3 Bathrooms,1 Balcony,Servant Room,2nd   of 4 Floors,0 to 1 Year Old,South-East
Greenfield City,https://www.99acres.com/3-bhk-bedroom-apartment-flat-for-sale-in-greenfield-city-behala-chowrasta-kolkata-south-1326-sq-ft-spid-U82920086,3 BHK Flat,63 Lac,"1,326 sqft",Super Built-up Area,"4,675 /sqft","Behala Chowrasta, Kolkata","East Facing
Gated Society
+2","This 3 bhk flat is located in greenfield city, which houses some of the most spacious flats in behala chowrasta, kolkata south. This residential flat is east-Facing direction. The flat is over 1326 sq.Ft. Super built up area and comes with 3 bedroom(s), 2 bathrooms and 1 balcony. This flat lies on the 2nd level of a 11 storey building. Being a ready to move project, you can expect immediate pos...",U82920086,"Greenfield City, Behala Chowrasta, Kolkata",,,"['3 Wardrobe', '6 Fan', '1 Stove', '18 Light', '1 Modular Kitchen', '1 Chimney']","['Security / Fire Alarm', 'Feng Shui / Vaastu Compliant', 'Intercom Facility', 'Lift(s)', 'High Ceiling Height', 'Maintenance Staff', 'False Ceiling Lighting', 'Water Storage', 'Separate entry for servant room', 'Bank Attached Property', 'Visitor Parking', 'Swimming Pool', 'Park', 'Natural Light', 'Airy Rooms', 'Shopping Centre', 'Fitness Centre / GYM', 'Waste Disposal', 'Rain Water Harvesting', 'Club house / Community Center', 'Water softening plant']","['Netaji Eye Hospital', 'Sakuntala Nursing Home', 'Parnasree Bus Stand', 'Sanjay Tea Stall', 'Upen Tea Shop', 'Swapan Tea Stall']","['Main Road,Others,Club,Park/Garden,Pool']",3 Bedrooms,2 Bathrooms,2 Balconies,,2nd   of 11 Floors,5 to 10 Year Old,East
Residential Apartment,https://www.99acres.com/2-bhk-bedroom-apartment-flat-for-sale-in-shibrampur-kolkata-south-1052-sq-ft-spid-H82918126,2 BHK Flat,41 Lac,"1,052 sqft",Super Built-up Area,"3,802 /sqft","Shibrampur, Shibrampur Mauza, Kolkata","Gated Society
Overlooking Park/Garden
+2","Greenfield city is one of kolkata south's most sought after destination for apartments and this 2 bhk flat in maheshtala is your opportunity to be a part of this community. The flat is south-East-Facing. Constructed on a super built up area of 1052 sq.Ft., the flat comprises 2 bedroom(s), 2 bathrooms and 1 balcony. This flat lies on the 8th level of a 11 storey building. An added advantage of t...",H82918126,"Residential Apartment , Shibrampur, Shibrampur Mauza, Kolkata",,,[],"['Security / Fire Alarm', 'Feng Shui / Vaastu Compliant', 'Intercom Facility', 'Lift(s)', 'High Ceiling Height', 'Maintenance Staff', 'Water Storage', 'Separate entry for servant room', 'Bank Attached Property', 'Visitor Parking', 'Swimming Pool', 'Park', 'Natural Light', 'Airy Rooms', 'Shopping Centre', 'Fitness Centre / GYM', 'Waste Disposal', 'Rain Water Harvesting', 'Club house / Community Center', 'Water softening plant']","['Jora Mandir', 'Netaji Eye Hospital', 'Sakuntala Nursing Home', 'Parnasree Bus Stand', 'Sanjay Tea Stall', 'Upen Tea Shop']","['Main Road,Others,Club,Park/Garden,Pool']",2 Bedrooms,2 Bathrooms,1 Balcony,,8th   of 11 Floors,5 to 10 Year Old,South-East
DTC Southern Heights,https://www.99acres.com/2-bhk-bedroom-apartment-flat-for-sale-in-dtc-southern-heights-joka-kolkata-south-940-sq-ft-spid-Q82913764,2 BHK Flat,55 Lac,940 sqft,Super Built-up Area,"5,851 /sqft","Joka, Kolkata South","Gated Society
Overlooking Park/Garden
+2","Looking for a 2 bhk property for sale in kolkata south? Buy this 2 bhk flat in dtc southern heights that is situated in joka, kolkata south. This is a south-West-Facing property. The flat occupies a super built up area of 940 sq.Ft. That consists of 2 bedrooms, 2 bathrooms and 1 balcony. This flat lies on the 4th level of a 14 storey building. This 1-5 years old property is available for immedi...",Q82913764,"DTC Southern Heights, Joka, Kolkata South",DTC Southern Heights,,[],"['Security / Fire Alarm', 'Power Back-up', 'Feng Shui / Vaastu Compliant', 'Intercom Facility', 'Lift(s)', 'High Ceiling Height', 'Maintenance Staff', 'Water Storage', 'Separate entry for servant room', 'Bank Attached Property', 'Visitor Parking', 'Swimming Pool', 'Park', 'Security Personnel', 'Natural Light', 'Airy Rooms', 'Shopping Centre', 'Fitness Centre / GYM', 'Waste Disposal', 'Rain Water Harvesting', 'Club house / Community Center', 'Water softening plant']","['Joka Metro Station', 'NH 12', 'Pailan World School', 'Swami Vivekananda University', 'BMRI Hospital', 'Netaji Subhash Chandra Bose Intl Airport']","['Main Road,Others,Club,Park/Garden,Pool']",2 Bedrooms,2 Bathrooms,1 Balcony,,4th   of 14 Floors,1 to 5 Year Old,South-West
DTC Southern Heights,https://www.99acres.com/2-bhk-bedroom-apartment-flat-for-sale-in-dtc-southern-heights-joka-kolkata-south-940-sq-ft-spid-F82912772,2 BHK Flat,55 Lac,940 sqft,Super Built-up Area,"5,851 /sqft","Joka, Kolkata South","Gated Society
Overlooking Park/Garden
+2","Looking for a 2 bhk property for sale in kolkata south? Buy this 2 bhk flat in dtc southern heights that is situated in joka, kolkata south. This property faces the south direction. The flat occupies a super built up area of 940 sq.Ft. That consists of 2 bedrooms, 2 bathrooms and 1 balcony. This flat lies on the 4th level of a 14 storey building. This 1-5 years old property is available for imm...",F82912772,"DTC Southern Heights, Joka, Kolkata South",DTC Southern Heights,,[],"['Security / Fire Alarm', 'Power Back-up', 'Feng Shui / Vaastu Compliant', 'Intercom Facility', 'Lift(s)', 'High Ceiling Height', 'Maintenance Staff', 'Water Storage', 'Separate entry for servant room', 'Bank Attached Property', 'Visitor Parking', 'Swimming Pool', 'Park', 'Security Personnel', 'Natural Light', 'Airy Rooms', 'Shopping Centre', 'Fitness Centre / GYM', 'Waste Disposal', 'Rain Water Harvesting', 'Club house / Community Center', 'Water softening plant']","['Joka Metro Station', 'NH 12', 'Pailan World School', 'Swami Vivekananda University', 'BMRI Hospital', 'Netaji Subhash Chandra Bose Intl Airport']","['Main Road,Others,Club,Park/Garden,Pool']",2 Bedrooms,2 Bathrooms,1 Balcony,,4th   of 14 Floors,1 to 5 Year Old,South
DTC Southern Heights,https://www.99acres.com/2-bhk-bedroom-apartment-flat-for-sale-in-dtc-southern-heights-joka-kolkata-south-890-sq-ft-spid-L82912046,2 BHK Flat,52 Lac,890 sqft,Super Built-up Area,"5,842 /sqft","Joka, Kolkata South","North-East Facing
Gated Society
+2","Located in the popular residential address of joka, kolkata south, dtc southern heights is one of the most preferred destination for apartments in kolkata south. This 2 bhk flat is your ticket to be a part of this community. The flat is facing the north-East direction. Constructed on a super built up area of 890 sq.Ft., the flat comprises 2 bedroom(s), 2 bathrooms and 2 balconies. This flat lie...",L82912046,"DTC Southern Heights, Joka, Kolkata South",DTC Southern Heights,,[],"['Security / Fire Alarm', 'Power Back-up', 'Feng Shui / Vaastu Compliant', 'Intercom Facility', 'Lift(s)', 'High Ceiling Height', 'Maintenance Staff', 'Water Storage', 'Separate entry for servant room', 'Bank Attached Property', 'Visitor Parking', 'Swimming Pool', 'Park', 'Security Personnel', 'Natural Light', 'Airy Rooms', 'Shopping Centre', 'Fitness Centre / GYM', 'Waste Disposal', 'Rain Water Harvesting', 'Club house / Community Center', 'Water softening plant']","['Joka Metro Station', 'NH 12', 'Pailan World School', 'Swami Vivekananda University', 'BMRI Hospital', 'Netaji Subhash Chandra Bose Intl Airport']","['Others,Main Road,Pool,Park/Garden,Club']",2 Bedrooms,2 Bathrooms,2 Balconies,,12nd   of 14 Floors,1 to 5 Year Old,North-East
Isha Green Apartment,https://www.99acres.com/3-bhk-bedroom-apartment-flat-for-sale-in-isha-green-apartment-sarada-pally-kolkata-south-1412-sq-ft-spid-Y82731740,3 BHK Flat,87 Lac,"1,412 sqft",Super Built-up Area,"6,161 /sqft","Saradapally, Kolkata South","Gated Society
Overlooking Main Road
+2","This 3 bhk apartment is available for sale in isha green apartment, one of the most prominent projects for flats in saradapally, kolkata south. This property faces the south-East direction. Containing 3 bedroom(s), 2 bathrooms and 2 balconies, this flat is spread over a super built up area of 1412 sq.Ft. The property is located on the 1st floor of a 5 floors tall building. Being a ready to move...",Y82731740,"Isha Green Apartment, Saradapally, Kolkata South",,,"['1 Water Purifier', '3 Fan', '1 Dining Table', '1 Geyser', '15 Light', '1 Modular Kitchen', '1 Curtains', '1 Chimney', '2 AC', '2 Wardrobe', '2 Bed', '1 Microwave']","['Feng Shui / Vaastu Compliant', 'Security / Fire Alarm', 'Lift(s)', 'High Ceiling Height', 'Maintenance Staff', 'Water Storage', 'Visitor Parking', 'Natural Light', 'Airy Rooms', 'Club house / Community Center', 'Waste Disposal']","['Mahanayak uttam kumar metro station', 'Netaji metro station', 'Behala Market', 'Gouria moth', 'Shibaloy', 'Santoshi Maa Mandir']","['Main Road,Others,Club']",3 Bedrooms,2 Bathrooms,2 Balconies,,1st   of 5 Floors,5 to 10 Year Old,South-East
No Name,https://www.99acres.com/2-bhk-bedroom-apartment-flat-for-sale-in-garia-gardens-kolkata-south-839-sq-ft-spid-P82760502,2 BHK Flat,30 Lac,839 sqft,Super Built-up Area,"3,575 /sqft","Garia Gardens, Kolkata","Kavi Najrul Metro Station within 1km
BDMI School within 2km
+2","Its s3 building, total 6 flats locate in a prime position in atabagan, garia garden, garia. 2bhk flat available on 1st and 2nd floor with marble/vitrified flooring, aluminum sliding windows, 24hrs water, ready to move. Near auto road. 10 to 12 mints walking distance from kavi najrul metro station and 8 mints walking distance from garia bazar and nsc bose road. Car parking extra 4 lakh Near mark...",P82760502,"No Name, Garia Gardens, Kolkata",,,[],"['Feng Shui / Vaastu Compliant', 'Water Storage', 'Natural Light', 'Airy Rooms', 'Waste Disposal']","['Kavi nazrul metro station', 'Shahid khudiram metro station', 'Sitala mandir', 'Gosto Mandir', 'Brahmapur Badamtala Jame Masjid']",['Main Road'],2 Bedrooms,2 Bathrooms,1 Balcony,Store Room,1st   of 2 Floors,0 to 1 Year Old,South-East
on request,https://www.99acres.com/3-bhk-bedroom-apartment-flat-for-sale-in-new-town-kolkata-east-1055-sq-ft-spid-V82988382,3 BHK Flat,44.48 Lac,"1,055 sqft",Super Built-up Area,"4,623 /sqft","New Town, Kolkata","Gated Society
Corner Property
+1","Hello everyone, Ready to move project virsa enclave Rajarhat indira nagar road facing near indian petroleum & zudio nice place rajarhat newtown near ecopark tata madical biswas bengala tcs candor city centre 2 & airport 5 km thank you for visiting again",V82988382,"on request, New Town, Kolkata",,,[],"['Lift(s)', 'Maintenance Staff', 'Water Storage', 'Visitor Parking']","['Terminus Mall', 'mandir', 'Kali Temple', 'Hdfc bank ATM', 'Axis bank ATM', 'Citibank ATM', 'Apollo Dental Clinic']",['Main Road'],3 Bedrooms,2 Bathrooms,1 Balcony,,2nd   of 4 Floors,1 to 5 Year Old,South-East
Urban Sabujayan,https://www.99acres.com/3-bhk-bedroom-apartment-flat-for-sale-in-urban-sabujayan-kalikapur-kolkata-south-1298-sq-ft-spid-T82520388,3 BHK Flat,85 Lac,"1,298 sqft",Super Built-up Area,"6,548 /sqft","Kalikapur, Kolkata","Gated Society
Corner Property
+2","This lovely 3 bhk apartment/flat in kalikapur is available for sale in one of kolkata south's most popular projects, urban sabujayan. This is a south-East-Facing property. Containing 3 bedroom(s), 2 bathrooms and 1 balcony, this flat is spread over a super built up area of 1298 sq.Ft. The residential building has 4 floors in total and the flat for sale is located on the 3rd floor. As the projec...",T82520388,"Urban Sabujayan, Kalikapur, Kolkata",,,[],"['Feng Shui / Vaastu Compliant', 'Security / Fire Alarm', 'Intercom Facility', 'Lift(s)', 'Maintenance Staff', 'Water Storage', 'Park', 'Visitor Parking']","['Hindu Temple', 'Maa kali temple', 'Shoni thakur mandir', 'Maa Kali mandir', 'Lord Shiva Temple', 'Sada Kali Mandir']","['Pool,Park/Garden,Main Road,Club,Others']",3 Bedrooms,2 Bathrooms,1 Balcony,Others,3rd   of 4 Floors,1 to 5 Year Old,South-West
The 102,https://www.99acres.com/2-bhk-bedroom-apartment-flat-for-sale-in-the-102-joka-kolkata-south-860-sq-ft-spid-Q82316956,2 BHK Flat,51 Lac,860 sqft,Super Built-up Area,"5,930 /sqft","Joka, Kolkata South","Gated Society
Fitness Center/ Gym
+1","Located in the popular residential address of joka, kolkata south, the 102 is one of the most preferred destination for apartments in kolkata south. This 2 bhk flat is your ticket to be a part of this community. This property faces the east direction. The floor plan additionally contains 2 bedroom(s), 2 bathrooms and 1 balcony. All in all, the flat is spread over a super built up area of 860 sq...",Q82316956,"The 102, Joka, Kolkata South",The 102,,[],"['Power Back-up', 'Feng Shui / Vaastu Compliant', 'Intercom Facility', 'Lift(s)', 'Swimming Pool', 'Natural Light', 'Fitness Centre / GYM', 'Waste Disposal', 'Rain Water Harvesting']","['Joka Metro Station', 'Reliance Trends', 'More Super Market', 'NH12', 'IIM Calcutta', 'Vivekanand Mission School']",['Pool'],2 Bedrooms,2 Bathrooms,2 Balconies,,4th   of 15 Floors,1 to 5 Year Old,North
Chandralok Apartment,https://www.99acres.com/2-bhk-bedroom-apartment-flat-for-sale-in-mudially-kolkata-south-1000-sq-ft-spid-R82965042,2 BHK Flat,85 Lac,"1,000 sqft",Super Built-up Area,"8,500 /sqft","Mudially, Sarat Bose Road","Kalighat Metro within 500m
Sri Sri Academy within 2.5km
+2","The project is located near tollygunge police station. The property has easy access to lake and the southern avenue area. It is very close to metro station- Kalighat, railway station- Tollygunge, schools- Sri sri academy and hospitals- Manipal hospital.",R82965042,"Chandralok Apartment, Mudially, Sarat Bose Road",,,[],"['Power Back-up', 'Lift(s)', 'Maintenance Staff', 'Water Storage', 'Piped-gas', 'Swimming Pool', 'Security Personnel', 'Natural Light', 'Airy Rooms', 'Fitness Centre / GYM', 'Waste Disposal', 'Rain Water Harvesting', 'Club house / Community Center']","['Kalighat metro station', 'Rabindra sarobar metro station', 'Jatin das park metro station', 'Lake Kalibari', 'Dhanalakshimi bank ATM']",[],2 Bedrooms,2 Bathrooms,1 Balcony,,3rd   of 8 Floors,10+ Year Old,South-West
Individual,https://www.99acres.com/3-bhk-bedroom-apartment-flat-for-sale-in-airport-kolkata-north-1200-sq-ft-spid-K82568434,3 BHK Flat,45 Lac,"1,200 sqft",Super Built-up Area,"3,750 /sqft","Airport, Dum Dum","Indira gandhi school Nearby
Phonix hospital Nearby
+1","Located in the popular residential address of airport, kolkata north, individual is one of the most preferred destination for apartments in kolkata north. This 3 bhk flat is your ticket to be a part of this community. Constructed on a super built up area of 1200 sq.Ft., the flat comprises 3 bedroom(s), 2 bathrooms and 2 balconies. And this is firsr floor flat and no lift, the flat has a total o...",K82568434,"Individual , Airport, Dum Dum",,,[],[],"['Shitala Mandir', 'Mother Teresa Church', 'Axis bank ATM', 'State bank of india ATM', 'Union bank of india ATM', 'Aparna Nursing Home']",[],3 Bedrooms,2 Bathrooms,2 Balconies,,1st   of 4 Floors,10+ Year Old,South-East
Eco Star Apartment,https://www.99acres.com/2-bhk-bedroom-apartment-flat-for-sale-in-action-area-2-kolkata-east-960-sq-ft-spid-F83416514,2 BHK Flat,50.88 Lac,960 sqft,Super Built-up Area,"5,300 /sqft","Action Area 2, Kolkata","East Facing
Fresh Construction
+2","Eco star apartment is one of kolkata east's most sought after destination for apartments and this 2 bhk flat in action area 2 is your opportunity to be a part of this community. This property faces the east direction. The flat occupies a super built up area of 960 sq.Ft. That consists of 2 bedrooms, 2 bathrooms and 1 balcony. The property is located on the 2nd floor of a 4 floors tall building....",F83416514,"Eco Star Apartment , Action Area 2, Kolkata",,,[],"['Security / Fire Alarm', 'Lift(s)', 'Maintenance Staff', 'Visitor Parking']","['Rabindra Tirtha Metro Station', 'Nazrul tirtha metro station', 'Terminus Mall', 'mandir', 'Hdfc bank ATM', 'Axis bank ATM']","['Others,Main Road']",2 Bedrooms,2 Bathrooms,1 Balcony,Others,2nd   of 4 Floors,0 to 1 Year Old,East
Siddha Eden LakeVille,https://www.99acres.com/3-bhk-bedroom-apartment-flat-for-sale-in-siddha-eden-lakeville-bt-road-kolkata-north-764-sq-ft-spid-R83243518,3 BHK Flat,85 Lac,764 sqft,Carpet Area,"11,125 /sqft","BT Road, Kolkata","Gated Society
Overlooking Park/Garden
+2","Siddha eden lakeville is one of the most popular destination for buying apartments/ flats in bt road, kolkata north. You too can be a part of this society by purchasing this 3 bhk flat here. This residential flat is south-East-Facing direction. Constructed on a carpet area of 764 sq.Ft., the flat comprises 3 bedroom(s), 2 bathrooms and 1 balcony. The property is located on the 2nd floor of a 11...",R83243518,"Siddha Eden LakeVille, BT Road, Kolkata",Siddha Eden LakeVille,,[],"['Security / Fire Alarm', 'Power Back-up', 'Feng Shui / Vaastu Compliant', 'Intercom Facility', 'Lift(s)', 'Maintenance Staff', 'Water Storage', 'Visitor Parking', 'Swimming Pool', 'Park', 'Fitness Centre / GYM', 'Rain Water Harvesting', 'Club house / Community Center']","['Noapara Metro Station', 'City Centre Salt Lake', 'Rai Mohon Banerjee Rd', 'Belghoria Expy', 'Central Modern School']","['Pool,Park/Garden,Club,Main Road,Others']",3 Bedrooms,2 Bathrooms,1 Balcony,Others,2nd   of 11 Floors,1 to 5 Year Old,South-East
Alcove Regency,https://www.99acres.com/4-bhk-bedroom-apartment-flat-for-sale-in-alcove-regency-topsia-kolkata-south-2452-sq-ft-spid-V83183392,4 BHK Flat,2.5 Cr,"2,452 sqft",Super Built-up Area,"10,195 /sqft","Topsia, EM Bypass","Gated Society
Overlooking Park/Garden
+2","Alcove regency is one of the most popular destination for buying apartments/ flats in topsia, kolkata south. You too can be a part of this society by purchasing this 4 bhk flat here. The flat is facing the south-East direction. Containing 4 bedroom(s), 4 bathrooms and 1 balcony, this flat is spread over a super built up area of 2452 sq.Ft. This flat lies on the 18th level of a 19 storey buildin...",V83183392,"Alcove Regency, Topsia, EM Bypass",Alcove Regency,,[],"['Security / Fire Alarm', 'Power Back-up', 'Feng Shui / Vaastu Compliant', 'Intercom Facility', 'Lift(s)', 'High Ceiling Height', 'Maintenance Staff', 'Water Storage', 'Separate entry for servant room', 'Visitor Parking', 'Swimming Pool', 'Park', 'Security Personnel', 'Natural Light', 'Airy Rooms', 'Fitness Centre / GYM', 'Waste Disposal', 'Rain Water Harvesting', 'Club house / Community Center', 'Water softening plant']","['Kalighat', 'Acropolis Mall', 'NH 12', 'Grace Ling Liang English School', 'Adamas University', 'Flemming Hospital']","['Main Road,Pool,Others,Club,Park/Garden']",4 Bedrooms,4 Bathrooms,1 Balcony,,18th   of 19 Floors,1 to 5 Year Old,North-West
Alcove Regency,https://www.99acres.com/3-bhk-bedroom-apartment-flat-for-sale-in-alcove-regency-topsia-kolkata-south-1985-sq-ft-spid-J83183460,3 BHK Flat,2.11 Cr,"1,985 sqft",Super Built-up Area,"10,629 /sqft","Topsia, EM Bypass","Gated Society
Overlooking Park/Garden
+2","This lovely 3 bhk apartment/flat in topsia is available for sale in one of kolkata south's most popular projects, alcove regency. The flat is south-East-Facing. Containing 3 bedroom(s), 3 bathrooms and 1 balcony, this flat is spread over a super built up area of 1985 sq.Ft. The property is located on the 16th floor of a 19 floors tall building. Being a ready to move project, you can expect imme...",J83183460,"Alcove Regency, Topsia, EM Bypass",Alcove Regency,,[],"['Security / Fire Alarm', 'Power Back-up', 'Feng Shui / Vaastu Compliant', 'Intercom Facility', 'Lift(s)', 'High Ceiling Height', 'Maintenance Staff', 'Water Storage', 'Separate entry for servant room', 'Visitor Parking', 'Swimming Pool', 'Park', 'Security Personnel', 'Natural Light', 'Airy Rooms', 'Fitness Centre / GYM', 'Waste Disposal', 'Rain Water Harvesting', 'Club house / Community Center', 'Water softening plant']","['Kalighat', 'Acropolis Mall', 'NH 12', 'Grace Ling Liang English School', 'Adamas University', 'Flemming Hospital']","['Main Road,Pool,Park/Garden,Others,Club']",3 Bedrooms,3 Bathrooms,1 Balcony,,16th   of 19 Floors,1 to 5 Year Old,South
Lavanya Apartments,https://www.99acres.com/3-bhk-bedroom-apartment-flat-for-sale-in-lavanya-apartments-rajarhat-kolkata-east-1150-sq-ft-spid-F83178162,3 BHK Flat,55 Lac,"1,150 sqft",Super Built-up Area,"4,782 /sqft","Rajarhat, Kolkata","North Facing
Gated Society
+2","Lavanya apartments is one of the most popular destination for buying apartments/ flats in rajarhat, kolkata east. You too can be a part of this society by purchasing this 3 bhk flat here. This residential flat is north-Facing direction. Constructed on a super built up area of 1150 sq.Ft., the flat comprises 3 bedroom(s), 2 bathrooms and 1 balcony. This flat is situated on the 3rd floor of this ...",F83178162,"Lavanya Apartments, Rajarhat, Kolkata",Lavanya Apartments,,[],"['Feng Shui / Vaastu Compliant', 'Security / Fire Alarm', 'Intercom Facility', 'Lift(s)', 'Swimming Pool', 'Maintenance Staff', 'Water Storage', 'Park', 'Visitor Parking', 'Fitness Centre / GYM', 'Club house / Community Center']","['CBD Metro Station', 'Delhi Public School Megacity', 'Rabindra Bharati University', 'Amity University Kolkata', 'STATE BANK OF INDIA ATM']","['Pool,Park/Garden,Club,Main Road']",3 Bedrooms,2 Bathrooms,1 Balcony,,3rd   of 5 Floors,1 to 5 Year Old,North
The Orchid Grandeur,https://www.99acres.com/4-bhk-bedroom-apartment-flat-for-sale-in-the-orchid-grandeur-rajarhat-kolkata-east-3500-sq-ft-spid-A83177612,4 BHK Flat,1.7 Cr,"3,500 sqft",Super Built-up Area,"4,857 /sqft","Rajarhat, Kolkata","Gated Society
Overlooking Park/Garden
+1","This beautiful 4 bhk flat in rajarhat, kolkata east is situated in the orchid grandeur, one of the popular residential society in kolkata east. This residential flat is north-East-Facing direction. Constructed on a super built up area of 3500 sq.Ft., the flat comprises 4 bedroom(s), 4 bathrooms and 2 balconies. This flat is situated on the 3rd floor of this 4 floors tall residential building. A...",A83177612,"The Orchid Grandeur, Rajarhat, Kolkata",The Orchid Grandeur,,[],"['Security / Fire Alarm', 'Power Back-up', 'Feng Shui / Vaastu Compliant', 'Intercom Facility', 'Lift(s)', 'High Ceiling Height', 'Maintenance Staff', 'Water Storage', 'Separate entry for servant room', 'Visitor Parking', 'Swimming Pool', 'Park', 'Natural Light', 'Airy Rooms', 'Fitness Centre / GYM', 'Waste Disposal', 'Rain Water Harvesting', 'Club house / Community Center', 'Water softening plant']","['The Ivy Mall', 'Denovo Institute Of Education', 'Basina Free Primary School', 'Ghosh Bari', 'Lotus Hospital', 'Ohio Hospital']","['Main Road,Pool,Park/Garden,Club,Others']",4 Bedrooms,4 Bathrooms,2 Balconies,,3rd   of 4 Floors,1 to 5 Year Old,North-West
Siddha Eden LakeVille,https://www.99acres.com/2-bhk-bedroom-apartment-flat-for-sale-in-siddha-eden-lakeville-bt-road-kolkata-north-910-sq-ft-spid-M83171914,2 BHK Flat,77 Lac,910 sqft,Super Built-up Area,"8,461 /sqft","BT Road, Kolkata","Gated Society
Overlooking Park/Garden
+2","Siddha eden lakeville is one of kolkata north's most sought after destination for apartments and this 2 bhk flat in bt road is your opportunity to be a part of this community. The flat is south-East-Facing. The flat occupies a super built up area of 910 sq.Ft. That consists of 2 bedrooms, 2 bathrooms and 1 balcony. The flat has a total of 24 floors and this property is situated on 3rd floor. As...",M83171914,"Siddha Eden LakeVille, BT Road, Kolkata",Siddha Eden LakeVille,,[],"['Security / Fire Alarm', 'Power Back-up', 'Feng Shui / Vaastu Compliant', 'Intercom Facility', 'Lift(s)', 'High Ceiling Height', 'Maintenance Staff', 'Water Storage', 'Separate entry for servant room', 'Bank Attached Property', 'Visitor Parking', 'Swimming Pool', 'Park', 'Natural Light', 'Airy Rooms', 'Fitness Centre / GYM', 'Waste Disposal', 'Rain Water Harvesting', 'Club house / Community Center', 'Water softening plant']","['Noapara Metro Station', 'City Centre Salt Lake', 'Rai Mohon Banerjee Rd', 'Belghoria Expy', 'Central Modern School']","['Main Road,Pool,Park/Garden,Others,Club']",2 Bedrooms,2 Bathrooms,1 Balcony,,3rd   of 24 Floors,1 to 5 Year Old,South-East
PS ONE 10,https://www.99acres.com/4-bhk-bedroom-apartment-flat-for-sale-in-ps-one-10-new-town-kolkata-east-1235-sq-ft-spid-X81893266,4 BHK Flat,2.45 Cr,"1,235 sqft",Carpet Area,"19,838 /sqft","New Town, Kolkata",,"This 4 bhk apartment is available for sale in ps one 10, one of the most prominent projects for flats in new town, kolkata east. This is a south-West-Facing property. Containing 4 bedroom(s), 4 bathrooms and 2 balconies, this flat is spread over a carpet area of 1235 sq.Ft. The flat has a total of 20 floors and this property is situated on 16th floor. An added advantage of this 1-5 years old fl...",X81893266,"PS ONE 10, New Town, Kolkata",PS ONE 10,,[],"['Private Garden / Terrace', 'Intercom Facility', 'Lift(s)', 'Centrally Air Conditioned', 'Water purifier', 'False Ceiling Lighting', 'Separate entry for servant room', 'Bank Attached Property', 'Piped-gas', 'Swimming Pool', 'Park', 'Security Personnel', 'Natural Light', 'Internet/wi-fi connectivity', 'Airy Rooms', 'Spacious Interiors', 'Low Density Society', 'Shopping Centre', 'Fitness Centre / GYM', 'Waste Disposal', 'Rain Water Harvesting', 'Club house / Community Center', 'Water softening plant']","['Nazrul Tirtha Metro Station', 'Galaxy Mall', 'Biswa Bangla Sarani', 'The Newtown School', 'Aliah University', 'Ohio Hospital']","['Park/Garden,Others']",4 Bedrooms,4 Bathrooms,2 Balconies,Study Room,16th   of 20 Floors,1 to 5 Year Old,South-West
Active Acres,https://www.99acres.com/4-bhk-bedroom-apartment-flat-for-sale-in-active-acres-em-bypass-kolkata-east-2621-sq-ft-spid-I82165632,4 BHK Flat,2.2 Cr,"2,621 sqft",Super Built-up Area,"8,393 /sqft","EM Bypass, Kolkata East","Local market Nearby
Gated Society
+2","This 4 bhk flat is located in active acres, which houses some of the most spacious flats in em bypass, kolkata east. The flat is south-Facing. Constructed on a super built up area of 2621 sq.Ft., the flat comprises 4 bedroom(s), 4 bathrooms and 3 balconies. This flat is situated on the 4th floor of this 22 floors tall residential building. This is a ready to move project and the property is 1-5...",I82165632,"Active Acres, EM Bypass, Kolkata East",Active Acres,,[],"['Power Back-up', 'Intercom Facility', 'Lift(s)', 'High Ceiling Height', 'Separate entry for servant room', 'Swimming Pool', 'Park', 'Natural Light', 'Airy Rooms', 'Shopping Centre', 'Fitness Centre / GYM', 'Waste Disposal', 'Rain Water Harvesting', 'Club house / Community Center', 'Water softening plant']","['Mahakaran metro station', 'Mani Square mall', 'SH 1', 'La Martiniere School', 'University of Calcutta', 'Apollo Gleneagles Hospital']","['Main Road,Pool,Park/Garden,Club,Others']",4 Bedrooms,4 Bathrooms,3 Balconies,,4th   of 22 Floors,1 to 5 Year Old,South-East
Hiland Park,https://www.99acres.com/3-bhk-bedroom-apartment-flat-for-sale-in-hiland-park-em-bypass-kolkata-south-1328-sq-ft-spid-M81314113,3 BHK Flat,1.2 Cr,"1,328 sqft",Super Built-up Area,"9,036 /sqft","EM Bypass, Kolkata South",,"This beautiful 3 bhk flat in em bypass, kolkata south is situated in hiland park, one of the popular residential society in kolkata south. This property faces the north-East direction. The flat occupies a super built up area of 1328 sq.Ft. That consists of 3 bedrooms, 3 bathrooms and 1 balcony. This flat lies on the 10th level of a 27 storey building. An added advantage of this 10 years old fla...",M81314113,"Hiland Park, EM Bypass, Kolkata South",Hiland Park,,"['2 Wardrobe', '4 Fan', '4 Light']","['Security / Fire Alarm', 'Intercom Facility', 'Lift(s)', 'High Ceiling Height', 'Maintenance Staff', 'Water Storage', 'Visitor Parking', 'Swimming Pool', 'Park', 'Security Personnel', 'Natural Light', 'Airy Rooms', 'Spacious Interiors', 'Low Density Society', 'Fitness Centre / GYM', 'Waste Disposal', 'Rain Water Harvesting', 'Club house / Community Center']","['Kavi subhash metro station', 'Lake Pally Shiv Mandir', 'Hanuman Mandir', 'Kali Mandir', 'Shitala Mandir', 'Sada Kali Mandir']",['Pool'],3 Bedrooms,2 Bathrooms,1 Balcony,,10th   of 27 Floors,10+ Year Old,North
Eden Pavilion,https://www.99acres.com/3-bhk-bedroom-apartment-flat-for-sale-in-eden-pavilion-fartabad-kolkata-south-1404-sq-ft-spid-T81485405,3 BHK Flat,75 Lac,"1,404 sqft",Carpet Area,"5,341 /sqft","Fartabad, Garia","North-East Facing
Top Floor
+2","The 3bhk at eden pavilion is located in sahapara, off em bypass. It is located close to shahid khudiram metro station, 1.4 kms from the metro. It is a complex with a swimming pool and security. It is close to bd memorial school and peerless hospital",T81485405,"Eden Pavilion, Fartabad, Garia",,,[],"['Security / Fire Alarm', 'Lift(s)', 'Maintenance Staff', 'Water Storage', 'Swimming Pool', 'Park', 'Security Personnel', 'Natural Light', 'Airy Rooms', 'Fitness Centre / GYM', 'Waste Disposal', 'Club house / Community Center']","['Shahid khudiram metro station', 'Kavi subhash metro station', 'Maa kali temple garia dhalua', 'Shani mandir garia dhalua']","['Club,Park/Garden,Pool,Others,Main Road']",3 Bedrooms,2 Bathrooms,2 Balconies,,4th   of 4 Floors,5 to 10 Year Old,North-East
North Grande,https://www.99acres.com/2-bhk-bedroom-apartment-flat-for-sale-in-north-grande-durganagar-kolkata-north-1145-sq-ft-spid-P81126349,2 BHK Flat,63 Lac,"1,145 sqft",Super Built-up Area,"5,502 /sqft","Durganagar, Belgharia Expressway, Kolkata","Private Garden
Gated Society
+1","Located in the popular residential address of durganagar, kolkata north, north grande is one of the most preferred destination for apartments in kolkata north. This 2 bhk flat is your ticket to be a part of this community. The flat is over 1145 sq.Ft. Super built up area and comes with 2 bedroom(s), 2 bathrooms and 3 balconies. The residential building has 6 floors in total and the flat for sal...",P81126349,"North Grande, Durganagar, Belgharia Expressway, Kolkata",North Grande,,[],"['Centrally Air Conditioned', 'Water purifier', 'Security / Fire Alarm', 'Feng Shui / Vaastu Compliant', 'Private Garden / Terrace', 'Intercom Facility', 'Lift(s)', 'High Ceiling Height', 'Maintenance Staff', 'False Ceiling Lighting', 'Water Storage', 'Bank Attached Property', 'Visitor Parking', 'Swimming Pool', 'Park', 'Security Personnel', 'Natural Light', 'Airy Rooms', 'Spacious Interiors', 'Low Density Society', 'Waste Disposal', 'Rain Water Harvesting', 'Water softening plant', 'Shopping Centre', 'Fitness Centre / GYM', 'Club house / Community Center']","['Baranagar Metro Station', 'City Centre 2', 'Diamond Plaza', 'Belghoria Express Way', 'Calcutta Airport English High School']","['Pool,Park/Garden,Club,Main Road']",2 Bedrooms,2 Bathrooms,3 Balconies,Study Room,3rd   of 6 Floors,1 to 5 Year Old,North-West
North Grande,https://www.99acres.com/2-bhk-bedroom-apartment-flat-for-sale-in-north-grande-durganagar-kolkata-north-1175-sq-ft-spid-C81126047,2 BHK Flat,65 Lac,"1,175 sqft",Super Built-up Area,"5,531 /sqft","Durganagar, Belgharia Expressway, Kolkata","Private Garden
Gated Society
+2","Situated in durganagar, kolkata north, north grande is a well planned society that offers a pleasant living experience to its residents. This 2 bhk flat in kolkata north is your opportunity to be a part of this community. This is a south-Facing property. Constructed on a super built up area of 1175 sq.Ft., the flat comprises 2 bedroom(s), 2 bathrooms and 3 balconies. This flat lies on the 5th l...",C81126047,"North Grande, Durganagar, Belgharia Expressway, Kolkata",North Grande,,[],"['Water purifier', 'Security / Fire Alarm', 'Feng Shui / Vaastu Compliant', 'Private Garden / Terrace', 'Intercom Facility', 'Lift(s)', 'High Ceiling Height', 'Maintenance Staff', 'False Ceiling Lighting', 'Water Storage', 'Bank Attached Property', 'Internet/wi-fi connectivity', 'Visitor Parking', 'Swimming Pool', 'Park', 'Security Personnel', 'Natural Light', 'Airy Rooms', 'Spacious Interiors', 'Low Density Society', 'Waste Disposal', 'Rain Water Harvesting', 'Water softening plant', 'Shopping Centre', 'Fitness Centre / GYM', 'Club house / Community Center']","['Baranagar Metro Station', 'City Centre 2', 'Diamond Plaza', 'Belghoria Express Way', 'Calcutta Airport English High School']","['Pool,Park/Garden,Club,Main Road,Others']",2 Bedrooms,2 Bathrooms,3 Balconies,Study Room,5th   of 6 Floors,1 to 5 Year Old,South-East
North Grande,https://www.99acres.com/2-bhk-bedroom-apartment-flat-for-sale-in-north-grande-durganagar-kolkata-north-1022-sq-ft-spid-K81124525,2 BHK Flat,57 Lac,"1,022 sqft",Super Built-up Area,"5,577 /sqft","Durganagar, Belgharia Expressway, Kolkata","North-East Facing
Private Garden
+2","Looking for a 2 bhk property for sale in kolkata north? Buy this 2 bhk flat in north grande that is situated in durganagar, kolkata north. This residential flat is north-East-Facing direction. Containing 2 bedroom(s), 2 bathrooms and 3 balconies, this flat is spread over a super built up area of 1022 sq.Ft. This flat lies on the 2nd level of a 6 storey building. This is a ready to move project ...",K81124525,"North Grande, Durganagar, Belgharia Expressway, Kolkata",North Grande,,[],"['Water purifier', 'Security / Fire Alarm', 'Feng Shui / Vaastu Compliant', 'Private Garden / Terrace', 'Intercom Facility', 'Lift(s)', 'High Ceiling Height', 'Maintenance Staff', 'False Ceiling Lighting', 'Water Storage', 'Bank Attached Property', 'Visitor Parking', 'Swimming Pool', 'Park', 'Security Personnel', 'Natural Light', 'Airy Rooms', 'Spacious Interiors', 'Low Density Society', 'Waste Disposal', 'Rain Water Harvesting', 'Water softening plant', 'Shopping Centre', 'Fitness Centre / GYM', 'Club house / Community Center']","['Baranagar Metro Station', 'City Centre 2', 'Diamond Plaza', 'Belghoria Express Way', 'Calcutta Airport English High School']","['Pool,Park/Garden,Club,Main Road,Others']",2 Bedrooms,2 Bathrooms,3 Balconies,,2nd   of 6 Floors,1 to 5 Year Old,North-East
Sinchi Tower,https://www.99acres.com/3-bhk-bedroom-apartment-flat-for-sale-in-sinchi-tower-panihati-kolkata-north-1437-sq-ft-spid-I83345052,3 BHK Flat,52 Lac,"1,437 sqft",Super Built-up Area,"4,614 /sqft","Panihati, Kolkata",,"Situated in panihati, kolkata north, sinchi tower is a well planned society that offers a pleasant living experience to its residents. This 3 bhk flat in kolkata north is your opportunity to be a part of this community. This property faces the south-West direction. Containing 3 bedroom(s), 2 bathrooms and 1 balcony, this flat is spread over a super built up area of 1437 sq.Ft. This flat is situ...",I83345052,"Schi Tower, Panihati, Kolkata",Sinchi Tower,,"['1 Wardrobe', '3 Fan', '3 Light', '1 Modular Kitchen']","['Feng Shui / Vaastu Compliant', 'Security / Fire Alarm', 'Lift(s)', 'Maintenance Staff', 'Water Storage', 'Visitor Parking']","['Jora Sib Mondir', 'Vasan Eye Care Hospital Sodepur', 'Restroative Clinic Pvt.Ltd.', 'Green-View Nursing Home Kolkata', 'Anupama Eye Care']",['Main Road'],3 Bedrooms,2 Bathrooms,1 Balcony,Others,4th   of 9 Floors,5 to 10 Year Old,South-West
Eden Elegante,https://www.99acres.com/3-bhk-bedroom-apartment-flat-for-sale-in-eden-elegante-em-bypass-kolkata-south-1225-sq-ft-spid-E82656988,3 BHK Flat,74 Lac,"1,225 sqft",Super Built-up Area,"6,040 /sqft","EM Bypass, Kolkata South","Kavi Sukanto Metro within 1km
Ruby Park School within 3km
+2","Eden elegante is located in madurdaha, off em bypass near ruby hospital. It is asemi complex with community hall, gym and a small play area. The project has a generator, security and lift. It is located 800 meters from the em bypass and from kavi sukanto metro station.",E82656988,"Eden Elegante, EM Bypass, Kolkata South",Eden Elegante,,[],"['Power Back-up', 'Intercom Facility', 'Lift(s)', 'Maintenance Staff', 'Water Storage', 'Swimming Pool', 'Park', 'Security Personnel', 'Natural Light', 'Airy Rooms', 'Spacious Interiors', 'Fitness Centre / GYM', 'Waste Disposal', 'Rain Water Harvesting', 'Club house / Community Center']","['Maa kali temple', 'Shoni thakur mandir', 'Maa Kali mandir', 'Hindu Temple', 'Lord Shiva Temple', 'Old Radha Krishna Temple']",['Main Road'],3 Bedrooms,2 Bathrooms,1 Balcony,,1st   of 4 Floors,10+ Year Old,South-East
Individual Apartment,https://www.99acres.com/3-bhk-bedroom-apartment-flat-for-sale-in-action-area-2-kolkata-east-1303-sq-ft-spid-G83416624,3 BHK Flat,69.06 Lac,"1,303 sqft",Super Built-up Area,"5,300 /sqft","Action Area 2, Kolkata",,"This lovely 3 bhk apartment/flat in action area 2 is available for sale in one of kolkata east's most popular projects, individual apartment. This property faces the south-West direction. Containing 3 bedroom(s), 2 bathrooms and 2 balconies, this flat is spread over a super built up area of 1303 sq.Ft. This flat is situated on the 1st floor of this 4 floors tall residential building. An added a...",G83416624,"Individual Apartment , Action Area 2, Kolkata",,,[],"['Security / Fire Alarm', 'Lift(s)', 'Maintenance Staff']","['Rabindra Tirtha Metro Station', 'Terminus Mall', 'mandir', 'Hdfc bank ATM', 'Axis bank ATM', 'Citibank ATM', 'Bhagirathi Neotia Woman And Child Care Centre']","['Main Road,Others']",3 Bedrooms,2 Bathrooms,2 Balconies,Others,1st   of 4 Floors,0 to 1 Year Old,South-West
4 Sight Impression,https://www.99acres.com/3-bhk-bedroom-apartment-flat-for-sale-in-4-sight-impression-garia-kolkata-south-1765-sq-ft-spid-F83379182,3 BHK Flat,1.2 Cr,"1,765 sqft",Super Built-up Area,"6,798 /sqft","Garia, Kolkata","Garia Nearby
Gated Society
+2","Check out this 3 bhk apartment for sale in 4 sight prestige, a popular residential project that houses in-Demand flats in garia station road, kolkata south. This property faces the south direction. The flat occupies a super built up area of 1765 sq.Ft. That consists of 3 bedrooms, 2 bathrooms and 2 balconies. The residential building has 10 floors in total and the flat for sale is located on th...",F83379182,"4 Sight Impression, Garia, Kolkata",4 Sight Impression,,[],"['Power Back-up', 'Intercom Facility', 'Lift(s)', 'Maintenance Staff', 'Park', 'Fitness Centre / GYM', 'Club house / Community Center']","['Kavi nazrul metro station', 'Shahid khudiram metro station', 'Kavi subhash metro station', 'Sitala mandir', 'Gosto Mandir']",['Main Road'],3 Bedrooms,2 Bathrooms,2 Balconies,Others,5th   of 10 Floors,10+ Year Old,South-West
Basu and Hajra Shakuntala Abasan,https://www.99acres.com/2-bhk-bedroom-apartment-flat-for-sale-in-basu-and-hajra-shakuntala-abasan-rajarhat-kolkata-east-954-sq-ft-spid-X83441142,2 BHK Flat,35.3 Lac,954 sqft,Super Built-up Area,"4,929 /sqft","Rajarhat, Kolkata",,Very well and good quality construction. Very peaceful area project. Easily access to kolkata airport and newtown.,X83441142,"Basu and Hajra Shakuntala Abasan, Rajarhat, Kolkata",Basu and Hajra Shakuntala Abasan,,[],"['Feng Shui / Vaastu Compliant', 'Security / Fire Alarm', 'Lift(s)', 'Water purifier', 'Water Storage', 'Visitor Parking', 'Airy Rooms', 'Fitness Centre / GYM', 'Club house / Community Center', 'Waste Disposal']","['Central Park Metro Station', 'City Centre New Town', 'Devaki Memorial School', 'Amity University Kolkata', 'Narayana Hospital, Barasat']",['Others'],2 Bedrooms,2 Bathrooms,1 Balcony,,4th   of 4 Floors,0 to 1 Year Old,South-East
Ambuja Udita,https://www.99acres.com/4-bhk-bedroom-apartment-flat-for-sale-in-ambuja-udita-survey-park-kolkata-south-2945-sq-ft-spid-R82128910,4 BHK Flat,2.45 Cr,"2,945 sqft",Super Built-up Area,"8,319 /sqft","Survey Park, Santoshpur","Gated Society
Fitness Center/ Gym
+2","Ambuja udita is one of the most popular destination for buying apartments/ flats in survey park, kolkata south. You too can be a part of this society by purchasing this 4 bhk flat here. The flat occupies a super built up area of 2945 sq.Ft. That consists of 4 bedrooms, 4 bathrooms 2 balconies, 2 drawing and dinnings and one store room. The flat has a total of 13 floors and this property is situ...",R82128910,"Ambuja Udita, Survey Park, Santoshpur",Ambuja Udita,,[],"['Security / Fire Alarm', 'Intercom Facility', 'Lift(s)', 'Maintenance Staff', 'Visitor Parking', 'Swimming Pool', 'Park', 'Security Personnel', 'Natural Light', 'Airy Rooms', 'Low Density Society', 'Fitness Centre / GYM', 'Rain Water Harvesting', 'Club house / Community Center', 'Water softening plant']","['Kavi subhash metro station', 'Lake Pally Shiv Mandir', 'Hanuman Mandir', 'Kali Mandir', 'Shitala Mandir', 'Sada Kali Mandir']",['Others'],4 Bedrooms,4 Bathrooms,2 Balconies,Store Room,9th   of 13 Floors,10+ Year Old,South-West
Morya,https://www.99acres.com/4-bhk-bedroom-apartment-flat-for-sale-in-morya-tollygunge-kolkata-south-2800-sq-ft-spid-U82096852,4 BHK Flat,3.4 Cr,"2,800 sqft",Super Built-up Area,"12,142 /sqft","Tollygunge, Kolkata","Top Floor
Uttam Kumar Metro within 1.5km
+2","This lovely 4 bhk apartment/flat in tollygunge is available for sale in one of kolkata south's most popular projects, morya. This is a south-West-Facing property. Constructed on a super built up area of 2800 sq.Ft., the flat comprises 4 bedroom(s), 3 bathrooms and 1 balcony. This flat is situated on the top floor of this 17 floors tall residential building. This is a ready to move project and t...",U82096852,"Morya, Tollygunge, Kolkata",Morya,,[],"['Security / Fire Alarm', 'Power Back-up', 'Feng Shui / Vaastu Compliant', 'Intercom Facility', 'Lift(s)', 'Maintenance Staff', 'Water Storage', 'Bank Attached Property', 'Visitor Parking', 'Swimming Pool', 'Park', 'Security Personnel', 'Natural Light', 'Airy Rooms', 'Low Density Society', 'Fitness Centre / GYM', 'Waste Disposal', 'Rain Water Harvesting', 'Club house / Community Center']","['Rabindra Sarovar Metro Station', 'South city Mall', 'South City International School', 'Jadavpur University', 'RSV Hospital']","['Others,Main Road,Park/Garden,Pool']",4 Bedrooms,3 Bathrooms,1 Balcony,Servant Room,17th   of 17 Floors,1 to 5 Year Old,South
complex,https://www.99acres.com/1-bhk-bedroom-apartment-flat-for-sale-in-airport-2-no-gate-kolkata-north-480-sq-ft-spid-F82986080,1 BHK Flat,22.56 Lac,480 sqft,Super Built-up Area,"4,700 /sqft","Airport 2 No. Gate, North Dumdum","Private Garden
Airport english medium school Nearby
+2","This is a society flat, nearby airport,,,, Swimming pool, power backup,security, puja mandir,park,parking all the facilities are available Flat location nearby 2no airport.. .Walking distance from 2no airport jessore road 2 mins.... This 1 bhk apartment is available for sale in complex, one of the most prominent projects for flats in airport 2 no. Gate, kolkata north. The floor plan additionall...",F82986080,"complex , Airport 2 No. Gate, North Dumdum",,,[],"['Security / Fire Alarm', 'Private Garden / Terrace', 'Intercom Facility', 'Lift(s)', 'Water purifier', 'Maintenance Staff', 'Water Storage', 'Swimming Pool', 'Park', 'Security Personnel', 'Fitness Centre / GYM', 'Club house / Community Center', 'Water softening plant']","['Shitala Mandir', 'Mother Teresa Church', 'State bank of india ATM', 'Axis bank ATM', 'Phoenix Hospital And Diagnostic Centre Pvt Ltd']","['Pool,Park/Garden,Others']",1 Bedroom,1 Bathroom,1 Balcony,,4th   of 7 Floors,0 to 1 Year Old,South
Swana kuthi 2,https://www.99acres.com/2-bhk-bedroom-apartment-flat-for-sale-in-amarabati-kolkata-north-750-sq-ft-spid-Y83459314,2 BHK Flat,22.5 Lac,750 sqft,Super Built-up Area,"3,000 /sqft","Amarabati, Sodepur","Top Floor
St xaviers school within 2.5km
+2","This lovely 2 bhk apartment/flat in amarabati is available for sale in one of kolkata north's most popular projects, swana kuthi 2. This residential flat is south-West-Facing direction. The flat is over 750 sq.Ft. Super built up area and comes with 2 bedroom(s), 2 bathrooms and 1 balcony. This flat lies on the top level of a 4 storey building. As the project is already ready to move, so you can...",Y83459314,"Swana kuthi 2, Amarabati, Sodepur",,,[],"['Feng Shui / Vaastu Compliant', 'Lift(s)', 'Maintenance Staff', 'Water Storage', 'Visitor Parking']","['Jora Sib Mondir', 'Eye Care', 'Anupama Eye Care', 'Panihati State General Hospital', 'Restroative Clinic Pvt.Ltd.', 'Vasan Eye Care Hospital Sodepur']",['Others'],2 Bedrooms,2 Bathrooms,1 Balcony,Others,4th   of 4 Floors,1 to 5 Year Old,South-West
Armonia,https://www.99acres.com/4-bhk-bedroom-apartment-flat-for-sale-in-ballygunge-kolkata-south-3200-sq-ft-spid-C82385118,4 BHK Flat,5.5 Cr,"3,200 sqft",Built-up Area,"17,187 /sqft","Ballygunge, Kolkata","Modern High School within 250m
Bellevue Hospital within 1.5km
+2",The property is located opp punjab biradree and it is within a semi complex of buildings. It is a vaastu approved property. It is 3200 sq ft built up area which comes with three balconies. It is close to modern high school and cbd of kolkata. Additional details :,C82385118,"Armonia, Ballygunge, Kolkata",,,[],"['Security / Fire Alarm', 'Power Back-up', 'Feng Shui / Vaastu Compliant', 'Intercom Facility', 'Lift(s)', 'Maintenance Staff', 'Water Storage', 'Separate entry for servant room', 'Swimming Pool', 'Park', 'Security Personnel', 'Natural Light', 'Airy Rooms', 'Spacious Interiors', 'Fitness Centre / GYM', 'Waste Disposal', 'Club house / Community Center']","['Ice Skating Rink', 'Arathdar Masjid', 'Allahabad bank ATM', 'Sbi ATM', ""Implant's Better Sight Centre Pvt Ltd"", 'Good Samaritan Hospital Kolkata']",['Others'],4 Bedrooms,4 Bathrooms,3 Balconies,"Store Room,Servant Room",1st   of 4 Floors,10+ Year Old,East
Earth Mukul Shanti Garden,https://www.99acres.com/2-bhk-bedroom-apartment-flat-for-sale-in-earth-mukul-shanti-garden-rajarhat-kolkata-east-1158-sq-ft-spid-R83445064,2 BHK Flat,55 Lac,"1,158 sqft",Super Built-up Area,"4,749 /sqft","Rajarhat, Kolkata","East Facing
Gated Society
+2","Located in the popular residential address of rajarhat, kolkata east, earth mukul shanti garden is one of the most preferred destination for apartments in kolkata east. This 2 bhk flat is your ticket to be a part of this community. This property faces the east direction. The flat is over 1158 sq.Ft. Super built up area and comes with 2 bedroom(s), 2 bathrooms and 2 balconies. The residential bu...",R83445064,"Earth Mukul Shanti Garden, Rajarhat, Kolkata",Earth Mukul Shanti Garden,,[],"['Security / Fire Alarm', 'Power Back-up', 'Feng Shui / Vaastu Compliant', 'Intercom Facility', 'Lift(s)', 'Maintenance Staff', 'Water Storage', 'Visitor Parking', 'Swimming Pool', 'Park', 'Security Personnel', 'Natural Light', 'Internet/wi-fi connectivity', 'Airy Rooms', 'Low Density Society', 'Shopping Centre', 'Fitness Centre / GYM', 'Waste Disposal', 'Rain Water Harvesting', 'Club house / Community Center', 'Water softening plant']","[""Spencer's"", 'City Centre Mall Rajarhat', ""St. Stephen's School"", 'Salua FP School', 'Kidzee Bablatala', ""Mother Gain's""]",['Main Road'],2 Bedrooms,2 Bathrooms,2 Balconies,,6th   of 7 Floors,1 to 5 Year Old,East
Raj Rajeshwari Apartment,https://www.99acres.com/3-bhk-bedroom-apartment-flat-for-sale-in-kamalgazi-kolkata-south-1160-sq-ft-spid-F83456728,3 BHK Flat,57 Lac,"1,160 sqft",Super Built-up Area,"4,913 /sqft","Kamalgazi, Southern Bypass","Gated Society
Overlooking Main Road
+2","This beautiful 3 bhk flat in kamalgazi, kolkata south is situated in raj rajeshwari apartment, one of the popular residential society in kolkata south. The floor plan additionally contains 3 bedroom(s), 2 bathrooms and 1 balcony. All in all, the flat is spread over a super built up area of 1160 sq.Ft. The flat has a total of 4 floors and this property is situated on 3rd floor. This 1-5 years ol...",F83456728,"Raj Rajeshwari Apartment , Kamalgazi, Southern Bypass",,,[],"['Feng Shui / Vaastu Compliant', 'Security / Fire Alarm', 'Lift(s)', 'High Ceiling Height', 'Maintenance Staff', 'Water Storage', 'Visitor Parking', 'Natural Light', 'Airy Rooms', 'Club house / Community Center', 'Waste Disposal']","['Bikram mess kali mandir', 'Maa kali temple garia dhalua', 'Shani mandir garia dhalua', 'Sitala mandir', 'Kali temple']","['Main Road,Others']",3 Bedrooms,2 Bathrooms,1 Balcony,,3rd   of 4 Floors,1 to 5 Year Old,
On Request,https://www.99acres.com/2-bhk-bedroom-apartment-flat-for-sale-in-baishnabghata-bye-lane-kolkata-south-920-sq-ft-spid-L83452304,2 BHK Flat,62 Lac,920 sqft,Super Built-up Area,"6,739 /sqft","Baishnabghata Bye Lane, Garia","Fresh Construction
Gated Society
+2","This lovely 2 bhk apartment/flat in baishnabghata bye lane is available for sale in one of kolkata south's most popular projects, on request. The floor plan additionally contains 2 bedroom(s), 2 bathrooms and 1 balcony. All in all, the flat is spread over a super built up area of 920 sq.Ft. This flat lies on the 2nd level of a 4 storey building. As the project is already ready to move, so you c...",L83452304,"On Request , Baishnabghata Bye Lane, Garia",,,[],"['Feng Shui / Vaastu Compliant', 'Security / Fire Alarm', 'Lift(s)', 'High Ceiling Height', 'Maintenance Staff', 'Water Storage', 'Visitor Parking', 'Natural Light', 'Airy Rooms', 'Club house / Community Center', 'Waste Disposal']","['Kavi nazrul metro station', 'Shahid khudiram metro station', 'Sitala mandir', 'Sree Guru Sangha Main Gate', 'Gosto Mandir']","['Main Road,Others']",2 Bedrooms,2 Bathrooms,1 Balcony,,2nd   of 4 Floors,0 to 1 Year Old,
On Request,https://www.99acres.com/3-bhk-bedroom-apartment-flat-for-sale-in-garia-kolkata-south-1300-sq-ft-spid-U83450656,3 BHK Flat,86 Lac,"1,300 sqft",Super Built-up Area,"6,615 /sqft","Garia, Kolkata","North-East Facing
Gated Society
+2","This 3 bhk flat is located in on request, which houses some of the most spacious flats in garia, kolkata south. The flat is facing the north-East direction. The flat occupies a super built up area of 1300 sq.Ft. That consists of 3 bedrooms, 2 bathrooms and 2 balconies. This flat is situated on the 2nd floor of this 3 floors tall residential building. An added advantage of this 1-5 years old fla...",U83450656,"On Request , Garia, Kolkata",,,[],"['Security / Fire Alarm', 'Lift(s)', 'High Ceiling Height', 'Water Storage', 'Visitor Parking', 'Natural Light', 'Airy Rooms', 'Waste Disposal']","['Kavi nazrul metro station', 'Shahid khudiram metro station', 'Kavi subhash metro station', 'Sitala mandir', 'Gosto Mandir']","['Main Road,Others']",3 Bedrooms,2 Bathrooms,2 Balconies,,2nd   of 3 Floors,1 to 5 Year Old,North-East
Rajat Flora,https://www.99acres.com/2-bhk-bedroom-apartment-flat-for-sale-in-rajat-flora-narendrapur-kolkata-south-1060-sq-ft-spid-L82629272,2 BHK Flat,50 Lac,"1,060 sqft",Super Built-up Area,"4,716 /sqft","Narendrapur, Kolkata","Gated Society
Overlooking Park/Garden
+2","Check out this 2 bhk apartment for sale in rajat flora, a popular residential project that houses in-Demand flats in narendrapur, kolkata south. This property faces the south-East direction. The flat occupies a super built up area of 1060 sq.Ft. That consists of 2 bedrooms, 2 bathrooms and 1 balcony. The residential building has 7 floors in total and the flat for sale is located on the 4th floo...",L82629272,"Rajat Flora, Narendrapur, Kolkata",Rajat Flora,,[],"['Security / Fire Alarm', 'Power Back-up', 'Feng Shui / Vaastu Compliant', 'Intercom Facility', 'Lift(s)', 'High Ceiling Height', 'Maintenance Staff', 'Water Storage', 'Separate entry for servant room', 'Visitor Parking', 'Park', 'Security Personnel', 'Natural Light', 'Airy Rooms', 'Fitness Centre / GYM', 'Waste Disposal', 'Rain Water Harvesting', 'Club house / Community Center', 'Water softening plant']",[],"['Others,Club,Main Road,Park/Garden']",2 Bedrooms,2 Bathrooms,1 Balcony,,4th   of 7 Floors,5 to 10 Year Old,South-East
On Request,https://www.99acres.com/2-bhk-bedroom-apartment-flat-for-sale-in-garia-kolkata-south-917-sq-ft-spid-W82627328,2 BHK Flat,43.1 Lac,917 sqft,Super Built-up Area,"4,700 /sqft","Garia, Kolkata","Gated Society
Overlooking Main Road
+1","This lovely 2 bhk apartment/flat in garia is available for sale in one of kolkata south's most popular projects, on request. Constructed on a super built up area of 917 sq.Ft., the flat comprises 2 bedroom(s), 2 bathrooms and 1 balcony. The residential building has 4 floors in total and the flat for sale is located on the 1st floor. This is a ready to move project and the property is 1-5 years ...",W82627328,"On Request, Garia, Kolkata",,,[],"['Feng Shui / Vaastu Compliant', 'Security / Fire Alarm', 'Lift(s)', 'High Ceiling Height', 'Maintenance Staff', 'Water Storage', 'Visitor Parking', 'Natural Light', 'Airy Rooms', 'Waste Disposal']","['Shahid khudiram metro station', 'Kavi subhash metro station', 'Kavi nazrul metro station', 'Maa kali temple garia dhalua']","['Main Road,Others']",2 Bedrooms,2 Bathrooms,1 Balcony,,1st   of 4 Floors,1 to 5 Year Old,South
Neer,https://www.99acres.com/3-bhk-bedroom-apartment-flat-for-sale-in-briji-kolkata-south-1468-sq-ft-spid-E82625014,3 BHK Flat,1.25 Cr,"1,468 sqft",Super Built-up Area,"8,514 /sqft","Briji, Garia","Gated Society
Corner Property
+2","Check out this 3 bhk apartment for sale in neer, a popular residential project that houses in-Demand flats in briji, kolkata south. The flat is facing the south-East direction. Constructed on a super built up area of 1468 sq.Ft., the flat comprises 3 bedroom(s), 3 bathrooms and 1 balcony. The residential building has 7 floors in total and the flat for sale is located on the 4th floor. An added ...",E82625014,"Neer, Briji, Garia",,,[],"['Security / Fire Alarm', 'Feng Shui / Vaastu Compliant', 'Intercom Facility', 'Lift(s)', 'High Ceiling Height', 'Maintenance Staff', 'Water Storage', 'Separate entry for servant room', 'Visitor Parking', 'Swimming Pool', 'Natural Light', 'Airy Rooms', 'Fitness Centre / GYM', 'Waste Disposal', 'Club house / Community Center', 'Water softening plant']","['Shahid khudiram metro station', 'Kavi nazrul metro station', 'Kavi subhash metro station', 'Sitala mandir', 'Gosto Mandir']","['Club,Pool,Park/Garden,Main Road,Others']",3 Bedrooms,3 Bathrooms,1 Balcony,,4th   of 7 Floors,1 to 5 Year Old,South
Hindustan Apartment,https://www.99acres.com/2-bhk-bedroom-apartment-flat-for-sale-in-hindustan-more-kolkata-south-895-sq-ft-spid-E82624142,2 BHK Flat,55.5 Lac,895 sqft,Super Built-up Area,"6,201 /sqft","Hdustan More, Garia","Gated Society
Overlooking Main Road
+1","This beautiful 2 bhk flat in hindustan more, kolkata south is situated in hindustan apartment, one of the popular residential society in kolkata south. This residential flat is south-East-Facing direction. Constructed on a super built up area of 895 sq.Ft., the flat comprises 2 bedroom(s), 2 bathrooms and 1 balcony. The residential building has 4 floors in total and the flat for sale is located...",E82624142,"Hdustan Apartment, Hdustan More, Garia",,,[],"['Feng Shui / Vaastu Compliant', 'Security / Fire Alarm', 'Lift(s)', 'High Ceiling Height', 'Maintenance Staff', 'Water Storage', 'Visitor Parking', 'Natural Light', 'Airy Rooms', 'Waste Disposal']","['Kavi nazrul metro station', 'Shahid khudiram metro station', 'Kavi subhash metro station', 'Sitala mandir', 'Gosto Mandir']","['Main Road,Others']",2 Bedrooms,2 Bathrooms,1 Balcony,,1st   of 4 Floors,1 to 5 Year Old,West
On Request,https://www.99acres.com/3-bhk-bedroom-apartment-flat-for-sale-in-hindustan-more-kolkata-south-1100-sq-ft-spid-D82127926,3 BHK Flat,55 Lac,"1,100 sqft",Super Built-up Area,"5,000 /sqft","Hdustan More, Garia","North-East Facing
Gated Society
+2","On request is one of kolkata south's most sought after destination for apartments and this 3 bhk flat in hindustan more is your opportunity to be a part of this community. The flat is north-East-Facing. The floor plan additionally contains 3 bedroom(s), 2 bathrooms and 1 balcony. All in all, the flat is spread over a super built up area of 1100 sq.Ft. The property is located on the 1st floor of...",D82127926,"On Request , Hdustan More, Garia",,,[],"['Feng Shui / Vaastu Compliant', 'Security / Fire Alarm', 'High Ceiling Height', 'Water Storage', 'Visitor Parking', 'Natural Light', 'Airy Rooms', 'Waste Disposal']","['Kavi nazrul metro station', 'Shahid khudiram metro station', 'Sitala mandir', 'Gosto Mandir', 'Brahmapur Badamtala Jame Masjid']","['Main Road,Others']",3 Bedrooms,2 Bathrooms,1 Balcony,,1st   of 3 Floors,1 to 5 Year Old,North-East
On Request,https://www.99acres.com/3-bhk-bedroom-apartment-flat-for-sale-in-baishnabghata-kolkata-south-1200-sq-ft-spid-Q82122412,3 BHK Flat,81 Lac,"1,200 sqft",Super Built-up Area,"6,750 /sqft","Baishnabghata, Garia","Gated Society
Overlooking Main Road
+1","This beautiful 3 bhk flat in baishnabghata, kolkata south is situated in on request, one of the popular residential society in kolkata south. This is a south-East-Facing property. The flat is over 1200 sq.Ft. Super built up area and comes with 3 bedroom(s), 2 bathrooms and 1 balcony. This flat lies on the 1st level of a 3 storey building. This is a ready to move project and the property is 1-5 ...",Q82122412,"On Request, Baishnabghata, Garia",,,[],"['Feng Shui / Vaastu Compliant', 'Security / Fire Alarm', 'Lift(s)', 'High Ceiling Height', 'Water Storage', 'Visitor Parking', 'Natural Light', 'Airy Rooms', 'Waste Disposal']","['Kavi nazrul metro station', 'Shahid khudiram metro station', 'Sree Guru Sangha Main Gate', 'Sri Sri 108 Doyal Baba Asram']","['Main Road,Others']",3 Bedrooms,2 Bathrooms,1 Balcony,,1st   of 3 Floors,1 to 5 Year Old,South-East
On Request,https://www.99acres.com/2-bhk-bedroom-apartment-flat-for-sale-in-baishnabghata-kolkata-south-980-sq-ft-spid-I82122050,2 BHK Flat,67 Lac,980 sqft,Super Built-up Area,"6,836 /sqft","Baishnabghata, Garia","Top Floor
Gated Society
+2","This beautiful 2 bhk flat in baishnabghata, kolkata south is situated in on request, one of the popular residential society in kolkata south. This property faces the south-East direction. The floor plan additionally contains 2 bedroom(s), 2 bathrooms and 1 balcony. All in all, the flat is spread over a super built up area of 980 sq.Ft. The residential building has 3 floors in total and the flat...",I82122050,"On Request, Baishnabghata, Garia",,,[],"['Feng Shui / Vaastu Compliant', 'Security / Fire Alarm', 'Lift(s)', 'High Ceiling Height', 'Water Storage', 'Visitor Parking', 'Natural Light', 'Airy Rooms', 'Waste Disposal']","['Kavi nazrul metro station', 'Shahid khudiram metro station', 'Sree Guru Sangha Main Gate', 'Sri Sri 108 Doyal Baba Asram']","['Main Road,Others']",2 Bedrooms,2 Bathrooms,1 Balcony,,3rd   of 3 Floors,1 to 5 Year Old,East
Tripura Sundari Apartment,https://www.99acres.com/3-bhk-bedroom-apartment-flat-for-sale-in-tripura-sundari-apartment-garia-kolkata-south-1200-sq-ft-spid-W82119314,3 BHK Flat,52 Lac,"1,200 sqft",Super Built-up Area,"4,333 /sqft","Garia, Kolkata","Gated Society
Overlooking Park/Garden
+2","Check out this 3 bhk apartment for sale in tripura sundari apartment, a popular residential project that houses in-Demand flats in garia, kolkata south. The flat is facing the south-West direction. Containing 3 bedroom(s), 2 bathrooms and 1 balcony, this flat is spread over a super built up area of 1200 sq.Ft. This flat lies on the 1st level of a 4 storey building. This is a ready to move proje...",W82119314,"Tripura Sundari Apartment, Garia, Kolkata",,,[],"['Security / Fire Alarm', 'Feng Shui / Vaastu Compliant', 'Lift(s)', 'High Ceiling Height', 'Maintenance Staff', 'Water Storage', 'Visitor Parking', 'Natural Light', 'Airy Rooms', 'Fitness Centre / GYM', 'Waste Disposal', 'Club house / Community Center']","['Shahid khudiram metro station', 'Kavi subhash metro station', 'Kavi nazrul metro station', 'Maa kali temple garia dhalua']","['Main Road,Others,Club,Park/Garden']",3 Bedrooms,2 Bathrooms,1 Balcony,,1st   of 4 Floors,10+ Year Old,North-East
On Request,https://www.99acres.com/3-bhk-bedroom-apartment-flat-for-sale-in-mahamayatala-kolkata-south-1680-sq-ft-spid-E81838022,3 BHK Flat,76 Lac,"1,680 sqft",Super Built-up Area,"4,523 /sqft","Mahamayatala, Garia","Gated Society
Overlooking Main Road
+1","This 3 bhk apartment is available for sale in on request, one of the most prominent projects for flats in mahamayatala, kolkata south. The flat is facing the south-East direction. Constructed on a super built up area of 1680 sq.Ft., the flat comprises 3 bedroom(s), 2 bathrooms and 1 balcony. This flat lies on the 2nd level of a 4 storey building. This 1-5 years old property is available for imm...",E81838022,"On Request, Mahamayatala, Garia",,,[],"['Feng Shui / Vaastu Compliant', 'Security / Fire Alarm', 'Lift(s)', 'High Ceiling Height', 'Water Storage', 'Visitor Parking', 'Natural Light', 'Airy Rooms', 'Waste Disposal']","['Kavi nazrul metro station', 'Shahid khudiram metro station', 'Sitala mandir', 'Gosto Mandir', 'Brahmapur Badamtala Jame Masjid']","['Main Road,Others']",3 Bedrooms,2 Bathrooms,1 Balcony,,2nd   of 4 Floors,1 to 5 Year Old,North-East
Sugam Sabuj,https://www.99acres.com/3-bhk-bedroom-apartment-flat-for-sale-in-sugam-sabuj-narendrapur-kolkata-south-1338-sq-ft-spid-G81836746,3 BHK Flat,52 Lac,"1,338 sqft",Super Built-up Area,"3,886 /sqft","Narendrapur, Kolkata","Ramkrishna Mission Nearby
Gated Society
+2","Sugam sabuj is one of the most popular destination for buying apartments/ flats in narendrapur, kolkata south. You too can be a part of this society by purchasing this 3 bhk flat here. The flat is south-East-Facing. Constructed on a super built up area of 1338 sq.Ft., the flat comprises 3 bedroom(s), 2 bathrooms and 1 balcony. This flat is situated on the 1st floor of this 5 floors tall residen...",G81836746,"Sugam Sabuj, Narendrapur, Kolkata",Sugam Sabuj,,[],"['Security / Fire Alarm', 'Power Back-up', 'Feng Shui / Vaastu Compliant', 'Intercom Facility', 'Lift(s)', 'High Ceiling Height', 'Maintenance Staff', 'Water Storage', 'Separate entry for servant room', 'Visitor Parking', 'Swimming Pool', 'Park', 'Security Personnel', 'Natural Light', 'Airy Rooms', 'Fitness Centre / GYM', 'Waste Disposal', 'Rain Water Harvesting', 'Club house / Community Center']","['Yubatirtha club', 'Sarada Vidyapith', 'Narendrapur railway station']","['Main Road,Others,Club,Park/Garden,Pool']",3 Bedrooms,2 Bathrooms,1 Balcony,,1st   of 5 Floors,5 to 10 Year Old,South-East
Rajwada Blues,https://www.99acres.com/2-bhk-bedroom-apartment-flat-for-sale-in-rajwada-blues-narendrapur-kolkata-south-1060-sq-ft-spid-A81835298,2 BHK Flat,57 Lac,"1,060 sqft",Super Built-up Area,"5,377 /sqft","Narendrapur, Kolkata","Gated Society
Overlooking Main Road
+2","Looking for a 2 bhk property for sale in kolkata south? Buy this 2 bhk flat in rajwada blues that is situated in narendrapur, kolkata south. This is a south-East-Facing property. The flat occupies a super built up area of 1060 sq.Ft. That consists of 2 bedrooms, 2 bathrooms and 1 balcony. The property is located on the 3rd floor of a 5 floors tall building. This is a ready to move project and t...",A81835298,"Rajwada Blues, Narendrapur, Kolkata",Rajwada Blues,,"['1 Wardrobe', '1 Bed', '4 Fan', '15 Light', '1 Modular Kitchen', '1 Chimney', '1 AC']","['Security / Fire Alarm', 'Feng Shui / Vaastu Compliant', 'Intercom Facility', 'Lift(s)', 'High Ceiling Height', 'Maintenance Staff', 'Water Storage', 'Separate entry for servant room', 'Visitor Parking', 'Swimming Pool', 'Park', 'Natural Light', 'Airy Rooms', 'Fitness Centre / GYM', 'Club house / Community Center']","['Hindustan Health Point Pvt Ltd', 'Remedy Hospital Unit Of Remedy Medical Services Pvt Ltd', 'Yubatirtha club', 'Sarada Vidyapith']","['Main Road,Others,Pool,Club']",2 Bedrooms,2 Bathrooms,1 Balcony,,3rd   of 5 Floors,5 to 10 Year Old,South
Todi Sunny Skyline,https://www.99acres.com/3-bhk-bedroom-apartment-flat-for-sale-in-todi-sunny-skyline-saha-para-fartabad-kolkata-south-1280-sq-ft-spid-W82520468,3 BHK Flat,68 Lac,"1,280 sqft",Super Built-up Area,"5,312 /sqft","Saha Para, Fartabad, Garia",,"Situated in saha para, fartabad, kolkata south, todi sunny skyline is a well planned society that offers a pleasant living experience to its residents. This 3 bhk flat in kolkata south is your opportunity to be a part of this community. This property faces the north-East direction. Containing 3 bedroom(s), 2 bathrooms and 1 balcony, this flat is spread over a super built up area of 1280 sq.Ft. ...",W82520468,"Todi Sunny Skyle, Saha Para, Fartabad, Garia",Todi Sunny Skyline,,"['2 Bed', '2 Wardrobe', '3 Fan', '1 Exhaust Fan', '1 Modular Kitchen', '1 Curtains']","['Power Back-up', 'Intercom Facility', 'Lift(s)', 'Swimming Pool', 'Park', 'Security Personnel', 'Natural Light', 'Airy Rooms', 'Spacious Interiors', 'Low Density Society', 'Fitness Centre / GYM', 'Club house / Community Center', 'Water softening plant']","['Shahid khudiram metro station', 'Kavi subhash metro station', 'Maa kali temple garia dhalua', 'Shani mandir garia dhalua']",['Park/Garden'],3 Bedrooms,2 Bathrooms,1 Balcony,,4th   of 4 Floors,5 to 10 Year Old,North-East
No Name,https://www.99acres.com/4-bhk-bedroom-apartment-flat-for-sale-in-mahamayatala-kolkata-south-1400-sq-ft-spid-G82607796,4 BHK Flat,51.8 Lac,"1,400 sqft",Super Built-up Area,"5,029 /sqft","Mahamayatala, Garia","Kavi Nazrul Metro Station within 3km
BDMI School within 1km
+1","Its gplus3 building, total 9 flats locate in a prime position in mahamayatala, peyarabagan. Near bdmi school and nsc bose road. 4bhk flat available on 1st floor with lift, vitrified flooring, aluminum sliding windows, 24hrs water, ready to move. On auto road. 8 10 minutes auto distance from kavi najrul metro station and 10 mints walking distance from bdmi school, nsc bose road kamalgazi more. N...",G82607796,"No Name, Mahamayatala, Garia",,,[],"['Feng Shui / Vaastu Compliant', 'Security / Fire Alarm', 'Lift(s)', 'Water Storage', 'Security Personnel', 'Natural Light', 'Airy Rooms', 'Waste Disposal']","['Sitala mandir', 'Gosto Mandir', 'Brahmapur Badamtala Jame Masjid', 'Icici bank ATM', 'Sbi ATM', 'Hindustan Health Point Pvt Ltd']",['Others'],4 Bedrooms,4 Bathrooms,2 Balconies,Store Room,1st   of 3 Floors,1 to 5 Year Old,South-East
on request,https://www.99acres.com/3-bhk-bedroom-apartment-flat-for-sale-in-action-area-2-kolkata-east-1202-sq-ft-spid-P83665516,3 BHK Flat,67 Lac,"1,202 sqft",Super Built-up Area,"5,574 /sqft","Action Area 2, Kolkata","Top Floor
Gated Society
+2","This 3 bhk apartment is available for sale in on request, one of the most prominent projects for flats in action area 2, kolkata east. This residential flat is south-West-Facing direction. The flat is over 1202 sq.Ft. Super built up area and comes with 3 bedroom(s), 2 bathrooms and 1 balcony. This flat is situated on the top floor of this 4 floors tall residential building. This is a ready to m...",P83665516,"on request , Action Area 2, Kolkata",,,[],"['Feng Shui / Vaastu Compliant', 'Security / Fire Alarm', 'Intercom Facility', 'Lift(s)', 'Maintenance Staff', 'Water Storage', 'Park', 'Visitor Parking']","['Kali Temple', 'Rajarhat Shitala Kali Temple', 'Dakbunglow Shani Kali Mandir', 'Rekjoani Shitala Mandir', 'Kali Mandir']","['Park/Garden,Others']",3 Bedrooms,2 Bathrooms,1 Balcony,Others,4th   of 4 Floors,1 to 5 Year Old,South-West
"SB Enterprise, New Booking",https://www.99acres.com/3-bhk-bedroom-apartment-flat-for-sale-in-action-area-1-kolkata-east-1250-sq-ft-spid-A83485266,3 BHK Flat,86 Lac,"1,250 sqft",Super Built-up Area,"6,880 /sqft","Action Area 1, Kolkata","Top Floor
Overlooking Main Road
+1","This 3 bhk flat is located in sb enterprise, which houses some of the most spacious flats in action area 1, kolkata east. This property faces the south direction. Containing 3 bedroom(s), 2 bathrooms and 1 balcony, this flat is spread over a super built up area of 1250 sq.Ft. The property is located on the top floor of a 4 floors tall building. This 1-5 years old property is available for immed...",A83485266,"SB Enterprise, New Bookg, Action Area 1, Kolkata",,,[],"['Feng Shui / Vaastu Compliant', 'Security / Fire Alarm', 'Lift(s)', 'Maintenance Staff', 'Visitor Parking']","['Nazrul tirtha metro station', 'Rabindra Tirtha Metro Station', 'Terminus Mall', 'mandir', 'Hdfc bank ATM', 'Citibank ATM']",['Main Road'],3 Bedrooms,2 Bathrooms,1 Balcony,,4th   of 4 Floors,1 to 5 Year Old,South-West
"SB Enterprise, New Booking",https://www.99acres.com/3-bhk-bedroom-apartment-flat-for-sale-in-action-area-1-kolkata-east-1341-sq-ft-spid-T83484388,3 BHK Flat,1.03 Cr,"1,341 sqft",Super Built-up Area,"7,680 /sqft","Action Area 1, Kolkata","Overlooking Main Road
Vitrified Flooring","This 3 bhk flat is located in sb enterprise, which houses some of the most spacious flats in action area 1, kolkata east. This is a south-Facing property. The flat occupies a super built up area of 1341 sq.Ft. That consists of 3 bedrooms, 2 bathrooms and 1 balcony. The property is located on the 1st floor of a 4 floors tall building. As the project is already ready to move, so you can easily mo...",T83484388,"SB Enterprise, New Bookg, Action Area 1, Kolkata",,,[],"['Feng Shui / Vaastu Compliant', 'Security / Fire Alarm', 'Lift(s)', 'Maintenance Staff', 'Visitor Parking']","['Nazrul tirtha metro station', 'Rabindra Tirtha Metro Station', 'Terminus Mall', 'mandir', 'Hdfc bank ATM', 'Citibank ATM']",['Main Road'],3 Bedrooms,2 Bathrooms,1 Balcony,,1st   of 4 Floors,1 to 5 Year Old,South-East
"SB Enterprise, New Booking",https://www.99acres.com/3-bhk-bedroom-apartment-flat-for-sale-in-new-town-action-area-2d-kolkata-east-1451-sq-ft-spid-S83480976,3 BHK Flat,82 Lac,"1,451 sqft",Super Built-up Area,"5,651 /sqft","New Town Action Area 2D, Kolkata","North Facing
Overlooking Main Road
+1","Looking for a 3 bhk property for sale in kolkata east? Buy this 3 bhk flat in sb enterprise that is situated in new town action area 2d, kolkata east. The flat is north-Facing. Containing 3 bedroom(s), 3 bathrooms and 1 balcony, this flat is spread over a super built up area of 1451 sq.Ft. The property is located on the 1st floor of a 4 floors tall building. This is a ready to move project and ...",,,,,[],[],[],[],0,0,0,,0,,
"SB Enterprise, New Booking",https://www.99acres.com/3-bhk-bedroom-apartment-flat-for-sale-in-new-town-action-area-2d-kolkata-east-1451-sq-ft-spid-T83479518,3 BHK Flat,85 Lac,"1,451 sqft",Super Built-up Area,"5,858 /sqft","New Town Action Area 2D, Kolkata","Top Floor
Overlooking Main Road
+1","This lovely 3 bhk apartment/flat in new town action area 2d is available for sale in one of kolkata east's most popular projects, sb enterprise. This residential flat is south-East-Facing direction. The flat is over 1451 sq.Ft. Super built up area and comes with 3 bedroom(s), 3 bathrooms and 2 balconies. The flat has a total of 4 floors and this property is situated on top floor. Being a ready ...",,,,,[],[],[],[],0,0,0,,0,,
A & S GALAXY (New Booking),https://www.99acres.com/2-bhk-bedroom-apartment-flat-for-sale-in-madhyamgram-kolkata-north-875-sq-ft-spid-S82979166,2 BHK Flat,27.2 Lac,875 sqft,Super Built-up Area,"3,108 /sqft","Madhyamgram, Kolkata","Top Floor
Gated Society
+2","New booking... Situated in madhyamgram, kolkata north, a & s galaxy (New booking) is a well planned society that offers a pleasant living experience to its residents. This 2 bhk flat in kolkata north is your opportunity to be a part of this community. Containing 2 bedroom(s), 2 bathrooms and 1 balcony, this flat is spread over a super built up area of 875 sq.Ft. The property is located on the t...",,,,,[],[],[],[],0,0,0,,0,,
SB Enterprise,https://www.99acres.com/3-bhk-bedroom-apartment-flat-for-sale-in-action-area-2-kolkata-east-1451-sq-ft-spid-Y82894046,3 BHK Flat,85 Lac,"1,451 sqft",Super Built-up Area,"5,858 /sqft","Action Area 2, Kolkata","Overlooking Main Road
Vitrified Flooring","This 3 bhk flat is located in sb enterprise, which houses some of the most spacious flats in action area 2, kolkata east. This residential flat is south-West-Facing direction. The flat is over 1451 sq.Ft. Super built up area and comes with 3 bedroom(s), 2 bathrooms and 1 balcony. The flat has a total of 4 floors and this property is situated on 2nd floor. This is a ready to move project and the...",,,,,[],[],[],[],0,0,0,,0,,
Eden Oxford Park,https://www.99acres.com/2-bhk-bedroom-apartment-flat-for-sale-in-eden-oxford-park-nayabad-kolkata-south-925-sq-ft-spid-V81483121,2 BHK Flat,62 Lac,925 sqft,Carpet Area,"6,702 /sqft","Nayabad, Kolkata","new garia metro Nearby
Fresh Construction
+2","Eden oxford park is a new complex by eden group at nayabad mini bus stand, near new garia metro and em bypass. It is close to rn tagore hospital. This is 2 bhk which is on the top floor with a car park. It is an unused flat in a complex with amenities.",,,,,[],[],[],[],0,0,0,,0,,
SB Enterprises,https://www.99acres.com/3-bhk-bedroom-apartment-flat-for-sale-in-action-area-1-kolkata-east-1250-sq-ft-spid-H80989861,3 BHK Flat,88 Lac,"1,250 sqft",Built-up Area,"7,040 /sqft","Action Area 1, Kolkata","Top Floor
Gated Society
+2","This 3 bhk flat is located in sb enterprises, which houses some of the most spacious flats in action area 1, kolkata east. The flat is facing the south-West direction. The flat occupies a built up area of 1250 sq.Ft. That consists of 3 bedrooms, 2 bathrooms and 1 balcony. The flat has a total of 4 floors and this property is situated on top floor. Being a ready to move project, you can expect i...",,,,,[],[],[],[],0,0,0,,0,,
individual,https://www.99acres.com/2-bhk-bedroom-apartment-flat-for-sale-in-airport-kolkata-north-720-sq-ft-spid-G82914184,2 BHK Flat,25.5 Lac,720 sqft,Super Built-up Area,"3,541 /sqft","Airport, Dum Dum","Indira gandhi school Nearby
Phonix hospital Nearby
+2","Flat location:Nabin sangha club ,airport 1no... Walking distance from flat to airport 5 min.. Hospital walking distance max 5 min Market walking distance 5 min.. Nearby school walking distance 6 mins.. Individual is one of the most popular destination for buying apartments/ flats in airport, kolkata north. You too can be a part of this society by purchasing this 2 bhk flat here. The flat occupi...",,,,,[],[],[],[],0,0,0,,0,,
society,https://www.99acres.com/3-bhk-bedroom-apartment-flat-for-sale-in-cantonment-kolkata-north-1190-sq-ft-spid-Y82498112,3 BHK Flat,45.81 Lac,"1,190 sqft",Super Built-up Area,"3,850 /sqft","Cantonment, North Dumdum","Dumdum cantonment Nearby
Auxilium school Nearby
+2","Check out this 3 bhk apartment for sale in society, a popular residential project that houses in-Demand flats in cantonment, kolkata north. The flat is north-West-Facing. Constructed on a super built up area of 1190 sq.Ft., the flat comprises 3 bedroom(s), 2 bathrooms and 1 balcony. The property is located on the 3rd floor of a 7 floors tall building. An added advantage of this 0-1 year old fla...",,,,,[],[],[],[],0,0,0,,0,,
Ambey Gateway,https://www.99acres.com/3-bhk-bedroom-apartment-flat-for-sale-in-ambey-gateway-chinar-park-kolkata-east-1809-sq-ft-spid-O82392336,3 BHK Flat,1.78 Cr,"1,809 sqft",Super Built-up Area,"9,839 /sqft","Char Park, Kolkata","East Facing
Chinar Park Nearby
+2","This 3 bhk apartment is available for sale in ambey gateway, one of the most prominent projects for flats in chinar park, kolkata east. The flat is facing the east direction. The flat occupies a super built up area of 1809 sq.Ft. That consists of 3 bedrooms, 3 bathrooms and 2 balconies. This flat lies on the 1st level of a 9 storey building. An added advantage of this 1-5 years old flat is that...",,,,,[],[],[],[],0,0,0,,0,,
Mini Complex,https://www.99acres.com/3-bhk-bedroom-apartment-flat-for-sale-in-kalikapur-kolkata-south-1193-sq-ft-spid-Z83552404,3 BHK Flat,69.19 Lac,"1,193 sqft",Super Built-up Area,"5,800 /sqft","Kalikapur, Kolkata","Kavi Sukanto within 1km
Calcutta Public school within 500m
+2","G+3, residential 3 block mini complex, total 18 flat in this complex. Car parking charges for extra rs 6 lakhs.. This 3 bhk apartment is available for sale in mini complex, one of the most prominent projects for flats in kalikapur, kolkata south. The floor plan additionally contains 3 bedroom(s), 2 bathrooms and 1 balcony. All in all, the flat is spread over a super built up area of 1193 sq.Ft....",,,,,[],[],[],[],0,0,0,,0,,
