Project Name,Link,Flat Type,Price,Area,Area Type,Price per Sqft,Location,Highlights,Description,Property ID,Address,Society,Rating,Furnishing,Facilities,Nearby,Overlooking,Bedrooms,Bathrooms,Balcony,Additional Rooms,Floor Number,Property Age/Possession,Facing
Mini Complex,https://www.99acres.com/3-bhk-bedroom-apartment-flat-for-sale-in-kalikapur-kolkata-south-1193-sq-ft-spid-Z83552404,3 BHK Flat,69.19 Lac,"1,193 sqft",Super Built-up Area,"5,800 /sqft","Kalikapur, Kolkata","Kavi Sukanto within 1km
Calcutta Public school within 500m
+2","G+3, residential 3 block mini complex, total 18 flat in this complex. Car parking charges for extra rs 6 lakhs.. This 3 bhk apartment is available for sale in mini complex, one of the most prominent projects for flats in kalikapur, kolkata south. The floor plan additionally contains 3 bedroom(s), 2 bathrooms and 1 balcony. All in all, the flat is spread over a super built up area of 1193 sq.Ft....",Z83552404,"Mi Complex , Kalikapur, Kolkata",,,[],"['Feng Shui / Vaastu Compliant', 'Intercom Facility', 'Lift(s)', 'Maintenance Staff', 'Water Storage', 'Security Personnel', 'Natural Light', 'Airy Rooms', 'Low Density Society', 'Waste Disposal']","['Maa kali temple', 'Shoni thakur mandir', 'Maa Kali mandir', 'Hindu Temple', 'Old Radha Krishna Temple', 'Lord Shiva Temple']","['Main Road,Others']",3 Bedrooms,2 Bathrooms,1 Balcony,Others,2nd   of 3 Floors,0 to 1 Year Old,South-West
On Request,https://www.99acres.com/3-bhk-bedroom-apartment-flat-for-sale-in-nayabad-kolkata-south-1111-sq-ft-spid-Z83556612,3 BHK Flat,52 Lac,"1,111 sqft",Super Built-up Area,"4,680 /sqft","Nayabad, Kolkata","North-East Facing
Kavi Subhash within 2.5km
+2","This 3 bhk apartment is available for sale in on request, one of the most prominent projects for flats in nayabad, kolkata south. Containing 3 bedroom(s), 2 bathrooms and 1 balcony, this flat is spread over a super built up area of 1111 sq.Ft. The residential building has 3 floors in total and the flat for sale is located on the 1st floor. An added advantage of this 1 years old flat is that it ...",Z83556612,"On Request, Nayabad, Kolkata",,,[],"['Feng Shui / Vaastu Compliant', 'Lift(s)', 'Maintenance Staff', 'Water Storage', 'Security Personnel', 'Natural Light', 'Airy Rooms', 'Low Density Society', 'Waste Disposal']","['Netaji Eye Hospital', 'Sakuntala Nursing Home', 'Parnasree Bus Stand', 'Sanjay Tea Stall', 'Upen Tea Shop', 'Swapan Tea Stall']","['Others,Main Road']",3 Bedrooms,2 Bathrooms,1 Balcony,Others,3rd   of 3 Floors,1 to 5 Year Old,North-East
On Request New,https://www.99acres.com/3-bhk-bedroom-apartment-flat-for-sale-in-santoshpur-kolkata-south-1400-sq-ft-spid-Z83555424,3 BHK Flat,75.6 Lac,"1,400 sqft",Super Built-up Area,"5,321 /sqft","Santoshpur, Kolkata","Jatinder nandi metro within 1.5km
Indus valley school within 2km
+2","This beautiful 3 bhk flat in santoshpur, kolkata south is situated in on request, one of the popular residential society in kolkata south. Containing 3 bedroom(s), 2 bathrooms and 1 balcony, this flat is spread over a super built up area of 1400 sq.Ft. This flat lies on the 2nd level of a 3 storey building. This is a ready to move project and the property is 1 years old. Car parking charges for...",Z83555424,"On Request New, Santoshpur, Kolkata",,,[],"['Lift(s)', 'Maintenance Staff', 'Water Storage', 'Security Personnel', 'Natural Light', 'Airy Rooms', 'Low Density Society', 'Waste Disposal']","['Netaji Eye Hospital', 'Sakuntala Nursing Home', 'Parnasree Bus Stand', 'Sanjay Tea Stall', 'Upen Tea Shop', 'Swapan Tea Stall']","['Others,Main Road']",3 Bedrooms,2 Bathrooms,2 Balconies,Others,2nd   of 3 Floors,1 to 5 Year Old,South-West
Mini Complex,https://www.99acres.com/3-bhk-bedroom-apartment-flat-for-sale-in-kalikapur-kolkata-south-1300-sq-ft-spid-Q83554006,3 BHK Flat,78 Lac,"1,300 sqft",Super Built-up Area,"6,000 /sqft","Kalikapur, Kolkata","Kavi Sukanto within 1km
DPS School within 1.5km
+2","Mini complex is one of kolkata south's most sought after destination for apartments and this 3 bhk flat in kalikapur is your opportunity to be a part of this community. The flat occupies a super built up area of 1300 sq.Ft. That consists of 3 bedrooms, 2 bathrooms and 1 balcony. The residential building has 3 floors in total and the flat for sale is located on the 2nd floor. This 1-5 years old ...",Q83554006,"Mi Complex, Kalikapur, Kolkata",,,[],"['Feng Shui / Vaastu Compliant', 'Intercom Facility', 'Lift(s)', 'Maintenance Staff', 'Water Storage', 'Security Personnel', 'Natural Light', 'Airy Rooms', 'Low Density Society', 'Waste Disposal']","['Netaji Eye Hospital', 'Sakuntala Nursing Home', 'Parnasree Bus Stand', 'Sanjay Tea Stall', 'Upen Tea Shop', 'Swapan Tea Stall']","['Others,Main Road']",3 Bedrooms,2 Bathrooms,1 Balcony,Others,2nd   of 3 Floors,1 to 5 Year Old,South-East
On Request New,https://www.99acres.com/2-bhk-bedroom-apartment-flat-for-sale-in-kalikapur-kolkata-south-900-sq-ft-spid-E83554392,2 BHK Flat,54 Lac,900 sqft,Super Built-up Area,"6,000 /sqft","Kalikapur, Kolkata","Kavi Sukanto within 1km
DPS School within 2km
+2","This lovely 2 bhk apartment/flat in kalikapur is available for sale in one of kolkata south's most popular projects, on request. Containing 2 bedroom(s), 2 bathrooms and 1 balcony, this flat is spread over a super built up area of 900 sq.Ft. This flat lies on the 2nd level of a 3 storey building. This is a ready to move project and the property is 1 years old. Car parking charges for extra rs 6...",E83554392,"On Request New, Kalikapur, Kolkata",,,[],"['Feng Shui / Vaastu Compliant', 'Lift(s)', 'Maintenance Staff', 'Water Storage', 'Bank Attached Property', 'Security Personnel', 'Natural Light', 'Airy Rooms', 'Waste Disposal']","['Netaji Eye Hospital', 'Sakuntala Nursing Home', 'Parnasree Bus Stand', 'Sanjay Tea Stall', 'Upen Tea Shop', 'Swapan Tea Stall']","['Others,Main Road']",2 Bedrooms,2 Bathrooms,1 Balcony,Others,2nd   of 3 Floors,1 to 5 Year Old,South-East
Mini Complex,https://www.99acres.com/3-bhk-bedroom-apartment-flat-for-sale-in-madurdaha-kolkata-south-1214-sq-ft-spid-X83551502,3 BHK Flat,70.41 Lac,"1,214 sqft",Super Built-up Area,"5,800 /sqft","Madurdaha, EM Bypass, Kolkata South","Kavi Sukanto within 1km
Calcutta Public school within 1km
+2","G+3, 3 block new booking complex. Total 18 flat in this complex.. Check out this 3 bhk apartment for sale in mini complex, a popular residential project that houses in-Demand flats in madurdaha, kolkata south. Constructed on a super built up area of 1214 sq.Ft., the flat comprises 3 bedroom(s), 2 bathrooms and 1 balcony. The flat has a total of 3 floors and this property is situated on 1st floo...",X83551502,"Mi Complex , Madurdaha, EM Bypass, Kolkata South",,,[],"['Feng Shui / Vaastu Compliant', 'Lift(s)', 'Maintenance Staff', 'Water Storage', 'Security Personnel', 'Natural Light', 'Airy Rooms', 'Low Density Society', 'Waste Disposal']","['Maa kali temple', 'Shoni thakur mandir', 'Maa Kali mandir', 'Hindu Temple', 'Lord Shiva Temple', 'Old Radha Krishna Temple']","['Others,Main Road']",3 Bedrooms,2 Bathrooms,1 Balcony,Others,1st   of 3 Floors,1 to 5 Year Old,South-East
Mayfair Ganguly,https://www.99acres.com/2-bhk-bedroom-apartment-flat-for-sale-in-chaitalpara-howrah-600-sq-ft-spid-V82560884,2 BHK Flat,24 Lac,600 sqft,Carpet Area,"4,000 /sqft","Chaitalpara, Bally, Howrah",Recently Renovated,"The location is primeit connects mainline bally, chord line bally, and bally ghat station, all within walking distance. Dakhineswar is just a stop away from bally ghat, ensuring easy access to the metro railway as well.",V82560884,"Mayfair Ganguly, Chaitalpara, Bally, Howrah",,,[],"['Water Storage', 'Recently Renovated', 'Natural Light']","['Dakshineshwar metro station', 'Nilima Matri Sadan', 'Sunayan Eye Clinic', 'Uttarpara State General Hospital', 'Netra Jyoti Eye Care Centre']",[],2 Bedrooms,2 Bathrooms,1 Balcony,,3rd   of 4 Floors,10+ Year Old,South
Siddha Eden LakeVille,https://www.99acres.com/2-bhk-bedroom-apartment-flat-for-sale-in-siddha-eden-lakeville-bt-road-kolkata-north-842-sq-ft-spid-W82735024,2 BHK Flat,70 Lac,842 sqft,Super Built-up Area,"8,313 /sqft","BT Road, Kolkata","Noapara within 1.5km
Fresh Construction
+2",This brand new two bhk flat is available for sale in siddha eden lakeville.,W82735024,"Siddha Eden LakeVille, BT Road, Kolkata",Siddha Eden LakeVille,,[],"['Security / Fire Alarm', 'Power Back-up', 'Feng Shui / Vaastu Compliant', 'Intercom Facility', 'Lift(s)', 'Maintenance Staff', 'Water Storage', 'Recently Renovated', 'Visitor Parking', 'Swimming Pool', 'Park', 'Security Personnel', 'Natural Light', 'Airy Rooms', 'Shopping Centre', 'Fitness Centre / GYM', 'Waste Disposal', 'Rain Water Harvesting', 'Club house / Community Center']","['Noapara Metro Station', 'City Centre Salt Lake', 'Rai Mohon Banerjee Rd', 'Belghoria Expy', 'Central Modern School']",['Others'],2 Bedrooms,2 Bathrooms,1 Balcony,,4th   of 24 Floors,0 to 1 Year Old,South
Siddha Eden LakeVille,https://www.99acres.com/2-bhk-bedroom-apartment-flat-for-sale-in-siddha-eden-lakeville-bt-road-kolkata-north-896-sq-ft-spid-A82709592,2 BHK Flat,74 Lac,896 sqft,Super Built-up Area,"8,258 /sqft","BT Road, Kolkata","North Facing
Noapara within 1km
+2","This beautiful two bhk flat is available for sale in siddha eden lakeville, bonhooghly.",A82709592,"Siddha Eden LakeVille, BT Road, Kolkata",Siddha Eden LakeVille,,[],"['Security / Fire Alarm', 'Power Back-up', 'Feng Shui / Vaastu Compliant', 'Intercom Facility', 'Lift(s)', 'Maintenance Staff', 'Water Storage', 'Visitor Parking', 'Swimming Pool', 'Park', 'Security Personnel', 'Natural Light', 'Airy Rooms', 'Spacious Interiors', 'Shopping Centre', 'Fitness Centre / GYM', 'Waste Disposal', 'Rain Water Harvesting', 'Club house / Community Center']","['Noapara Metro Station', 'City Centre Salt Lake', 'Rai Mohon Banerjee Rd', 'Belghoria Expy', 'Central Modern School']","['Pool,Others,Park/Garden,Club,Main Road']",2 Bedrooms,2 Bathrooms,1 Balcony,,14th   of 24 Floors,1 to 5 Year Old,North
Tata Avenida,https://www.99acres.com/3-bhk-bedroom-apartment-flat-for-sale-in-tata-avenida-new-town-kolkata-east-1770-sq-ft-spid-M82416270,3 BHK Flat,2.3 Cr,"1,770 sqft",Super Built-up Area,"12,994 /sqft","New Town, Kolkata","North-East Facing
New town Nearby
+2","Located in the popular residential address of new town, kolkata east, tata avenida is one of the most preferred destination for apartments in kolkata east. This 3 bhk flat is your ticket to be a part of this community. This is a north-East-Facing property. The floor plan additionally contains 3 bedroom(s), 3 bathrooms and 2 balconies. All in all, the flat is spread over a super built up area of...",M82416270,"Tata Avenida, New Town, Kolkata",Tata Avenida,,[],"['Power Back-up', 'Feng Shui / Vaastu Compliant', 'Security / Fire Alarm', 'Intercom Facility', 'Lift(s)', 'Swimming Pool', 'Maintenance Staff', 'Water Storage', 'Park', 'Visitor Parking', 'Fitness Centre / GYM', 'Club house / Community Center']","['City Centre 2 - Metro Station', 'Axis Mall', 'Biswa Bangla Sarani', 'Delhi Public School Megacity', 'Amity University Kolkata']","['Pool,Park/Garden,Main Road,Sea facing,Others,Club']",3 Bedrooms,3 Bathrooms,2 Balconies,Others,15th   of 29 Floors,0 to 1 Year Old,North-East
Unitech Gardens,https://www.99acres.com/3-bhk-bedroom-apartment-flat-for-sale-in-unitech-gardens-new-town-kolkata-east-2185-sq-ft-spid-O82570756,3 BHK Flat,1.67 Cr,"2,185 sqft",Super Built-up Area,"7,643 /sqft","New Town, Kolkata","East Facing
New town Nearby
+2","Unitech gardens is one of kolkata east's most sought after destination for apartments and this 3 bhk flat in new town is your opportunity to be a part of this community. This property faces the east direction. The flat is over 2185 sq.Ft. Super built up area and comes with 3 bedroom(s), 4 bathrooms and 3 balconies. The property is located on the 3rd floor of a 21 floors tall building. This 1-5 ...",O82570756,"Unitech Gardens, New Town, Kolkata",Unitech Gardens,,[],"['Security / Fire Alarm', 'Power Back-up', 'Feng Shui / Vaastu Compliant', 'Intercom Facility', 'Lift(s)', 'Maintenance Staff', 'Water Storage', 'Piped-gas', 'Visitor Parking', 'Swimming Pool', 'Park', 'Security Personnel', 'Fitness Centre / GYM', 'Rain Water Harvesting', 'Club house / Community Center']","['Downtown Mall', 'Orchids School', ""St. Xavier's University"", 'Manipal Hospitals', 'Netaji Subhash Airport', 'Sir Gurudas Banerjee Halt']","['Park/Garden,Pool,Main Road,Club,Sea facing,Others']",3 Bedrooms,4 Bathrooms,3 Balconies,Servant Room,3rd   of 21 Floors,1 to 5 Year Old,East
Ganguly 4 Sight Model Town,https://www.99acres.com/2-bhk-bedroom-apartment-flat-for-sale-in-ganguly-4-sight-model-town-garia-kolkata-south-972-sq-ft-spid-O81061891,2 BHK Flat,66 Lac,972 sqft,Super Built-up Area,"7,304 /sqft","Garia, Kolkata","Furnished
Swimming Pool Available
+1","Spacious layouts and high-Quality finishes Discover the perfect blend of modern design and functionality in this 4-Year-Old, architect-Designed flat! Fully furnished just 3 years ago, this home boasts high-Quality, trendy interiors that elevate your living experience. Here's what you can expect: Elegant rooftop wardrobes with dressing tables Sleek modular kitchen with top-Tier amenities Functio...",O81061891,"Ganguly 4 Sight Model Town, Garia, Kolkata",Ganguly 4 Sight Model Town,,"['5 Fan', '1 Exhaust Fan', '1 Dining Table', '1 Geyser', '12 Light', '1 TV', '1 Modular Kitchen', '1 Chimney', '1 Curtains', '3 Wardrobe', '1 Sofa', '1 Microwave']","['Security / Fire Alarm', 'Feng Shui / Vaastu Compliant', 'Intercom Facility', 'Lift(s)', 'Water purifier', 'High Ceiling Height', 'Maintenance Staff', 'Water Storage', 'Visitor Parking', 'Swimming Pool', 'Park', 'Security Personnel', 'Internet/wi-fi connectivity', 'Airy Rooms', 'Spacious Interiors', 'Fitness Centre / GYM', 'Rain Water Harvesting', 'Club house / Community Center']","['Gitanjali Metro Station', 'Metropolis Mall', 'State Highway 1', 'B.D.M. International School', 'Jadavpur University', 'Peerless Hospital']","['Pool,Park/Garden,Club,Main Road,Others']",2 Bedrooms,2 Bathrooms,1 Balcony,,4th   of 4 Floors,5 to 10 Year Old,North-West
Unitech Gardens,https://www.99acres.com/2-bhk-bedroom-apartment-flat-for-sale-in-unitech-gardens-new-town-kolkata-east-1464-sq-ft-spid-E81310825,2 BHK Flat,1 Cr,"1,464 sqft",Super Built-up Area,"6,830 /sqft","New Town, Kolkata","North-East Facing
New town Nearby
+2","Unitech gardens is one of the most popular destination for buying apartments/ flats in new town, kolkata east. You too can be a part of this society by purchasing this 2 bhk flat here. The flat is facing the north-East direction. The flat is over 1464 sq.Ft. Super built up area and comes with 2 bedroom(s), 2 bathrooms and 2 balconies. This flat is situated on the 6th floor of this 21 floors tal...",E81310825,"Unitech Gardens, New Town, Kolkata",Unitech Gardens,,[],"['Security / Fire Alarm', 'Power Back-up', 'Feng Shui / Vaastu Compliant', 'Intercom Facility', 'Lift(s)', 'Maintenance Staff', 'Water Storage', 'Piped-gas', 'Visitor Parking', 'Swimming Pool', 'Park', 'Security Personnel', 'Fitness Centre / GYM', 'Rain Water Harvesting', 'Club house / Community Center']","['Downtown Mall', 'Orchids School', ""St. Xavier's University"", 'Manipal Hospitals', 'Netaji Subhash Airport', 'Sir Gurudas Banerjee Halt']","['Pool,Park/Garden,Club,Main Road,Others,Sea facing']",2 Bedrooms,2 Bathrooms,2 Balconies,Others,6th   of 21 Floors,1 to 5 Year Old,North-East
On Request New,https://www.99acres.com/3-bhk-bedroom-apartment-flat-for-sale-in-madurdaha-kolkata-south-1320-sq-ft-spid-C82551148,3 BHK Flat,70 Lac,"1,320 sqft",Super Built-up Area,"5,303 /sqft","Madurdaha, EM Bypass, Kolkata South","Kavi Sukanto within 500m
Birla High school within 1km
+1","Car parking extra 5lacs. This 3 bhk apartment is available for sale in on request, one of the most prominent projects for flats in madurdaha, kolkata south. The floor plan additionally contains 3 bedroom(s), 2 bathrooms and 2 balconies. All in all, the flat is spread over a super built up area of 1320 sq.Ft. The residential building has 3 floors in total and the flat for sale is located on the ...",C82551148,"On Request New, Madurdaha, EM Bypass, Kolkata South",,,"['3 Fan', '1 Exhaust Fan', '11 Light', '1 AC', '1 Modular Kitchen', '1 Curtains']","['Lift(s)', 'Maintenance Staff', 'Water Storage', 'Visitor Parking', 'Natural Light', 'Airy Rooms', 'Waste Disposal']","['Maa kali temple', 'Shoni thakur mandir', 'Maa Kali mandir', 'Hindu Temple', 'Old Radha Krishna Temple', 'Lord Shiva Temple']",['Main Road'],3 Bedrooms,2 Bathrooms,2 Balconies,Others,1st   of 3 Floors,1 to 5 Year Old,South-East
Alcove New Kolkata Prayag,https://www.99acres.com/3-bhk-bedroom-apartment-flat-for-sale-in-alcove-new-kolkata-prayag-serampore-hooghly-1040-sq-ft-spid-T83534334,3 BHK Flat,52 Lac,"1,040 sqft",Super Built-up Area,"5,000 /sqft","Serampore, Hooghly","Dakhineswar within 3km
Chatanya public school within 1.5km
+2",Premium ganga view flat with south east open view including a car parking with all newly constructed furniture and paint in an affordable price for limited time.,T83534334,"Alcove New Kolkata Prayag, Serampore, Hooghly",Alcove New Kolkata Prayag,,"['3 Wardrobe', '3 Bed', '6 Light']","['Security / Fire Alarm', 'Power Back-up', 'Feng Shui / Vaastu Compliant', 'Intercom Facility', 'Lift(s)', 'High Ceiling Height', 'Maintenance Staff', 'False Ceiling Lighting', 'Water Storage', 'Bank Attached Property', 'Piped-gas', 'Recently Renovated', 'Visitor Parking', 'Swimming Pool', 'Park', 'Natural Light', 'Airy Rooms', 'Spacious Interiors', 'Waste Disposal', 'Rain Water Harvesting', 'Water softening plant', 'Shopping Centre', 'Fitness Centre / GYM', 'Club house / Community Center']",[],['Sea facing'],3 Bedrooms,2 Bathrooms,1 Balcony,Others,23rd   of 26 Floors,0 to 1 Year Old,South-East
Bhawani Courtyard,https://www.99acres.com/2-bhk-bedroom-apartment-flat-for-sale-in-bhawani-courtyard-madhyamgram-kolkata-north-1054-sq-ft-spid-P82577102,2 BHK Flat,58 Lac,"1,054 sqft",Super Built-up Area,"5,502 /sqft","Madhyamgram, Kolkata","Top Floor
Fresh Construction
+2",2bhk south facing premium flat available for sale,P82577102,"Bhawani Courtyard, Madhyamgram, Kolkata",Bhawani Courtyard,,[],"['Security / Fire Alarm', 'Power Back-up', 'Feng Shui / Vaastu Compliant', 'Intercom Facility', 'Lift(s)', 'Maintenance Staff', 'Water Storage', 'Visitor Parking', 'Swimming Pool', 'Park', 'Shopping Centre', 'Fitness Centre / GYM', 'Club house / Community Center']","['Noapara metro station', 'Star Mall', 'Asian Highway (NH 12)', 'Delhi Public International School', 'Rabindra Bharti University W.B']","['Main Road,Park/Garden,Pool']",2 Bedrooms,2 Bathrooms,1 Balcony,,6th   of 6 Floors,0 to 1 Year Old,South
Bhawani Courtyard,https://www.99acres.com/2-bhk-bedroom-apartment-flat-for-sale-in-bhawani-courtyard-madhyamgram-kolkata-north-1056-sq-ft-spid-I82831786,2 BHK Flat,53 Lac,"1,056 sqft",Super Built-up Area,"5,018 /sqft","Madhyamgram, Kolkata","East Facing
Top Floor
+2",2 bhk east facing premium flat available for sale in bhawani courtyard near airport,I82831786,"Bhawani Courtyard, Madhyamgram, Kolkata",Bhawani Courtyard,,[],"['Security / Fire Alarm', 'Power Back-up', 'Feng Shui / Vaastu Compliant', 'Intercom Facility', 'Lift(s)', 'Maintenance Staff', 'Water Storage', 'Visitor Parking', 'Swimming Pool', 'Park', 'Shopping Centre', 'Fitness Centre / GYM', 'Club house / Community Center']","['Noapara metro station', 'Star Mall', 'Asian Highway (NH 12)', 'Delhi Public International School', 'Rabindra Bharti University W.B']","['Pool,Main Road,Club']",2 Bedrooms,2 Bathrooms,1 Balcony,,6th   of 6 Floors,0 to 1 Year Old,East
Bhawani Courtyard,https://www.99acres.com/2-bhk-bedroom-apartment-flat-for-sale-in-bhawani-courtyard-madhyamgram-kolkata-north-1023-sq-ft-spid-F82577044,2 BHK Flat,53 Lac,"1,023 sqft",Super Built-up Area,"5,180 /sqft","Madhyamgram, Kolkata","North Facing
Fresh Construction
+2",2bhk temple facing flat available for sale in bhawani courtyard,F82577044,"Bhawani Courtyard, Madhyamgram, Kolkata",Bhawani Courtyard,,[],"['Security / Fire Alarm', 'Power Back-up', 'Feng Shui / Vaastu Compliant', 'Intercom Facility', 'Lift(s)', 'Maintenance Staff', 'Water Storage', 'Visitor Parking', 'Swimming Pool', 'Park', 'Shopping Centre', 'Fitness Centre / GYM', 'Club house / Community Center']","['Noapara metro station', 'Star Mall', 'Asian Highway (NH 12)', 'Delhi Public International School', 'Rabindra Bharti University W.B']","['Main Road,Park/Garden']",2 Bedrooms,2 Bathrooms,1 Balcony,,5th   of 6 Floors,0 to 1 Year Old,North
Merlin Oikyo,https://www.99acres.com/3-bhk-bedroom-apartment-flat-for-sale-in-merlin-oikyo-baruipur-kolkata-south-1108-sq-ft-spid-S82368858,3 BHK Flat,43 Lac,"1,108 sqft",Super Built-up Area,"3,880 /sqft","Baruipur, Kolkata South","East Facing
Private Garden
+2","Check out this 3 bhk apartment for sale in merlin oikyo, a popular residential project that houses in-Demand flats in baruipur, kolkata south. The flat is facing the east direction. The flat occupies a super built up area of 1108 sq.Ft. That consists of 3 bedrooms, 2 bathrooms and 1 balcony. The property is located on the 2nd floor of a 4 floors tall building. This is a ready to move project an...",S82368858,"Merl Oikyo, Baruipur, Kolkata South",Merlin Oikyo,,[],"['Security / Fire Alarm', 'Power Back-up', 'Private Garden / Terrace', 'Intercom Facility', 'Lift(s)', 'Water purifier', 'Maintenance Staff', 'Water Storage', 'Bank Attached Property', 'Piped-gas', 'Visitor Parking', 'Swimming Pool', 'Park', 'Natural Light', 'Airy Rooms', 'Spacious Interiors', 'Low Density Society', 'Shopping Centre', 'Fitness Centre / GYM', 'Waste Disposal', 'Rain Water Harvesting', 'Club house / Community Center']","['Wood Square Mall', 'Kulpi Road', 'Welkin National School', 'Gargi Memorial Institute of Technology', 'Baruipur Super Speciality Hospital']","['Club,Main Road,Pool']",3 Bedrooms,2 Bathrooms,1 Balcony,Store Room,2nd   of 4 Floors,0 to 1 Year Old,East
Mayfair Platinum,https://www.99acres.com/2-bhk-bedroom-apartment-flat-for-sale-in-mayfair-platinum-baruipur-kolkata-south-820-sq-ft-spid-W82346434,2 BHK Flat,37 Lac,820 sqft,Super Built-up Area,"4,512 /sqft","Baruipur, Kolkata South","North Facing
Private Garden
+2","This lovely 2 bhk apartment/flat in baruipur is available for sale in one of kolkata south's most popular projects, mayfair platinum. This is a north-Facing property. The flat occupies a super built up area of 820 sq.Ft. That consists of 2 bedrooms, 2 bathrooms and 1 balcony. The flat has a total of 4 floors and this property is situated on 2nd floor. As the project is already ready to move, so...",W82346434,"Mayfair Platum, Baruipur, Kolkata South",Mayfair Platinum,,[],"['Power Back-up', 'Private Garden / Terrace', 'Intercom Facility', 'Lift(s)', 'Water purifier', 'Maintenance Staff', 'False Ceiling Lighting', 'Water Storage', 'Recently Renovated', 'Bank Attached Property', 'Visitor Parking', 'Swimming Pool', 'Park', 'Security Personnel', 'Natural Light', 'Airy Rooms', 'Spacious Interiors', 'Low Density Society', 'Shopping Centre', 'Fitness Centre / GYM', 'Waste Disposal', 'Rain Water Harvesting', 'Club house / Community Center']","['Indira Das School', 'Holy Cross School', 'Gazi Babar Majar', 'Antara Hospital', 'Baruipur Super Speciality Hospital', 'BANDHAN BANK']","['Pool,Park/Garden,Main Road,Club']",2 Bedrooms,2 Bathrooms,1 Balcony,Store Room,2nd   of 4 Floors,1 to 5 Year Old,North
Primarc Southwinds,https://www.99acres.com/3-bhk-bedroom-apartment-flat-for-sale-in-primarc-southwinds-em-bypass-kolkata-south-1264-sq-ft-spid-N83199972,3 BHK Flat,75 Lac,"1,264 sqft",Super Built-up Area,"5,933 /sqft","EM Bypass, Kolkata South","Shahid Khudiram metro Nearby
Schools are Nearby
+2","This 3 bhk flat is located in primarc southwinds, which houses some of the most spacious flats in em bypass, kolkata south. The flat is facing the south-East direction. Containing 3 bedroom(s), 2 bathrooms and 1 balcony, this flat is spread over a super built up area of 1264 sq.Ft. The flat has a total of 15 floors and this property is situated on 7th floor. This 0-1 year old property is availa...",N83199972,"Primarc Southwds, EM Bypass, Kolkata South",Primarc Southwinds,,"['1 Wardrobe', '4 Fan', '1 Exhaust Fan', '12 Light', '1 Modular Kitchen', '1 Chimney', '1 Curtains']","['Power Back-up', 'Feng Shui / Vaastu Compliant', 'Intercom Facility', 'Lift(s)', 'Swimming Pool', 'Park', 'Fitness Centre / GYM', 'Club house / Community Center', 'Rain Water Harvesting']","['GALLERIA', 'Swarnim International School', 'Jadavpur University', 'IRIS Multisoeciality Hospital', 'Netaji Subhash Chandra Bose Intl Airport']","['Park/Garden,Others']",3 Bedrooms,2 Bathrooms,1 Balcony,,8th   of 15 Floors,0 to 1 Year Old,South-East
Purbasha Apartment,https://www.99acres.com/1-bhk-bedroom-apartment-flat-for-sale-in-south-dumdum-kolkata-north-500-sq-ft-spid-B82779754,1 BHK Flat,18 Lac,500 sqft,Carpet Area,"3,600 /sqft","South Dumdum, Kolkata",Ground Floor,"This location is very well connected being just at 5 minutes waking distance from the dumdum metro station. The apartment is very spacious and its on the ground floor, in a peaceful locality.",,,,,[],[],[],[],0,0,0,,0,,
Hiland Park,https://www.99acres.com/4-bhk-bedroom-apartment-flat-for-sale-in-hiland-park-em-bypass-kolkata-south-4500-sq-ft-spid-M81888442,4 BHK Flat,3 Cr,"4,500 sqft",Super Built-up Area,"6,666 /sqft","EM Bypass, Kolkata South","Club/ Community Center
Swimming Pool Available
+1","This 4 bhk apartment is available for sale in hiland park, one of the most prominent projects for flats in em bypass, kolkata south. The floor plan additionally contains 4 bedroom(s), 4 bathrooms and 3 balconies. All in all, the flat is spread over a super built up area of 4500 sq.Ft. This flat is situated on the 22nd floor of this 27 floors tall residential building. As the project is already ...",M81888442,"Hiland Park, EM Bypass, Kolkata South",Hiland Park,,"['1 Wardrobe', '1 Bed', '1 Fan', '1 Geyser', '1 Light', '1 AC', '1 TV']","['Lift(s)', 'Swimming Pool', 'Park', 'Club house / Community Center', 'Rain Water Harvesting']","['Kavi subhash metro station', 'Shahid khudiram metro station', 'Lake Pally Shiv Mandir', 'Hanuman Mandir', 'Kali Mandir']",[],4 Bedrooms,4 Bathrooms,3 Balconies,,22nd   of 27 Floors,5 to 10 Year Old,North-West
The Orchid Grandeur,https://www.99acres.com/2-bhk-bedroom-apartment-flat-for-sale-in-the-orchid-grandeur-rajarhat-kolkata-east-890-sq-ft-spid-M82673512,2 BHK Flat,38 Lac,890 sqft,Carpet Area,"4,269 /sqft","Rajarhat, Kolkata","Overlooking Park/Garden
Overlooking Main Road
+2",The orchid grandeur good property 2bhk in rajarhat kolkata east,M82673512,"The Orchid Grandeur, Rajarhat, Kolkata",The Orchid Grandeur,,[],"['Power Back-up', 'Security / Fire Alarm', 'Intercom Facility', 'Lift(s)', 'Swimming Pool', 'Maintenance Staff', 'Water Storage', 'Park', 'Visitor Parking', 'Fitness Centre / GYM', 'Club house / Community Center']","['The Ivy Mall', 'Denovo Institute Of Education', 'Basina Free Primary School', 'Ghosh Bari', 'Lotus Hospital', 'Ohio Hospital']","['Pool,Club,Main Road,Park/Garden']",2 Bedrooms,2 Bathrooms,1 Balcony,,4th   of 5 Floors,1 to 5 Year Old,South-West
Eden Serenity,https://www.99acres.com/3-bhk-bedroom-apartment-flat-for-sale-in-eden-serenity-em-bypass-kolkata-south-1260-sq-ft-spid-B82592816,3 BHK Flat,60 Lac,"1,260 sqft",Super Built-up Area,"4,761 /sqft","EM Bypass, Kolkata South","Kavi Subhash Metro within 2km
Birla High School within 2km
+2","Eden serenity is a semi complex with lift and generator at nayabad mini bus stand, off em bypass. It is close to netaji cancer hospital and kavi subhash metro station. It is unused investor property with car park off em bypass.",B82592816,"Eden Serenity, EM Bypass, Kolkata South",Eden Serenity,,[],"['Power Back-up', 'Intercom Facility', 'Lift(s)', 'Swimming Pool', 'Maintenance Staff', 'Security Personnel', 'Natural Light', 'Airy Rooms', 'Fitness Centre / GYM', 'Club house / Community Center', 'Waste Disposal']","['Kavi subhash metro station', 'Durga mandir', 'Shani mandir garia dhalua', 'Maa kali temple garia dhalua', 'Bikram mess kali mandir']",['Main Road'],3 Bedrooms,3 Bathrooms,1 Balcony,,1st   of 4 Floors,10+ Year Old,South-East
CH Retreat,https://www.99acres.com/2-bhk-bedroom-apartment-flat-for-sale-in-kasba-kolkata-south-1105-sq-ft-spid-H81210565,2 BHK Flat,72 Lac,"1,105 sqft",Super Built-up Area,"6,515 /sqft","Kasba, Kolkata","Acropolis mall within 1km
Fortis Hospital within 3km
+2","Ch retreat is one of kolkata south's most sought after destination for apartments and this 2 bhk flat in kasba is your opportunity to be a part of this community. This residential flat is south-Facing direction. Containing 2 bedroom(s), 2 bathrooms and 1 balcony, this flat is spread over a super built up area of 1105 sq.Ft. This flat is situated on the 2nd floor of this 4 floors tall residentia...",H81210565,"CH Retreat, Kasba, Kolkata",,,[],"['Feng Shui / Vaastu Compliant', 'Intercom Facility', 'Lift(s)', 'High Ceiling Height', 'Maintenance Staff', 'Water Storage', 'Visitor Parking', 'Security Personnel', 'Natural Light', 'Airy Rooms', 'Low Density Society', 'Fitness Centre / GYM', 'Waste Disposal', 'Club house / Community Center', 'Water softening plant']","['Radha Krishna Temple', 'Shani Temple', 'Battala Sitala Mandir', 'Sitala Mandir-Bondel Road', 'Hari Sava.Lord Krishna Temple']",['Main Road'],2 Bedrooms,2 Bathrooms,1 Balcony,,2nd   of 4 Floors,0 to 1 Year Old,South
Merlin The One,https://www.99acres.com/3-bhk-bedroom-apartment-flat-for-sale-in-merlin-the-one-tollygunge-kolkata-south-1479-sq-ft-spid-A82732764,3 BHK Flat,1.7 Cr,"1,479 sqft",Built-up Area,"11,494 /sqft","Tollygunge, Kolkata","Private Garden
Gated Society
+2","This lovely 3 bhk apartment/flat in tollygunge is available for sale in one of kolkata south's most popular projects, merlin the one. This property faces the south-East direction. Containing 3 bedroom(s), 2 bathrooms and 2 balconies, this flat is spread over a built up area of 1479 sq.Ft. This flat is situated on the 9th floor of this 17 floors tall residential building. This 1-5 years old prop...",A82732764,"Merl The One, Tollygunge, Kolkata",Merlin The One,,[],"['Security / Fire Alarm', 'Power Back-up', 'Feng Shui / Vaastu Compliant', 'Private Garden / Terrace', 'Intercom Facility', 'Lift(s)', 'High Ceiling Height', 'Maintenance Staff', 'Water Storage', 'Separate entry for servant room', 'Visitor Parking', 'Swimming Pool', 'Park', 'Natural Light', 'Airy Rooms', 'Fitness Centre / GYM', 'Waste Disposal', 'Rain Water Harvesting', 'Club house / Community Center', 'Water softening plant']","['Mahanayak Uttam Kumar Metro', 'South City Mall', 'NH 12', 'National Public School', 'New Alipore College', 'Rabindra Bharati University']","['Main Road,Pool,Park/Garden,Others,Club']",3 Bedrooms,2 Bathrooms,2 Balconies,,9th   of 17 Floors,1 to 5 Year Old,South-East
Saltee Splendora,https://www.99acres.com/3-bhk-bedroom-apartment-flat-for-sale-in-saltee-splendora-rajarhat-kolkata-east-1567-sq-ft-spid-N83176366,3 BHK Flat,79 Lac,"1,567 sqft",Super Built-up Area,"5,041 /sqft","Rajarhat, Kolkata","Gated Society
Overlooking Park/Garden
+2","This 3 bhk flat is located in saltee splendora, which houses some of the most spacious flats in rajarhat, kolkata east. This property faces the north-West direction. Constructed on a super built up area of 1567 sq.Ft., the flat comprises 3 bedroom(s), 3 bathrooms and 1 balcony. The property is located on the 3rd floor of a 7 floors tall building. This 1-5 years old property is available for imm...",N83176366,"Saltee Splendora, Rajarhat, Kolkata",Saltee Splendora,,[],"['Security / Fire Alarm', 'Power Back-up', 'Feng Shui / Vaastu Compliant', 'Intercom Facility', 'Lift(s)', 'High Ceiling Height', 'Maintenance Staff', 'Water Storage', 'Separate entry for servant room', 'Visitor Parking', 'Swimming Pool', 'Park', 'Natural Light', 'Airy Rooms', 'Fitness Centre / GYM', 'Waste Disposal', 'Club house / Community Center', 'Water softening plant']",[],"['Main Road,Others,Club,Park/Garden,Pool']",3 Bedrooms,3 Bathrooms,1 Balcony,,3rd   of 7 Floors,1 to 5 Year Old,West
Ascon Era,https://www.99acres.com/3-bhk-bedroom-apartment-flat-for-sale-in-ascon-era-chinar-park-kolkata-east-1250-sq-ft-spid-W82521448,3 BHK Flat,95 Lac,"1,250 sqft",Super Built-up Area,"7,600 /sqft","Char Park, Kolkata","North-East Facing
Fresh Construction
+2","This 3 bhk flat is located in ascon era, which houses some of the most spacious flats in chinar park, kolkata east. The flat is north-East-Facing. Containing 3 bedroom(s), 2 bathrooms and 2 balconies, this flat is spread over a super built up area of 1250 sq.Ft. This flat is situated on the 4th floor of this 11 floors tall residential building. This 0-1 year old property is available for immedi...",W82521448,"Ascon Era, Char Park, Kolkata",Ascon Era,,[],"['Feng Shui / Vaastu Compliant', 'Security / Fire Alarm', 'Intercom Facility', 'Lift(s)', 'Swimming Pool', 'Maintenance Staff', 'Water Storage', 'Park', 'Visitor Parking', 'Fitness Centre / GYM', 'Club house / Community Center']","['City Centre 2 Metro Station', 'City Centre 2', 'Rajarhat Main Road (SH 3)', 'Derozio Memorial College', 'Delhi Public School, New Town']","['Club,Main Road,Pool']",3 Bedrooms,2 Bathrooms,2 Balconies,,4th   of 11 Floors,0 to 1 Year Old,North-East
Purti Veda,https://www.99acres.com/3-bhk-bedroom-apartment-flat-for-sale-in-purti-veda-new-town-kolkata-east-1144-sq-ft-spid-O81122291,3 BHK Flat,96 Lac,"1,144 sqft",Super Built-up Area,"8,391 /sqft","New Town, Kolkata","Fitness Center/ Gym
Club/ Community Center
+2",3 bhk higher floor south faching flat sale in new town action area 1 all modern amenities r there near by school college hospital market Additional details :,O81122291,"Purti Veda, New Town, Kolkata",Purti Veda,,[],"['Power Back-up', 'Intercom Facility', 'Lift(s)', 'Swimming Pool', 'Park', 'Fitness Centre / GYM', 'Club house / Community Center']","['Proposed Metro Station', 'Axis Mall', 'Central Mall', 'The New Town School', 'DPS New Town', 'University of Egineering']",[],3 Bedrooms,2 Bathrooms,1 Balcony,,10th   of 12 Floors,1 to 5 Year Old,South
NPR Joy 98,https://www.99acres.com/2-bhk-bedroom-apartment-flat-for-sale-in-npr-joy-98-bt-road-kolkata-north-952-sq-ft-spid-I82232130,2 BHK Flat,79 Lac,952 sqft,Super Built-up Area,"8,298 /sqft","BT Road, Kolkata","East Facing
Baranagar within 1km
+2","Check out this 2 bhk apartment for sale in npr joy 98, a popular residential project that houses in-Demand flats in bt road, kolkata north. This is a east-Facing property. Constructed on a super built up area of 952 sq.Ft., the flat comprises 2 bedroom(s), 2 bathrooms and 1 balcony. The residential building has 25 floors in total and the flat for sale is located on the 14th floor. This is a rea...",I82232130,"NPR Joy 98, BT Road, Kolkata",NPR Joy 98,,[],"['Power Back-up', 'Feng Shui / Vaastu Compliant', 'Intercom Facility', 'Lift(s)', 'Swimming Pool', 'Park', 'Fitness Centre / GYM', 'Club house / Community Center', 'Rain Water Harvesting']","['Noapara Metro Station', 'More Shopping Mall', 'Central Modern School, Baranagar', 'Zenith Super Specialist Hospital', 'Apollo Pharmacy Baranagar']",['Main Road'],2 Bedrooms,2 Bathrooms,1 Balcony,,14th   of 25 Floors,1 to 5 Year Old,East
1000 SG,https://www.99acres.com/2-bhk-bedroom-apartment-flat-for-sale-in-bonhooghly-kolkata-north-1000-sq-ft-spid-N82786888,2 BHK Flat,42 Lac,"1,000 sqft",Super Built-up Area,"4,200 /sqft","Bonhooghly, BT Road","Dunlop Market within 250m
Baranagar Metro within 250m
+2","Located in the popular residential address of bonhooghly, kolkata north, 1000 sg is one of the most preferred destination for apartments in kolkata north. This 2 bhk flat is your ticket to be a part of this community. This property faces the south-West direction. Constructed on a super built up area of 1000 sq.Ft., the flat comprises 2 bedroom(s), 2 bathrooms and 1 balcony. The residential buil...",N82786888,"1000 SG, Bonhooghly, BT Road",,,"['3 Wardrobe', '1 Exhaust Fan', '1 Modular Kitchen', '1 Curtains']","['Lift(s)', 'High Ceiling Height', 'Maintenance Staff', 'Visitor Parking', 'Security Personnel', 'Natural Light', 'Airy Rooms', 'Spacious Interiors']","['Dakshineshwar metro station', 'Baranagar metro station', 'Paradise Nursing Home Kolkata', 'Baranagar State General Hospital']",['Main Road'],2 Bedrooms,2 Bathrooms,1 Balcony,Pooja Room,4th   of 4 Floors,10+ Year Old,South-West
Future New Town,https://www.99acres.com/3-bhk-bedroom-apartment-flat-for-sale-in-ce-block-newtown-kolkata-east-1480-sq-ft-spid-B82547804,3 BHK Flat,95 Lac,"1,480 sqft",Super Built-up Area,"6,418 /sqft","CE Block Newtown, New Town","Top Floor
Corner Property
+2","Situated in ce block newtown, kolkata east, future new town is a well planned society that offers a pleasant living experience to its residents. This 3 bhk flat in kolkata east is your opportunity to be a part of this community. This is a south-East-Facing property. The flat is over 1480 sq.Ft. Super built up area and comes with 3 bedroom(s), 3 bathrooms and 2 balconies. This flat lies on the t...",B82547804,"Future New Town , CE Block Newtown, New Town",,,[],"['Feng Shui / Vaastu Compliant', 'Security / Fire Alarm', 'Intercom Facility', 'Lift(s)', 'Maintenance Staff', 'Water Storage', 'Park', 'Visitor Parking']","['Nazrul tirtha metro station', 'Rabindra Tirtha Metro Station', 'Terminus Mall', 'mandir', 'Hdfc bank ATM', 'Citibank ATM']","['Park/Garden,Main Road']",3 Bedrooms,3 Bathrooms,2 Balconies,,4th   of 4 Floors,1 to 5 Year Old,South-East
New Town Future,https://www.99acres.com/3-bhk-bedroom-apartment-flat-for-sale-in-bf-block-newtown-kolkata-east-1480-sq-ft-spid-T82431484,3 BHK Flat,1.02 Cr,"1,480 sqft",Super Built-up Area,"6,891 /sqft","BF Block Newtown, Action Area 1, Kolkata","Top Floor
Corner Property
+2","New town future is one of the most popular destination for buying apartments/ flats in bf block newtown, kolkata east. You too can be a part of this society by purchasing this 3 bhk flat here. This residential flat is south-East-Facing direction. The flat occupies a super built up area of 1480 sq.Ft. That consists of 3 bedrooms, 3 bathrooms and 3 balconies. This flat lies on the top level of a ...",T82431484,"New Town Future , BF Block Newtown, Action Area 1, Kolkata",,,[],"['Feng Shui / Vaastu Compliant', 'Security / Fire Alarm', 'Intercom Facility', 'Lift(s)', 'Maintenance Staff', 'Water Storage', 'Park', 'Visitor Parking']","['Rabindra Tirtha Metro Station', 'Nazrul tirtha metro station', 'Terminus Mall', 'mandir', 'Hdfc bank ATM', 'Citibank ATM']","['Park/Garden,Main Road']",3 Bedrooms,3 Bathrooms,3 Balconies,,4th   of 4 Floors,1 to 5 Year Old,South-East
Bhawani Courtyard,https://www.99acres.com/2-bhk-bedroom-apartment-flat-for-sale-in-bhawani-courtyard-madhyamgram-kolkata-north-989-sq-ft-spid-N83174262,2 BHK Flat,59 Lac,989 sqft,Super Built-up Area,"5,965 /sqft","Madhyamgram, Kolkata","Gated Society
Overlooking Park/Garden
+2","Bhawani courtyard is one of the most popular destination for buying apartments/ flats in madhyamgram, kolkata north. You too can be a part of this society by purchasing this 2 bhk flat here. The flat is facing the south-East direction. The flat occupies a super built up area of 989 sq.Ft. That consists of 2 bedrooms, 2 bathrooms and 1 balcony. The residential building has 6 floors in total and ...",N83174262,"Bhawani Courtyard, Madhyamgram, Kolkata",Bhawani Courtyard,,[],"['Security / Fire Alarm', 'Power Back-up', 'Feng Shui / Vaastu Compliant', 'Intercom Facility', 'Lift(s)', 'High Ceiling Height', 'Maintenance Staff', 'Water Storage', 'Separate entry for servant room', 'Visitor Parking', 'Swimming Pool', 'Park', 'Natural Light', 'Airy Rooms', 'Shopping Centre', 'Fitness Centre / GYM', 'Waste Disposal', 'Rain Water Harvesting', 'Club house / Community Center', 'Water softening plant']","['Noapara metro station', 'Star Mall', 'Asian Highway (NH 12)', 'Delhi Public International School', 'Rabindra Bharti University W.B']","['Main Road,Others,Club,Park/Garden,Pool']",2 Bedrooms,2 Bathrooms,1 Balcony,,5th   of 6 Floors,1 to 5 Year Old,North
krishna vatika apartment,https://www.99acres.com/3-bhk-bedroom-apartment-flat-for-sale-in-dc-block-newtown-kolkata-east-1250-sq-ft-spid-M83015088,3 BHK Flat,85 Lac,"1,250 sqft",Super Built-up Area,"6,800 /sqft","DC Block Newtown, Action Area 1","Rabindra tirtha metro station within 500m
+2","This lovely 3 bhk apartment/flat in dc block newtown is available for sale in one of kolkata east's most popular projects, krishna vatika apartment. The flat is facing the south-East direction. Constructed on a super built up area of 1250 sq.Ft., the flat comprises 3 bedroom(s), 2 bathrooms and 1 balcony. The residential building has 4 floors in total and the flat for sale is located on the 1st...",M83015088,"krishna vatika apartment , DC Block Newtown, Action Area 1",,,[],"['Feng Shui / Vaastu Compliant', 'Lift(s)', 'Maintenance Staff']","['Rabindra Tirtha Metro Station', 'Terminus Mall', 'mandir', 'Hdfc bank ATM', 'Axis bank ATM', 'Citibank ATM', 'Bhagirathi Neotia Woman And Child Care Centre']",[],3 Bedrooms,2 Bathrooms,1 Balcony,,1st   of 4 Floors,1 to 5 Year Old,South-East
Primarc Southwinds,https://www.99acres.com/2-bhk-bedroom-apartment-flat-for-sale-in-primarc-southwinds-em-bypass-kolkata-south-891-sq-ft-spid-I83402466,2 BHK Flat,63 Lac,891 sqft,Super Built-up Area,"7,070 /sqft","EM Bypass, Kolkata South","Gated Society
Overlooking Park/Garden
+2","This 2 bhk flat is located in primarc southwinds, which houses some of the most spacious flats in em bypass, kolkata south. The flat occupies a super built up area of 891 sq.Ft. That consists of 2 bedrooms, 2 bathrooms and 1 balcony. This flat lies on the 2nd level of a 16 storey building. An added advantage of this 1-5 years old flat is that it is available for immediate possession as the proj...",I83402466,"Primarc Southwds, EM Bypass, Kolkata South",Primarc Southwinds,,[],"['Power Back-up', 'Feng Shui / Vaastu Compliant', 'Security / Fire Alarm', 'Intercom Facility', 'Lift(s)', 'Swimming Pool', 'Maintenance Staff', 'Park', 'Visitor Parking', 'Fitness Centre / GYM', 'Club house / Community Center', 'Rain Water Harvesting']","['GALLERIA', 'Swarnim International School', 'Jadavpur University', 'IRIS Multisoeciality Hospital', 'Netaji Subhash Chandra Bose Intl Airport']","['Pool,Park/Garden,Club,Main Road']",2 Bedrooms,2 Bathrooms,1 Balcony,,2nd   of 16 Floors,1 to 5 Year Old,West
Eco,https://www.99acres.com/2-bhk-bedroom-apartment-flat-for-sale-in-jatragachhi-kolkata-east-959-sq-ft-spid-I82320646,2 BHK Flat,50.83 Lac,959 sqft,Super Built-up Area,"5,300 /sqft","Jatragachhi, Kolkata East","North-East Facing
Gated Society
+2","Absolutely brand new beautiful 2 beds 2 baths, 1 balcony, 1 kitchen,1 loft 1 car parking compact flat for sale. The apartment is situated at jatra gachi very near and walkable distance from biswa bangala convention centre a new town.",I82320646,"Eco, Jatragachhi, Kolkata East, Kolkata",,,[],"['Feng Shui / Vaastu Compliant', 'Security / Fire Alarm', 'Intercom Facility', 'Lift(s)', 'Maintenance Staff', 'Water Storage', 'Visitor Parking']","['Rabindra Tirtha Metro Station', 'Nazrul tirtha metro station', 'Terminus Mall', 'mandir', 'Hdfc bank ATM', 'Axis bank ATM']","['Main Road,Others']",2 Bedrooms,2 Bathrooms,1 Balcony,Others,4th   of 5 Floors,1 to 5 Year Old,North-East
Lake Town Complex,https://www.99acres.com/3-bhk-bedroom-apartment-flat-for-sale-in-lake-town-complex-lake-town-kolkata-north-1300-sq-ft-spid-I81624939,3 BHK Flat,1 Cr,"1,300 sqft",Carpet Area,"7,692 /sqft","Lake Town, Kolkata",,"Check out this 3 bhk apartment for sale in lake town complex, a popular residential project that houses in-Demand flats in lake town, kolkata north. The flat is over 1300 sq.Ft. Carpet area and comes with 3 bedroom(s), 2 bathrooms and 1 balcony. The residential building has 4 floors in total and the flat for sale is located on the 1st floor. As the project is already ready to move, so you can e...",I81624939,"Lake Town Complex, Lake Town, Kolkata",,,[],[],"['Central park metro station', 'City Centre 1', 'The Church of Jesus Christ of Latter-day Saints', 'State bank of india ATM', 'Sbi ATM']",[],3 Bedrooms,2 Bathrooms,1 Balcony,,1st   of 4 Floors,1 to 5 Year Old,
Pelican Breeze,https://www.99acres.com/2-bhk-bedroom-apartment-flat-for-sale-in-pelican-breeze-nayabad-kolkata-south-979-sq-ft-spid-H82591450,2 BHK Flat,45 Lac,979 sqft,Super Built-up Area,"4,596 /sqft","Nayabad, Kolkata","Kavi Subash Metro within 2km
Birla High School within 2km
+2","Pelican breeze has a lift and generator, which is located at nayabad mini bus stand, off em bypass. It is close to rn tagore hospital and kavi subhash metro station. It is unused investor property with a covered car park off em bypass.",H82591450,"Pelican Breeze, Nayabad, Kolkata",Pelican Breeze,,[],"['Power Back-up', 'Lift(s)', 'Maintenance Staff', 'Water Storage', 'Security Personnel', 'Natural Light', 'Airy Rooms', 'Spacious Interiors', 'Waste Disposal']","['Durga mandir', 'Shani mandir garia dhalua', 'Maa kali temple garia dhalua', 'Bikram mess kali mandir', 'Maa kali temple']",['Main Road'],2 Bedrooms,2 Bathrooms,1 Balcony,,2nd   of 3 Floors,1 to 5 Year Old,South-West
Rajwada Altitude,https://www.99acres.com/3-bhk-bedroom-apartment-flat-for-sale-in-rajwada-altitude-em-bypass-kolkata-south-1454-sq-ft-spid-Q82625472,3 BHK Flat,1.1 Cr,"1,454 sqft",Super Built-up Area,"7,565 /sqft","EM Bypass, Kolkata South","Gated Society
Overlooking Park/Garden
+1","This lovely 3 bhk apartment/flat in em bypass is available for sale in one of kolkata south's most popular projects, rajwada altitude. This is a north-East-Facing property. Constructed on a super built up area of 1454 sq.Ft., the flat comprises 3 bedroom(s), 2 bathrooms and 1 balcony. This flat lies on the 7th level of a 20 storey building. This 1-5 years old property is available for immediate...",Q82625472,"Rajwada Altitude, EM Bypass, Kolkata South",Rajwada Altitude,,"['2 Wardrobe', '5 Fan', '1 Exhaust Fan', '14 Light']","['Security / Fire Alarm', 'Power Back-up', 'Feng Shui / Vaastu Compliant', 'Intercom Facility', 'Lift(s)', 'High Ceiling Height', 'Maintenance Staff', 'Water Storage', 'Separate entry for servant room', 'Visitor Parking', 'Swimming Pool', 'Park', 'Natural Light', 'Airy Rooms', 'Fitness Centre / GYM', 'Waste Disposal', 'Rain Water Harvesting', 'Club house / Community Center', 'Water softening plant']","['Shahid Khudiram', 'Wood Square Malls', 'B.D.M. International School', 'Jadavpur University, 132', 'Peerless Hospital']","['Others,Main Road,Club,Park/Garden,Pool']",3 Bedrooms,2 Bathrooms,1 Balcony,,7th   of 20 Floors,1 to 5 Year Old,West
Basu and Hajra Shakuntala Abasan,https://www.99acres.com/2-bhk-bedroom-apartment-flat-for-sale-in-basu-and-hajra-shakuntala-abasan-rajarhat-kolkata-east-867-sq-ft-spid-G83441260,2 BHK Flat,32.08 Lac,867 sqft,Super Built-up Area,"4,927 /sqft","Rajarhat, Kolkata",,Very well and good quality construction. Very peaceful area project. Easily access to kolkata airport and newtown.,G83441260,"Basu and Hajra Shakuntala Abasan, Rajarhat, Kolkata",Basu and Hajra Shakuntala Abasan,,[],"['Feng Shui / Vaastu Compliant', 'Security / Fire Alarm', 'Lift(s)', 'Water purifier', 'Water Storage', 'Visitor Parking', 'Airy Rooms', 'Fitness Centre / GYM', 'Club house / Community Center', 'Waste Disposal']","['Central Park Metro Station', 'City Centre New Town', 'Devaki Memorial School', 'Amity University Kolkata', 'Narayana Hospital, Barasat']",['Others'],2 Bedrooms,2 Bathrooms,1 Balcony,,2nd   of 4 Floors,0 to 1 Year Old,North
Basu and Hajra Shakuntala Abasan,https://www.99acres.com/2-bhk-bedroom-apartment-flat-for-sale-in-basu-and-hajra-shakuntala-abasan-rajarhat-kolkata-east-959-sq-ft-spid-Q83441204,2 BHK Flat,35.48 Lac,959 sqft,Super Built-up Area,"4,928 /sqft","Rajarhat, Kolkata",,Very well and good quality construction. Very peaceful area project. Easily access to kolkata airport and newtown.,Q83441204,"Basu and Hajra Shakuntala Abasan, Rajarhat, Kolkata",Basu and Hajra Shakuntala Abasan,,[],"['Feng Shui / Vaastu Compliant', 'Security / Fire Alarm', 'Lift(s)', 'Water purifier', 'Water Storage', 'Visitor Parking', 'Airy Rooms', 'Fitness Centre / GYM', 'Club house / Community Center', 'Waste Disposal']","['Central Park Metro Station', 'City Centre New Town', 'Devaki Memorial School', 'Amity University Kolkata', 'Narayana Hospital, Barasat']",['Others'],2 Bedrooms,2 Bathrooms,1 Balcony,,4th   of 4 Floors,0 to 1 Year Old,North-East
A & S APARTMENT (New Booking),https://www.99acres.com/2-bhk-bedroom-apartment-flat-for-sale-in-agarpara-kolkata-north-1050-sq-ft-spid-L82940464,2 BHK Flat,32.55 Lac,"1,050 sqft",Super Built-up Area,"3,100 /sqft","Agarpara, Panihati","Gated Society
Corner Property
+2","New booking... Situated in agarpara, kolkata north, a & s apartment (New booking) is a well planned society that offers a pleasant living experience to its residents. This 2 bhk flat in kolkata north is your opportunity to be a part of this community. The flat occupies a super built up area of 1050 sq.Ft. That consists of 2 bedrooms, 2 bathrooms and 1 balcony. The residential building has 4 flo...",L82940464,"A & S APARTMENT (New Bookg), Agarpara, Panihati",,,[],"['Feng Shui / Vaastu Compliant', 'Security / Fire Alarm', 'Lift(s)', 'Maintenance Staff', 'Water Storage', 'Visitor Parking']","['Dakshineshwar metro station', 'Baranagar metro station', 'Nayandeep Eye Care', 'Midland Nursing Home', 'Sahid Khudiram Bose Hospital']","['Pool,Club,Others,Sea facing,Main Road,Park/Garden']",2 Bedrooms,2 Bathrooms,1 Balcony,"Pooja Room,Others",1st   of 4 Floors,1 to 5 Year Old,South-East
individual,https://www.99acres.com/2-bhk-bedroom-apartment-flat-for-sale-in-airport-kolkata-north-837-sq-ft-spid-B83072676,2 BHK Flat,30.13 Lac,837 sqft,Super Built-up Area,"3,600 /sqft","Airport, Dum Dum","Top Floor
Rishi arabinda schol Nearby
+2","Flat location :Sideswari kali mandir, airport 1no.. . Nearby schol:Rishi arabinda,,,walking distance from flat 2mins... Market nearby 5 mins( Walking distance ) Hospital nearby 5mins ( Walking distance) Individual is one of the most popular destination for buying apartments/ flats in airport, kolkata north. You too can be a part of this society by purchasing this 2 bhk flat here. The floor plan...",B83072676,"dividual , Airport, Dum Dum",,,[],['Lift(s)'],"['Shitala Mandir', 'Mother Teresa Church', 'Lichubagan Radha Krishna Temple', 'Axis bank ATM', 'State bank of india ATM']",[],2 Bedrooms,2 Bathrooms,1 Balcony,,5th   of 5 Floors,0 to 1 Year Old,South-East
Hiland Park,https://www.99acres.com/3-bhk-bedroom-apartment-flat-for-sale-in-hiland-park-em-bypass-kolkata-south-1264-sq-ft-spid-N82730700,3 BHK Flat,1.15 Cr,"1,264 sqft",Super Built-up Area,"9,098 /sqft","EM Bypass, Kolkata South","Gated Society
Corner Property
+2","Hiland park is one of kolkata south's most sought after destination for apartments and this 3 bhk flat in em bypass is your opportunity to be a part of this community. This residential flat is south-East-Facing direction. Constructed on a super built up area of 1264 sq.Ft., the flat comprises 3 bedroom(s), 3 bathrooms and 1 balcony. This flat is situated on the 14th floor of this 27 floors tall...",N82730700,"Hiland Park, EM Bypass, Kolkata South",Hiland Park,,[],"['Security / Fire Alarm', 'Feng Shui / Vaastu Compliant', 'Intercom Facility', 'Lift(s)', 'High Ceiling Height', 'Maintenance Staff', 'Water Storage', 'Visitor Parking', 'Swimming Pool', 'Park', 'Security Personnel', 'Natural Light', 'Airy Rooms', 'Spacious Interiors', 'Low Density Society', 'Fitness Centre / GYM', 'Waste Disposal', 'Rain Water Harvesting', 'Club house / Community Center']","['Kavi subhash metro station', 'Lake Pally Shiv Mandir', 'Hanuman Mandir', 'Kali Mandir', 'Shitala Mandir', 'Sada Kali Mandir']",['Pool'],3 Bedrooms,3 Bathrooms,1 Balcony,,14th   of 27 Floors,1 to 5 Year Old,South-East
Swapno Apartment,https://www.99acres.com/2-bhk-bedroom-apartment-flat-for-sale-in-behala-chowrasta-kolkata-south-730-sq-ft-spid-Q81130193,2 BHK Flat,28 Lac,730 sqft,Super Built-up Area,"3,835 /sqft","Behala Chowrasta, Kolkata",,"We are the proud owners of this 2 bhk apartment available in swapno apartment, kolkata south. The unit is located on 3rd floor and has a super built-Up area of 730 sq.Ft. . It has 2 bathroom(s) and 1 balcony(s). Hospitals, school, pharmacy, vegetable market everything is in 5 min walking distance. It is a fully furnished apartment with all the amenities. Property is on the james long sarani mai...",Q81130193,"Swapno Apartment, Behala Chowrasta, Kolkata",,,"['1 Water Purifier', '3 Fan', '1 Fridge', '1 Exhaust Fan', '1 Dining Table', '1 Geyser', '1 Stove', '4 Light', '2 AC', '1 TV', '1 Modular Kitchen', '1 Chimney', '1 Curtains', '2 Bed', '3 Wardrobe', '1 Sofa', '1 Washing Machine', '1 Microwave']","['Lift(s)', 'Maintenance Staff', 'Security Personnel']","['Behala Market', 'Santoshi Maa Mandir', 'Kali Temple', 'Jagannath Temple', 'Laxmi Narayan Mandir', 'Hari Sabha']",[],2 Bedrooms,2 Bathrooms,1 Balcony,,3rd   of 3 Floors,10+ Year Old,
Rajwada Royal Gardens,https://www.99acres.com/3-bhk-bedroom-apartment-flat-for-sale-in-rajwada-royal-gardens-narendrapur-kolkata-south-1424-sq-ft-r13-spid-I68386978,3 BHK Flat,75.47 Lac,"1,424 sqft",Super Built-up Area,"5,300 /sqft","Narendrapur, Kolkata","Gated Society
Close to Mall
+1","Imagine that you are nestled in the lap of nature, ruffled by a steady fresh breeze, sweet bird song gently soothing your senses. Rajwada royal garden is all about your comfort and luxury. Additional details :",I68386978,"Rajwada Royal Gardens, Narendrapur, Kolkata",Rajwada Royal Gardens,,[],"['Intercom Facility', 'Lift(s)', 'High Ceiling Height', 'Maintenance Staff', 'Swimming Pool', 'Separate entry for servant room', 'Park', 'Shopping Centre', 'Fitness Centre / GYM', 'Water softening plant']","['Kavi Nazrul Metro Station', 'Rajpur Municipal Market Complex', 'Wood Square Mall', 'Bandhan School of Development Mgmt']","['Pool,Main Road']",3 Bedrooms,2 Bathrooms,1 Balcony,Store Room,7th   of 20 Floors,1 to 5 Year Old,South
Rajwada Royal Gardens,https://www.99acres.com/3-bhk-bedroom-apartment-flat-for-sale-in-rajwada-royal-gardens-narendrapur-kolkata-south-1424-sq-ft-r5-spid-W76836477,3 BHK Flat,71.2 Lac,"1,424 sqft",Super Built-up Area,"5,000 /sqft","Narendrapur, Kolkata","Gated Society
Overlooking Park/Garden
+1","Imagine that you are nestled in the lap of nature, ruffled by a steady fresh breeze, sweet bird song gently soothing your senses. Rajwada royal garden is all about your comfort and luxury. Entertain your friends and family in style on the rooftop swimming pool, manicured garden, a well stocked library and much more. Located on narendrapur em bypass (1.5 km from big bazaar, 4 km from garia metro...",W76836477,"Rajwada Royal Gardens, Narendrapur, Kolkata",Rajwada Royal Gardens,,[],"['Security / Fire Alarm', 'Power Back-up', 'Feng Shui / Vaastu Compliant', 'Intercom Facility', 'Lift(s)', 'Maintenance Staff', 'Water Storage', 'Visitor Parking', 'Swimming Pool', 'Park', 'Internet/wi-fi connectivity', 'Fitness Centre / GYM', 'Rain Water Harvesting', 'Club house / Community Center']","['Kavi Nazrul Metro Station', 'Rajpur Municipal Market Complex', 'Wood Square Mall', 'Bandhan School of Development Mgmt']",['Park/Garden'],3 Bedrooms,2 Bathrooms,1 Balcony,,7th   of 19 Floors,1 to 5 Year Old,South-West
Rajwada Royal Gardens,https://www.99acres.com/3-bhk-bedroom-apartment-flat-for-sale-in-rajwada-royal-gardens-narendrapur-kolkata-south-1379-sq-ft-r13-spid-J68862686,3 BHK Flat,68.88 Lac,"1,379 sqft",Super Built-up Area,"4,995 /sqft","Narendrapur, Kolkata","Close to Metro Station
Overlooking Park/Garden
+1","Imagine that you are nestled in the lap of nature, ruffled by a steady fresh breeze, sweet bird song gently soothing your senses. Rajwada royal garden is all about your comfort and luxury. Entertain your friends and family in style on the rooftop swimming pool, manicured garden, a well stocked library and much more. Located on narendrapur em bypass (1.5 km from big bazaar, 4 km from garia metro...",J68862686,"Rajwada Royal Gardens, Narendrapur, Kolkata",Rajwada Royal Gardens,,[],"['Security / Fire Alarm', 'Power Back-up', 'Feng Shui / Vaastu Compliant', 'Intercom Facility', 'Lift(s)', 'Maintenance Staff', 'Water Storage', 'Visitor Parking', 'Swimming Pool', 'Park', 'Internet/wi-fi connectivity', 'Fitness Centre / GYM', 'Waste Disposal', 'Rain Water Harvesting', 'Club house / Community Center']","['Kavi Nazrul Metro Station', 'Rajpur Municipal Market Complex', 'Wood Square Mall', 'Bandhan School of Development Mgmt']",['Park/Garden'],3 Bedrooms,2 Bathrooms,2 Balconies,,13rd   of 19 Floors,1 to 5 Year Old,South-East
sucasa royal,https://www.99acres.com/2-bhk-bedroom-apartment-flat-for-sale-in-narendrapur-kolkata-south-1011-sq-ft-spid-O81777216,2 BHK Flat,58.58 Lac,"1,011 sqft",Super Built-up Area,"5,794 /sqft","Narendrapur, Kolkata","Top Floor
Corner Property
+2","Sucasa royal - Located on elachi more, narendrapur. Premium project with rooftop swimming pool and all modern amenities. Flat is 2bhk - 1011 sq.Ft south east facing with one open parking. All inclusive price.",O81777216,"sucasa royal, Narendrapur, Kolkata",,,[],"['Security / Fire Alarm', 'Lift(s)', 'Maintenance Staff', 'Swimming Pool', 'Visitor Parking', 'Natural Light', 'Internet/wi-fi connectivity', 'Airy Rooms', 'Shopping Centre', 'Club house / Community Center', 'Rain Water Harvesting']","['Hindustan Health Point Pvt Ltd', 'Yubatirtha club', 'Sarada Vidyapith']",['Main Road'],2 Bedrooms,2 Bathrooms,1 Balcony,,9th   of 9 Floors,1 to 5 Year Old,South-East
Eden Oxford Park,https://www.99acres.com/3-bhk-bedroom-apartment-flat-for-sale-in-eden-oxford-park-nayabad-kolkata-south-1049-sq-ft-spid-Y82965382,3 BHK Flat,65 Lac,"1,049 sqft",Super Built-up Area,"9,447 /sqft","Nayabad, Kolkata","North-East Facing
Top Floor
+2","Eden oxford park is a new complex by eden group at nayabad mini bus stand, near new garia metro and em bypass. It is close to rn tagore hospital. It is a complex with lift, security and power back up.",Y82965382,"Eden Oxford Park, Nayabad, Kolkata",Eden Oxford Park,,[],"['Power Back-up', 'Intercom Facility', 'Lift(s)', 'Park', 'Security Personnel', 'Natural Light', 'Airy Rooms', 'Spacious Interiors', 'Fitness Centre / GYM', 'Waste Disposal']","['New Garia Metro Station', 'Proposed Metro Station', 'Metro Cash & Carry', 'Metropolis Mall', 'Acropolis Mall', 'Netaji Subhash Eng. College']",[],3 Bedrooms,2 Bathrooms,1 Balcony,,4th   of 4 Floors,0 to 1 Year Old,North-East
Eden Saffron,https://www.99acres.com/3-bhk-bedroom-apartment-flat-for-sale-in-eden-saffron-nayabad-kolkata-south-1223-sq-ft-spid-C82591052,3 BHK Flat,60 Lac,"1,223 sqft",Super Built-up Area,"4,905 /sqft","Nayabad, Kolkata","Kavi Subhash Metro within 1.5km
Indus Valley School within 1.5km
+2","Eden saffron is located at nayabad 1b bus stand. It is close to netaji cancer hospital and peerless hospital. It is approx 1 km from new garia station and kavi subhash metro station. It is located very close to upcoming south point school at mukundapur.It is a resale property with car park, off em bypass.",C82591052,"Eden Saffron, Nayabad, Kolkata",Eden Saffron,,[],"['Power Back-up', 'Intercom Facility', 'Lift(s)', 'Maintenance Staff', 'Security Personnel', 'Natural Light', 'Airy Rooms', 'Waste Disposal']","['Kavi Subhash Metro', 'Masterda Surya Sen Metro', 'Metro Cash & Carry EM Bypass', 'Eastern Metropolitan Bypass', 'NSCB Cancer Hospital']",['Others'],3 Bedrooms,3 Bathrooms,1 Balcony,,2nd   of 3 Floors,1 to 5 Year Old,South-West
Siddha Eden LakeVille,https://www.99acres.com/3-bhk-bedroom-apartment-flat-for-sale-in-siddha-eden-lakeville-bt-road-kolkata-north-889-sq-ft-spid-L81533925,3 BHK Flat,86 Lac,889 sqft,Carpet Area,"9,673 /sqft","BT Road, Kolkata","Baranagar within 250m
Gated Society
+1","This 3 bhk apartment is available for sale in siddha eden lakeville, one of the most prominent projects for flats in bt road, kolkata north. This property faces the north-East direction. The floor plan additionally contains 3 bedroom(s), 2 bathrooms and 1 balcony. All in all, the flat is spread over a carpet area of 889 sq.Ft. This flat lies on the 15th level of a 24 storey building. This is a ...",L81533925,"Siddha Eden LakeVille, BT Road, Kolkata",Siddha Eden LakeVille,,[],"['Security / Fire Alarm', 'Power Back-up', 'Feng Shui / Vaastu Compliant', 'Intercom Facility', 'Lift(s)', 'High Ceiling Height', 'Maintenance Staff', 'Water Storage', 'Separate entry for servant room', 'Visitor Parking', 'Swimming Pool', 'Park', 'Natural Light', 'Airy Rooms', 'Fitness Centre / GYM', 'Waste Disposal', 'Rain Water Harvesting', 'Club house / Community Center', 'Water softening plant']","['Noapara Metro Station', 'City Centre Salt Lake', 'Rai Mohon Banerjee Rd', 'Belghoria Expy', 'Central Modern School']","['Main Road,Others,Club,Park/Garden,Pool']",3 Bedrooms,2 Bathrooms,1 Balcony,,15th   of 24 Floors,1 to 5 Year Old,South
A & S APARTMENT (New Booking),https://www.99acres.com/2-bhk-bedroom-apartment-flat-for-sale-in-new-barrakpur-kolkata-north-827-sq-ft-spid-U82983464,2 BHK Flat,24.5 Lac,827 sqft,Super Built-up Area,"2,962 /sqft","New Barrakpur, Kolkata","Gated Society
Corner Property
+2","New booking... This lovely 2 bhk apartment/flat in new barrakpur is available for sale in one of kolkata north's most popular projects, a & s apartment (New booking). Constructed on a super built up area of 827 sq.Ft., the flat comprises 2 bedroom(s), 2 bathrooms and 1 balcony. The flat has a total of 4 floors and this property is situated on 3rd floor. This 1-5 years old property is available ...",U82983464,"A & S APARTMENT (New Bookg), New Barrakpur, Kolkata",,,"['2 Wardrobe', '3 Fan', '4 Light', '1 AC']","['Feng Shui / Vaastu Compliant', 'Security / Fire Alarm', 'Lift(s)', 'Maintenance Staff', 'Water Storage', 'Visitor Parking']","['Hari Mandir', 'Church of our Lady of Lourdes', 'SHONI TEMPLE', 'MAA MONOSHA TEMPLE', 'Shri Shoni Temple', 'Amanati Mosque']","['Pool,Club,Sea facing,Main Road,Park/Garden,Others']",2 Bedrooms,2 Bathrooms,1 Balcony,"Pooja Room,Others",3rd   of 4 Floors,1 to 5 Year Old,South-East
A & S APARTMENT (New Booking),https://www.99acres.com/2-bhk-bedroom-apartment-flat-for-sale-in-new-barrakpur-kolkata-north-844-sq-ft-spid-E82979152,2 BHK Flat,22.5 Lac,844 sqft,Super Built-up Area,"2,665 /sqft","New Barrakpur, Kolkata","Gated Society
Corner Property
+2","New booking... This beautiful 2 bhk flat in new barrakpur, kolkata north is situated in a & s apartment (New booking), one of the popular residential society in kolkata north. Constructed on a super built up area of 844 sq.Ft., the flat comprises 2 bedroom(s), 2 bathrooms and 1 balcony. The flat has a total of 4 floors and this property is situated on 1st floor. This is a ready to move project ...",E82979152,"A & S APARTMENT (New Bookg), New Barrakpur, Kolkata",,,[],"['Feng Shui / Vaastu Compliant', 'Security / Fire Alarm', 'Lift(s)', 'Maintenance Staff', 'Water Storage', 'Visitor Parking']","['Shri Shoni Temple', 'New Barrackpur Nursing Home Nursing home', 'Srabani Nursing Home', 'Dr. B.C Roy General Hospital and Maternity Home']","['Pool,Park/Garden,Club,Main Road,Others']",2 Bedrooms,2 Bathrooms,1 Balcony,"Pooja Room,Others",1st   of 4 Floors,1 to 5 Year Old,South-East
Sukhobrishti Spriha,https://www.99acres.com/3-bhk-bedroom-apartment-flat-for-sale-in-sukhobrishti-spriha-action-area-3-kolkata-east-901-sq-ft-spid-F83633882,3 BHK Flat,55 Lac,901 sqft,Built-up Area,"8,017 /sqft","Action Area 3, Kolkata",,This is a new unused north east facing flat in middle floor with open car parking..,F83633882,"Sukhobrishti Spriha, Action Area 3, Kolkata",Sukhobrishti Spriha,,[],"['Power Back-up', 'Lift(s)', 'Park']","['State bank of india ATM', 'Axis bank ATM', 'Belle Vue Hospital', 'Global Healthcare System', 'Apollo Pharmacy', 'DLF IT Park']","['Park/Garden,Main Road']",3 Bedrooms,2 Bathrooms,1 Balcony,,5th   of 14 Floors,0 to 1 Year Old,North-East
Sukhobrishti Spriha,https://www.99acres.com/3-bhk-bedroom-apartment-flat-for-sale-in-sukhobrishti-spriha-action-area-3-kolkata-east-901-sq-ft-spid-T83633624,3 BHK Flat,52 Lac,901 sqft,Built-up Area,"5,771 /sqft","Action Area 3, Kolkata",,This is a new unused flat in middle floor of l block shapoorji shukhobristi complex. Front row north east facing.,T83633624,"Sukhobrishti Spriha, Action Area 3, Kolkata",Sukhobrishti Spriha,,[],"['Power Back-up', 'Security / Fire Alarm', 'Lift(s)', 'Maintenance Staff', 'Water Storage', 'Park', 'Visitor Parking']","['State bank of india ATM', 'Axis bank ATM', 'Belle Vue Hospital', 'Global Healthcare System', 'Apollo Pharmacy', 'DLF IT Park']","['Park/Garden,Main Road']",3 Bedrooms,2 Bathrooms,1 Balcony,,7th   of 14 Floors,0 to 1 Year Old,North-East
Magnolia Sky View,https://www.99acres.com/3-bhk-bedroom-apartment-flat-for-sale-in-magnolia-sky-view-omarhati-kolkata-east-1185-sq-ft-spid-B83238228,3 BHK Flat,78 Lac,"1,185 sqft",Super Built-up Area,"6,582 /sqft","Omarhati, Kolkata",,"Located in the popular residential address of omarhati, kolkata east, magnolia sky view is one of the most preferred destination for apartments in kolkata east. This 3 bhk flat is your ticket to be a part of this community. This residential flat is south-East-Facing direction. Constructed on a super built up area of 1185 sq.Ft., the flat comprises 3 bedroom(s), 2 bathrooms and 2 balconies. The ...",B83238228,"Magnolia Sky View, Omarhati, Kolkata",Magnolia Sky View,,"['1 Water Purifier', '5 Fan', '1 Fridge', '1 Exhaust Fan', '1 Dining Table', '1 Geyser', '1 Stove', '20 Light', '1 Curtains', '1 Chimney', '1 Modular Kitchen', '1 AC', '1 TV', '3 Bed', '3 Wardrobe', '1 Sofa', '1 Microwave', '1 Washing Machine']","['Power Back-up', 'Feng Shui / Vaastu Compliant', 'Security / Fire Alarm', 'Intercom Facility', 'Lift(s)', 'Swimming Pool', 'Maintenance Staff', 'Water Storage', 'Park', 'Visitor Parking', 'Fitness Centre / GYM', 'Club house / Community Center']","['Delhi Public School Megacity', 'Yellow House Preschool', 'Narayana e-Techno School Newtown', 'Bodhicariya School', 'Aliah University Action Area II']","['Club,Pool,Park/Garden,Main Road']",3 Bedrooms,2 Bathrooms,2 Balconies,,9th   of 11 Floors,1 to 5 Year Old,South-East
A & S APARTMENT (New Booking),https://www.99acres.com/2-bhk-bedroom-apartment-flat-for-sale-in-new-barrakpur-kolkata-north-810-sq-ft-spid-H82979386,2 BHK Flat,22.7 Lac,810 sqft,Super Built-up Area,"2,802 /sqft","New Barrakpur, Kolkata","Gated Society
Corner Property
+2","New booking.... This 2 bhk apartment is available for sale in a & s apartment (New booking), one of the most prominent projects for flats in new barrakpur, kolkata north. Constructed on a super built up area of 810 sq.Ft., the flat comprises 2 bedroom(s), 2 bathrooms and 1 balcony. The flat has a total of 4 floors and this property is situated on 2nd floor. This 1-5 years old property is availa...",H82979386,"A & S APARTMENT (New Bookg), New Barrakpur, Kolkata",,,[],"['Feng Shui / Vaastu Compliant', 'Security / Fire Alarm', 'Lift(s)', 'Maintenance Staff', 'Water Storage', 'Visitor Parking']","['Hari Mandir', 'Shri Shoni Temple', 'Dr. B.C Roy General Hospital and Maternity Home', 'New Barrackpur Nursing Home Nursing home']","['Pool,Club,Others,Park/Garden,Sea facing,Main Road']",2 Bedrooms,2 Bathrooms,1 Balcony,"Pooja Room,Others",2nd   of 4 Floors,1 to 5 Year Old,South-East
North Grande,https://www.99acres.com/3-bhk-bedroom-apartment-flat-for-sale-in-north-grande-durganagar-kolkata-north-1231-sq-ft-spid-X81125559,3 BHK Flat,69 Lac,"1,231 sqft",Super Built-up Area,"5,605 /sqft","Durganagar, Belgharia Expressway, Kolkata","Private Garden
Gated Society
+2","This 3 bhk flat is located in north grande, which houses some of the most spacious flats in durganagar, kolkata north. The flat is west-Facing. The flat is over 1231 sq.Ft. Super built up area and comes with 3 bedroom(s), 2 bathrooms and 3 balconies. This flat lies on the 1st level of a 6 storey building. An added advantage of this 1-5 years old flat is that it is available for immediate posses...",X81125559,"North Grande, Durganagar, Belgharia Expressway, Kolkata",North Grande,,[],"['Water purifier', 'Security / Fire Alarm', 'Feng Shui / Vaastu Compliant', 'Private Garden / Terrace', 'Intercom Facility', 'Lift(s)', 'High Ceiling Height', 'Maintenance Staff', 'False Ceiling Lighting', 'Water Storage', 'Bank Attached Property', 'Visitor Parking', 'Swimming Pool', 'Park', 'Security Personnel', 'Natural Light', 'Airy Rooms', 'Spacious Interiors', 'Low Density Society', 'Waste Disposal', 'Rain Water Harvesting', 'Water softening plant', 'Shopping Centre', 'Fitness Centre / GYM', 'Club house / Community Center']","['Baranagar Metro Station', 'City Centre 2', 'Diamond Plaza', 'Belghoria Express Way', 'Calcutta Airport English High School']","['Pool,Park/Garden,Club,Main Road,Others']",3 Bedrooms,2 Bathrooms,3 Balconies,,1st   of 6 Floors,1 to 5 Year Old,North-East
A & S APARTMENT (New Booking),https://www.99acres.com/2-bhk-bedroom-apartment-flat-for-sale-in-new-barrakpur-kolkata-north-765-sq-ft-spid-M82983590,2 BHK Flat,22.2 Lac,765 sqft,Super Built-up Area,"2,901 /sqft","New Barrakpur, Kolkata","Top Floor
Gated Society
+2","New booking... Check out this 2 bhk apartment for sale in a & s apartment (New booking), a popular residential project that houses in-Demand flats in new barrakpur, kolkata north. Constructed on a super built up area of 765 sq.Ft., the flat comprises 2 bedroom(s), 2 bathrooms and 1 balcony. This flat lies on the top level of a 4 storey building. As the project is already ready to move, so you c...",M82983590,"A & S APARTMENT (New Bookg), New Barrakpur, Kolkata",,,[],"['Feng Shui / Vaastu Compliant', 'Security / Fire Alarm', 'Lift(s)', 'Maintenance Staff', 'Water Storage', 'Visitor Parking']","['Hari Mandir', 'Church of our Lady of Lourdes', 'SHONI TEMPLE', 'MAA MONOSHA TEMPLE', 'Shri Shoni Temple', 'Amanati Mosque']","['Pool,Club,Others,Sea facing,Main Road,Park/Garden']",2 Bedrooms,2 Bathrooms,1 Balcony,"Pooja Room,Others",4th   of 4 Floors,1 to 5 Year Old,South-East
"A.B construction, T.N.CHATTERJEE STREET",https://www.99acres.com/3-bhk-bedroom-apartment-flat-for-sale-in-tobin-road-kolkata-north-1300-sq-ft-r1-spid-C79702045,3 BHK Flat,58.5 Lac,"1,300 sqft",Super Built-up Area,"4,500 /sqft","Tob Road, Kolkata",,"Residential apartment This is your chance to a 3 bhk apartment / flat for sale in tobin road kolkata . Where luxury comes with affordability. Basic details: You will love this bright and spacious 3 bedroom apartment with 2 bathrooms, modular kitchen, spacious hall and 1 balconies.The balcony offers a great view and is a place to enjoy at any time. This house provides ample natural light and has...",C79702045,"A.B construction, T.N.CHATTERJEE STREET, Tob Road, Kolkata",,,[],['Lift(s)'],"['Noapara metro station', 'Baranagar metro station', 'Baranagar State General Hospital', 'New Saraju Nursing Home', 'Astha Medical Services Pvt Ltd']",['Main Road'],3 Bedrooms,2 Bathrooms,1 Balcony,Pooja Room,2nd   of 4 Floors,0 to 1 Year Old,South-West
No Name,https://www.99acres.com/2-bhk-bedroom-apartment-flat-for-sale-in-mahamayatala-kolkata-south-890-sq-ft-r1-spid-D80961937,2 BHK Flat,36 Lac,890 sqft,Super Built-up Area,"5,365 /sqft","Mahamayatala, Garia",,"Gplus3 building total 6 flats locate in a prime position in kalibazar, mahamayatala 2 bhk flat available on 1st floor with vitrified flooring, aluminum sliding windows, 24hrs water. 6-8 mints walking distance mahamayatala more. Em bypass (1.5), 4-5 mints auto distance from kavi najrul metro station and 7-10 auto distance from mints sonarpur station. Car parking extra 4 lakh This property is rig...",D80961937,"No Name, Mahamayatala, Garia",,,[],"['Feng Shui / Vaastu Compliant', 'Security / Fire Alarm', 'Water Storage', 'Natural Light', 'Airy Rooms', 'Waste Disposal']","['Kavi nazrul metro station', 'Shahid khudiram metro station', 'Sitala mandir', 'Gosto Mandir', 'Brahmapur Badamtala Jame Masjid']",['Main Road'],2 Bedrooms,2 Bathrooms,1 Balcony,Store Room,1st   of 3 Floors,1 to 5 Year Old,South-East
Jay Hanuman Tower-New Booking,https://www.99acres.com/3-bhk-bedroom-apartment-flat-for-sale-in-konnagar-hooghly-1019-sq-ft-spid-B82778982,3 BHK Flat,28.53 Lac,"1,019 sqft",Super Built-up Area,"2,800 /sqft","Konnagar, Hooghly","Nandan School within 250m
Maa Sarada hospital within 500m
+2","Jay hanuman tower-New booking is one of hooghly's most sought after destination for apartments and this 3 bhk flat in konnagar is your opportunity to be a part of this community. The flat is south-East-Facing. The flat occupies a super built up area of 1019 sq.Ft. That consists of 3 bedrooms, 2 bathrooms and 1 balcony. This flat is situated on the 1st floor of this 5 floors tall residential bui...",B82778982,"Jay Hanuman Tower-New Bookg , Konnagar, Hooghly",,,[],"['Security / Fire Alarm', 'Feng Shui / Vaastu Compliant', 'Intercom Facility', 'Lift(s)', 'High Ceiling Height', 'Maintenance Staff', 'Water Storage', 'Visitor Parking', 'Park', 'Security Personnel', 'Natural Light', 'Airy Rooms', 'Waste Disposal', 'Club house / Community Center']",[],['Main Road'],3 Bedrooms,2 Bathrooms,1 Balcony,,1st   of 5 Floors,0 to 1 Year Old,South-East
Akashlina Apartment-New Booking,https://www.99acres.com/2-bhk-bedroom-apartment-flat-for-sale-in-konnagar-hooghly-915-sq-ft-spid-Z82790464,2 BHK Flat,27.45 Lac,915 sqft,Super Built-up Area,"3,000 /sqft","Konnagar, Hooghly","Maa Sarada hospital within 1km
More super market within 250m
+1","Akashlina apartment-New booking is one of the most popular destination for buying apartments/ flats in konnagar, hooghly. You too can be a part of this society by purchasing this 2 bhk flat here. This residential flat is south-West-Facing direction. Constructed on a super built up area of 915 sq.Ft., the flat comprises 2 bedroom(s), 2 bathrooms and 1 balcony. The residential building has 5 floo...",Z82790464,"Akashla Apartment-New Bookg, Konnagar, Hooghly",,,[],"['Feng Shui / Vaastu Compliant', 'Security / Fire Alarm', 'Lift(s)', 'High Ceiling Height', 'Maintenance Staff', 'Water Storage', 'Park', 'Visitor Parking', 'Security Personnel', 'Natural Light', 'Airy Rooms', 'Waste Disposal']",[],['Main Road'],2 Bedrooms,2 Bathrooms,1 Balcony,,2nd   of 5 Floors,1 to 5 Year Old,South-West
Santi Niwas-New Booking,https://www.99acres.com/3-bhk-bedroom-apartment-flat-for-sale-in-konnagar-hooghly-1110-sq-ft-spid-Q82789136,3 BHK Flat,34.41 Lac,"1,110 sqft",Super Built-up Area,"3,100 /sqft","Konnagar, Hooghly","More super market within 500m
Nandanik School within 250m
+2","Check out this 3 bhk apartment for sale in santi niwas-New booking, a popular residential project that houses in-Demand flats in konnagar, hooghly. This property faces the south-East direction. Constructed on a super built up area of 1110 sq.Ft., the flat comprises 3 bedroom(s), 2 bathrooms and 1 balcony. The residential building has 5 floors in total and the flat for sale is located on the top...",Q82789136,"Santi Niwas-New Bookg, Konnagar, Hooghly",,,[],"['Feng Shui / Vaastu Compliant', 'Security / Fire Alarm', 'Lift(s)', 'High Ceiling Height', 'Maintenance Staff', 'Water Storage', 'Visitor Parking', 'Security Personnel', 'Natural Light', 'Airy Rooms', 'Waste Disposal']",[],['Main Road'],3 Bedrooms,2 Bathrooms,1 Balcony,,5th   of 5 Floors,1 to 5 Year Old,North
Jay Hanuman Enclave-New Booking,https://www.99acres.com/2-bhk-bedroom-apartment-flat-for-sale-in-konnagar-hooghly-692-sq-ft-spid-S82778078,2 BHK Flat,17.99 Lac,692 sqft,Super Built-up Area,"2,600 /sqft","Konnagar, Hooghly","Word home school within 250m
Maa Sarada hospital within 500m
+2","This beautiful 2 bhk flat in konnagar, hooghly is situated in jay hanuman enclave-New booking, one of the popular residential society in hooghly. The flat is facing the south-West direction. The flat occupies a super built up area of 692 sq.Ft. That consists of 2 bedrooms, 2 bathrooms and 1 balcony. The residential building has 5 floors in total and the flat for sale is located on the 2nd floor...",S82778078,"Jay Hanuman Enclave-New Bookg, Konnagar, Hooghly",,,[],"['Feng Shui / Vaastu Compliant', 'Security / Fire Alarm', 'Lift(s)', 'High Ceiling Height', 'Maintenance Staff', 'Water Storage', 'Visitor Parking', 'Security Personnel', 'Natural Light', 'Airy Rooms', 'Waste Disposal']",[],['Main Road'],2 Bedrooms,2 Bathrooms,1 Balcony,,2nd   of 5 Floors,1 to 5 Year Old,East
Jay Hanuman Enclave-New Booking,https://www.99acres.com/2-bhk-bedroom-apartment-flat-for-sale-in-konnagar-hooghly-772-sq-ft-spid-H82777682,2 BHK Flat,20.07 Lac,772 sqft,Super Built-up Area,"2,600 /sqft","Konnagar, Hooghly","Word home school within 250m
Maa Sarada Hospital within 500m
+1","This lovely 2 bhk apartment/flat in konnagar is available for sale in one of hooghly's most popular projects, jay hanuman enclave-New booking. This property faces the east direction. Containing 2 bedroom(s), 2 bathrooms and 1 balcony, this flat is spread over a super built up area of 772 sq.Ft. This flat is situated on the 1st floor of this 5 floors tall residential building. Being a ready to m...",H82777682,"Jay Hanuman Enclave-New Bookg, Konnagar, Hooghly",,,[],"['Feng Shui / Vaastu Compliant', 'Security / Fire Alarm', 'Lift(s)', 'High Ceiling Height', 'Maintenance Staff', 'Water Storage', 'Visitor Parking', 'Security Personnel', 'Natural Light', 'Airy Rooms', 'Waste Disposal']",[],[],2 Bedrooms,2 Bathrooms,1 Balcony,,1st   of 5 Floors,1 to 5 Year Old,West
Jay Hanuman Enclave-New Booking,https://www.99acres.com/2-bhk-bedroom-apartment-flat-for-sale-in-konnagar-hooghly-799-sq-ft-spid-P82777538,2 BHK Flat,20.77 Lac,799 sqft,Super Built-up Area,"2,600 /sqft","Konnagar, Hooghly","Word home school within 250m
Maa Sarada hospital within 500m
+1","Situated in konnagar, hooghly, jay hanuman enclave-New booking is a well planned society that offers a pleasant living experience to its residents. This 2 bhk flat in hooghly is your opportunity to be a part of this community. This property faces the north-East direction. Containing 2 bedroom(s), 2 bathrooms and 1 balcony, this flat is spread over a super built up area of 799 sq.Ft. The propert...",P82777538,"Jay Hanuman Enclave-New Bookg, Konnagar, Hooghly",,,[],"['Feng Shui / Vaastu Compliant', 'Security / Fire Alarm', 'Lift(s)', 'High Ceiling Height', 'Maintenance Staff', 'Water Storage', 'Visitor Parking', 'Security Personnel', 'Natural Light', 'Airy Rooms', 'Waste Disposal']",[],['Main Road'],2 Bedrooms,2 Bathrooms,1 Balcony,,2nd   of 5 Floors,1 to 5 Year Old,West
Jay Hanuman Enclave-New Booking,https://www.99acres.com/3-bhk-bedroom-apartment-flat-for-sale-in-konnagar-hooghly-1036-sq-ft-spid-D82777892,3 BHK Flat,26.94 Lac,"1,036 sqft",Super Built-up Area,"2,600 /sqft","Konnagar, Hooghly","Word home school within 250m
Maa Sarada hospital within 500m
+1","This beautiful 3 bhk flat in konnagar, hooghly is situated in jay hanuman enclave-New booking, one of the popular residential society in hooghly. This property faces the north-West direction. The flat is over 1036 sq.Ft. Super built up area and comes with 3 bedroom(s), 2 bathrooms and 2 balconies. The residential building has 5 floors in total and the flat for sale is located on the 3rd floor. ...",D82777892,"Jay Hanuman Enclave-New Bookg, Konnagar, Hooghly",,,[],"['Feng Shui / Vaastu Compliant', 'Security / Fire Alarm', 'Intercom Facility', 'Lift(s)', 'High Ceiling Height', 'Maintenance Staff', 'Water Storage', 'Visitor Parking', 'Security Personnel', 'Natural Light', 'Airy Rooms', 'Waste Disposal']",[],['Main Road'],3 Bedrooms,2 Bathrooms,2 Balconies,,3rd   of 5 Floors,1 to 5 Year Old,East
Jai Ganesh Apartment-New Booking,https://www.99acres.com/2-bhk-bedroom-apartment-flat-for-sale-in-konnagar-hooghly-778-sq-ft-spid-C82783356,2 BHK Flat,21.4 Lac,778 sqft,Super Built-up Area,"2,750 /sqft","Konnagar, Hooghly","Mother international within 1km
Overlooking Main Road
+1","Situated in konnagar, hooghly, jai ganesh apartment-New booking is a well planned society that offers a pleasant living experience to its residents. This 2 bhk flat in hooghly is your opportunity to be a part of this community. The flat is facing the south-East direction. The floor plan additionally contains 2 bedroom(s), 2 bathrooms and 1 balcony. All in all, the flat is spread over a super bu...",C82783356,"Jai Ganesh Apartment-New Bookg, Konnagar, Hooghly",,,[],"['Feng Shui / Vaastu Compliant', 'Security / Fire Alarm', 'Lift(s)', 'Maintenance Staff', 'Water Storage', 'Piped-gas', 'Visitor Parking', 'Security Personnel', 'Natural Light', 'Airy Rooms', 'Waste Disposal']",[],['Main Road'],2 Bedrooms,2 Bathrooms,1 Balcony,,5th   of 5 Floors,1 to 5 Year Old,North
Ganapati Apartment-New Booking,https://www.99acres.com/3-bhk-bedroom-apartment-flat-for-sale-in-konnagar-hooghly-1060-sq-ft-spid-Z82785020,3 BHK Flat,26.5 Lac,"1,060 sqft",Super Built-up Area,"2,500 /sqft","Konnagar, Hooghly","Maa Sarada Hospital within 1km
More super market within 500m
+2","Located in the popular residential address of konnagar, hooghly, ganapati apartment-New booking is one of the most preferred destination for apartments in hooghly. This 3 bhk flat is your ticket to be a part of this community. This is a south-East-Facing property. The floor plan additionally contains 3 bedroom(s), 2 bathrooms and 1 balcony. All in all, the flat is spread over a super built up a...",Z82785020,"Ganapati Apartment-New Bookg, Konnagar, Hooghly",,,[],"['Feng Shui / Vaastu Compliant', 'Security / Fire Alarm', 'Lift(s)', 'High Ceiling Height', 'Maintenance Staff', 'Water Storage', 'Visitor Parking', 'Security Personnel', 'Natural Light', 'Airy Rooms', 'Waste Disposal']",[],['Main Road'],3 Bedrooms,2 Bathrooms,1 Balcony,,2nd   of 5 Floors,1 to 5 Year Old,West
Eco,https://www.99acres.com/3-bhk-bedroom-apartment-flat-for-sale-in-jatragachhi-kolkata-east-1369-sq-ft-spid-E82318316,3 BHK Flat,72.5 Lac,"1,369 sqft",Super Built-up Area,"5,295 /sqft","Jatragachhi, Kolkata East","Gated Society
Corner Property
+1","Absolutely brand new beautiful 3 beds 2 baths, 2 balcony, 1 kitchen,1 loft 1 car parking compact flat for sale. The apartment is situated at jatra gachi very near and walkable distance from biswa bangala convention centre a new town.",,,,,[],[],[],[],0,0,0,,0,,
North Grande,https://www.99acres.com/3-bhk-bedroom-apartment-flat-for-sale-in-north-grande-durganagar-kolkata-north-1404-sq-ft-spid-L81125797,3 BHK Flat,76 Lac,"1,404 sqft",Super Built-up Area,"5,413 /sqft","Durganagar, Belgharia Expressway, Kolkata","Private Garden
Gated Society
+2","This lovely 3 bhk apartment/flat in durganagar is available for sale in one of kolkata north's most popular projects, north grande. This is a north-West-Facing property. The flat is over 1404 sq.Ft. Super built up area and comes with 3 bedroom(s), 3 bathrooms and 3 balconies. The residential building has 6 floors in total and the flat for sale is located on the 2nd floor. This 1-5 years old pro...",L81125797,"North Grande, Durganagar, Belgharia Expressway, Kolkata",North Grande,,[],"['Water purifier', 'Security / Fire Alarm', 'Feng Shui / Vaastu Compliant', 'Private Garden / Terrace', 'Intercom Facility', 'Lift(s)', 'High Ceiling Height', 'Maintenance Staff', 'False Ceiling Lighting', 'Water Storage', 'Bank Attached Property', 'Internet/wi-fi connectivity', 'Visitor Parking', 'Swimming Pool', 'Park', 'Security Personnel', 'Natural Light', 'Airy Rooms', 'Spacious Interiors', 'Low Density Society', 'Waste Disposal', 'Rain Water Harvesting', 'Water softening plant', 'Shopping Centre', 'Fitness Centre / GYM', 'Club house / Community Center']","['Baranagar Metro Station', 'City Centre 2', 'Diamond Plaza', 'Belghoria Express Way', 'Calcutta Airport English High School']","['Pool,Park/Garden,Club,Main Road,Others']",3 Bedrooms,3 Bathrooms,3 Balconies,,2nd   of 6 Floors,1 to 5 Year Old,South-West
The Orchid Grandeur,https://www.99acres.com/3-bhk-bedroom-apartment-flat-for-sale-in-the-orchid-grandeur-rajarhat-kolkata-east-1150-sq-ft-spid-O82674156,3 BHK Flat,48 Lac,"1,150 sqft",Carpet Area,"4,173 /sqft","Rajarhat, Kolkata","Overlooking Park/Garden
Overlooking Main Road
+2",The orchid grandeur good property 3bhk in rajarhat kolkata east good looking property luxury apartment,O82674156,"The Orchid Grandeur, Rajarhat, Kolkata",The Orchid Grandeur,,[],"['Power Back-up', 'Security / Fire Alarm', 'Intercom Facility', 'Lift(s)', 'Swimming Pool', 'Maintenance Staff', 'Water Storage', 'Park', 'Visitor Parking', 'Fitness Centre / GYM', 'Club house / Community Center']","['The Ivy Mall', 'Denovo Institute Of Education', 'Basina Free Primary School', 'Ghosh Bari', 'Lotus Hospital', 'Ohio Hospital']","['Park/Garden,Main Road,Pool,Club']",3 Bedrooms,2 Bathrooms,1 Balcony,,1st   of 5 Floors,1 to 5 Year Old,South-West
Merlin Verve,https://www.99acres.com/4-bhk-bedroom-apartment-flat-for-sale-in-merlin-verve-tollygunge-kolkata-south-1508-sq-ft-spid-S82734602,4 BHK Flat,2.15 Cr,"1,508 sqft",Built-up Area,"14,257 /sqft","Tollygunge, Kolkata","Top Floor
Gated Society
+2","Check out this 4 bhk apartment for sale in merlin verve, a popular residential project that houses in-Demand flats in tollygunge, kolkata south. This property faces the south direction. The flat occupies a built up area of 1508 sq.Ft. That consists of 4 bedrooms, 3 bathrooms and 3 balconies. The flat has a total of 12 floors and this property is situated on top floor. Being a ready to move proj...",S82734602,"Merl Verve, Tollygunge, Kolkata",Merlin Verve,,[],"['Security / Fire Alarm', 'Power Back-up', 'Feng Shui / Vaastu Compliant', 'Intercom Facility', 'Lift(s)', 'High Ceiling Height', 'Maintenance Staff', 'Water Storage', 'Separate entry for servant room', 'Visitor Parking', 'Swimming Pool', 'Park', 'Natural Light', 'Airy Rooms', 'Fitness Centre / GYM', 'Waste Disposal', 'Rain Water Harvesting', 'Club house / Community Center', 'Water softening plant']","['Mahanayak Uttam Kumar Metro', 'Ashok Nagar Bazar', 'Karunamoyee Bridge', 'NSHM Knowledge Campus', 'Sit N N Girls High School']","['Main Road,Others,Club,Park/Garden,Pool']",4 Bedrooms,3 Bathrooms,3 Balconies,,12nd   of 12 Floors,1 to 5 Year Old,South
Rishi Pranaya,https://www.99acres.com/3-bhk-bedroom-apartment-flat-for-sale-in-rishi-pranaya-new-town-kolkata-east-1221-sq-ft-spid-A82733748,3 BHK Flat,94 Lac,"1,221 sqft",Super Built-up Area,"7,698 /sqft","New Town, Kolkata","Top Floor
Overlooking Park/Garden
+2",Rishi pranaya Land mark - Dps megacity & tata madical 2 minits & sector v metro 10 mintu airport 20 minutes & very good property & nice view,,,,,[],[],[],[],0,0,0,,0,,
Urban Sabujayan,https://www.99acres.com/4-bhk-bedroom-apartment-flat-for-sale-in-urban-sabujayan-kalikapur-kolkata-south-1885-sq-ft-spid-C82520578,4 BHK Flat,1.17 Cr,"1,885 sqft",Super Built-up Area,"6,206 /sqft","Kalikapur, Kolkata","Gated Society
Corner Property
+2","Urban sabujayan is one of kolkata south's most sought after destination for apartments and this 4 bhk flat in kalikapur is your opportunity to be a part of this community. The flat is facing the south-East direction. Containing 4 bedroom(s), 3 bathrooms and 2 balconies, this flat is spread over a super built up area of 1885 sq.Ft. This flat lies on the 3rd level of a 4 storey building. Being a ...",C82520578,"Urban Sabujayan, Kalikapur, Kolkata",,,[],"['Feng Shui / Vaastu Compliant', 'Security / Fire Alarm', 'Intercom Facility', 'Lift(s)', 'Maintenance Staff', 'Water Storage', 'Park', 'Visitor Parking']","['Hindu Temple', 'Maa kali temple', 'Shoni thakur mandir', 'Maa Kali mandir', 'Lord Shiva Temple', 'Sada Kali Mandir']","['Pool,Park/Garden,Club,Main Road,Others']",4 Bedrooms,3 Bathrooms,2 Balconies,Others,3rd   of 4 Floors,1 to 5 Year Old,East
Urban Sabujayan,https://www.99acres.com/4-bhk-bedroom-apartment-flat-for-sale-in-urban-sabujayan-kalikapur-kolkata-south-1874-sq-ft-spid-Q80958085,4 BHK Flat,1.12 Cr,"1,874 sqft",Super Built-up Area,"6,000 /sqft","Kalikapur, Kolkata","Gated Society
Corner Property
+2","This beautiful 4 bhk flat in kalikapur, kolkata south is situated in urban sabujayan, one of the popular residential society in kolkata south. This is a south-Facing property. Containing 4 bedroom(s), 3 bathrooms and 2 balconies, this flat is spread over a super built up area of 1874 sq.Ft. This flat lies on the 2nd level of a 4 storey building. This 1-5 years old property is available for imme...",Q80958085,"Urban Sabujayan, Kalikapur, Kolkata",,,[],"['Feng Shui / Vaastu Compliant', 'Security / Fire Alarm', 'Intercom Facility', 'Lift(s)', 'Maintenance Staff', 'Water Storage', 'Park', 'Visitor Parking']","['Hindu Temple', 'Maa kali temple', 'Shoni thakur mandir', 'Maa Kali mandir', 'Lord Shiva Temple', 'Sada Kali Mandir']","['Pool,Park/Garden,Club,Others,Main Road']",4 Bedrooms,3 Bathrooms,2 Balconies,,2nd   of 4 Floors,1 to 5 Year Old,North-West
Shanti Kunja,https://www.99acres.com/2-bhk-bedroom-apartment-flat-for-sale-in-khardah-kolkata-north-680-sq-ft-spid-C82970370,2 BHK Flat,20.4 Lac,680 sqft,Super Built-up Area,"3,000 /sqft","Khardah, BT Road","Fresh Construction
Vitrified Flooring","Shanti kunja is one of the most popular destination for buying apartments/ flats in khardah, kolkata north. You too can be a part of this society by purchasing this 2 bhk flat here. The flat is facing the south-West direction. The floor plan additionally contains 2 bedroom(s), 1 bathroom and 1 balcony. All in all, the flat is spread over a super built up area of 680 sq.Ft. This flat is situated...",C82970370,"Shanti Kunja, Khardah, BT Road",,,[],"['Feng Shui / Vaastu Compliant', 'Lift(s)', 'Maintenance Staff', 'Water Storage', 'Park']","['Sri Jagannath Mandir', 'Jora Sib Mondir', 'Jibandeep Specialist Clinic and Day Care Centre', 'Sankara Jyoti Eye Institute', 'Sree Balaram Seva Mandir State General Hospital']",['Others'],2 Bedrooms,1 Bathroom,1 Balcony,Others,2nd   of 6 Floors,0 to 1 Year Old,South-West
Hiland Park,https://www.99acres.com/3-bhk-bedroom-apartment-flat-for-sale-in-hiland-park-em-bypass-kolkata-south-1328-sq-ft-spid-T82236628,3 BHK Flat,1.1 Cr,"1,328 sqft",Super Built-up Area,"9,090 /sqft","EM Bypass, Kolkata South",,"Looking for a 3 bhk property for sale in kolkata south? Buy this 3 bhk flat in hiland park that is situated in em bypass, kolkata south. This residential flat is south-West-Facing direction. The floor plan additionally contains 3 bedroom(s), 3 bathrooms and 1 balcony. All in all, the flat is spread over a super built up area of 1328 sq.Ft. The residential building has 27 floors in total and the...",T82236628,"Hiland Park, EM Bypass, Kolkata South",Hiland Park,,[],"['Security / Fire Alarm', 'Intercom Facility', 'Lift(s)', 'Maintenance Staff', 'Swimming Pool', 'Water Storage', 'Park', 'Visitor Parking', 'Club house / Community Center', 'Rain Water Harvesting']","['Kavi subhash metro station', 'Shahid khudiram metro station', 'Lake Pally Shiv Mandir', 'Sri Sri 108 Doyal Baba Asram', 'Hanuman Mandir']",['Main Road'],3 Bedrooms,3 Bathrooms,1 Balcony,,9th   of 27 Floors,5 to 10 Year Old,South-West
Alcove New Kolkata Sangam,https://www.99acres.com/3-bhk-bedroom-apartment-flat-for-sale-in-alcove-new-kolkata-sangam-serampore-hooghly-1040-sq-ft-spid-Z83479148,3 BHK Flat,52 Lac,"1,040 sqft",Carpet Area,"5,000 /sqft","Serampore, Hooghly","Fitness Center/ Gym
Club/ Community Center
+1",3bhk flat with modern facility in society Additional details :,Z83479148,"Alcove New Kolkata Sangam, Serampore, Hooghly",Alcove New Kolkata Sangam,,[],"['Power Back-up', 'Lift(s)', 'Swimming Pool', 'Park', 'Piped-gas', 'Fitness Centre / GYM', 'Club house / Community Center', 'Rain Water Harvesting']",[],[],3 Bedrooms,3 Bathrooms,1 Balcony,,17th   of 29 Floors,1 to 5 Year Old,South
Heavens Gateway,https://www.99acres.com/2-bhk-bedroom-apartment-flat-for-sale-in-heavens-gateway-narendrapur-kolkata-south-870-sq-ft-spid-U82449512,2 BHK Flat,30.5 Lac,870 sqft,Super Built-up Area,"3,505 /sqft","Narendrapur, Kolkata","Gated Society
Fitness Center/ Gym
+2","Heavens gateway. Ready to move flat at complex available in narendrapur sonargaon.All standard amenities and facilities are available.Car parking available, zero brokerage . Additional details :",U82449512,"Heavens Gateway, Narendrapur, Kolkata",Heavens Gateway,,[],"['Power Back-up', 'Intercom Facility', 'Lift(s)', 'Maintenance Staff', 'Water Storage', 'Visitor Parking', 'Fitness Centre / GYM']","['Wood Square Mall', 'Future Institute Of Engineering', ""St.Stephen's School"", 'Asia Heart Foundation College', 'Ramakrisna Mission Vidyalaya']",[],2 Bedrooms,2 Bathrooms,1 Balcony,,2nd   of 4 Floors,1 to 5 Year Old,East
Heavens Gateway,https://www.99acres.com/3-bhk-bedroom-apartment-flat-for-sale-in-heavens-gateway-narendrapur-kolkata-south-1287-sq-ft-spid-H82427136,3 BHK Flat,45.1 Lac,"1,287 sqft",Super Built-up Area,"3,504 /sqft","Narendrapur, Kolkata","Gated Society
Fitness Center/ Gym
+1","Heavens gateway, ready to move flat at complex available in narendrapur sonargaon.2 bhk and 3 bhk available, car parking available, all standard amenities and facilities are available.Zerk brokerage. Additional details :",H82427136,"Heavens Gateway, Narendrapur, Kolkata",Heavens Gateway,,[],"['Power Back-up', 'Intercom Facility', 'Lift(s)', 'Maintenance Staff', 'Water Storage', 'Visitor Parking', 'Fitness Centre / GYM']","['Wood Square Mall', 'Future Institute Of Engineering', ""St.Stephen's School"", 'Asia Heart Foundation College', 'Ramakrisna Mission Vidyalaya']",[],3 Bedrooms,2 Bathrooms,2 Balconies,,2nd   of 4 Floors,1 to 5 Year Old,East
Heavens Gateway,https://www.99acres.com/3-bhk-bedroom-apartment-flat-for-sale-in-heavens-gateway-narendrapur-kolkata-south-1339-sq-ft-spid-F82426992,3 BHK Flat,46.9 Lac,"1,339 sqft",Super Built-up Area,"3,502 /sqft","Narendrapur, Kolkata","Gated Society
Fitness Center/ Gym
+1","Heavens gateway, ready to move flat at complex available in narendrapur sonargaon.2 bhk and 3 bhk available, car parking available, all standard amenities and facilities are available.Zerk brokerage. Additional details :",F82426992,"Heavens Gateway, Narendrapur, Kolkata",Heavens Gateway,,[],"['Intercom Facility', 'Lift(s)', 'Maintenance Staff', 'Water Storage', 'Visitor Parking', 'Fitness Centre / GYM']","['Wood Square Mall', 'Future Institute Of Engineering', ""St.Stephen's School"", 'Asia Heart Foundation College', 'Ramakrisna Mission Vidyalaya']",[],3 Bedrooms,2 Bathrooms,2 Balconies,,1st   of 4 Floors,1 to 5 Year Old,South-East
Heavens Gateway,https://www.99acres.com/2-bhk-bedroom-apartment-flat-for-sale-in-heavens-gateway-narendrapur-kolkata-south-978-sq-ft-spid-L81504649,2 BHK Flat,33.74 Lac,978 sqft,Super Built-up Area,"3,449 /sqft","Narendrapur, Kolkata","Gated Society
Fitness Center/ Gym",New ready to move flat at complex available in narendrapur sonargaon.Buy and get 10 gm gold coin .Offer valid till 1 st may.Car parking available . Additional details :,L81504649,"Heavens Gateway, Narendrapur, Kolkata",Heavens Gateway,,[],"['Power Back-up', 'Intercom Facility', 'Lift(s)', 'Fitness Centre / GYM']","['Wood Square Mall', 'Future Institute Of Engineering', ""St.Stephen's School"", 'Asia Heart Foundation College', 'Ramakrisna Mission Vidyalaya']",[],2 Bedrooms,2 Bathrooms,1 Balcony,,1st   of 4 Floors,1 to 5 Year Old,South
Heavens Gateway,https://www.99acres.com/2-bhk-bedroom-apartment-flat-for-sale-in-heavens-gateway-narendrapur-kolkata-south-992-sq-ft-spid-L81505227,2 BHK Flat,34.22 Lac,992 sqft,Super Built-up Area,"3,449 /sqft","Narendrapur, Kolkata",,New ready to move flat at complex available in narendrapur sonargaon.Buy and get 10 gm gold coin .Offer valid till 1 st may.Car parking available . Additional details :,,,,,[],[],[],[],0,0,0,,0,,
Heavens Gateway,https://www.99acres.com/3-bhk-bedroom-apartment-flat-for-sale-in-heavens-gateway-narendrapur-kolkata-south-1339-sq-ft-spid-Y81486585,3 BHK Flat,45.5 Lac,"1,339 sqft",Super Built-up Area,"3,398 /sqft","Narendrapur, Kolkata","Top Floor
Fresh Construction
+2","Ready to move flat at complex available at narendrapur sonargaon. Buy and get 10 gm gold coin, offer till 1st may.Car parking available. Come and visit.",Y81486585,"Heavens Gateway, Narendrapur, Kolkata",Heavens Gateway,,[],"['Power Back-up', 'Intercom Facility', 'Lift(s)', 'Swimming Pool', 'Security Personnel', 'Fitness Centre / GYM', 'Club house / Community Center']","['Wood Square Mall', 'Future Institute Of Engineering', ""St.Stephen's School"", 'Asia Heart Foundation College', 'Ramakrisna Mission Vidyalaya']",[],3 Bedrooms,3 Bathrooms,2 Balconies,,4th   of 4 Floors,0 to 1 Year Old,South
Heavens Gateway,https://www.99acres.com/2-bhk-bedroom-apartment-flat-for-sale-in-heavens-gateway-narendrapur-kolkata-south-992-sq-ft-spid-I81459225,2 BHK Flat,33.72 Lac,992 sqft,Super Built-up Area,"3,399 /sqft","Narendrapur, Kolkata","North Facing
Fresh Construction
+2","Buy ready to move flat with gold coin ,offer valid till 1/5/25, gated community complex with all luxury amenities and facilities. Contact for more details",I81459225,"Heavens Gateway, Narendrapur, Kolkata",Heavens Gateway,,[],"['Power Back-up', 'Intercom Facility', 'Lift(s)', 'Maintenance Staff', 'Water Storage', 'Visitor Parking', 'Fitness Centre / GYM']","['Wood Square Mall', 'Future Institute Of Engineering', ""St.Stephen's School"", 'Asia Heart Foundation College', 'Ramakrisna Mission Vidyalaya']",[],2 Bedrooms,2 Bathrooms,1 Balcony,,1st   of 4 Floors,0 to 1 Year Old,North
Merlin Verve,https://www.99acres.com/2-bhk-bedroom-apartment-flat-for-sale-in-merlin-verve-tollygunge-kolkata-south-675-sq-ft-spid-L82735362,2 BHK Flat,90 Lac,675 sqft,Built-up Area,"13,333 /sqft","Tollygunge, Kolkata","Gated Society
Overlooking Park/Garden
+2","This 2 bhk apartment is available for sale in merlin verve, one of the most prominent projects for flats in tollygunge, kolkata south. This property faces the south-East direction. Constructed on a built up area of 675 sq.Ft., the flat comprises 2 bedroom(s), 2 bathrooms and 1 balcony. The residential building has 12 floors in total and the flat for sale is located on the 10th floor. Being a re...",L82735362,"Merl Verve, Tollygunge, Kolkata",Merlin Verve,,[],"['Security / Fire Alarm', 'Power Back-up', 'Feng Shui / Vaastu Compliant', 'Intercom Facility', 'Lift(s)', 'High Ceiling Height', 'Maintenance Staff', 'Water Storage', 'Separate entry for servant room', 'Visitor Parking', 'Swimming Pool', 'Park', 'Natural Light', 'Airy Rooms', 'Fitness Centre / GYM', 'Waste Disposal', 'Rain Water Harvesting', 'Club house / Community Center', 'Water softening plant']","['Mahanayak Uttam Kumar Metro', 'Ashok Nagar Bazar', 'Karunamoyee Bridge', 'NSHM Knowledge Campus', 'Sit N N Girls High School']","['Main Road,Others,Club,Park/Garden,Pool']",2 Bedrooms,2 Bathrooms,1 Balcony,,10th   of 12 Floors,1 to 5 Year Old,South-East
Hiland Park,https://www.99acres.com/3-bhk-bedroom-apartment-flat-for-sale-in-hiland-park-em-bypass-kolkata-south-1264-sq-ft-spid-I81333041,3 BHK Flat,1.11 Cr,"1,264 sqft",Super Built-up Area,"8,781 /sqft","EM Bypass, Kolkata South","Gated Society
Corner Property
+2","Hiland park is one of the most popular destination for buying apartments/ flats in em bypass, kolkata south. You too can be a part of this society by purchasing this 3 bhk flat here. This residential flat is south-East-Facing direction. The flat occupies a super built up area of 1264 sq.Ft. That consists of 3 bedrooms, 2 bathrooms and 1 balcony. The property is located on the 15th floor of a 27...",I81333041,"Hiland Park, EM Bypass, Kolkata South",Hiland Park,,"['2 Bed', '5 Fan', '5 Light', '2 AC']","['Security / Fire Alarm', 'Intercom Facility', 'Lift(s)', 'High Ceiling Height', 'Maintenance Staff', 'Water Storage', 'Visitor Parking', 'Swimming Pool', 'Park', 'Security Personnel', 'Natural Light', 'Airy Rooms', 'Spacious Interiors', 'Low Density Society', 'Fitness Centre / GYM', 'Waste Disposal', 'Rain Water Harvesting', 'Club house / Community Center']","['Kavi subhash metro station', 'Shahid khudiram metro station', 'Lake Pally Shiv Mandir', 'Hanuman Mandir', 'Kali Mandir']","['Pool,Park/Garden']",3 Bedrooms,2 Bathrooms,1 Balcony,,15th   of 27 Floors,10+ Year Old,North-East
"SB Residency, New Booking",https://www.99acres.com/3-bhk-bedroom-apartment-flat-for-sale-in-action-area-1-kolkata-east-1751-sq-ft-spid-J82368472,3 BHK Flat,1.2 Cr,"1,751 sqft",Built-up Area,"6,853 /sqft","Action Area 1, Kolkata","Overlooking Main Road
Vitrified Flooring","Situated in action area 1, kolkata east, sb residency is a well planned society that offers a pleasant living experience to its residents. This 3 bhk flat in kolkata east is your opportunity to be a part of this community. This is a south-Facing property. The flat occupies a built up area of 1751 sq.Ft. That consists of 3 bedrooms, 3 bathrooms and 1 balcony. The property is located on the 2nd f...",J82368472,"SB Residency, New Bookg, Action Area 1, Kolkata",,,[],"['Feng Shui / Vaastu Compliant', 'Security / Fire Alarm', 'Lift(s)', 'Maintenance Staff', 'Visitor Parking']","['Rabindra Tirtha Metro Station', 'Nazrul tirtha metro station', 'Terminus Mall', 'mandir', 'Hdfc bank ATM', 'Axis bank ATM']",['Main Road'],3 Bedrooms,3 Bathrooms,1 Balcony,,2nd   of 4 Floors,1 to 5 Year Old,South
Tolly Exotica,https://www.99acres.com/3-bhk-bedroom-apartment-flat-for-sale-in-tolly-exotica-ranikuthi-kolkata-south-1645-sq-ft-spid-Z81843332,3 BHK Flat,1.8 Cr,"1,645 sqft",Super Built-up Area,"10,942 /sqft","Ranikuthi, Regent Park, Kolkata","North Facing
Tollygunge Metro within 2km
+2","This lovely 3 bhk apartment/flat in ranikuthi is available for sale in one of kolkata south's most popular projects, tolly exotica. The flat is facing the north direction. Constructed on a super built up area of 1645 sq.Ft., the flat comprises 3 bedroom(s), 3 bathrooms and 1 balcony. This flat is situated on the 12th floor of this 15 floors tall residential building. This 5-10 years old propert...",Z81843332,"Tolly Exotica, Ranikuthi, Regent Park, Kolkata",,,[],"['Intercom Facility', 'Lift(s)', 'Swimming Pool', 'Visitor Parking', 'Security Personnel', 'Natural Light', 'Airy Rooms', 'Spacious Interiors', 'Fitness Centre / GYM', 'Club house / Community Center']","['Netaji metro station', 'Mahanayak uttam kumar metro station', 'Gouria moth', 'Sitala Temple', 'Sri Sri 108 Doyal Baba Asram']",[],3 Bedrooms,3 Bathrooms,1 Balcony,,12nd   of 15 Floors,5 to 10 Year Old,North
PS ONE 10,https://www.99acres.com/4-bhk-bedroom-apartment-flat-for-sale-in-ps-one-10-new-town-kolkata-east-1501-sq-ft-spid-G81814884,4 BHK Flat,2.85 Cr,"1,501 sqft",Carpet Area,"18,987 /sqft","New Town, Kolkata","The Newtown School within 1.5km
Ohio Hospital within 3km
+1","This lovely 4 bhk apartment/flat in new town is available for sale in one of kolkata east's most popular projects, ps one 10. This property faces the south direction. Constructed on a carpet area of 1501 sq.Ft., the flat comprises 4 bedroom(s), 5 bathrooms and 2 balconies. The flat has a total of 20 floors and this property is situated on 7th floor. Being a ready to move project, you can expect...",G81814884,"PS ONE 10, New Town, Kolkata",PS ONE 10,,[],"['Power Back-up', 'Intercom Facility', 'Lift(s)', 'Centrally Air Conditioned', 'Swimming Pool', 'Park', 'Security Personnel', 'Natural Light', 'Airy Rooms', 'Spacious Interiors', 'Fitness Centre / GYM', 'Rain Water Harvesting', 'Club house / Community Center']","['Nazrul Tirtha Metro Station', 'Galaxy Mall', 'Biswa Bangla Sarani', 'The Newtown School', 'Aliah University', 'Ohio Hospital']","['Pool,Park/Garden']",4 Bedrooms,5 Bathrooms,2 Balconies,Servant Room,7th   of 20 Floors,1 to 5 Year Old,South
Bhawani Courtyard,https://www.99acres.com/4-bhk-bedroom-apartment-flat-for-sale-in-bhawani-courtyard-madhyamgram-kolkata-north-1648-sq-ft-spid-E82834182,4 BHK Flat,95 Lac,"1,648 sqft",Super Built-up Area,"5,764 /sqft","Madhyamgram, Kolkata","Fresh Construction
Gated Society
+2",4bhk premium flat available for sale in bhawani courtyard near kolkata airport,E82834182,"Bhawani Courtyard, Madhyamgram, Kolkata",Bhawani Courtyard,,[],"['Security / Fire Alarm', 'Power Back-up', 'Feng Shui / Vaastu Compliant', 'Intercom Facility', 'Lift(s)', 'Maintenance Staff', 'Water Storage', 'Visitor Parking', 'Swimming Pool', 'Park', 'Shopping Centre', 'Fitness Centre / GYM', 'Club house / Community Center']","['Noapara metro station', 'Star Mall', 'Asian Highway (NH 12)', 'Delhi Public International School', 'Rabindra Bharti University W.B']","['Pool,Park/Garden,Club']",4 Bedrooms,3 Bathrooms,2 Balconies,,2nd   of 6 Floors,0 to 1 Year Old,South-West
Bhawani Courtyard,https://www.99acres.com/2-bhk-bedroom-apartment-flat-for-sale-in-bhawani-courtyard-madhyamgram-kolkata-north-1056-sq-ft-spid-C82833336,2 BHK Flat,58 Lac,"1,056 sqft",Super Built-up Area,"5,492 /sqft","Madhyamgram, Kolkata","North Facing
Fresh Construction
+2",2bhk flat available for sale near airport in bhawani courtyard,C82833336,"Bhawani Courtyard, Madhyamgram, Kolkata",Bhawani Courtyard,,[],"['Security / Fire Alarm', 'Power Back-up', 'Feng Shui / Vaastu Compliant', 'Intercom Facility', 'Lift(s)', 'Maintenance Staff', 'Water Storage', 'Visitor Parking', 'Swimming Pool', 'Park', 'Shopping Centre', 'Fitness Centre / GYM', 'Club house / Community Center']","['Noapara metro station', 'Star Mall', 'Asian Highway (NH 12)', 'Delhi Public International School', 'Rabindra Bharti University W.B']",['Main Road'],2 Bedrooms,2 Bathrooms,1 Balcony,,1st   of 6 Floors,0 to 1 Year Old,North
A & S APARTMENT (New Booking),https://www.99acres.com/2-bhk-bedroom-apartment-flat-for-sale-in-agarpara-kolkata-north-834-sq-ft-spid-I82936652,2 BHK Flat,24.2 Lac,834 sqft,Super Built-up Area,"2,901 /sqft","Agarpara, Panihati","Gated Society
Corner Property
+2","New booking... Check out this 2 bhk apartment for sale in a & s apartment (New booking), a popular residential project that houses in-Demand flats in agarpara, kolkata north. The floor plan additionally contains 2 bedroom(s), 2 bathrooms and 1 balcony. All in all, the flat is spread over a super built up area of 834 sq.Ft. This flat is situated on the 1st floor of this 4 floors tall residential...",I82936652,"A & S APARTMENT (New Bookg), Agarpara, Panihati",,,[],"['Feng Shui / Vaastu Compliant', 'Security / Fire Alarm', 'Lift(s)', 'Maintenance Staff', 'Water Storage', 'Visitor Parking']","['Dakshineshwar metro station', 'Baranagar metro station', 'Nayandeep Eye Care', 'Midland Nursing Home', 'Sahid Khudiram Bose Hospital']","['Pool,Club,Others,Sea facing,Main Road,Park/Garden']",2 Bedrooms,2 Bathrooms,1 Balcony,"Pooja Room,Others",1st   of 4 Floors,1 to 5 Year Old,South-East
individual,https://www.99acres.com/2-bhk-bedroom-apartment-flat-for-sale-in-airport-kolkata-north-750-sq-ft-spid-G82913586,2 BHK Flat,24 Lac,750 sqft,Super Built-up Area,"3,200 /sqft","Airport, Dum Dum","Top Floor
Airport jessore road metro Nearby
+2","Flat location:Nabin sangha club,airport 1no Airport walking distance 5min, Hospital walking distance nearby 3min Market walking distance 5 min.. This 2 bhk flat is located in individual, which houses some of the most spacious flats in airport, kolkata north. Constructed on a super built up area of 750 sq.Ft., the flat comprises 2 bedroom(s), 1 bathroom . The residential building has 5 floors in...",G82913586,"dividual , Airport, Dum Dum",,,[],['Lift(s)'],"['Shitala Mandir', 'Mother Teresa Church', 'Axis bank ATM', 'State bank of india ATM', 'Union bank of india ATM', 'Aparna Nursing Home']",[],2 Bedrooms,1 Bathroom,No Balcony,,5th   of 5 Floors,1 to 5 Year Old,South-East
Hindustan Apartment,https://www.99acres.com/3-bhk-bedroom-apartment-flat-for-sale-in-hindustan-more-kolkata-south-1000-sq-ft-spid-V82623884,3 BHK Flat,62 Lac,"1,000 sqft",Super Built-up Area,"6,200 /sqft","Hdustan More, Garia","Gated Society
Overlooking Main Road
+1","Check out this 3 bhk apartment for sale in hindustan apartment, a popular residential project that houses in-Demand flats in hindustan more, kolkata south. This residential flat is south-East-Facing direction. The flat occupies a super built up area of 1000 sq.Ft. That consists of 3 bedrooms, 2 bathrooms and 1 balcony. This flat is situated on the 1st floor of this 4 floors tall residential bui...",V82623884,"Hdustan Apartment, Hdustan More, Garia",,,[],"['Feng Shui / Vaastu Compliant', 'Security / Fire Alarm', 'Lift(s)', 'High Ceiling Height', 'Maintenance Staff', 'Water Storage', 'Visitor Parking', 'Natural Light', 'Airy Rooms', 'Waste Disposal']","['Kavi nazrul metro station', 'Shahid khudiram metro station', 'Kavi subhash metro station', 'Sitala mandir', 'Gosto Mandir']","['Main Road,Others']",3 Bedrooms,2 Bathrooms,1 Balcony,,1st   of 4 Floors,1 to 5 Year Old,East
Elevate Godrej Se7en,https://www.99acres.com/3-bhk-bedroom-apartment-flat-for-sale-in-elevate-godrej-se7en-joka-kolkata-south-1239-sq-ft-spid-X83684874,3 BHK Flat,75 Lac,"1,239 sqft",Super Built-up Area,"6,053 /sqft","Joka, Kolkata South","Gated Society
Corner Property
+2","This 3 bhk flat is located in elevate godrej se7en, which houses some of the most spacious flats in joka, kolkata south. The flat is south-East-Facing. The flat occupies a super built up area of 1239 sq.Ft. That consists of 3 bedrooms, 3 bathrooms and 2 balconies. This flat lies on the 10th level of a 23 storey building. Being a ready to move project, you can expect immediate possession of this...",X83684874,"Elevate Godrej Se7en, Joka, Kolkata South",Elevate Godrej Se7en,,[],"['Power Back-up', 'Intercom Facility', 'Lift(s)', 'Swimming Pool', 'Park', 'Security Personnel', 'Natural Light', 'Airy Rooms', 'Low Density Society', 'Fitness Centre / GYM', 'Waste Disposal', 'Rain Water Harvesting', 'Club house / Community Center']","['Joka Metro Station', 'South City Mall', 'NH 12', 'Kolkata Model School', 'IIM–Calcutta', 'Bharat Sevashram Sangha Hospital']","['Others,Main Road,Park/Garden']",3 Bedrooms,2 Bathrooms,2 Balconies,Others,10th   of 23 Floors,1 to 5 Year Old,North-West
The 102,https://www.99acres.com/3-bhk-bedroom-apartment-flat-for-sale-in-the-102-joka-kolkata-south-1128-sq-ft-spid-H83690372,3 BHK Flat,64.5 Lac,"1,128 sqft",Super Built-up Area,"5,718 /sqft","Joka, Kolkata South","Joka Metro within 1km
Vivekananda Mission within 1km
+2","This beautiful 3 bhk flat in joka, kolkata south is situated in the 102, one of the popular residential society in kolkata south. This residential flat is west-Facing direction. Containing 3 bedroom(s), 2 bathrooms and 3 balconies, this flat is spread over a super built up area of 1128 sq.Ft. The residential building has 15 floors in total and the flat for sale is located on the 3rd floor. An a...",H83690372,"The 102, Joka, Kolkata South",The 102,,[],"['Security / Fire Alarm', 'Power Back-up', 'Feng Shui / Vaastu Compliant', 'Intercom Facility', 'Lift(s)', 'Maintenance Staff', 'Water Storage', 'Bank Attached Property', 'Visitor Parking', 'Swimming Pool', 'Park', 'Security Personnel', 'Natural Light', 'Airy Rooms', 'Low Density Society', 'Fitness Centre / GYM', 'Waste Disposal', 'Rain Water Harvesting', 'Club house / Community Center']","['Joka Metro Station', 'Reliance Trends', 'More Super Market', 'NH12', 'IIM Calcutta', 'Vivekanand Mission School']","['Others,Main Road,Park/Garden']",3 Bedrooms,2 Bathrooms,3 Balconies,Others,3rd   of 15 Floors,1 to 5 Year Old,West
The 102,https://www.99acres.com/2-bhk-bedroom-apartment-flat-for-sale-in-the-102-joka-kolkata-south-906-sq-ft-spid-Z81686700,2 BHK Flat,50 Lac,906 sqft,Super Built-up Area,"7,849 /sqft","Joka, Kolkata South",,"Looking for a 2 bhk property for sale in kolkata south? Buy this 2 bhk flat in the 102 that is situated in joka, kolkata south. This property faces the north-East direction. Constructed on a super built up area of 906 sq.Ft., the flat comprises 2 bedroom(s), 2 bathrooms and 2 balconies. This flat is situated on the 3rd floor of this 15 floors tall residential building. As the project is already...",Z81686700,"The 102, Joka, Kolkata South",The 102,,[],"['Power Back-up', 'Feng Shui / Vaastu Compliant', 'Intercom Facility', 'Lift(s)', 'Bank Attached Property', 'Swimming Pool', 'Security Personnel', 'Natural Light', 'Airy Rooms', 'Low Density Society', 'Fitness Centre / GYM', 'Waste Disposal', 'Rain Water Harvesting']","['Joka Metro Station', 'Reliance Trends', 'More Super Market', 'NH12', 'IIM Calcutta', 'Vivekanand Mission School']","['Park/Garden,Main Road']",2 Bedrooms,2 Bathrooms,2 Balconies,Others,3rd   of 15 Floors,1 to 5 Year Old,North
The 102,https://www.99acres.com/3-bhk-bedroom-apartment-flat-for-sale-in-the-102-joka-kolkata-south-1128-sq-ft-spid-N83684116,3 BHK Flat,65.1 Lac,"1,128 sqft",Super Built-up Area,"5,771 /sqft","Joka, Kolkata South","Joka Metro within 1.5km
Vivekananda Mission within 1.5km
+2","Looking for a 3 bhk property for sale in kolkata south? Buy this 3 bhk flat in the 102 that is situated in joka, kolkata south. This residential flat is south-East-Facing direction. The flat occupies a super built up area of 1128 sq.Ft. That consists of 3 bedrooms, 2 bathrooms and 3 balconies. The residential building has 15 floors in total and the flat for sale is located on the 3rd floor. As ...",N83684116,"The 102, Joka, Kolkata South",The 102,,[],"['Security / Fire Alarm', 'Power Back-up', 'Feng Shui / Vaastu Compliant', 'Intercom Facility', 'Lift(s)', 'Maintenance Staff', 'Water Storage', 'Bank Attached Property', 'Visitor Parking', 'Swimming Pool', 'Security Personnel', 'Natural Light', 'Airy Rooms', 'Low Density Society', 'Fitness Centre / GYM', 'Waste Disposal', 'Rain Water Harvesting', 'Club house / Community Center']","['Joka Metro Station', 'Reliance Trends', 'More Super Market', 'NH12', 'IIM Calcutta', 'Vivekanand Mission School']","['Others,Main Road']",3 Bedrooms,2 Bathrooms,3 Balconies,,3rd   of 15 Floors,1 to 5 Year Old,South-East
The 102,https://www.99acres.com/3-bhk-bedroom-apartment-flat-for-sale-in-the-102-joka-kolkata-south-1528-sq-ft-spid-K83684466,3 BHK Flat,75 Lac,"1,528 sqft",Super Built-up Area,"4,908 /sqft","Joka, Kolkata South","Gated Society
Corner Property
+1","This 3 bhk apartment is available for sale in the 102, one of the most prominent projects for flats in joka, kolkata south. This property faces the north-East direction. The flat is over 1528 sq.Ft. Super built up area and comes with 3 bedroom(s), 2 bathrooms and 3 balconies. This flat lies on the 1st level of a 15 storey building. This 1-5 years old property is available for immediate possessi...",K83684466,"The 102, Joka, Kolkata South",The 102,,[],"['Security / Fire Alarm', 'Power Back-up', 'Feng Shui / Vaastu Compliant', 'Intercom Facility', 'Lift(s)', 'Maintenance Staff', 'Water Storage', 'Bank Attached Property', 'Visitor Parking', 'Swimming Pool', 'Park', 'Security Personnel', 'Natural Light', 'Airy Rooms', 'Low Density Society', 'Fitness Centre / GYM', 'Waste Disposal', 'Rain Water Harvesting', 'Club house / Community Center']","['Joka Metro Station', 'Reliance Trends', 'More Super Market', 'NH12', 'IIM Calcutta', 'Vivekanand Mission School']","['Others,Main Road']",3 Bedrooms,2 Bathrooms,3 Balconies,Others,1st   of 15 Floors,1 to 5 Year Old,South
Primarc Southwinds,https://www.99acres.com/3-bhk-bedroom-apartment-flat-for-sale-in-primarc-southwinds-em-bypass-kolkata-south-1545-sq-ft-spid-Q83382456,3 BHK Flat,1.05 Cr,"1,545 sqft",Super Built-up Area,"6,796 /sqft","EM Bypass, Kolkata South","Private Garden
Khudiram metro within 3km
+2","Primarc southwinds is one of the most popular destination for buying apartments/ flats in em bypass, kolkata south. You too can be a part of this society by purchasing this 3 bhk flat here. This is a south-Facing property. Containing 3 bedroom(s), 2 bathrooms and 2 balconies, this flat is spread over a super built up area of 1545 sq.Ft. This flat is situated on the 2nd floor of this 11 floors t...",Q83382456,"Primarc Southwds, EM Bypass, Kolkata South",Primarc Southwinds,,[],"['Water purifier', 'Security / Fire Alarm', 'Power Back-up', 'Feng Shui / Vaastu Compliant', 'Private Garden / Terrace', 'Intercom Facility', 'Lift(s)', 'Maintenance Staff', 'Water Storage', 'Bank Attached Property', 'Piped-gas', 'Visitor Parking', 'Swimming Pool', 'Park', 'Security Personnel', 'Natural Light', 'Airy Rooms', 'Spacious Interiors', 'Waste Disposal', 'Rain Water Harvesting', 'Water softening plant', 'Shopping Centre', 'Fitness Centre / GYM', 'Club house / Community Center']","['GALLERIA', 'Swarnim International School', 'Jadavpur University', 'IRIS Multisoeciality Hospital', 'Netaji Subhash Chandra Bose Intl Airport']","['Pool,Club']",3 Bedrooms,2 Bathrooms,2 Balconies,Others,2nd   of 11 Floors,5 to 10 Year Old,South-East
Eden Pavilion,https://www.99acres.com/3-bhk-bedroom-apartment-flat-for-sale-in-eden-pavilion-em-bypass-kolkata-east-1370-sq-ft-spid-J82602106,3 BHK Flat,72 Lac,"1,370 sqft",Super Built-up Area,"4,744 /sqft","EM Bypass, Kolkata East","Khudiram within 1km
BDM International within 1km","Looking for a 3 bhk property for sale in kolkata east? Buy this 3 bhk flat in eden pavilion that is situated in em bypass, kolkata east. This residential flat is east-Facing direction. Containing 3 bedroom(s), 2 bathrooms and 1 balcony, this flat is spread over a super built up area of 1370 sq.Ft. This flat lies on the top level of a 4 storey building. Being a ready to move project, you can exp...",J82602106,"Eden Pavilion, EM Bypass, Kolkata East",Eden Pavilion,,[],"['Power Back-up', 'Intercom Facility', 'Lift(s)', 'Swimming Pool', 'Park', 'Fitness Centre / GYM']","['Kavi Nazrul Metro Station', 'Kandarpapur Market', 'Bhasaman Bazar', 'Balia Manik Ghoshal Primary School', 'Dinabandhu Andrews College']",['Others'],3 Bedrooms,2 Bathrooms,1 Balcony,Others,3rd   of 4 Floors,5 to 10 Year Old,South-East
Eden Serenity,https://www.99acres.com/2-bhk-bedroom-apartment-flat-for-sale-in-eden-serenity-em-bypass-kolkata-south-935-sq-ft-spid-D82633894,2 BHK Flat,40 Lac,935 sqft,Super Built-up Area,"5,333 /sqft","EM Bypass, Kolkata South","Gated Society
Corner Property
+1","Check out this 2 bhk apartment for sale in eden serenity, a popular residential project that houses in-Demand flats in em bypass, kolkata south. This property faces the south-West direction. Constructed on a built up area of 750 sq.Ft., the flat comprises 2 bedroom(s), 2 bathrooms and 1 balcony. The flat has a total of 4 floors and this property is situated on 2nd floor. An added advantage of t...",D82633894,"Eden Serenity, EM Bypass, Kolkata South",Eden Serenity,,[],"['Feng Shui / Vaastu Compliant', 'Intercom Facility', 'Lift(s)', 'Maintenance Staff', 'Swimming Pool', 'Park', 'Security Personnel', 'Natural Light', 'Airy Rooms', 'Low Density Society', 'Fitness Centre / GYM', 'Club house / Community Center']","['Kavi subhash metro station', 'Durga mandir', 'Shani mandir garia dhalua', 'Maa kali temple garia dhalua', 'Bikram mess kali mandir']","['Park/Garden,Main Road']",2 Bedrooms,2 Bathrooms,1 Balcony,,2nd   of 4 Floors,10+ Year Old,South-West
Ganguly 4 Sight Model Town,https://www.99acres.com/3-bhk-bedroom-apartment-flat-for-sale-in-ganguly-4-sight-model-town-garia-kolkata-south-1409-sq-ft-spid-F82605926,3 BHK Flat,1 Cr,"1,409 sqft",Built-up Area,"7,097 /sqft","Garia, Kolkata","East Facing
Top Floor
+2","Ganguly 4 sight model town is one of kolkata south's most sought after destination for apartments and this 3 bhk flat in garia is your opportunity to be a part of this community. This is a east-Facing property. Containing 3 bedroom(s), 2 bathrooms and 1 balcony, this flat is spread over a built up area of 1409 sq.Ft. This flat lies on the top level of a 4 storey building. This 10+ years old pro...",F82605926,"Ganguly 4 Sight Model Town, Garia, Kolkata",Ganguly 4 Sight Model Town,,[],"['Feng Shui / Vaastu Compliant', 'Intercom Facility', 'Lift(s)', 'Water purifier', 'Maintenance Staff', 'Water Storage', 'Recently Renovated', 'Swimming Pool', 'Park', 'Security Personnel', 'Natural Light', 'Airy Rooms', 'Spacious Interiors', 'Fitness Centre / GYM', 'Waste Disposal', 'Rain Water Harvesting', 'Club house / Community Center']","['Gitanjali Metro Station', 'Metropolis Mall', 'State Highway 1', 'B.D.M. International School', 'Jadavpur University', 'Peerless Hospital']",['Others'],3 Bedrooms,2 Bathrooms,1 Balcony,,4th   of 4 Floors,10+ Year Old,East
Elevate Godrej Se7en,https://www.99acres.com/3-bhk-bedroom-apartment-flat-for-sale-in-elevate-godrej-se7en-joka-kolkata-south-1344-sq-ft-spid-C82036898,3 BHK Flat,75 Lac,"1,344 sqft",Super Built-up Area,"5,576 /sqft","Joka, Kolkata South","Joka Nearby
Vevakanda school Nearby
+2","Located in the popular residential address of joka, kolkata south, elevate godrej se7en is one of the most preferred destination for apartments in kolkata south. This 3 bhk flat is your ticket to be a part of this community. This property faces the west direction. The floor plan additionally contains 3 bedroom(s), 2 bathrooms and 1 balcony. All in all, the flat is spread over a super built up a...",C82036898,"Elevate Godrej Se7en, Joka, Kolkata South",Elevate Godrej Se7en,,[],"['Feng Shui / Vaastu Compliant', 'Security / Fire Alarm', 'Intercom Facility', 'Lift(s)', 'Maintenance Staff', 'Swimming Pool', 'Water Storage', 'Park', 'Visitor Parking', 'Fitness Centre / GYM', 'Club house / Community Center']","['Joka Metro Station', 'South City Mall', 'NH 12', 'Kolkata Model School', 'IIM–Calcutta', 'Bharat Sevashram Sangha Hospital']","['Park/Garden,Main Road,Pool,Others,Club']",3 Bedrooms,2 Bathrooms,1 Balcony,Others,10th   of 23 Floors,0 to 1 Year Old,West
DTC Southern Heights,https://www.99acres.com/2-bhk-bedroom-apartment-flat-for-sale-in-dtc-southern-heights-joka-kolkata-south-914-sq-ft-spid-J81750482,2 BHK Flat,51 Lac,914 sqft,Super Built-up Area,"5,579 /sqft","Joka, Kolkata South","Gated Society
Corner Property
+2","This 2 bhk flat is located in dtc southern heights, which houses some of the most spacious flats in joka, kolkata south. The flat is south-Facing. The flat is over 914 sq.Ft. Super built up area and comes with 2 bedroom(s), 2 bathrooms and 1 balcony. The flat has a total of 14 floors and this property is situated on 5th floor. An added advantage of this 1-5 years old flat is that it is availabl...",J81750482,"DTC Southern Heights, Joka, Kolkata South",DTC Southern Heights,,[],"['Security / Fire Alarm', 'Power Back-up', 'Feng Shui / Vaastu Compliant', 'Intercom Facility', 'Lift(s)', 'Maintenance Staff', 'Water Storage', 'Visitor Parking', 'Swimming Pool', 'Park', 'Security Personnel', 'Fitness Centre / GYM', 'Rain Water Harvesting', 'Club house / Community Center']","['Joka Metro Station', 'NH 12', 'Pailan World School', 'Swami Vivekananda University', 'BMRI Hospital', 'Netaji Subhash Chandra Bose Intl Airport']","['Park/Garden,Main Road,Club,Others,Sea facing']",2 Bedrooms,2 Bathrooms,1 Balcony,Others,5th   of 14 Floors,1 to 5 Year Old,South
Magnolia Sky View,https://www.99acres.com/3-bhk-bedroom-apartment-flat-for-sale-in-magnolia-sky-view-omarhati-kolkata-east-1228-sq-ft-spid-E83319918,3 BHK Flat,62 Lac,"1,228 sqft",Super Built-up Area,"5,048 /sqft","Omarhati, Kolkata","North-East Facing
Gated Society
+2","Located in the popular residential address of omarhati, kolkata east, magnolia sky view is one of the most preferred destination for apartments in kolkata east. This 3 bhk flat is your ticket to be a part of this community. This is a north-East-Facing property. The flat occupies a super built up area of 1228 sq.Ft. That consists of 3 bedrooms, 2 bathrooms and 2 balconies. The residential buildi...",E83319918,"Magnolia Sky View, Omarhati, Kolkata",Magnolia Sky View,,[],"['Power Back-up', 'Security / Fire Alarm', 'Intercom Facility', 'Lift(s)', 'Swimming Pool', 'Maintenance Staff', 'Water Storage', 'Park', 'Visitor Parking', 'Fitness Centre / GYM', 'Club house / Community Center']","['Delhi Public School Megacity', 'Yellow House Preschool', 'Narayana e-Techno School Newtown', 'Bodhicariya School', 'Aliah University Action Area II']","['Main Road,Others']",3 Bedrooms,2 Bathrooms,2 Balconies,,7th   of 11 Floors,1 to 5 Year Old,North-East
Magnolia Sky View,https://www.99acres.com/3-bhk-bedroom-apartment-flat-for-sale-in-magnolia-sky-view-omarhati-kolkata-east-1885-sq-ft-spid-V83318908,3 BHK Flat,62.2 Lac,"1,885 sqft",Super Built-up Area,"3,299 /sqft","Omarhati, Kolkata","Fitness Center/ Gym
Club/ Community Center
+2","Check out this 3 bhk apartment for sale in magnolia sky view, a popular residential project that houses in-Demand flats in omarhati, kolkata east. The floor plan additionally contains 3 bedroom(s), 2 bathrooms and 1 balcony. All in all, the flat is spread over a super built up area of 1885 sq.Ft. The flat has a total of 11 floors and this property is situated on 5th floor. This is a ready to mo...",V83318908,"Magnolia Sky View, Omarhati, Kolkata",Magnolia Sky View,,[],"['Power Back-up', 'Intercom Facility', 'Lift(s)', 'Swimming Pool', 'Park', 'Fitness Centre / GYM', 'Club house / Community Center']","['Delhi Public School Megacity', 'Yellow House Preschool', 'Narayana e-Techno School Newtown', 'Bodhicariya School', 'Aliah University Action Area II']",[],3 Bedrooms,2 Bathrooms,1 Balcony,,5th   of 11 Floors,1 to 5 Year Old,
Magnolia Oxygen,https://www.99acres.com/3-bhk-bedroom-apartment-flat-for-sale-in-magnolia-oxygen-rajarhat-kolkata-east-1170-sq-ft-r1-spid-O81763762,3 BHK Flat,75 Lac,"1,170 sqft",Super Built-up Area,"6,410 /sqft","Rajarhat, Kolkata","Gated Society
Corner Property
+2","Situated in rajarhat, kolkata east, magnolia oxygen is a well planned society that offers a pleasant living experience to its residents. This 3 bhk flat in kolkata east is your opportunity to be a part of this community. The flat is south-East-Facing. Constructed on a super built up area of 1170 sq.Ft., the flat comprises 3 bedroom(s), 2 bathrooms and 1 balcony. The property is located on the 8...",O81763762,"Magnolia Oxygen, Rajarhat, Kolkata",Magnolia Oxygen,,"['3 Wardrobe', '1 Exhaust Fan', '7 Light', '1 Modular Kitchen', '1 Chimney']","['Feng Shui / Vaastu Compliant', 'Security / Fire Alarm', 'Intercom Facility', 'Lift(s)', 'Maintenance Staff', 'Swimming Pool', 'Park', 'Visitor Parking', 'Security Personnel', 'Fitness Centre / GYM', 'Club house / Community Center', 'Rain Water Harvesting']","['City Centre -2', 'Rajarhat Main Road', 'Belghoria Expressway', 'St. Andrews Public School', 'BPPIMT ', 'Charnock Hospital']","['Pool,Park/Garden,Club,Main Road,Others']",3 Bedrooms,2 Bathrooms,1 Balcony,Others,8th   of 11 Floors,1 to 5 Year Old,South-East
Srishti Eco Star,https://www.99acres.com/3-bhk-bedroom-apartment-flat-for-sale-in-srishti-eco-star-new-town-kolkata-east-1386-sq-ft-r1-spid-T81517077,3 BHK Flat,72.86 Lac,"1,386 sqft",Super Built-up Area,"5,256 /sqft","New Town, Kolkata","Fresh Construction
Gated Society
+2","Check out this 3 bhk apartment for sale in srishti eco star, a popular residential project that houses in-Demand flats in new town, kolkata east. This is a south-East-Facing property. The floor plan additionally contains 3 bedroom(s), 2 bathrooms and 2 balconies. All in all, the flat is spread over a super built up area of 1386 sq.Ft. This flat lies on the 3rd level of a 4 storey building. As t...",T81517077,"Srishti Eco Star, New Town, Kolkata",Srishti Eco Star,,[],"['Feng Shui / Vaastu Compliant', 'Security / Fire Alarm', 'Intercom Facility', 'Lift(s)', 'Maintenance Staff', 'Park', 'Visitor Parking', 'Fitness Centre / GYM']","['Biswa Bangla Gate', 'The Mother Wax Museum', 'The City Centre', 'The Eco Park', 'Nicco Park']","['Park/Garden,Main Road,Others']",3 Bedrooms,2 Bathrooms,2 Balconies,Others,3rd   of 4 Floors,0 to 1 Year Old,South-East
Magnolia Oxygen,https://www.99acres.com/2-bhk-bedroom-apartment-flat-for-sale-in-magnolia-oxygen-rajarhat-kolkata-east-1008-sq-ft-r1-spid-P81503035,2 BHK Flat,53 Lac,"1,008 sqft",Built-up Area,"5,257 /sqft","Rajarhat, Kolkata","Gated Society
Corner Property
+2","Check out this 2 bhk apartment for sale in magnolia oxygen, a popular residential project that houses in-Demand flats in rajarhat, kolkata east. The flat is south-East-Facing. The floor plan additionally contains 2 bedroom(s), 2 bathrooms and 1 balcony. All in all, the flat is spread over a built up area of 1008 sq.Ft. The property is located on the 9th floor of a 11 floors tall building. Being...",P81503035,"Magnolia Oxygen, Rajarhat, Kolkata",Magnolia Oxygen,,[],"['Feng Shui / Vaastu Compliant', 'Intercom Facility', 'Lift(s)', 'Maintenance Staff', 'Swimming Pool', 'Water Storage', 'Park', 'Visitor Parking', 'Security Personnel', 'Fitness Centre / GYM', 'Club house / Community Center', 'Rain Water Harvesting']","['City Centre -2', 'Rajarhat Main Road', 'Belghoria Expressway', 'St. Andrews Public School', 'BPPIMT ', 'Charnock Hospital']","['Park/Garden,Main Road,Others']",2 Bedrooms,2 Bathrooms,1 Balcony,,9th   of 11 Floors,5 to 10 Year Old,South-East
Magnolia Oxygen,https://www.99acres.com/2-bhk-bedroom-apartment-flat-for-sale-in-magnolia-oxygen-rajarhat-kolkata-east-897-sq-ft-r1-spid-E81503503,2 BHK Flat,51 Lac,897 sqft,Super Built-up Area,"5,685 /sqft","Rajarhat, Kolkata","East Facing
Gated Society
+2","Located in the popular residential address of rajarhat, kolkata east, magnolia oxygen is one of the most preferred destination for apartments in kolkata east. This 2 bhk flat is your ticket to be a part of this community. This residential flat is east-Facing direction. Constructed on a super built up area of 897 sq.Ft., the flat comprises 2 bedroom(s), 2 bathrooms and 1 balcony. The property is...",E81503503,"Magnolia Oxygen, Rajarhat, Kolkata",Magnolia Oxygen,,[],"['Feng Shui / Vaastu Compliant', 'Intercom Facility', 'Lift(s)', 'Maintenance Staff', 'Swimming Pool', 'Park', 'Security Personnel', 'Fitness Centre / GYM', 'Club house / Community Center', 'Rain Water Harvesting']","['City Centre -2', 'Rajarhat Main Road', 'Belghoria Expressway', 'St. Andrews Public School', 'BPPIMT ', 'Charnock Hospital']","['Park/Garden,Main Road,Others']",2 Bedrooms,2 Bathrooms,1 Balcony,,3rd   of 11 Floors,5 to 10 Year Old,East
Magnolia Oxygen,https://www.99acres.com/2-bhk-bedroom-apartment-flat-for-sale-in-magnolia-oxygen-rajarhat-kolkata-east-992-sq-ft-r1-spid-E81503445,2 BHK Flat,52.8 Lac,992 sqft,Super Built-up Area,"5,322 /sqft","Rajarhat, Kolkata","Gated Society
Corner Property
+2","Looking for a 2 bhk property for sale in kolkata east? Buy this 2 bhk flat in magnolia oxygen that is situated in rajarhat, kolkata east. This is a south-Facing property. The flat occupies a super built up area of 992 sq.Ft. That consists of 2 bedrooms, 2 bathrooms and 1 balcony. This flat is situated on the 4th floor of this 11 floors tall residential building. As the project is already ready ...",E81503445,"Magnolia Oxygen, Rajarhat, Kolkata",Magnolia Oxygen,,[],"['Feng Shui / Vaastu Compliant', 'Intercom Facility', 'Lift(s)', 'Maintenance Staff', 'Swimming Pool', 'Park', 'Security Personnel', 'Fitness Centre / GYM', 'Club house / Community Center', 'Rain Water Harvesting']","['City Centre -2', 'Rajarhat Main Road', 'Belghoria Expressway', 'St. Andrews Public School', 'BPPIMT ', 'Charnock Hospital']","['Main Road,Others']",2 Bedrooms,2 Bathrooms,1 Balcony,,4th   of 11 Floors,5 to 10 Year Old,South
Magnolia Oxygen,https://www.99acres.com/2-bhk-bedroom-apartment-flat-for-sale-in-magnolia-oxygen-rajarhat-kolkata-east-897-sq-ft-r1-spid-C81503233,2 BHK Flat,51.5 Lac,897 sqft,Super Built-up Area,"5,741 /sqft","Rajarhat, Kolkata","Gated Society
Corner Property
+2","Magnolia oxygen is one of the most popular destination for buying apartments/ flats in rajarhat, kolkata east. You too can be a part of this society by purchasing this 2 bhk flat here. This property faces the north-West direction. Containing 2 bedroom(s), 2 bathrooms and 1 balcony, this flat is spread over a super built up area of 897 sq.Ft. The property is located on the 10th floor of a 11 flo...",C81503233,"Magnolia Oxygen, Rajarhat, Kolkata",Magnolia Oxygen,,[],"['Feng Shui / Vaastu Compliant', 'Intercom Facility', 'Lift(s)', 'Maintenance Staff', 'Swimming Pool', 'Park', 'Security Personnel', 'Fitness Centre / GYM', 'Club house / Community Center', 'Rain Water Harvesting']","['City Centre -2', 'Rajarhat Main Road', 'Belghoria Expressway', 'St. Andrews Public School', 'BPPIMT ', 'Charnock Hospital']","['Main Road,Park/Garden,Others']",2 Bedrooms,2 Bathrooms,1 Balcony,,10th   of 11 Floors,5 to 10 Year Old,North-West
Srishti Eco Star,https://www.99acres.com/3-bhk-bedroom-apartment-flat-for-sale-in-srishti-eco-star-new-town-kolkata-east-1369-sq-ft-r1-spid-S81483335,3 BHK Flat,73 Lac,"1,369 sqft",Super Built-up Area,"5,332 /sqft","New Town, Kolkata","Convention centre within 500m
Fresh Construction
+2","Situated in new town, kolkata east, srishti eco star is a well planned society that offers a pleasant living experience to its residents. This 3 bhk flat in kolkata east is your opportunity to be a part of this community. The flat is south-East-Facing. The flat occupies a super built up area of 1369 sq.Ft. That consists of 3 bedrooms, 2 bathrooms and 1 balcony. The residential building has 4 fl...",S81483335,"Srishti Eco Star, New Town, Kolkata",Srishti Eco Star,,[],"['Security / Fire Alarm', 'Feng Shui / Vaastu Compliant', 'Lift(s)', 'High Ceiling Height', 'Maintenance Staff', 'Water Storage', 'Visitor Parking', 'Natural Light', 'Airy Rooms', 'Fitness Centre / GYM', 'Waste Disposal', 'Club house / Community Center']","['Biswa Bangla Gate', 'The Mother Wax Museum', 'The City Centre', 'The Eco Park', 'Nicco Park']","['Main Road,Club,Others']",3 Bedrooms,2 Bathrooms,1 Balcony,,1st   of 4 Floors,0 to 1 Year Old,South-East
Srishti Eco Star,https://www.99acres.com/2-bhk-bedroom-apartment-flat-for-sale-in-srishti-eco-star-new-town-kolkata-east-959-sq-ft-r1-spid-P81482823,2 BHK Flat,51 Lac,959 sqft,Super Built-up Area,"5,318 /sqft","New Town, Kolkata","North-East Facing
Convention centre within 500m
+2","This 2 bhk apartment is available for sale in srishti eco star, one of the most prominent projects for flats in new town, kolkata east. This residential flat is north-East-Facing direction. Constructed on a super built up area of 959 sq.Ft., the flat comprises 2 bedroom(s), 2 bathrooms and 1 balcony. The residential building has 4 floors in total and the flat for sale is located on the 1st floo...",P81482823,"Srishti Eco Star, New Town, Kolkata",Srishti Eco Star,,[],"['Security / Fire Alarm', 'Feng Shui / Vaastu Compliant', 'Lift(s)', 'High Ceiling Height', 'Maintenance Staff', 'Water Storage', 'Visitor Parking', 'Natural Light', 'Airy Rooms', 'Fitness Centre / GYM', 'Waste Disposal', 'Club house / Community Center']","['Biswa Bangla Gate', 'The Mother Wax Museum', 'The City Centre', 'The Eco Park', 'Nicco Park']","['Main Road,Others,Club']",2 Bedrooms,2 Bathrooms,1 Balcony,,1st   of 4 Floors,0 to 1 Year Old,North-East
Magnolia Oxygen,https://www.99acres.com/2-bhk-bedroom-apartment-flat-for-sale-in-magnolia-oxygen-rajarhat-kolkata-east-897-sq-ft-spid-S82829454,2 BHK Flat,51.6 Lac,897 sqft,Super Built-up Area,"5,752 /sqft","Rajarhat, Kolkata","Corner Property
Overlooking Park/Garden
+1","This 2 bhk flat is located in magnolia oxygen, which houses some of the most spacious flats in rajarhat, kolkata east. This is a north-East-Facing property. Constructed on a super built up area of 897 sq.Ft., the flat comprises 2 bedroom(s), 2 bathrooms and 1 balcony. This flat lies on the 10th level of a 11 storey building. An added advantage of this 1-5 years old flat is that it is available ...",S82829454,"Magnolia Oxygen, Rajarhat, Kolkata",Magnolia Oxygen,,[],"['Power Back-up', 'Feng Shui / Vaastu Compliant', 'Intercom Facility', 'Lift(s)', 'Swimming Pool', 'Maintenance Staff', 'Park', 'Security Personnel', 'Fitness Centre / GYM', 'Club house / Community Center', 'Rain Water Harvesting']","['City Centre -2', 'Rajarhat Main Road', 'Belghoria Expressway', 'St. Andrews Public School', 'BPPIMT ', 'Charnock Hospital', 'NSCB International Airport', 'Kolkata Railway Station', 'The Westin']","['Main Road,Others,Park/Garden']",2 Bedrooms,2 Bathrooms,1 Balcony,,10th   of 11 Floors,1 to 5 Year Old,North
Magnolia Oxygen,https://www.99acres.com/2-bhk-bedroom-apartment-flat-for-sale-in-magnolia-oxygen-rajarhat-kolkata-east-897-sq-ft-spid-D82829388,2 BHK Flat,51.4 Lac,897 sqft,Super Built-up Area,"5,730 /sqft","Rajarhat, Kolkata","Gated Society
Corner Property
+2","Situated in rajarhat, kolkata east, magnolia oxygen is a well planned society that offers a pleasant living experience to its residents. This 2 bhk flat in kolkata east is your opportunity to be a part of this community. The flat is facing the south direction. The flat occupies a super built up area of 897 sq.Ft. That consists of 2 bedrooms, 2 bathrooms and 1 balcony. This flat lies on the 5th ...",D82829388,"Magnolia Oxygen, Rajarhat, Kolkata",Magnolia Oxygen,,[],"['Power Back-up', 'Feng Shui / Vaastu Compliant', 'Intercom Facility', 'Lift(s)', 'Swimming Pool', 'Maintenance Staff', 'Park', 'Security Personnel', 'Fitness Centre / GYM', 'Club house / Community Center', 'Rain Water Harvesting']","['City Centre -2', 'Rajarhat Main Road', 'Belghoria Expressway', 'St. Andrews Public School', 'BPPIMT ', 'Charnock Hospital']","['Others,Main Road']",2 Bedrooms,2 Bathrooms,1 Balcony,,5th   of 11 Floors,1 to 5 Year Old,North-East
Magnolia Oxygen,https://www.99acres.com/2-bhk-bedroom-apartment-flat-for-sale-in-magnolia-oxygen-rajarhat-kolkata-east-897-sq-ft-spid-Q82829334,2 BHK Flat,51.1 Lac,897 sqft,Super Built-up Area,"5,696 /sqft","Rajarhat, Kolkata","Gated Society
Corner Property
+1","Looking for a 2 bhk property for sale in kolkata east? Buy this 2 bhk flat in magnolia oxygen that is situated in rajarhat, kolkata east. The flat is east-Facing. The flat occupies a super built up area of 897 sq.Ft. That consists of 2 bedrooms, 2 bathrooms and 1 balcony. This flat lies on the 4th level of a 11 storey building. Being a ready to move project, you can expect immediate possession ...",Q82829334,"Magnolia Oxygen, Rajarhat, Kolkata",Magnolia Oxygen,,[],"['Power Back-up', 'Feng Shui / Vaastu Compliant', 'Intercom Facility', 'Lift(s)', 'Swimming Pool', 'Maintenance Staff', 'Park', 'Security Personnel', 'Fitness Centre / GYM', 'Club house / Community Center', 'Rain Water Harvesting']","['City Centre -2', 'Rajarhat Main Road', 'Belghoria Expressway', 'St. Andrews Public School', 'BPPIMT ', 'Charnock Hospital']","['Others,Main Road,Park/Garden']",2 Bedrooms,2 Bathrooms,1 Balcony,,4th   of 11 Floors,1 to 5 Year Old,North
nirala apartment,https://www.99acres.com/2-bhk-bedroom-apartment-flat-for-sale-in-kalaberia-kolkata-east-955-sq-ft-spid-O82606016,2 BHK Flat,33.42 Lac,955 sqft,Super Built-up Area,"3,500 /sqft","Kalaberia, Kolkata","Top Floor
Corner Property
+1","This lovely 2 bhk apartment/flat in kalaberia is available for sale in one of kolkata east's most popular projects, nirala apartment. This residential flat is south-East-Facing direction. Containing 2 bedroom(s), 2 bathrooms and 1 balcony, this flat is spread over a super built up area of 955 sq.Ft. The residential building has 4 floors in total and the flat for sale is located on the top floor...",O82606016,"nirala apartment, Kalaberia, Kolkata",,,[],"['Feng Shui / Vaastu Compliant', 'Security / Fire Alarm', 'Lift(s)', 'Maintenance Staff']","['Dakbunglow Shani Kali Mandir', 'Nathpara Shib Mandir', 'Rajarhat Shitala Kali Temple', 'Nathpara Temple', 'Hanuman Mandir']",['Others'],2 Bedrooms,2 Bathrooms,2 Balconies,,4th   of 4 Floors,1 to 5 Year Old,North-East
nirala apartment,https://www.99acres.com/2-bhk-bedroom-apartment-flat-for-sale-in-kalaberia-kolkata-east-820-sq-ft-spid-W82605938,2 BHK Flat,28.7 Lac,820 sqft,Super Built-up Area,"3,500 /sqft","Kalaberia, Kolkata","Gated Society
Corner Property
+2","Check out this 2 bhk apartment for sale in nirala apartment, a popular residential project that houses in-Demand flats in kalaberia, kolkata east. This residential flat is south-Facing direction. Containing 2 bedroom(s), 2 bathrooms and 1 balcony, this flat is spread over a super built up area of 820 sq.Ft. The residential building has 4 floors in total and the flat for sale is located on the 3...",W82605938,"nirala apartment, Kalaberia, Kolkata",,,[],"['Feng Shui / Vaastu Compliant', 'Security / Fire Alarm', 'Lift(s)', 'Maintenance Staff', 'Water Storage']","['Dakbunglow Shani Kali Mandir', 'Nathpara Shib Mandir', 'Rajarhat Shitala Kali Temple', 'Nathpara Temple', 'Hanuman Mandir']","['Park/Garden,Main Road,Others']",2 Bedrooms,2 Bathrooms,1 Balcony,,3rd   of 4 Floors,1 to 5 Year Old,South
nirala apartment new booking,https://www.99acres.com/3-bhk-bedroom-apartment-flat-for-sale-in-kalaberia-kolkata-east-1140-sq-ft-spid-B82605754,3 BHK Flat,39.9 Lac,"1,140 sqft",Super Built-up Area,"3,500 /sqft","Kalaberia, Kolkata","Gated Society
Corner Property
+2","Situated in kalaberia, kolkata east, nirala apartment is a well planned society that offers a pleasant living experience to its residents. This 3 bhk flat in kolkata east is your opportunity to be a part of this community. This is a south-West-Facing property. The flat occupies a super built up area of 1140 sq.Ft. That consists of 3 bedrooms, 2 bathrooms and 1 balcony. The residential building ...",B82605754,"nirala apartment new bookg, Kalaberia, Kolkata",,,[],"['Feng Shui / Vaastu Compliant', 'Security / Fire Alarm', 'Lift(s)', 'Water Storage']","['Dakbunglow Shani Kali Mandir', 'Nathpara Shib Mandir', 'Rajarhat Shitala Kali Temple', 'Nathpara Temple', 'Hanuman Mandir']","['Others,Main Road']",3 Bedrooms,2 Bathrooms,1 Balcony,,1st   of 4 Floors,1 to 5 Year Old,South-East
Srishti Eco Star,https://www.99acres.com/3-bhk-bedroom-apartment-flat-for-sale-in-srishti-eco-star-new-town-kolkata-east-1369-sq-ft-spid-E82216202,3 BHK Flat,72.56 Lac,"1,369 sqft",Super Built-up Area,"5,300 /sqft","New Town, Kolkata","Recently Renovated
Gated Society
+2","This beautiful 3 bhk flat in new town, kolkata east is situated in srishti eco star, one of the popular residential society in kolkata east. The flat is facing the south-East direction. The flat is over 1369 sq.Ft. Super built up area and comes with 3 bedroom(s), 2 bathrooms and 2 balconies. The residential building has 4 floors in total and the flat for sale is located on the 3rd floor. This i...",E82216202,"Srishti Eco Star, New Town, Kolkata",Srishti Eco Star,,[],"['Feng Shui / Vaastu Compliant', 'Lift(s)', 'High Ceiling Height', 'Maintenance Staff', 'Water Storage', 'Recently Renovated', 'Security Personnel', 'Natural Light', 'Airy Rooms', 'Spacious Interiors', 'Low Density Society', 'Fitness Centre / GYM', 'Waste Disposal', 'Rain Water Harvesting', 'Club house / Community Center', 'Water softening plant']","['Biswa Bangla Gate', 'The Mother Wax Museum', 'The City Centre', 'The Eco Park', 'Nicco Park']","['Main Road,Park/Garden,Others']",3 Bedrooms,2 Bathrooms,2 Balconies,,3rd   of 4 Floors,1 to 5 Year Old,North
Srishti Eco Star,https://www.99acres.com/2-bhk-bedroom-apartment-flat-for-sale-in-srishti-eco-star-new-town-kolkata-east-960-sq-ft-spid-Q82216048,2 BHK Flat,50.88 Lac,960 sqft,Super Built-up Area,"5,300 /sqft","New Town, Kolkata","Gated Society
Corner Property
+1","This 2 bhk flat is located in srishti eco star, which houses some of the most spacious flats in new town, kolkata east. This residential flat is north-East-Facing direction. Containing 2 bedroom(s), 2 bathrooms and 1 balcony, this flat is spread over a super built up area of 960 sq.Ft. The flat has a total of 4 floors and this property is situated on 3rd floor. An added advantage of this 1-5 ye...",Q82216048,"Srishti Eco Star, New Town, Kolkata",Srishti Eco Star,,[],"['Feng Shui / Vaastu Compliant', 'Lift(s)', 'Maintenance Staff', 'Water Storage', 'Security Personnel', 'Natural Light', 'Airy Rooms', 'Spacious Interiors', 'Fitness Centre / GYM', 'Club house / Community Center', 'Water softening plant']","['Biswa Bangla Gate', 'The Mother Wax Museum', 'The City Centre', 'The Eco Park', 'Nicco Park']","['Others,Main Road']",2 Bedrooms,2 Bathrooms,1 Balcony,,3rd   of 4 Floors,1 to 5 Year Old,South
Srishti Eco Star,https://www.99acres.com/2-bhk-bedroom-apartment-flat-for-sale-in-srishti-eco-star-new-town-kolkata-east-959-sq-ft-spid-O82215978,2 BHK Flat,50.83 Lac,959 sqft,Super Built-up Area,"5,300 /sqft","New Town, Kolkata","Gated Society
Corner Property
+1","Located in the popular residential address of new town, kolkata east, srishti eco star is one of the most preferred destination for apartments in kolkata east. This 2 bhk flat is your ticket to be a part of this community. This property faces the north direction. The flat is over 959 sq.Ft. Super built up area and comes with 2 bedroom(s), 2 bathrooms and 1 balcony. The residential building has ...",O82215978,"Srishti Eco Star, New Town, Kolkata",Srishti Eco Star,,[],"['Feng Shui / Vaastu Compliant', 'Lift(s)', 'Maintenance Staff', 'Water Storage', 'Security Personnel', 'Natural Light', 'Airy Rooms', 'Spacious Interiors', 'Low Density Society', 'Fitness Centre / GYM', 'Waste Disposal', 'Rain Water Harvesting', 'Club house / Community Center', 'Water softening plant']","['Biswa Bangla Gate', 'The Mother Wax Museum', 'The City Centre', 'The Eco Park', 'Nicco Park']","['Others,Main Road']",2 Bedrooms,2 Bathrooms,1 Balcony,,3rd   of 4 Floors,1 to 5 Year Old,North-West
Srishti Eco Star,https://www.99acres.com/3-bhk-bedroom-apartment-flat-for-sale-in-srishti-eco-star-new-town-kolkata-east-1234-sq-ft-spid-U82216154,3 BHK Flat,65.4 Lac,"1,234 sqft",Super Built-up Area,"5,300 /sqft","New Town, Kolkata","Gated Society
Corner Property
+2","This 3 bhk apartment is available for sale in srishti eco star, one of the most prominent projects for flats in new town, kolkata east. This residential flat is south-West-Facing direction. The floor plan additionally contains 3 bedroom(s), 2 bathrooms and 1 balcony. All in all, the flat is spread over a super built up area of 1234 sq.Ft. The residential building has 4 floors in total and the f...",U82216154,"Srishti Eco Star, New Town, Kolkata",Srishti Eco Star,,[],"['Feng Shui / Vaastu Compliant', 'Lift(s)', 'Maintenance Staff', 'Water Storage', 'Security Personnel', 'Natural Light', 'Airy Rooms', 'Spacious Interiors', 'Fitness Centre / GYM', 'Club house / Community Center', 'Water softening plant']","['Biswa Bangla Gate', 'The Mother Wax Museum', 'The City Centre', 'The Eco Park', 'Nicco Park']","['Main Road,Park/Garden,Others']",3 Bedrooms,2 Bathrooms,1 Balcony,,1st   of 4 Floors,1 to 5 Year Old,North
Purti Veda,https://www.99acres.com/3-bhk-bedroom-apartment-flat-for-sale-in-purti-veda-new-town-kolkata-east-1150-sq-ft-spid-I83662062,3 BHK Flat,1.2 Cr,"1,150 sqft",Super Built-up Area,"10,434 /sqft","New Town, Kolkata","Fresh Construction
Gated Society
+2","This beautiful 3 bhk flat in new town, kolkata east is situated in purti veda, one of the popular residential society in kolkata east. The flat is south-East-Facing. Containing 3 bedroom(s), 2 bathrooms and 1 balcony, this flat is spread over a super built up area of 1150 sq.Ft. The residential building has 12 floors in total and the flat for sale is located on the 8th floor. This 0-1 year old ...",I83662062,"Purti Veda, New Town, Kolkata",Purti Veda,,[],"['Power Back-up', 'Feng Shui / Vaastu Compliant', 'Security / Fire Alarm', 'Intercom Facility', 'Lift(s)', 'Swimming Pool', 'Maintenance Staff', 'Water Storage', 'Park', 'Visitor Parking', 'Fitness Centre / GYM', 'Club house / Community Center']","['Proposed Metro Station', 'Axis Mall', 'Central Mall', 'The New Town School', 'DPS New Town', 'University of Egineering']","['Main Road,Park/Garden,Pool']",3 Bedrooms,2 Bathrooms,1 Balcony,,8th   of 12 Floors,0 to 1 Year Old,South-East
Utsa Luxary,https://www.99acres.com/2-bhk-bedroom-apartment-flat-for-sale-in-utsa-luxary-new-town-action-area-1a-kolkata-east-1105-sq-ft-spid-F83234510,2 BHK Flat,95 Lac,"1,105 sqft",Super Built-up Area,"8,597 /sqft","New Town Action area 1A, Kolkata","Gated Society
Overlooking Park/Garden
+2","Located in the popular residential address of new town action area 1a, kolkata east, utsa luxary is one of the most preferred destination for apartments in kolkata east. This 2 bhk flat is your ticket to be a part of this community. This residential flat is south-Facing direction. Constructed on a super built up area of 1105 sq.Ft., the flat comprises 2 bedroom(s), 2 bathrooms and 1 balcony. Th...",F83234510,"Utsa Luxary, New Town Action area 1A, Kolkata",,,[],"['Feng Shui / Vaastu Compliant', 'Security / Fire Alarm', 'Intercom Facility', 'Lift(s)', 'Maintenance Staff', 'Water Storage', 'Park', 'Visitor Parking']","['Nazrul tirtha metro station', 'Terminus Mall', 'mandir', 'Citibank ATM', 'Hdfc bank ATM', 'Hdfc bank ATM', 'Indian overseas bank ATM']","['Pool,Park/Garden,Main Road,Club,Others']",2 Bedrooms,2 Bathrooms,1 Balcony,Pooja Room,2nd   of 12 Floors,10+ Year Old,South
The Ecos,https://www.99acres.com/4-bhk-bedroom-apartment-flat-for-sale-in-the-ecos-new-town-kolkata-east-2200-sq-ft-spid-J82611276,4 BHK Flat,2.5 Cr,"2,200 sqft",Super Built-up Area,"11,363 /sqft","New Town, Kolkata","North-East Facing
Fresh Construction
+2","Looking for a 4 bhk property for sale in kolkata east? Buy this 4 bhk flat in the ecos that is situated in new town, kolkata east. This property faces the north-East direction. The flat occupies a super built up area of 2200 sq.Ft. That consists of 4 bedrooms, 3 bathrooms and 2 balconies. The residential building has 12 floors in total and the flat for sale is located on the 5th floor. Being a ...",J82611276,"The Ecos, New Town, Kolkata",The Ecos,,[],"['Security / Fire Alarm', 'Power Back-up', 'Feng Shui / Vaastu Compliant', 'Intercom Facility', 'Lift(s)', 'Maintenance Staff', 'Water Storage', 'Visitor Parking', 'Swimming Pool', 'Park', 'Security Personnel', 'Fitness Centre / GYM', 'Rain Water Harvesting', 'Club house / Community Center']","['Salt Lake Sector V', 'Axis Mall', 'Biswa Bangla Sarani', 'Orchids The International School', 'Aliah University', 'Manipal Hospitals Broadway']","['Pool,Club,Sea facing,Park/Garden,Main Road,Others']",4 Bedrooms,3 Bathrooms,2 Balconies,Servant Room,5th   of 12 Floors,0 to 1 Year Old,North-East
Samvabata Residency,https://www.99acres.com/3-bhk-bedroom-apartment-flat-for-sale-in-action-area-1-kolkata-east-1500-sq-ft-spid-J82483318,3 BHK Flat,1.42 Cr,"1,500 sqft",Super Built-up Area,"9,466 /sqft","Action Area 1, Kolkata","Overlooking Main Road
Vitrified Flooring","Samvabata residency is one of kolkata east's most sought after destination for apartments and this 3 bhk flat in action area 1 is your opportunity to be a part of this community. This is a north-West-Facing property. The flat is over 1500 sq.Ft. Super built up area and comes with 3 bedroom(s), 3 bathrooms and 3 balconies. This flat is situated on the 10th floor of this 11 floors tall residentia...",J82483318,"Samvabata Residency , Action Area 1, Kolkata",,,"['1 Wardrobe', '5 Fan', '10 Light']","['Feng Shui / Vaastu Compliant', 'Security / Fire Alarm', 'Intercom Facility', 'Lift(s)', 'Maintenance Staff', 'Water Storage', 'Visitor Parking']","['Nazrul tirtha metro station', 'Rabindra Tirtha Metro Station', 'Terminus Mall', 'mandir', 'Hdfc bank ATM', 'Citibank ATM']",['Main Road'],3 Bedrooms,3 Bathrooms,3 Balconies,,10th   of 11 Floors,1 to 5 Year Old,North-West
Sunrise Green,https://www.99acres.com/3-bhk-bedroom-apartment-flat-for-sale-in-sunrise-green-new-town-kolkata-east-1535-sq-ft-spid-S82374862,3 BHK Flat,1.65 Cr,"1,535 sqft",Super Built-up Area,"10,749 /sqft","New Town, Kolkata","North-East Facing
Gated Society
+2","Situated in new town, kolkata east, sunrise green is a well planned society that offers a pleasant living experience to its residents. This 3 bhk flat in kolkata east is your opportunity to be a part of this community. The flat is facing the north-East direction. The floor plan additionally contains 3 bedroom(s), 2 bathrooms and 1 balcony. All in all, the flat is spread over a super built up ar...",S82374862,"Sunrise Green, New Town, Kolkata",,,"['1 Water Purifier', '1 Fridge', '8 Fan', '1 Exhaust Fan', '1 Dining Table', '1 Geyser', '1 Stove', '12 Light', '4 AC', '1 Curtains', '1 TV', '1 Chimney', '1 Modular Kitchen', '3 Wardrobe', '3 Bed', '1 Sofa', '1 Microwave', '1 Washing Machine']","['Security / Fire Alarm', 'Feng Shui / Vaastu Compliant', 'Intercom Facility', 'Lift(s)', 'High Ceiling Height', 'Maintenance Staff', 'False Ceiling Lighting', 'Water Storage', 'Bank Attached Property', 'Visitor Parking', 'Swimming Pool', 'Park', 'Security Personnel', 'Airy Rooms', 'Spacious Interiors', 'Low Density Society', 'Fitness Centre / GYM', 'Rain Water Harvesting', 'Club house / Community Center']","['Nazrul tirtha metro station', 'Rabindra Tirtha Metro Station', 'Terminus Mall', 'mandir', 'Hdfc bank ATM', 'Citibank ATM']","['Pool,Park/Garden,Main Road,Club,Others,Sea facing']",3 Bedrooms,2 Bathrooms,1 Balcony,,12nd   of 15 Floors,1 to 5 Year Old,North-East
Shrachi Greenwood Nest,https://www.99acres.com/3-bhk-bedroom-apartment-flat-for-sale-in-shrachi-greenwood-nest-new-town-kolkata-east-1748-sq-ft-spid-X82076714,3 BHK Flat,1.7 Cr,"1,748 sqft",Super Built-up Area,"9,725 /sqft","New Town, Kolkata","Fitness Center/ Gym
Club/ Community Center
+2","Located in the popular residential address of new town, kolkata east, shrachi greenwood nest is one of the most preferred destination for apartments in kolkata east. This 3 bhk flat is your ticket to be a part of this community. The floor plan additionally contains 3 bedroom(s), 3 bathrooms and 1 balcony. All in all, the flat is spread over a super built up area of 1748 sq.Ft. The residential b...",X82076714,"Shrachi Greenwood Nest, New Town, Kolkata",Shrachi Greenwood Nest,,[],"['Power Back-up', 'Intercom Facility', 'Lift(s)', 'Swimming Pool', 'Park', 'Fitness Centre / GYM', 'Club house / Community Center', 'Rain Water Harvesting']","['Nazrul Tirtha & upcoming metro station', 'Central Mall', 'Axis Mall', 'Delhi Public School', 'Kidzee New Town', 'State Bank of India ATM']",[],3 Bedrooms,3 Bathrooms,1 Balcony,,2nd   of 12 Floors,undefined,
Rajwada Altitude,https://www.99acres.com/3-bhk-bedroom-apartment-flat-for-sale-in-rajwada-altitude-em-bypass-kolkata-south-1454-sq-ft-spid-O82625406,3 BHK Flat,1.3 Cr,"1,454 sqft",Super Built-up Area,"8,940 /sqft","EM Bypass, Kolkata South","Gated Society
Overlooking Park/Garden
+2","Situated in em bypass, kolkata south, rajwada altitude is a well planned society that offers a pleasant living experience to its residents. This 3 bhk flat in kolkata south is your opportunity to be a part of this community. The flat is facing the south direction. The floor plan additionally contains 3 bedroom(s), 2 bathrooms and 2 balconies. All in all, the flat is spread over a super built up...",O82625406,"Rajwada Altitude, EM Bypass, Kolkata South",Rajwada Altitude,,[],[],[],[],0,0,0,,0,,
Citrus Cove,https://www.99acres.com/3-bhk-bedroom-apartment-flat-for-sale-in-citrus-cove-kamalgazi-kolkata-south-1199-sq-ft-spid-C82602200,3 BHK Flat,70 Lac,"1,199 sqft",Super Built-up Area,"5,838 /sqft","Kamalgazi, Southern Bypass",,"This beautiful 3 bhk flat in kamalgazi, kolkata south is situated in citrus cove, one of the popular residential society in kolkata south. This is a north-Facing property. Containing 3 bedroom(s), 2 bathrooms and 1 balcony, this flat is spread over a super built up area of 1199 sq.Ft. This flat is situated on the 2nd floor of this 4 floors tall residential building. This is a ready to move proj...",C82602200,"Citrus Cove, Kamalgazi, Southern Bypass",Citrus Cove,,[],"['Power Back-up', 'Intercom Facility', 'Lift(s)', 'Swimming Pool', 'Maintenance Staff', 'Park', 'Security Personnel', 'Fitness Centre / GYM', 'Club house / Community Center']","['Shahid khudiram metro station', 'Sitala mandir', 'Gosto Mandir', 'Maa kali temple garia dhalua', 'Shani mandir garia dhalua']",['Main Road'],3 Bedrooms,2 Bathrooms,1 Balcony,Others,2nd   of 4 Floors,5 to 10 Year Old,North
Rishi Pranaya,https://www.99acres.com/3-bhk-bedroom-apartment-flat-for-sale-in-rishi-pranaya-new-town-kolkata-east-1185-sq-ft-spid-O83193912,3 BHK Flat,1 Cr,"1,185 sqft",Super Built-up Area,"8,438 /sqft","New Town, Kolkata","Fresh Construction
Gated Society
+2","This 3 bhk apartment is available for sale in rishi pranaya, one of the most prominent projects for flats in new town, kolkata east. This property faces the south direction. The flat is over 1185 sq.Ft. Super built up area and comes with 3 bedroom(s), 2 bathrooms and 1 balcony. This flat is situated on the 14th floor of this 23 floors tall residential building. As the project is already ready t...",O83193912,"Rishi Pranaya, New Town, Kolkata",Rishi Pranaya,,[],"['Power Back-up', 'Intercom Facility', 'Lift(s)', 'High Ceiling Height', 'Maintenance Staff', 'False Ceiling Lighting', 'Visitor Parking', 'Swimming Pool', 'Park', 'Shopping Centre', 'Fitness Centre / GYM', 'Waste Disposal', 'Rain Water Harvesting', 'Club house / Community Center']","['Centrus Mall', 'Axis Mall', 'DPS Megacity', 'Narayana School', 'Presidency University', 'St. Xaviers University', 'Ohio Hospital']","['Pool,Park/Garden,Club']",3 Bedrooms,2 Bathrooms,1 Balcony,,14th   of 23 Floors,0 to 1 Year Old,South
Gopal Kunja Apartment-New Booking,https://www.99acres.com/2-bhk-bedroom-apartment-flat-for-sale-in-hindmotor-hooghly-725-sq-ft-spid-A82809282,2 BHK Flat,19.58 Lac,725 sqft,Super Built-up Area,"2,700 /sqft","Hdmotor, Uttarpara","North-East Facing
Fresh Construction
+2","Situated in hindmotor, hooghly, gopal kunja apartment-New booking is a well planned society that offers a pleasant living experience to its residents. This 2 bhk flat in hooghly is your opportunity to be a part of this community. This is a north-East-Facing property. The floor plan additionally contains 2 bedroom(s), 2 bathrooms and 1 balcony. All in all, the flat is spread over a super built u...",A82809282,"Gopal Kunja Apartment-New Bookg , Hdmotor, Uttarpara",,,[],"['Security / Fire Alarm', 'Feng Shui / Vaastu Compliant', 'Intercom Facility', 'Lift(s)', 'High Ceiling Height', 'Maintenance Staff', 'Water Storage', 'Visitor Parking', 'Park', 'Security Personnel', 'Natural Light', 'Airy Rooms', 'Waste Disposal']",[],['Main Road'],2 Bedrooms,2 Bathrooms,1 Balcony,,4th   of 4 Floors,0 to 1 Year Old,North-East
individual,https://www.99acres.com/2-bhk-bedroom-apartment-flat-for-sale-in-airport-2-no-gate-kolkata-north-927-sq-ft-spid-B82476852,2 BHK Flat,32.91 Lac,927 sqft,Super Built-up Area,"3,550 /sqft","Airport 2 No. Gate, North Dumdum","Top Floor
Airport jessore metro Nearby
+2","This beautiful 2 bhk flat in airport 2 no. Gate, kolkata north is situated in individual, one of the popular residential society in kolkata north. This property faces the south-West direction. The flat occupies a super built up area of 927 sq.Ft. That consists of 2 bedrooms, 2 bathrooms and 1 balcony. The property is located on the top floor of a 4 floors tall building. This 0-1 year old proper...",B82476852,"dividual , Airport 2 No. Gate, North Dumdum",,,[],['Lift(s)'],"['Shitala Mandir', 'Mother Teresa Church', 'Phoenix Hospital And Diagnostic Centre Pvt Ltd', 'Dr. Rathikul Hasan', 'Aparna Nursing Home']",[],2 Bedrooms,2 Bathrooms,1 Balcony,,4th   of 4 Floors,0 to 1 Year Old,South-West
Urban Sabujayan,https://www.99acres.com/3-bhk-bedroom-apartment-flat-for-sale-in-urban-sabujayan-kalikapur-kolkata-south-1464-sq-ft-spid-S80958343,3 BHK Flat,73.2 Lac,"1,464 sqft",Built-up Area,"5,000 /sqft","Kalikapur, Kolkata","Gated Society
Corner Property
+2","This 3 bhk apartment is available for sale in urban sabujayan, one of the most prominent projects for flats in kalikapur, kolkata south. This residential flat is south-Facing direction. The flat occupies a built up area of 1464 sq.Ft. That consists of 3 bedrooms, 2 bathrooms and 1 balcony. The flat has a total of 4 floors and this property is situated on 3rd floor. This is a ready to move proje...",S80958343,"Urban Sabujayan, Kalikapur, Kolkata",,,[],"['Feng Shui / Vaastu Compliant', 'Security / Fire Alarm', 'Intercom Facility', 'Lift(s)', 'Maintenance Staff', 'Water Storage', 'Park', 'Visitor Parking']","['Hindu Temple', 'Maa kali temple', 'Shoni thakur mandir', 'Maa Kali mandir', 'Lord Shiva Temple', 'Sada Kali Mandir']","['Pool,Park/Garden,Main Road,Others,Club']",3 Bedrooms,2 Bathrooms,1 Balcony,,3rd   of 4 Floors,1 to 5 Year Old,North-West
On request,https://www.99acres.com/2-bhk-bedroom-apartment-flat-for-sale-in-durganagar-kolkata-north-831-sq-ft-spid-I82326182,2 BHK Flat,26.5 Lac,831 sqft,Carpet Area,"3,188 /sqft","Durganagar, Belgharia Expressway, Kolkata","Nepal chandra Nearby
Ils 2 km Nearby
+1","Located in the popular residential address of durganagar, kolkata north, no name is one of the most preferred destination for apartments in kolkata north. This 2 bhk flat is your ticket to be a part of this community. The flat is north-East-Facing. The flat is over 831 sq.Ft. Carpet area and comes with 2 bedroom(s), 2 bathrooms and 1 balcony. This flat lies on the 1st level of a 3 storey buildi...",I82326182,"On request, Durganagar, Belgharia Expressway, Kolkata",,,[],"['Lift(s)', 'Water Storage', 'Park']","['Mother Teresa Church', 'Shitala Mandir', 'Lichubagan Radha Krishna Temple', 'Matri Sadan-O-Swasthya Kendra And General Hospital']","['Club,Park/Garden,Main Road,Sea facing']",2 Bedrooms,2 Bathrooms,1 Balcony,Others,1st   of 3 Floors,1 to 5 Year Old,West
Elita Garden Vista Phase 2,https://www.99acres.com/3-bhk-bedroom-apartment-flat-for-sale-in-elita-garden-vista-phase-2-new-town-kolkata-east-1503-sq-ft-spid-F81267495,3 BHK Flat,1.28 Cr,"1,503 sqft",Super Built-up Area,"8,516 /sqft","New Town, Kolkata",,"Looking for a 3 bhk property for sale in kolkata east? Buy this 3 bhk flat in elita garden vista phase 2 that is situated in new town, kolkata east. The flat is north-East-Facing. The floor plan additionally contains 3 bedroom(s), 2 bathrooms and 1 balcony. All in all, the flat is spread over a super built up area of 1503 sq.Ft. The flat has a total of 33 floors and this property is situated on...",F81267495,"Elita Garden Vista Phase 2, New Town, Kolkata",Elita Garden Vista Phase 2,,"['2 Wardrobe', '1 Water Purifier', '1 Exhaust Fan', '1 Microwave', '1 Chimney', '1 Modular Kitchen', '1 Curtains']","['Security / Fire Alarm', 'Power Back-up', 'Feng Shui / Vaastu Compliant', 'Intercom Facility', 'Lift(s)', 'Maintenance Staff', 'Water Storage', 'Visitor Parking', 'Swimming Pool', 'Park', 'Security Personnel', 'Fitness Centre / GYM', 'Club house / Community Center']","['Downtown Mall', 'Axis Shopping Mall', 'Home Town', 'City Center II', 'Delhi Public School', 'Techno India College']","['Pool,Park/Garden,Main Road,Club,Sea facing,Others']",3 Bedrooms,2 Bathrooms,1 Balcony,Others,4th   of 33 Floors,1 to 5 Year Old,North-East
West Wind,https://www.99acres.com/3-bhk-bedroom-apartment-flat-for-sale-in-west-wind-ramgarh-kolkata-south-1557-sq-ft-spid-E81408945,3 BHK Flat,1.6 Cr,"1,557 sqft",Super Built-up Area,"10,276 /sqft","Ramgarh, Garia","Gated Society
Overlooking Main Road
+2","This 3 bhk apartment is available for sale in west wind, one of the most prominent projects for flats in ramgarh, kolkata south. Constructed on a super built up area of 1557 sq.Ft., the flat comprises 3 bedroom(s), 2 bathrooms and 1 balcony. The residential building has 13 floors in total and the flat for sale is located on the 9th floor. An added advantage of this 10+ years old flat is that it...",E81408945,"West Wd, Ramgarh, Garia",,,[],"['Security / Fire Alarm', 'Intercom Facility', 'Lift(s)', 'Maintenance Staff', 'Visitor Parking', 'Park', 'Security Personnel', 'Natural Light', 'Airy Rooms', 'Fitness Centre / GYM', 'Club house / Community Center', 'Water softening plant']","['Kavi nazrul metro station', 'Shahid khudiram metro station', 'Sree Guru Sangha Main Gate', 'Sri Sri 108 Doyal Baba Asram']",['Main Road'],3 Bedrooms,2 Bathrooms,1 Balcony,,9th   of 13 Floors,10+ Year Old,South-East
Deeshari Estate,https://www.99acres.com/3-bhk-bedroom-apartment-flat-for-sale-in-deeshari-estate-madurdaha-kolkata-south-1525-sq-ft-spid-E81010667,3 BHK Flat,1.05 Cr,"1,525 sqft",Super Built-up Area,"6,885 /sqft","Madurdaha, EM Bypass, Kolkata South","Close to Metro Station
Close to Hospital
+2","Located in the popular residential address of madurdaha, kolkata south, deeshari estate is one of the most preferred destination for apartments in kolkata south. This 3 bhk flat is your ticket to be a part of this community. This residential flat is south-East-Facing direction. The flat is over 1525 sq.Ft. Super built up area and comes with 3 bedroom(s), 2 bathrooms and 1 balcony. The residenti...",E81010667,"Deeshari Estate, Madurdaha, EM Bypass, Kolkata South",Deeshari Estate,,"['1 Water Purifier', '1 Fridge', '4 Fan', '1 Exhaust Fan', '1 Dining Table', '1 Geyser', '1 Stove', '6 Light', '2 AC', '1 TV', '1 Chimney', '1 Curtains', '1 Modular Kitchen', '1 Wardrobe', '2 Bed', '1 Sofa', '1 Microwave', '1 Washing Machine']","['Security / Fire Alarm', 'Power Back-up', 'Feng Shui / Vaastu Compliant', 'Intercom Facility', 'Lift(s)', 'Maintenance Staff', 'Water Storage', 'Visitor Parking', 'Park', 'Security Personnel', 'Fitness Centre / GYM', 'Rain Water Harvesting', 'Club house / Community Center']","['Maa kali temple', 'Shoni thakur mandir', 'Maa Kali mandir', 'Hindu Temple', 'Lord Shiva Temple', 'Old Radha Krishna Temple']",['Main Road'],3 Bedrooms,2 Bathrooms,1 Balcony,Others,3rd   of 4 Floors,1 to 5 Year Old,South-East
"SB Enterprise, New Booking",https://www.99acres.com/3-bhk-bedroom-apartment-flat-for-sale-in-action-area-1-kolkata-east-1752-sq-ft-spid-Z83486412,3 BHK Flat,1.25 Cr,"1,752 sqft",Super Built-up Area,"7,134 /sqft","Action Area 1, Kolkata","Overlooking Main Road
Vitrified Flooring","This beautiful 3 bhk flat in action area 1, kolkata east is situated in sb enterprise, one of the popular residential society in kolkata east. This is a south-Facing property. The flat is over 1752 sq.Ft. Super built up area and comes with 3 bedroom(s), 2 bathrooms and 1 balcony. The flat has a total of 4 floors and this property is situated on 2nd floor. This is a ready to move project and the...",Z83486412,"SB Enterprise, New Bookg, Action Area 1, Kolkata",,,[],"['Feng Shui / Vaastu Compliant', 'Security / Fire Alarm', 'Lift(s)', 'Maintenance Staff', 'Visitor Parking']","['Rabindra Tirtha Metro Station', 'Nazrul tirtha metro station', 'Terminus Mall', 'mandir', 'Hdfc bank ATM', 'Axis bank ATM']",['Main Road'],3 Bedrooms,2 Bathrooms,1 Balcony,,2nd   of 4 Floors,1 to 5 Year Old,South-West
On Request,https://www.99acres.com/3-bhk-bedroom-apartment-flat-for-sale-in-action-area-1-kolkata-east-1750-sq-ft-spid-Q81655060,3 BHK Flat,1.25 Cr,"1,750 sqft",Super Built-up Area,"7,142 /sqft","Action Area 1, Kolkata","Overlooking Main Road
Marble Flooring","This beautiful 3 bhk flat in action area 1, kolkata east is situated in on request, one of the popular residential society in kolkata east. Containing 3 bedroom(s), 3bathrooms and 1 balcony, this flat is spread over a super built up area of 1750 sq.Ft. The residential building has 4 floors in total and the flat for sale is located on the 3rd floor. An added advantage of this 1-5 years old flat ...",Q81655060,"On Request, Action Area 1, Kolkata",,,[],"['Feng Shui / Vaastu Compliant', 'Security / Fire Alarm', 'Lift(s)', 'Maintenance Staff', 'Visitor Parking']","['Rabindra Tirtha Metro Station', 'Nazrul tirtha metro station', 'Terminus Mall', 'mandir', 'Hdfc bank ATM', 'Axis bank ATM']",['Main Road'],3 Bedrooms,3 Bathrooms,1 Balcony,,3rd   of 4 Floors,1 to 5 Year Old,South-East
Urban Sabujayan,https://www.99acres.com/3-bhk-bedroom-apartment-flat-for-sale-in-urban-sabujayan-kalikapur-kolkata-south-1295-sq-ft-spid-L80957819,3 BHK Flat,77 Lac,"1,295 sqft",Super Built-up Area,"5,945 /sqft","Kalikapur, Kolkata","Gated Society
Corner Property
+2","Looking for a 3 bhk property for sale in kolkata south? Buy this 3 bhk flat in urban sabujayan that is situated in kalikapur, kolkata south. The flat is south-Facing. The flat occupies a super built up area of 1295 sq.Ft. That consists of 3 bedrooms, 2 bathrooms and 1 balcony. This flat is situated on the 3rd floor of this 4 floors tall residential building. An added advantage of this 1-5 years...",L80957819,"Urban Sabujayan, Kalikapur, Kolkata",,,[],"['Security / Fire Alarm', 'Lift(s)', 'Maintenance Staff', 'Park', 'Visitor Parking']","['Hindu Temple', 'Maa kali temple', 'Shoni thakur mandir', 'Maa Kali mandir', 'Lord Shiva Temple', 'Sada Kali Mandir']","['Pool,Others,Main Road']",3 Bedrooms,2 Bathrooms,1 Balcony,,3rd   of 4 Floors,1 to 5 Year Old,North
On request,https://www.99acres.com/3-bhk-bedroom-apartment-flat-for-sale-in-action-area-2-kolkata-east-1201-sq-ft-spid-Q83665304,3 BHK Flat,67 Lac,"1,201 sqft",Super Built-up Area,"5,578 /sqft","Action Area 2, Kolkata","Top Floor
Gated Society
+2","This beautiful 3 bhk flat in action area 2, kolkata east is situated in on request, one of the popular residential society in kolkata east. The flat is south-West-Facing. Containing 3 bedroom(s), 2 bathrooms and 1 balcony, this flat is spread over a super built up area of 1201 sq.Ft. The flat has a total of 4 floors and this property is situated on top floor. An added advantage of this 1-5 year...",Q83665304,"On request , Action Area 2, Kolkata",,,[],"['Feng Shui / Vaastu Compliant', 'Security / Fire Alarm', 'Intercom Facility', 'Lift(s)', 'Maintenance Staff', 'Water Storage', 'Park', 'Visitor Parking']","['Kali Temple', 'Rajarhat Shitala Kali Temple', 'Dakbunglow Shani Kali Mandir', 'Rekjoani Shitala Mandir', 'Kali Mandir']","['Park/Garden,Others,Main Road']",3 Bedrooms,2 Bathrooms,1 Balcony,Others,4th   of 4 Floors,1 to 5 Year Old,South-West
On Request,https://www.99acres.com/3-bhk-bedroom-apartment-flat-for-sale-in-purbalok-kolkata-south-1300-sq-ft-spid-Z82673734,3 BHK Flat,84.5 Lac,"1,300 sqft",Super Built-up Area,"6,500 /sqft","Purbalok, EM Bypass","Top Floor
Jyotirindra Nanadi within 500m
+2","On request is one of kolkata south's most sought after destination for apartments and this 3 bhk flat in purbalok is your opportunity to be a part of this community. Constructed on a super built up area of 1300 sq.Ft., the flat comprises 3 bedroom(s), 2 bathrooms and 2 balconies. The property is located on the top floor of a 4 floors tall building. This is a ready to move project and the proper...",Z82673734,"On Request , Purbalok, EM Bypass",,,[],"['Lift(s)', 'Maintenance Staff', 'Water Storage']","['Maa kali temple', 'Shoni thakur mandir', 'Maa Kali mandir', 'Hindu Temple', 'Lord Shiva Temple', 'Old Radha Krishna Temple']",['Main Road'],3 Bedrooms,2 Bathrooms,2 Balconies,Others,4th   of 4 Floors,0 to 1 Year Old,South-East
Purti Veda,https://www.99acres.com/2-bhk-bedroom-apartment-flat-for-sale-in-purti-veda-new-town-kolkata-east-977-sq-ft-spid-Q81535051,2 BHK Flat,75 Lac,977 sqft,Super Built-up Area,"7,676 /sqft","New Town, Kolkata","Gated Society
Corner Property
+2","Situated in new town, kolkata east, purti veda is a well planned society that offers a pleasant living experience to its residents. This 2 bhk flat in kolkata east is your opportunity to be a part of this community. This residential flat is south-Facing direction. Constructed on a super built up area of 977 sq.Ft., the flat comprises 2 bedroom(s), 2 bathrooms and 1 balcony. The property is loca...",Q81535051,"Purti Veda, New Town, Kolkata",Purti Veda,,[],"['Power Back-up', 'Security / Fire Alarm', 'Intercom Facility', 'Lift(s)', 'Swimming Pool', 'Maintenance Staff', 'Park', 'Visitor Parking', 'Fitness Centre / GYM', 'Club house / Community Center']","['Proposed Metro Station', 'Axis Mall', 'Central Mall', 'The New Town School', 'DPS New Town', 'University of Egineering']","['Pool,Park/Garden']",2 Bedrooms,2 Bathrooms,1 Balcony,,3rd   of 12 Floors,1 to 5 Year Old,South
Purti Veda,https://www.99acres.com/2-bhk-bedroom-apartment-flat-for-sale-in-purti-veda-new-town-kolkata-east-977-sq-ft-spid-W81102819,2 BHK Flat,76 Lac,977 sqft,Super Built-up Area,"7,778 /sqft","New Town, Kolkata","Fitness Center/ Gym
Club/ Community Center
+2",2 bhk flat sale in new town action area 1 opp sanjeeva garden all modrn amenities r rhere Additional details :,W81102819,"Purti Veda, New Town, Kolkata",Purti Veda,,[],"['Power Back-up', 'Intercom Facility', 'Lift(s)', 'Swimming Pool', 'Park', 'Fitness Centre / GYM', 'Club house / Community Center']","['Proposed Metro Station', 'Axis Mall', 'Central Mall', 'The New Town School', 'DPS New Town', 'University of Egineering']",[],2 Bedrooms,2 Bathrooms,1 Balcony,,4th   of 12 Floors,1 to 5 Year Old,East
Merlin Elements,https://www.99acres.com/4-bhk-bedroom-apartment-flat-for-sale-in-merlin-elements-new-alipore-kolkata-south-2000-sq-ft-spid-F82755180,4 BHK Flat,2.7 Cr,"2,000 sqft",Super Built-up Area,"13,500 /sqft","New Alipore, Kolkata",,"This lovely 4 bhk apartment/flat in new alipore is available for sale in one of kolkata south's most popular projects, merlin elements. This property faces the south-East direction. Constructed on a super built up area of 2000 sq.Ft., the flat comprises 4 bedroom(s), 3 bathrooms and more than 3 balconies. This flat is situated on the 11th floor of this 12 floors tall residential building. As th...",F82755180,"Merl Elements, New Alipore, Kolkata",Merlin Elements,,[],"['Security / Fire Alarm', 'Feng Shui / Vaastu Compliant', 'Private Garden / Terrace', 'Intercom Facility', 'Lift(s)', 'High Ceiling Height', 'Maintenance Staff', 'Water Storage', 'Separate entry for servant room', 'Bank Attached Property', 'Visitor Parking', 'Swimming Pool', 'Park', 'Security Personnel', 'Natural Light', 'Airy Rooms', 'Spacious Interiors', 'Low Density Society', 'Fitness Centre / GYM', 'Waste Disposal', 'Rain Water Harvesting', 'Club house / Community Center']","['Behala Bazar metro station', 'South City Mall', '143-163, NH12', 'Sahapur Girls High School', 'Mahatma Gandhi University']","['Pool,Main Road,Others']",4 Bedrooms,3 Bathrooms,3+ Balconies,Servant Room,11st   of 12 Floors,0 to 1 Year Old,South-East
Unimark Springfield,https://www.99acres.com/3-bhk-bedroom-apartment-flat-for-sale-in-unimark-springfield-rajarhat-kolkata-east-1355-sq-ft-spid-R82043372,3 BHK Flat,84 Lac,"1,355 sqft",Super Built-up Area,"6,199 /sqft","Rajarhat, Kolkata","Fresh Construction
Gated Society
+2","Looking for a 3 bhk property for sale in kolkata east? Buy this 3 bhk flat in unimark springfield that is situated in rajarhat, kolkata east. This residential flat is south-Facing direction. Constructed on a super built up area of 1355 sq.Ft., the flat comprises 3 bedroom(s), 2 bathrooms and 1 balcony. The flat has a total of 10 floors and this property is situated on 8th floor. This 0-1 year o...",R82043372,"Unimark Sprgfield, Rajarhat, Kolkata",Unimark Springfield,,[],"['Power Back-up', 'Intercom Facility', 'Lift(s)', 'High Ceiling Height', 'Swimming Pool', 'Park', 'Fitness Centre / GYM', 'Club house / Community Center']","['Bablatala More', 'CITY CENTER 2', 'AKANKHA MORE', 'SEC-V', 'Derozio Memorial', 'Bhattacharyya', 'Vidyasagar']",['Park/Garden'],3 Bedrooms,2 Bathrooms,1 Balcony,,8th   of 10 Floors,0 to 1 Year Old,South
Greenfield Ambition,https://www.99acres.com/2-bhk-bedroom-apartment-flat-for-sale-in-greenfield-ambition-rajarhat-kolkata-east-710-sq-ft-spid-C82807892,2 BHK Flat,45 Lac,710 sqft,Super Built-up Area,"6,338 /sqft","Rajarhat, Kolkata",,Its a 2 bhk flat with one parking space in greenfield ambition newtown near city centre 2 kolkata. The price and availability of the flat is subject to change without any prior notice.,C82807892,"Greenfield Ambition, Rajarhat, Kolkata",,,[],"['Security / Fire Alarm', 'Feng Shui / Vaastu Compliant', 'Intercom Facility', 'Maintenance Staff', 'Water Storage', 'Visitor Parking', 'Park', 'Security Personnel', 'Natural Light', 'Airy Rooms', 'Spacious Interiors', 'Shopping Centre', 'Fitness Centre / GYM', 'Rain Water Harvesting', 'Club house / Community Center', 'Water softening plant']","['Kali mandir', 'Kali Temple', 'Manasha Mandir', 'Kali Mandir', 'Dharmaraj Temple', 'Mukherjee Barir Durgadalan']",['Main Road'],2 Bedrooms,2 Bathrooms,1 Balcony,,5th   of 9 Floors,10+ Year Old,East
A & S APARTMENT (New Booking),https://www.99acres.com/2-bhk-bedroom-apartment-flat-for-sale-in-new-barrakpur-kolkata-north-712-sq-ft-spid-T82983668,2 BHK Flat,21 Lac,712 sqft,Super Built-up Area,"2,949 /sqft","New Barrakpur, Kolkata","Gated Society
Corner Property
+2","New booking... A & s apartment (New booking) is one of kolkata north's most sought after destination for apartments and this 2 bhk flat in new barrakpur is your opportunity to be a part of this community. Constructed on a super built up area of 712 sq.Ft., the flat comprises 2 bedroom(s), 2 bathrooms and 1 balcony. This flat is situated on the 1st floor of this 4 floors tall residential buildin...",T82983668,"A & S APARTMENT (New Bookg), New Barrakpur, Kolkata",,,[],"['Feng Shui / Vaastu Compliant', 'Security / Fire Alarm', 'Lift(s)', 'Maintenance Staff', 'Water Storage', 'Visitor Parking']","['Hari Mandir', 'Church of our Lady of Lourdes', 'SHONI TEMPLE', 'MAA MONOSHA TEMPLE', 'Shri Shoni Temple', 'Amanati Mosque']","['Pool,Club,Others,Sea facing,Main Road,Park/Garden']",2 Bedrooms,2 Bathrooms,1 Balcony,"Pooja Room,Others",1st   of 4 Floors,1 to 5 Year Old,South-East
Eden Willow Estate,https://www.99acres.com/2-bhk-bedroom-apartment-flat-for-sale-in-eden-willow-estate-narendrapur-kolkata-south-874-sq-ft-spid-U82127030,2 BHK Flat,32.78 Lac,874 sqft,Super Built-up Area,"3,750 /sqft","Narendrapur, Kolkata","Fresh Construction
Gated Society
+2","Eden willow estate is one of the most popular destination for buying apartments/ flats in narendrapur, kolkata south. You too can be a part of this society by purchasing this 2 bhk flat here. Constructed on a super built up area of 874 sq.Ft., the flat comprises 2 bedroom(s), 2 bathrooms and 1 balcony. The property is located on the 1st floor of a 7 floors tall building. Being a ready to move p...",U82127030,"Eden Willow Estate, Narendrapur, Kolkata",Eden Willow Estate,,[],"['Swimming Pool', 'Park', 'Natural Light', 'Airy Rooms', 'Fitness Centre / GYM']","['Garia Metro', 'Woodsquare Mall', 'Bypass/ Kamlagazi', 'Swami Vivekananda', 'Swarnim Int School', 'BD Memorial School']",[],2 Bedrooms,2 Bathrooms,1 Balcony,,1st   of 7 Floors,0 to 1 Year Old,
Eden Willow Estate,https://www.99acres.com/2-bhk-bedroom-apartment-flat-for-sale-in-eden-willow-estate-narendrapur-kolkata-south-884-sq-ft-spid-O82127194,2 BHK Flat,33.15 Lac,884 sqft,Super Built-up Area,"3,750 /sqft","Narendrapur, Kolkata","Fresh Construction
Gated Society
+2","Located in the popular residential address of narendrapur, kolkata south, eden willow estate is one of the most preferred destination for apartments in kolkata south. This 2 bhk flat is your ticket to be a part of this community. Constructed on a super built up area of 884 sq.Ft., the flat comprises 2 bedroom(s), 2 bathrooms and 1 balcony. The flat has a total of 7 floors and this property is s...",O82127194,"Eden Willow Estate, Narendrapur, Kolkata",Eden Willow Estate,,[],"['Swimming Pool', 'Park', 'Natural Light', 'Airy Rooms', 'Fitness Centre / GYM']","['Garia Metro', 'Woodsquare Mall', 'Bypass/ Kamlagazi', 'Swami Vivekananda', 'Swarnim Int School', 'BD Memorial School']",[],2 Bedrooms,2 Bathrooms,1 Balcony,,5th   of 7 Floors,0 to 1 Year Old,
ECO,https://www.99acres.com/3-bhk-bedroom-apartment-flat-for-sale-in-jatragachhi-kolkata-east-1233-sq-ft-spid-I82320184,3 BHK Flat,65.35 Lac,"1,233 sqft",Super Built-up Area,"5,300 /sqft","Jatragachhi, Kolkata East",,"Absolutely brand new beautiful 3 beds 2 baths, 2 balcony, 1 kitchen,1 loft 1 car parking compact flat for sale. The apartment is situated at jatra gachi very near and walkable distance from biswa bangala convention centre a new town.",I82320184,"ECO , Jatragachhi, Kolkata East, Kolkata",,,[],"['Feng Shui / Vaastu Compliant', 'Security / Fire Alarm', 'Intercom Facility', 'Lift(s)', 'Maintenance Staff', 'Water Storage', 'Park', 'Visitor Parking']","['Rabindra Tirtha Metro Station', 'Nazrul tirtha metro station', 'Terminus Mall', 'mandir', 'Hdfc bank ATM', 'Axis bank ATM']",[],3 Bedrooms,2 Bathrooms,2 Balconies,Pooja Room,4th   of 5 Floors,1 to 5 Year Old,
The V,https://www.99acres.com/3-bhk-bedroom-apartment-flat-for-sale-in-the-5-new-town-kolkata-east-2250-sq-ft-spid-E81338831,3 BHK Flat,2.8 Cr,"2,250 sqft",Super Built-up Area,"12,444 /sqft","New Town, Kolkata","Gated Society
Corner Property
+2","This 3 bhk apartment is available for sale in the v, one of the most prominent projects for flats in new town, kolkata east. The flat is south-Facing. Constructed on a super built up area of 2250 sq.Ft., the flat comprises 3 bedroom(s), 3 bathrooms and 1 balcony. The property is located on the 24th floor of a 32 floors tall building. Being a ready to move project, you can expect immediate posse...",E81338831,"The V, New Town, Kolkata",The V,,[],"['Security / Fire Alarm', 'Power Back-up', 'Feng Shui / Vaastu Compliant', 'Intercom Facility', 'Lift(s)', 'Maintenance Staff', 'Water Storage', 'Visitor Parking', 'Swimming Pool', 'Park', 'Shopping Centre', 'Fitness Centre / GYM', 'Rain Water Harvesting', 'Club house / Community Center']","['Sec V', 'Near Biswa Bangla Gate', 'Airport']",['Main Road'],3 Bedrooms,3 Bathrooms,1 Balcony,Servant Room,24th   of 32 Floors,5 to 10 Year Old,South
Realtech Curiocity Classic,https://www.99acres.com/2-bhk-bedroom-apartment-flat-for-sale-in-realtech-curiocity-classic-new-town-kolkata-east-1013-sq-ft-spid-O81335895,2 BHK Flat,80 Lac,"1,013 sqft",Super Built-up Area,"7,897 /sqft","New Town, Kolkata","Fitness Center/ Gym
Club/ Community Center
+1","Realtech curiocity classic is one of the most popular destination for buying apartments/ flats in new town, kolkata east. You too can be a part of this society by purchasing this 2 bhk flat here. The floor plan additionally contains 2 bedroom(s), 2 bathrooms and 1 balcony. All in all, the flat is spread over a super built up area of 1013 sq.Ft. The property is located on the 3rd floor of a 4 fl...",O81335895,"Realtech Curiocity Classic, New Town, Kolkata",,,"['2 Bed', '3 Fan', '1 Geyser', '6 Light', '1 AC', '1 TV']","['Security / Fire Alarm', 'Feng Shui / Vaastu Compliant', 'Intercom Facility', 'Lift(s)', 'High Ceiling Height', 'Maintenance Staff', 'Water Storage', 'Visitor Parking', 'Swimming Pool', 'Park', 'Natural Light', 'Airy Rooms', 'Fitness Centre / GYM', 'Waste Disposal', 'Club house / Community Center', 'Water softening plant']","['mandir', 'Axis bank ATM', 'Global Healthcare System', 'Belle Vue Hospital', 'Tata Cancer Hospital', 'Bhagirathi Neotia Woman And Child Care Centre']",[],2 Bedrooms,2 Bathrooms,1 Balcony,,3rd   of 4 Floors,1 to 5 Year Old,
Hiland Park,https://www.99acres.com/3-bhk-bedroom-apartment-flat-for-sale-in-hiland-park-em-bypass-kolkata-south-1264-sq-ft-spid-W81332845,3 BHK Flat,1.07 Cr,"1,264 sqft",Super Built-up Area,"8,465 /sqft","EM Bypass, Kolkata South","Gated Society
Corner Property
+2","Situated in em bypass, kolkata south, hiland park is a well planned society that offers a pleasant living experience to its residents. This 3 bhk flat in kolkata south is your opportunity to be a part of this community. This property faces the south-East direction. The flat occupies a super built up area of 1264 sq.Ft. That consists of 3 bedrooms, 2 bathrooms and 1 balcony. The flat has a total...",W81332845,"Hiland Park, EM Bypass, Kolkata South",Hiland Park,,"['2 Bed', '5 Fan', '5 Light', '2 AC']","['Security / Fire Alarm', 'Intercom Facility', 'Lift(s)', 'High Ceiling Height', 'Maintenance Staff', 'Water Storage', 'Visitor Parking', 'Swimming Pool', 'Park', 'Security Personnel', 'Natural Light', 'Airy Rooms', 'Spacious Interiors', 'Low Density Society', 'Fitness Centre / GYM', 'Waste Disposal', 'Rain Water Harvesting', 'Club house / Community Center']","['Kavi subhash metro station', 'Shahid khudiram metro station', 'Lake Pally Shiv Mandir', 'Hanuman Mandir', 'Kali Mandir']","['Pool,Park/Garden']",3 Bedrooms,2 Bathrooms,1 Balcony,,10th   of 27 Floors,10+ Year Old,South-East
Srishti Eco Star,https://www.99acres.com/3-bhk-bedroom-apartment-flat-for-sale-in-srishti-eco-star-new-town-kolkata-east-1368-sq-ft-spid-W83336470,3 BHK Flat,72.5 Lac,"1,368 sqft",Super Built-up Area,"7,066 /sqft","New Town, Kolkata","Fresh Construction
Gated Society
+2",Newtown biswabangla gate to just 2min distance. Biswabangla main road to only 100mtrs walking distance.,W83336470,"Srishti Eco Star, New Town, Kolkata",Srishti Eco Star,,[],"['Feng Shui / Vaastu Compliant', 'Security / Fire Alarm', 'Lift(s)', 'Water purifier', 'Water Storage', 'Visitor Parking', 'Fitness Centre / GYM', 'Club house / Community Center', 'Waste Disposal']","['Biswa Bangla Gate', 'The Mother Wax Museum', 'The City Centre', 'The Eco Park', 'Nicco Park']",['Others'],3 Bedrooms,2 Bathrooms,2 Balconies,,3rd   of 4 Floors,0 to 1 Year Old,South-East
Srishti Eco Star,https://www.99acres.com/2-bhk-bedroom-apartment-flat-for-sale-in-srishti-eco-star-new-town-kolkata-east-959-sq-ft-spid-F83336300,2 BHK Flat,50.83 Lac,959 sqft,Super Built-up Area,"7,059 /sqft","New Town, Kolkata","North-East Facing
Fresh Construction
+2",Newtown biswabangla gate to just 2min distance. Biswabangla main road to only 100mtrs walking distance.,F83336300,"Srishti Eco Star, New Town, Kolkata",Srishti Eco Star,,[],"['Feng Shui / Vaastu Compliant', 'Security / Fire Alarm', 'Lift(s)', 'Water purifier', 'Water Storage', 'Visitor Parking', 'Fitness Centre / GYM', 'Club house / Community Center', 'Waste Disposal']","['Biswa Bangla Gate', 'The Mother Wax Museum', 'The City Centre', 'The Eco Park', 'Nicco Park']",['Others'],2 Bedrooms,2 Bathrooms,1 Balcony,,2nd   of 4 Floors,0 to 1 Year Old,North-East
Srishti Eco Star,https://www.99acres.com/2-bhk-bedroom-apartment-flat-for-sale-in-srishti-eco-star-new-town-kolkata-east-960-sq-ft-spid-P83336112,2 BHK Flat,50.88 Lac,960 sqft,Super Built-up Area,"7,066 /sqft","New Town, Kolkata","North Facing
Fresh Construction
+2",Newtown biswabangla gate to just 2min distance. Biswabangla main road to only 100mtrs walking distance.,P83336112,"Srishti Eco Star, New Town, Kolkata",Srishti Eco Star,,[],"['Feng Shui / Vaastu Compliant', 'Security / Fire Alarm', 'Lift(s)', 'Water purifier', 'Water Storage', 'Visitor Parking', 'Fitness Centre / GYM', 'Club house / Community Center', 'Waste Disposal']","['Biswa Bangla Gate', 'The Mother Wax Museum', 'The City Centre', 'The Eco Park', 'Nicco Park']",['Others'],2 Bedrooms,2 Bathrooms,1 Balcony,,3rd   of 4 Floors,0 to 1 Year Old,North
Srishti Eco Star,https://www.99acres.com/3-bhk-bedroom-apartment-flat-for-sale-in-srishti-eco-star-new-town-kolkata-east-1303-sq-ft-spid-Y83335706,3 BHK Flat,69.06 Lac,"1,303 sqft",Super Built-up Area,"7,061 /sqft","New Town, Kolkata","Fresh Construction
Gated Society
+2",Newtown biswabangla gate to just 2min distance. Biswabangla main road to only 100mtrs walking distance.,Y83335706,"Srishti Eco Star, New Town, Kolkata",Srishti Eco Star,,[],"['Feng Shui / Vaastu Compliant', 'Security / Fire Alarm', 'Lift(s)', 'Water purifier', 'Water Storage', 'Visitor Parking', 'Fitness Centre / GYM', 'Club house / Community Center', 'Waste Disposal']","['Biswa Bangla Gate', 'The Mother Wax Museum', 'The City Centre', 'The Eco Park', 'Nicco Park']",['Others'],3 Bedrooms,2 Bathrooms,2 Balconies,,1st   of 4 Floors,0 to 1 Year Old,North-West
on request,https://www.99acres.com/3-bhk-bedroom-apartment-flat-for-sale-in-atghara-kolkata-east-1063-sq-ft-spid-M83581144,3 BHK Flat,51.02 Lac,"1,063 sqft",Super Built-up Area,"4,800 /sqft","Atghara, Rajarhat, Kolkata East","Top Floor
Fresh Construction
+2","Check out this 3 bhk apartment for sale in on request, a popular residential project that houses in-Demand flats in atghara, kolkata east. The flat is facing the south-West direction. The floor plan additionally contains 3 bedroom(s), 2 bathrooms and 1 balcony. All in all, the flat is spread over a super built up area of 1063 sq.Ft. This flat is situated on the top floor of this 4 floors tall r...",M83581144,"on request, Atghara, Rajarhat, Kolkata East",,,[],"['Feng Shui / Vaastu Compliant', 'Security / Fire Alarm', 'Lift(s)', 'Maintenance Staff', 'Water Storage']","['Shitala Mandir', 'Kali Temple', 'State bank of india ATM', 'Union bank of india ATM', 'Axis bank ATM', 'Bank of baroda ATM']","['Main Road,Others']",3 Bedrooms,2 Bathrooms,1 Balcony,,4th   of 4 Floors,0 to 1 Year Old,South-West
on request,https://www.99acres.com/3-bhk-bedroom-apartment-flat-for-sale-in-rajarhat-expressway-kolkata-east-1660-sq-ft-spid-R83575954,3 BHK Flat,79.68 Lac,"1,660 sqft",Super Built-up Area,"4,800 /sqft","Rajarhat Expressway, Kolkata","Gated Society
Corner Property
+2","On request is one of the most popular destination for buying apartments/ flats in rajarhat expressway, kolkata east. You too can be a part of this society by purchasing this 3 bhk flat here. This residential flat is south-East-Facing direction. The flat occupies a super built up area of 1660 sq.Ft. That consists of 3 bedrooms, 2 bathrooms and 2 balconies. The flat has a total of 5 floors and th...",R83575954,"on request, Rajarhat Expressway, Kolkata",,,[],"['Feng Shui / Vaastu Compliant', 'Security / Fire Alarm', 'Lift(s)', 'Maintenance Staff', 'Water Storage', 'Visitor Parking']","['Re - Life Hospital', 'Kamala Ray Hospital', 'Konnagar Matri Sadan Municipal Hospital', 'Park Lions Hospital', 'Green-View Nursing Home Kolkata']","['Others,Main Road']",3 Bedrooms,2 Bathrooms,2 Balconies,,4th   of 5 Floors,1 to 5 Year Old,North
on request,https://www.99acres.com/2-bhk-bedroom-apartment-flat-for-sale-in-action-area-2-kolkata-east-1100-sq-ft-spid-D83152016,2 BHK Flat,60.5 Lac,"1,100 sqft",Super Built-up Area,"5,500 /sqft","Action Area 2, Kolkata","Gated Society
Corner Property
+2","On request is one of the most popular destination for buying apartments/ flats in action area 2, kolkata east. You too can be a part of this society by purchasing this 2 bhk flat here. This is a south-East-Facing property. The flat occupies a super built up area of 1100 sq.Ft. That consists of 2 bedrooms, 2 bathrooms and 1 balcony. This flat is situated on the 1st floor of this 4 floors tall re...",D83152016,"on request, Action Area 2, Kolkata",,,[],"['Feng Shui / Vaastu Compliant', 'Security / Fire Alarm', 'Lift(s)', 'Maintenance Staff', 'Water Storage']","['Rabindra Tirtha Metro Station', 'Terminus Mall', 'mandir', 'Axis bank ATM', 'Global Healthcare System', 'Belle Vue Hospital']","['Others,Main Road']",2 Bedrooms,2 Bathrooms,1 Balcony,,1st   of 4 Floors,1 to 5 Year Old,South-East
on request,https://www.99acres.com/3-bhk-bedroom-apartment-flat-for-sale-in-action-area-2-kolkata-east-1480-sq-ft-spid-C83151008,3 BHK Flat,90 Lac,"1,480 sqft",Super Built-up Area,"6,081 /sqft","Action Area 2, Kolkata","Gated Society
Corner Property
+2","This 3 bhk flat is located in on request, which houses some of the most spacious flats in action area 2, kolkata east. This property faces the south-West direction. Containing 3 bedroom(s), 2 bathrooms and 1 balcony, this flat is spread over a super built up area of 1480 sq.Ft. The flat has a total of 4 floors and this property is situated on 2nd floor. Being a ready to move project, you can ex...",C83151008,"on request, Action Area 2, Kolkata",,,[],"['Feng Shui / Vaastu Compliant', 'Security / Fire Alarm', 'Lift(s)', 'Maintenance Staff', 'Water Storage', 'Visitor Parking']","['Rabindra Tirtha Metro Station', 'Terminus Mall', 'mandir', 'Axis bank ATM', 'Global Healthcare System', 'Belle Vue Hospital']","['Others,Main Road']",3 Bedrooms,2 Bathrooms,2 Balconies,,2nd   of 4 Floors,1 to 5 Year Old,North-West
on request,https://www.99acres.com/3-bhk-bedroom-apartment-flat-for-sale-in-action-area-2-kolkata-east-1303-sq-ft-spid-M83149744,3 BHK Flat,84.7 Lac,"1,303 sqft",Super Built-up Area,"6,500 /sqft","Action Area 2, Kolkata",,"On request is one of the most popular destination for buying apartments/ flats in action area 2, kolkata east. You too can be a part of this society by purchasing this 3 bhk flat here. This property faces the north-East direction. Constructed on a super built up area of 1303 sq.Ft., the flat comprises 3 bedroom(s), 2 bathrooms and 1 balcony. This flat is situated on the 2nd floor of this 4 floo...",M83149744,"on request, Action Area 2, Kolkata",,,[],"['Security / Fire Alarm', 'Intercom Facility', 'Lift(s)', 'Maintenance Staff', 'Water Storage', 'Visitor Parking']","['Rabindra Tirtha Metro Station', 'Terminus Mall', 'mandir', 'Axis bank ATM', 'Global Healthcare System', 'Belle Vue Hospital']","['Others,Main Road,Park/Garden']",3 Bedrooms,2 Bathrooms,1 Balcony,,2nd   of 4 Floors,1 to 5 Year Old,South-West
On request new booking,https://www.99acres.com/2-bhk-bedroom-apartment-flat-for-sale-in-rajarhat-kolkata-east-935-sq-ft-spid-B83052558,2 BHK Flat,35.53 Lac,935 sqft,Super Built-up Area,"3,800 /sqft","Rajarhat, Kolkata","Overlooking Main Road
Vitrified Flooring","This 2 bhk apartment is available for sale in on request, one of the most prominent projects for flats in rajarhat, kolkata east. This property faces the south-East direction. The flat occupies a super built up area of 935 sq.Ft. That consists of 2 bedrooms, 2 bathrooms and 1 balcony. The flat has a total of 4 floors and this property is situated on 3rd floor. As the project is already ready to...",B83052558,"On request new bookg, Rajarhat, Kolkata",,,[],"['Feng Shui / Vaastu Compliant', 'Security / Fire Alarm', 'Lift(s)', 'Maintenance Staff', 'Water Storage', 'Visitor Parking']","['Kanjialpara Shani Mandir', 'Mukherjee Barir Durgadalan', 'Rajarhat Police Station Kali Temple', 'Dharmaraj Temple', 'Manasha Mandir']","['Others,Main Road']",2 Bedrooms,2 Bathrooms,1 Balcony,,3rd   of 4 Floors,1 to 5 Year Old,North-West
on request,https://www.99acres.com/2-bhk-bedroom-apartment-flat-for-sale-in-rajarhat-kolkata-east-885-sq-ft-spid-H83052052,2 BHK Flat,33.63 Lac,885 sqft,Super Built-up Area,"3,800 /sqft","Rajarhat, Kolkata","Gated Society
Corner Property
+1","Looking for a 2 bhk property for sale in kolkata east? Buy this 2 bhk flat in on request that is situated in rajarhat, kolkata east. The flat is facing the north-East direction. The flat occupies a super built up area of 885 sq.Ft. That consists of 2 bedrooms, 2 bathrooms and 1 balcony. This flat is situated on the 2nd floor of this 4 floors tall residential building. Being a ready to move proj...",H83052052,"on request, Rajarhat, Kolkata",,,[],"['Security / Fire Alarm', 'Lift(s)', 'Maintenance Staff', 'Swimming Pool', 'Water Storage', 'Security Personnel', 'Natural Light', 'Airy Rooms', 'Spacious Interiors', 'Shopping Centre', 'Club house / Community Center']","['Kanjialpara Shani Mandir', 'Mukherjee Barir Durgadalan', 'Rajarhat Police Station Kali Temple', 'Dharmaraj Temple', 'Radha Krishna Mandir']","['Others,Main Road,Park/Garden']",2 Bedrooms,2 Bathrooms,1 Balcony,,2nd   of 4 Floors,1 to 5 Year Old,South-West
On request new booking,https://www.99acres.com/2-bhk-bedroom-apartment-flat-for-sale-in-rajarhat-kolkata-east-900-sq-ft-spid-U83051358,2 BHK Flat,34.2 Lac,900 sqft,Super Built-up Area,"3,800 /sqft","Rajarhat, Kolkata","Corner Property
Vitrified Flooring","On request is one of the most popular destination for buying apartments/ flats in rajarhat, kolkata east. You too can be a part of this society by purchasing this 2 bhk flat here. This property faces the south-East direction. The flat occupies a super built up area of 900 sq.Ft. That consists of 2 bedrooms, 2 bathrooms and 2 balconies. The flat has a total of 4 floors and this property is situa...",U83051358,"On request new bookg, Rajarhat, Kolkata",,,[],"['Feng Shui / Vaastu Compliant', 'Lift(s)', 'Maintenance Staff', 'Water Storage']","['Kanjialpara Shani Mandir', 'Mukherjee Barir Durgadalan', 'Rajarhat Police Station Kali Temple', 'Radha Krishna Mandir']",['Others'],2 Bedrooms,2 Bathrooms,2 Balconies,,2nd   of 4 Floors,1 to 5 Year Old,West
on request,https://www.99acres.com/1-bhk-bedroom-apartment-flat-for-sale-in-rajarhat-kolkata-east-891-sq-ft-spid-C83048480,1 BHK Flat,40.1 Lac,891 sqft,Super Built-up Area,"4,500 /sqft","Rajarhat, Kolkata","Gated Society
Corner Property
+2","Situated in rajarhat, kolkata east, on request is a well planned society that offers a pleasant living experience to its residents. This 1 bhk flat in kolkata east is your opportunity to be a part of this community. The flat is facing the north-West direction. The flat is over 891 sq.Ft. Super built up area and comes with 1 bedroom(s), 1 bathroom and 1 balcony. The property is located on the 2n...",C83048480,"on request, Rajarhat, Kolkata",,,[],"['Security / Fire Alarm', 'Feng Shui / Vaastu Compliant', 'Lift(s)', 'Maintenance Staff', 'Water Storage', 'Bank Attached Property', 'Visitor Parking', 'Swimming Pool', 'Security Personnel', 'Natural Light', 'Airy Rooms', 'Spacious Interiors', 'Low Density Society', 'Fitness Centre / GYM', 'Waste Disposal', 'Rain Water Harvesting', 'Club house / Community Center', 'Water softening plant']","['State bank of india ATM', 'Apollo Pharmacy', 'Shapoorji Bus Stand']","['Others,Main Road,Park/Garden']",1 Bedroom,1 Bathroom,1 Balcony,Study Room,2nd   of 4 Floors,1 to 5 Year Old,North-West
on request,https://www.99acres.com/2-bhk-bedroom-apartment-flat-for-sale-in-rajarhat-kolkata-east-1520-sq-ft-spid-B83048382,2 BHK Flat,68.4 Lac,"1,520 sqft",Super Built-up Area,"4,500 /sqft","Rajarhat, Kolkata","Gated Society
Corner Property
+2","Situated in rajarhat, kolkata east, on request is a well planned society that offers a pleasant living experience to its residents. This 3 bhk flat in kolkata east is your opportunity to be a part of this community. The flat is facing the south-East direction. Constructed on a super built up area of 1520 sq.Ft., the flat comprises 3 bedroom(s), 2 bathrooms and 2 balconies. The flat has a total ...",B83048382,"on request, Rajarhat, Kolkata",,,[],"['Security / Fire Alarm', 'Feng Shui / Vaastu Compliant', 'Lift(s)', 'Maintenance Staff', 'Water Storage', 'Bank Attached Property', 'Visitor Parking', 'Swimming Pool', 'Security Personnel', 'Natural Light', 'Airy Rooms', 'Spacious Interiors', 'Low Density Society', 'Fitness Centre / GYM', 'Waste Disposal', 'Rain Water Harvesting', 'Club house / Community Center', 'Water softening plant']","['State bank of india ATM', 'Apollo Pharmacy', 'Shapoorji Bus Stand']","['Others,Main Road,Pool']",2 Bedrooms,2 Bathrooms,2 Balconies,,3rd   of 4 Floors,1 to 5 Year Old,South-West
on request,https://www.99acres.com/2-bhk-bedroom-apartment-flat-for-sale-in-rajarhat-kolkata-east-986-sq-ft-spid-I83048048,2 BHK Flat,44.37 Lac,986 sqft,Super Built-up Area,"4,500 /sqft","Rajarhat, Kolkata","Gated Society
Corner Property
+2","This 2 bhk apartment is available for sale in on request, one of the most prominent projects for flats in rajarhat, kolkata east. This is a south-East-Facing property. Constructed on a super built up area of 986 sq.Ft., the flat comprises 2 bedroom(s), 2 bathrooms and 1 balcony. This flat lies on the 2nd level of a 4 storey building. This 1-5 years old property is available for immediate posses...",I83048048,"on request, Rajarhat, Kolkata",,,[],"['Security / Fire Alarm', 'Feng Shui / Vaastu Compliant', 'Lift(s)', 'Maintenance Staff', 'Water Storage', 'Bank Attached Property', 'Visitor Parking', 'Swimming Pool', 'Security Personnel', 'Natural Light', 'Airy Rooms', 'Spacious Interiors', 'Low Density Society', 'Fitness Centre / GYM', 'Waste Disposal', 'Rain Water Harvesting', 'Club house / Community Center', 'Water softening plant']","['State bank of india ATM', 'Apollo Pharmacy', 'Shapoorji Bus Stand']","['Others,Main Road,Park/Garden']",2 Bedrooms,2 Bathrooms,1 Balcony,,2nd   of 4 Floors,1 to 5 Year Old,North-East
on request,https://www.99acres.com/3-bhk-bedroom-apartment-flat-for-sale-in-rajarhat-kolkata-east-1319-sq-ft-spid-N82781328,3 BHK Flat,52.76 Lac,"1,319 sqft",Super Built-up Area,"4,000 /sqft","Rajarhat, Kolkata","Fresh Construction
Gated Society
+2","On request is one of the most popular destination for buying apartments/ flats in rajarhat, kolkata east. You too can be a part of this society by purchasing this 3 bhk flat here. The flat is facing the south-West direction. Constructed on a super built up area of 1319 sq.Ft., the flat comprises 3 bedroom(s), 2 bathrooms and 1 balcony. The property is located on the 2nd floor of a 4 floors tall...",N82781328,"on request, Rajarhat, Kolkata",,,[],"['Feng Shui / Vaastu Compliant', 'Security / Fire Alarm', 'Lift(s)', 'Maintenance Staff', 'Water Storage']","['Kali mandir', 'Manasha Mandir', 'Kali Mandir', 'Dharmaraj Temple', 'Mukherjee Barir Durgadalan', 'Kali Temple']","['Main Road,Others']",3 Bedrooms,2 Bathrooms,1 Balcony,,2nd   of 4 Floors,0 to 1 Year Old,South-West
on request,https://www.99acres.com/3-bhk-bedroom-apartment-flat-for-sale-in-rajarhat-kolkata-east-1563-sq-ft-spid-B82781148,3 BHK Flat,62.52 Lac,"1,563 sqft",Super Built-up Area,"4,000 /sqft","Rajarhat, Kolkata","North-East Facing
Fresh Construction
+2","On request is one of the most popular destination for buying apartments/ flats in rajarhat, kolkata east. You too can be a part of this society by purchasing this 3 bhk flat here. This residential flat is north-East-Facing direction. The floor plan additionally contains 3 bedroom(s), 2 bathrooms and 1 balcony. All in all, the flat is spread over a super built up area of 1563 sq.Ft. The property...",B82781148,"on request, Rajarhat, Kolkata",,,[],"['Feng Shui / Vaastu Compliant', 'Security / Fire Alarm', 'Lift(s)', 'Maintenance Staff', 'Water Storage']","['Kali mandir', 'Manasha Mandir', 'Kali Mandir', 'Dharmaraj Temple', 'Mukherjee Barir Durgadalan', 'Kali Temple']","['Main Road,Others']",3 Bedrooms,2 Bathrooms,1 Balcony,,2nd   of 4 Floors,0 to 1 Year Old,North-East
On request,https://www.99acres.com/3-bhk-bedroom-apartment-flat-for-sale-in-jyangra-kolkata-east-1255-sq-ft-spid-Z81936714,3 BHK Flat,62.75 Lac,"1,255 sqft",Super Built-up Area,"5,000 /sqft","Jyangra, Rajarhat","Gated Society
Corner Property
+1","Looking for a 3 bhk property for sale in kolkata east? Buy this 3 bhk flat in on request that is situated in jyangra, kolkata east. The flat is facing the east direction. The flat is over 1255 sq.Ft. Super built up area and comes with 3 bedroom(s), 2 bathrooms and 1 balcony. The property is located on the 2nd floor of a 5 floors tall building. Being a ready to move project, you can expect immed...",Z81936714,"On request, Jyangra, Rajarhat",,,[],"['Feng Shui / Vaastu Compliant', 'Lift(s)', 'Maintenance Staff']","['Shitala Mandir', 'Union bank of india ATM', 'State bank of india ATM', 'Axis bank ATM', 'Bank of baroda ATM', 'Hdfc bank ATM']","['Main Road,Others']",3 Bedrooms,2 Bathrooms,1 Balcony,,2nd   of 5 Floors,1 to 5 Year Old,North-East
on request,https://www.99acres.com/2-bhk-bedroom-apartment-flat-for-sale-in-raigachi-kolkata-east-1076-sq-ft-spid-D81930200,2 BHK Flat,56.65 Lac,"1,076 sqft",Super Built-up Area,"5,264 /sqft","Raigachi, Rajarhat","Fresh Construction
Fitness Center/ Gym
+2","This beautiful 2 bhk flat in raigachi, kolkata east is situated in on request, one of the popular residential society in kolkata east. Constructed on a super built up area of 1076 sq.Ft., the flat comprises 2 bedroom(s), 2 bathrooms and 1 balcony. This flat lies on the 5th level of a 8 storey building. An added advantage of this 0-1 year old flat is that it is available for immediate possession...",D81930200,"on request, Raigachi, Rajarhat",,,[],"['Feng Shui / Vaastu Compliant', 'Lift(s)', 'Maintenance Staff', 'Water Storage', 'Swimming Pool', 'Park', 'Security Personnel', 'Natural Light', 'Airy Rooms', 'Spacious Interiors', 'Low Density Society', 'Fitness Centre / GYM', 'Waste Disposal', 'Rain Water Harvesting', 'Club house / Community Center', 'Water softening plant']","['Kali mandir', 'Manasha Mandir', 'Kali Temple', 'Kali Mandir', 'Dharmaraj Temple', 'Mukherjee Barir Durgadalan']",[],2 Bedrooms,2 Bathrooms,1 Balcony,,5th   of 8 Floors,0 to 1 Year Old,
on request,https://www.99acres.com/3-bhk-bedroom-apartment-flat-for-sale-in-raigachi-kolkata-east-1660-sq-ft-spid-S81930724,3 BHK Flat,87.15 Lac,"1,660 sqft",Super Built-up Area,"5,250 /sqft","Raigachi, Rajarhat","Fresh Construction
Gated Society
+2","This 3 bhk flat is located in on request, which houses some of the most spacious flats in raigachi, kolkata east. This is a south-East-Facing property. Constructed on a super built up area of 1660 sq.Ft., the flat comprises 3 bedroom(s), 2 bathrooms and 2 balconies. The residential building has 8 floors in total and the flat for sale is located on the 3rd floor. Being a ready to move project, y...",S81930724,"on request, Raigachi, Rajarhat",,,[],"['Feng Shui / Vaastu Compliant', 'Security / Fire Alarm', 'Intercom Facility', 'Lift(s)', 'Maintenance Staff', 'Water Storage', 'Park', 'Visitor Parking']","['Kali mandir', 'Manasha Mandir', 'Kali Temple', 'Kali Mandir', 'Dharmaraj Temple', 'Mukherjee Barir Durgadalan']","['Park/Garden,Club,Main Road']",3 Bedrooms,2 Bathrooms,2 Balconies,,3rd   of 8 Floors,0 to 1 Year Old,South-East
on request,https://www.99acres.com/2-bhk-bedroom-apartment-flat-for-sale-in-raigachi-kolkata-east-1227-sq-ft-spid-Y81930428,2 BHK Flat,64.42 Lac,"1,227 sqft",Super Built-up Area,"5,250 /sqft","Raigachi, Rajarhat","Fresh Construction
Gated Society
+2","On request is one of the most popular destination for buying apartments/ flats in raigachi, kolkata east. You too can be a part of this society by purchasing this 2 bhk flat here. This residential flat is south-East-Facing direction. The flat occupies a super built up area of 1227 sq.Ft. That consists of 2 bedrooms, 2 bathrooms and 1 balcony. The flat has a total of 8 floors and this property i...",Y81930428,"on request, Raigachi, Rajarhat",,,[],"['Feng Shui / Vaastu Compliant', 'Security / Fire Alarm', 'Intercom Facility', 'Lift(s)', 'Maintenance Staff', 'Water Storage', 'Park', 'Visitor Parking']","['Kali mandir', 'Manasha Mandir', 'Kali Temple', 'Kali Mandir', 'Dharmaraj Temple', 'Mukherjee Barir Durgadalan']","['Main Road,Others']",2 Bedrooms,2 Bathrooms,1 Balcony,,5th   of 8 Floors,0 to 1 Year Old,South-East
on request,https://www.99acres.com/2-bhk-bedroom-apartment-flat-for-sale-in-raigachi-kolkata-east-1262-sq-ft-spid-W81930276,2 BHK Flat,66.25 Lac,"1,262 sqft",Super Built-up Area,"5,250 /sqft","Raigachi, Rajarhat","Fresh Construction
Gated Society
+2","This beautiful 2 bhk flat in raigachi, kolkata east is situated in on request, one of the popular residential society in kolkata east. This property faces the south direction. Constructed on a super built up area of 1262 sq.Ft., the flat comprises 2 bedroom(s), 2 bathrooms and 1 balcony. The residential building has 8 floors in total and the flat for sale is located on the 6th floor. This is a ...",W81930276,"on request, Raigachi, Rajarhat",,,[],"['Security / Fire Alarm', 'Feng Shui / Vaastu Compliant', 'Intercom Facility', 'Lift(s)', 'Maintenance Staff', 'Water Storage', 'Visitor Parking', 'Swimming Pool', 'Security Personnel', 'Natural Light', 'Airy Rooms', 'Spacious Interiors', 'Fitness Centre / GYM', 'Club house / Community Center', 'Water softening plant']","['Kali mandir', 'Manasha Mandir', 'Kali Temple', 'Kali Mandir', 'Dharmaraj Temple', 'Mukherjee Barir Durgadalan']","['Main Road,Others']",2 Bedrooms,2 Bathrooms,1 Balcony,,6th   of 8 Floors,0 to 1 Year Old,South
on request,https://www.99acres.com/2-bhk-bedroom-apartment-flat-for-sale-in-raigachi-kolkata-east-1183-sq-ft-spid-B81930338,2 BHK Flat,62.11 Lac,"1,183 sqft",Super Built-up Area,"5,250 /sqft","Raigachi, Rajarhat","Fresh Construction
Gated Society
+2","This 2 bhk apartment is available for sale in on request, one of the most prominent projects for flats in raigachi, kolkata east. This residential flat is south-East-Facing direction. The flat is over 1183 sq.Ft. Super built up area and comes with 2 bedroom(s), 2 bathrooms and 1 balcony. The property is located on the 4th floor of a 8 floors tall building. An added advantage of this 0-1 year ol...",B81930338,"on request, Raigachi, Rajarhat",,,[],"['Feng Shui / Vaastu Compliant', 'Security / Fire Alarm', 'Intercom Facility', 'Lift(s)', 'Maintenance Staff', 'Water Storage', 'Park']","['Shitala Mandir', 'Kali mandir', 'Manasha Mandir', 'Kali Temple', 'State bank of india ATM', 'Axis bank ATM', 'Union bank of india ATM']","['Main Road,Others']",2 Bedrooms,2 Bathrooms,1 Balcony,Study Room,4th   of 8 Floors,0 to 1 Year Old,South-East
A & S APARTMENT (New Booking),https://www.99acres.com/3-bhk-bedroom-apartment-flat-for-sale-in-agarpara-kolkata-north-1150-sq-ft-spid-I82449664,3 BHK Flat,36.8 Lac,"1,150 sqft",Super Built-up Area,"3,200 /sqft","Agarpara, Panihati","Top Floor
Vitrified Flooring
+2","New booking... Located in the popular residential address of agarpara, kolkata north, a & s apartment (New booking) is one of the most preferred destination for apartments in kolkata north. This 3 bhk flat is your ticket to be a part of this community. Containing 3 bedroom(s), 2 bathrooms and 1 balcony, this flat is spread over a super built up area of 1150 sq.Ft. The property is located on the...",I82449664,"A & S APARTMENT (New Bookg), Agarpara, Panihati",,,[],"['Feng Shui / Vaastu Compliant', 'Security / Fire Alarm', 'Lift(s)', 'Maintenance Staff', 'Water Storage', 'Visitor Parking']","['Jora Sib Mondir', 'Netaji Sebayan Hospital', 'Vijoy Optic and Polyclinic', 'ESI Hospital', 'College of Medicine & Sagore Dutta Hospital']","['Pool,Main Road,Park/Garden,Club,Others']",3 Bedrooms,2 Bathrooms,1 Balcony,"Pooja Room,Others",4th   of 4 Floors,1 to 5 Year Old,South-East
Garden Residency,https://www.99acres.com/3-bhk-bedroom-apartment-flat-for-sale-in-garden-residency-kamarhati-kolkata-north-1271-sq-ft-spid-Y81872578,3 BHK Flat,65 Lac,"1,271 sqft",Super Built-up Area,"5,114 /sqft","Kamarhati, Panihati","Baranagar Metro within 2.5km
Sagar Dutta Medical within 500m
+2","Garden residency is one of kolkata north's most sought after destination for apartments and this 3 bhk flat in kamarhati is your opportunity to be a part of this community. This is a south-East-Facing property. Containing 3 bedroom(s), 2 bathrooms and 1 balcony, this flat is spread over a super built up area of 1271 sq.Ft. The property is located on the 3rd floor of a 5 floors tall building. Th...",Y81872578,"Garden Residency, Kamarhati, Panihati",,,"['2 Bed', '3 Wardrobe', '10 Light', '1 AC', '1 Modular Kitchen', '1 Chimney', '1 Curtains']","['Feng Shui / Vaastu Compliant', 'Lift(s)', 'Water Storage', 'Visitor Parking']","['Jora Sib Mondir', 'Netaji Sebayan Hospital', 'ESI Hospital', 'College of Medicine & Sagore Dutta Hospital', 'Green-View Nursing Home Kolkata']",['Main Road'],3 Bedrooms,2 Bathrooms,1 Balcony,Others,3rd   of 5 Floors,5 to 10 Year Old,South-East
Hiland Park,https://www.99acres.com/3-bhk-bedroom-apartment-flat-for-sale-in-hiland-park-em-bypass-kolkata-south-1328-sq-ft-spid-J81314001,3 BHK Flat,1.35 Cr,"1,328 sqft",Super Built-up Area,"10,165 /sqft","EM Bypass, Kolkata South",,"This 3 bhk apartment is available for sale in hiland park, one of the most prominent projects for flats in em bypass, kolkata south. The flat is north-East-Facing. The flat is over 1328 sq.Ft. Super built up area and comes with 3 bedroom(s), 3 bathrooms and 1 balcony. The flat has a total of 27 floors and this property is situated on 6th floor. This 10+ years old property is available for immed...",J81314001,"Hiland Park, EM Bypass, Kolkata South",Hiland Park,,"['2 Bed', '2 Wardrobe', '5 Fan', '5 Light', '1 AC']","['Security / Fire Alarm', 'Intercom Facility', 'Lift(s)', 'High Ceiling Height', 'Maintenance Staff', 'Water Storage', 'Visitor Parking', 'Swimming Pool', 'Park', 'Security Personnel', 'Natural Light', 'Airy Rooms', 'Spacious Interiors', 'Fitness Centre / GYM', 'Waste Disposal', 'Rain Water Harvesting', 'Club house / Community Center']","['Kavi subhash metro station', 'Lake Pally Shiv Mandir', 'Hanuman Mandir', 'Kali Mandir', 'Shitala Mandir', 'Sada Kali Mandir']",['Pool'],3 Bedrooms,2 Bathrooms,1 Balcony,,6th   of 27 Floors,10+ Year Old,North-East
SGIL Gardenia,https://www.99acres.com/3-bhk-bedroom-apartment-flat-for-sale-in-sgil-gardenia-narendrapur-kolkata-south-1320-sq-ft-spid-C83614278,3 BHK Flat,70 Lac,"1,320 sqft",Super Built-up Area,"5,303 /sqft","Narendrapur, Kolkata","North Facing
Gated Society
+2","Located in the popular residential address of narendrapur, kolkata south, sgil gardenia is one of the most preferred destination for apartments in kolkata south. This 3 bhk flat is your ticket to be a part of this community. This residential flat is north-Facing direction. The flat occupies a super built up area of 1320 sq.Ft. That consists of 3 bedrooms, 2 bathrooms and 1 balcony. The resident...",C83614278,"SGIL Gardenia, Narendrapur, Kolkata",SGIL Gardenia,,"['1 Wardrobe', '1 Bed', '4 Fan', '14 Light', '1 Modular Kitchen']","['Power Back-up', 'Feng Shui / Vaastu Compliant', 'Security / Fire Alarm', 'Intercom Facility', 'Lift(s)', 'Swimming Pool', 'Water Storage', 'Park', 'Visitor Parking', 'Fitness Centre / GYM', 'Club house / Community Center']","['Narayana School', 'Rabindrick Cultural School', 'Ramakrishna Mission Vidyalaya', 'Ukhila Baitul Aaman Jame Masjid', 'Bank of Baroda ATM']",['Others'],3 Bedrooms,2 Bathrooms,1 Balcony,,3rd   of 7 Floors,1 to 5 Year Old,North
Siddha Eden LakeVille,https://www.99acres.com/4-bhk-bedroom-apartment-flat-for-sale-in-siddha-eden-lakeville-bt-road-kolkata-north-1934-sq-ft-r4-spid-P74894247,4 BHK Flat,1.61 Cr,"1,934 sqft",Super Built-up Area,"8,324 /sqft","BT Road, Kolkata","Gated Society
Corner Property
+1","This 4 bhk apartment is available for sale in siddha eden lakeville, one of the most prominent projects for flats in bt road, kolkata north. The flat is facing the north direction. Constructed on a super built up area of 1934 sq.Ft., the flat comprises 4 bedroom(s), 3 bathrooms and 2 balconies. The residential building has 24 floors in total and the flat for sale is located on the 18th floor. T...",P74894247,"Siddha Eden LakeVille, BT Road, Kolkata",Siddha Eden LakeVille,,[],"['Power Back-up', 'Intercom Facility', 'Lift(s)', 'Swimming Pool', 'Park', 'Fitness Centre / GYM', 'Club house / Community Center', 'Rain Water Harvesting']","['Noapara Metro Station', 'City Centre Salt Lake', 'Rai Mohon Banerjee Rd', 'Belghoria Expy', 'Central Modern School']",['Pool'],4 Bedrooms,3 Bathrooms,2 Balconies,,18th   of 24 Floors,1 to 5 Year Old,North-West
Vedic Greentech City Bungalow,https://www.99acres.com/3-bhk-bedroom-apartment-flat-for-sale-in-vedic-greentech-city-bungalow-rajarhat-kolkata-east-2550-sq-ft-spid-W83295696,3 BHK Flat,1.42 Cr,"2,550 sqft",Built-up Area,"5,568 /sqft","Rajarhat, Kolkata","East Facing
Top Floor
+2",The vila vedic aqua golf vila inside.. Duplex vila . Swimming pool rooftop..2 open parking,W83295696,"Vedic Greentech City Bungalow, Rajarhat, Kolkata",Vedic Greentech City Bungalow,,"['8 Fan', '1 Fridge', '1 Exhaust Fan', '1 Dining Table', '3 Geyser', '1 Stove', '5 AC', '2 TV', '1 Curtains', '3 Bed', '1 Sofa']","['Power Back-up', 'Feng Shui / Vaastu Compliant', 'Intercom Facility', 'Lift(s)', 'Swimming Pool', 'Maintenance Staff', 'Park', 'Security Personnel', 'Fitness Centre / GYM', 'Club house / Community Center', 'Rain Water Harvesting']","['Siksha Tirtha Metro station', 'Axis Mall', 'Haroa Road', 'ORCHIDS The International School', 'University of Eng & Management, Kolkata']","['Others,Park/Garden']",3 Bedrooms,3 Bathrooms,2 Balconies,,2nd   of 2 Floors,5 to 10 Year Old,East
Ambuja Utalika The Condoville,https://www.99acres.com/5-bhk-bedroom-apartment-flat-for-sale-in-ambuja-utalika-the-condoville-mukundapur-kolkata-south-6198-sq-ft-spid-Q83083190,5 BHK Flat,9.5 Cr,"6,198 sqft",Super Built-up Area,"15,327 /sqft","Mukundapur, Kolkata","East Facing
Gated Society
+2","Ambuja utalika the condoville is one of the most popular destination for buying apartments/ flats in mukundapur, kolkata south. You too can be a part of this society by purchasing this 5 bhk flat here. This property faces the east direction. Containing 5 bedroom(s), 6 bathrooms and 3 balconies, this flat is spread over a super built up area of 6198 sq.Ft. This flat is situated on the 21st floor...",Q83083190,"Ambuja Utalika The Condoville, Mukundapur, Kolkata",Ambuja Utalika The Condoville,,[],"['Security / Fire Alarm', 'Power Back-up', 'Feng Shui / Vaastu Compliant', 'Intercom Facility', 'Lift(s)', 'Maintenance Staff', 'Water Storage', 'Visitor Parking', 'Swimming Pool', 'Park', 'Security Personnel', 'Fitness Centre / GYM', 'Club house / Community Center', 'Water softening plant']","['Arambagh’s Foodmart', 'Metro Cash & Carry Jadavpur', 'Institute of Management Study', 'AMRI Hospital', 'Medica Superspeciality Hospital']","['Pool,Others,Park/Garden,Club,Main Road']",5 Bedrooms,6 Bathrooms,3 Balconies,Servant Room,21st   of 24 Floors,1 to 5 Year Old,East
"Ipcon, New Booking",https://www.99acres.com/2-bhk-bedroom-apartment-flat-for-sale-in-birati-kolkata-north-691-sq-ft-spid-R82712696,2 BHK Flat,29.02 Lac,691 sqft,Super Built-up Area,"4,200 /sqft","Birati, Kolkata","Gated Society
Vitrified Flooring","Located in the popular residential address of birati, kolkata north, ipcon birati is one of the most preferred destination for apartments in kolkata north. This 2 bhk flat is your ticket to be a part of this community. Constructed on a super built up area of 691 sq.Ft., the flat comprises 2 bedroom(s), 2 bathrooms and 1 balcony. This flat lies on the 2nd level of a 4 storey building. This is a ...",R82712696,"Ipcon, New Bookg, Birati, Kolkata",,,[],['Lift(s)'],"['Shitala Mandir', 'North Dum Dum Municipality Hospital', 'Dr. Rathikul Hasan', 'Birati Nursing Home Pvt. Ltd.', 'Bindubasini Nursing Home']",[],2 Bedrooms,2 Bathrooms,1 Balcony,,2nd   of 4 Floors,1 to 5 Year Old,South
kamalgazi sanny seasons,https://www.99acres.com/3-bhk-bedroom-apartment-flat-for-sale-in-kamalgachhi-more-kolkata-south-1130-sq-ft-spid-H82870776,3 BHK Flat,62 Lac,"1,130 sqft",Super Built-up Area,"5,486 /sqft","Kamalgachhi More, Rajpur Sonarpur","North Facing
Gated Society
+2","The flat is very good.... North facing flat... South, west open..",H82870776,"kamalgazi sanny seasons , Kamalgachhi More, Rajpur Sonarpur",,,"['5 Fan', '1 Sofa', '1 Dining Table', '11 Light', '1 AC', '1 Curtains']","['Power Back-up', 'Intercom Facility', 'Lift(s)', 'Swimming Pool', 'Maintenance Staff', 'Park', 'Security Personnel', 'Fitness Centre / GYM', 'Club house / Community Center']","['Sitala mandir', 'Gosto Mandir', 'Brahmapur Badamtala Jame Masjid', 'Icici bank ATM', 'Sbi ATM', 'Hindustan Health Point Pvt Ltd']",['Others'],3 Bedrooms,2 Bathrooms,1 Balcony,,3rd   of 5 Floors,5 to 10 Year Old,North
Ambuja Utalika The Condoville,https://www.99acres.com/4-bhk-bedroom-apartment-flat-for-sale-in-ambuja-utalika-the-condoville-mukundapur-kolkata-south-4036-sq-ft-spid-V81893338,4 BHK Flat,5.6 Cr,"4,036 sqft",Super Built-up Area,"13,875 /sqft","Mukundapur, Kolkata","East Facing
Gated Society
+2","Looking for a 4 bhk property for sale in kolkata south? Buy this 4 bhk flat in ambuja upohar luxury gold that is situated in em bypass, kolkata south. The flat is east-Facing. The floor plan additionally contains 4 bedroom(s), 3 bathrooms and 2 balconies. All in all, the flat is spread over a super built up area of 4036 sq.Ft. The property is located on the 8th floor of a 24 floors tall buildin...",V81893338,"Ambuja Utalika The Condoville, Mukundapur, Kolkata",Ambuja Utalika The Condoville,,"['6 Fan', '6 AC', '1 Modular Kitchen', '1 Chimney']","['Power Back-up', 'Intercom Facility', 'Lift(s)', 'Maintenance Staff', 'Swimming Pool', 'Park', 'Security Personnel', 'Shopping Centre', 'Fitness Centre / GYM', 'Waste Disposal', 'Club house / Community Center', 'Water softening plant']","['Arambagh’s Foodmart', 'Metro Cash & Carry Jadavpur', 'Institute of Management Study', 'AMRI Hospital', 'Medica Superspeciality Hospital']","['Park/Garden,Club,Others,Main Road,Pool']",4 Bedrooms,3 Bathrooms,2 Balconies,,8th   of 24 Floors,1 to 5 Year Old,East
Mangalam Park,https://www.99acres.com/3-bhk-bedroom-apartment-flat-for-sale-in-mangalam-park-behala-kolkata-south-1303-sq-ft-r1-spid-B75700039,3 BHK Flat,72 Lac,"1,303 sqft",Super Built-up Area,"5,525 /sqft","Behala, Kolkata",,"Residential apartment This is your chance to a 3 bhk apartment / flat for sale in mangalam park behala hooghly . Where luxury comes with affordability. Basic details: You will love this bright and spacious 3 bedroom apartment with 2 bathrooms, modular kitchen, spacious hall and 0 balconies.The balcony offers a great view and is a place to enjoy at any time. This house provides ample natural lig...",B75700039,"Mangalam Park, Behala, Kolkata",Mangalam Park,,[],[],"['Behala Market', 'Laxmi Narayan Mandir', 'Sitala Mandir', 'Hari Sabha', 'Jagannath Temple', 'Kali Temple', 'Jora Mandir']",[],3 Bedrooms,2 Bathrooms,No Balcony,,3rd   of 4 Floors,5 to 10 Year Old,
nirala apartment,https://www.99acres.com/2-bhk-bedroom-apartment-flat-for-sale-in-kalaberia-kolkata-east-935-sq-ft-spid-K82606102,2 BHK Flat,32.73 Lac,935 sqft,Super Built-up Area,"3,500 /sqft","Kalaberia, Kolkata","Top Floor
Gated Society
+1","This beautiful 2 bhk flat in kalaberia, kolkata east is situated in nirala apartment, one of the popular residential society in kolkata east. The flat is facing the north-East direction. Constructed on a super built up area of 935 sq.Ft., the flat comprises 2 bedroom(s), 2 bathrooms and 2 balconies. The flat has a total of 4 floors and this property is situated on top floor. As the project is a...",K82606102,"nirala apartment, Kalaberia, Kolkata",,,[],"['Feng Shui / Vaastu Compliant', 'Security / Fire Alarm', 'Lift(s)', 'Maintenance Staff', 'Water Storage']","['Dakbunglow Shani Kali Mandir', 'Nathpara Shib Mandir', 'Rajarhat Shitala Kali Temple', 'Nathpara Temple', 'Hanuman Mandir']","['Others,Main Road']",2 Bedrooms,2 Bathrooms,2 Balconies,,4th   of 4 Floors,1 to 5 Year Old,West
PS ONE 10,https://www.99acres.com/3-bhk-bedroom-apartment-flat-for-sale-in-ps-one-10-new-town-kolkata-east-1235-sq-ft-spid-G81931876,3 BHK Flat,2.1 Cr,"1,235 sqft",Carpet Area,"17,004 /sqft","New Town, Kolkata","North-East Facing
Top Floor
+1","This beautiful 3 bhk flat in new town, kolkata east is situated in ps one 10, one of the popular residential society in kolkata east. This property faces the north-East direction. The flat occupies a carpet area of 1235 sq.Ft. That consists of 3 bedrooms, 3 bathrooms and 2 balconies. This flat lies on the top level of a 20 storey building. This 1-5 years old property is available for immediate ...",G81931876,"PS ONE 10, New Town, Kolkata",PS ONE 10,,[],"['Security / Fire Alarm', 'Power Back-up', 'Feng Shui / Vaastu Compliant', 'Intercom Facility', 'Lift(s)', 'Maintenance Staff', 'Water Storage', 'Visitor Parking', 'Swimming Pool', 'Park', 'Fitness Centre / GYM', 'Rain Water Harvesting', 'Club house / Community Center']","['Nazrul Tirtha Metro Station', 'Galaxy Mall', 'Biswa Bangla Sarani', 'The Newtown School', 'Aliah University', 'Ohio Hospital']","['Pool,Park/Garden,Club,Main Road']",3 Bedrooms,3 Bathrooms,2 Balconies,,20th   of 20 Floors,1 to 5 Year Old,North-East
Individual Apartment,https://www.99acres.com/3-bhk-bedroom-apartment-flat-for-sale-in-action-area-2b-kolkata-east-1250-sq-ft-spid-B83286948,3 BHK Flat,65 Lac,"1,250 sqft",Super Built-up Area,"5,200 /sqft","Action Area 2B, New Town","Fresh Construction
Corner Property
+2","This lovely 3 bhk apartment/flat in action area 2b is available for sale in one of kolkata east's most popular projects, individual apartment. This property faces the south direction. The flat is over 1250 sq.Ft. Super built up area and comes with 3 bedroom(s), 2 bathrooms and 1 balcony. This flat is situated on the 2nd floor of this 4 floors tall residential building. This is a ready to move p...",B83286948,"Individual Apartment , Action Area 2B, New Town",,,[],"['Security / Fire Alarm', 'Lift(s)', 'Maintenance Staff']","['Kali Temple', 'Rajarhat Shitala Kali Temple', 'Dakbunglow Shani Kali Mandir', 'Rekjoani Shitala Mandir', 'Kali Mandir']","['Main Road,Others']",3 Bedrooms,2 Bathrooms,1 Balcony,Others,2nd   of 4 Floors,0 to 1 Year Old,South
Individual Apartment,https://www.99acres.com/3-bhk-bedroom-apartment-flat-for-sale-in-action-area-2b-kolkata-east-1125-sq-ft-spid-X83282482,3 BHK Flat,68 Lac,"1,125 sqft",Super Built-up Area,"6,044 /sqft","Action Area 2B, New Town","Corner Property
Overlooking Main Road
+1","This lovely 3 bhk apartment/flat in action area 2b is available for sale in one of kolkata east's most popular projects, individual apartment. This residential flat is south-East-Facing direction. The floor plan additionally contains 3 bedroom(s), 2 bathrooms and 1 balcony. All in all, the flat is spread over a super built up area of 1125 sq.Ft. The property is located on the 3rd floor of a 4 f...",X83282482,"Individual Apartment , Action Area 2B, New Town",,,[],"['Security / Fire Alarm', 'Lift(s)', 'Maintenance Staff']","['Kali Temple', 'Kali Mandir', 'Rajarhat Shitala Kali Temple', 'Rekjoani Shitala Mandir', 'Dharmaraj Temple', 'Mukherjee Barir Durgadalan']","['Main Road,Others']",3 Bedrooms,2 Bathrooms,1 Balcony,Others,3rd   of 4 Floors,1 to 5 Year Old,South-East
DTC Southern Heights,https://www.99acres.com/2-bhk-bedroom-apartment-flat-for-sale-in-dtc-southern-heights-joka-kolkata-south-940-sq-ft-spid-Q82913764,2 BHK Flat,55 Lac,940 sqft,Super Built-up Area,"5,851 /sqft","Joka, Kolkata South","Gated Society
Overlooking Park/Garden
+2","Looking for a 2 bhk property for sale in kolkata south? Buy this 2 bhk flat in dtc southern heights that is situated in joka, kolkata south. This is a south-West-Facing property. The flat occupies a super built up area of 940 sq.Ft. That consists of 2 bedrooms, 2 bathrooms and 1 balcony. This flat lies on the 4th level of a 14 storey building. This 1-5 years old property is available for immedi...",Q82913764,"DTC Southern Heights, Joka, Kolkata South",DTC Southern Heights,,[],"['Security / Fire Alarm', 'Power Back-up', 'Feng Shui / Vaastu Compliant', 'Intercom Facility', 'Lift(s)', 'High Ceiling Height', 'Maintenance Staff', 'Water Storage', 'Separate entry for servant room', 'Bank Attached Property', 'Visitor Parking', 'Swimming Pool', 'Park', 'Security Personnel', 'Natural Light', 'Airy Rooms', 'Shopping Centre', 'Fitness Centre / GYM', 'Waste Disposal', 'Rain Water Harvesting', 'Club house / Community Center', 'Water softening plant']","['Joka Metro Station', 'NH 12', 'Pailan World School', 'Swami Vivekananda University', 'BMRI Hospital', 'Netaji Subhash Chandra Bose Intl Airport']","['Main Road,Others,Club,Park/Garden,Pool']",2 Bedrooms,2 Bathrooms,1 Balcony,,4th   of 14 Floors,1 to 5 Year Old,South-West
"Nirala Apartment, New Booking",https://www.99acres.com/2-bhk-bedroom-apartment-flat-for-sale-in-rajarhat-kolkata-east-894-sq-ft-r1-spid-I81169251,2 BHK Flat,32.18 Lac,894 sqft,Super Built-up Area,"3,599 /sqft","Rajarhat, Kolkata","Gated Society
Corner Property
+2","Situated in rajarhat, kolkata east, nirala is a well planned society that offers a pleasant living experience to its residents. This 2 bhk flat in kolkata east is your opportunity to be a part of this community. This property faces the south direction. Constructed on a super built up area of 894 sq.Ft., the flat comprises 2 bedroom(s), 2 bathrooms and 1 balcony. The flat has a total of 4 floors...",I81169251,"Nirala Apartment, New Bookg, Rajarhat, Kolkata",,,[],"['Feng Shui / Vaastu Compliant', 'Security / Fire Alarm', 'Intercom Facility', 'Lift(s)', 'Maintenance Staff', 'Water Storage', 'Park', 'Visitor Parking']","['Kanjialpara Shani Mandir', 'Mukherjee Barir Durgadalan', 'Rajarhat Police Station Kali Temple', 'Dharmaraj Temple', 'Manasha Mandir']",['Main Road'],2 Bedrooms,2 Bathrooms,1 Balcony,Others,3rd   of 4 Floors,1 to 5 Year Old,North
"Nirala Apartment, New Booking",https://www.99acres.com/2-bhk-bedroom-apartment-flat-for-sale-in-rajarhat-kolkata-east-1035-sq-ft-r1-spid-Y81169761,2 BHK Flat,37.26 Lac,"1,035 sqft",Super Built-up Area,"3,600 /sqft","Rajarhat, Kolkata","Gated Society
Corner Property
+1","This beautiful 2 bhk flat in rajarhat, kolkata east is situated in nirala, one of the popular residential society in kolkata east. This is a east-Facing property. The flat is over 1035 sq.Ft. Super built up area and comes with 2 bedroom(s), 2 bathrooms and 1 balcony. The residential building has 4 floors in total and the flat for sale is located on the 1st floor. This is a ready to move project...",Y81169761,"Nirala Apartment, New Bookg, Rajarhat, Kolkata",,,[],"['Feng Shui / Vaastu Compliant', 'Security / Fire Alarm', 'Intercom Facility', 'Lift(s)', 'Maintenance Staff', 'Water Storage', 'Park', 'Visitor Parking']","['Mukherjee Barir Durgadalan', 'Rekjoani Shitala Mandir', 'Dharmaraj Temple', 'Kali Mandir', 'Rajarhat Police Station Kali Temple']",['Main Road'],2 Bedrooms,2 Bathrooms,1 Balcony,Others,1st   of 4 Floors,1 to 5 Year Old,South-West
"Sabhasachi Apartment, New Booking",https://www.99acres.com/3-bhk-bedroom-apartment-flat-for-sale-in-rajarhat-kolkata-east-1124-sq-ft-r1-spid-E81168865,3 BHK Flat,46 Lac,"1,124 sqft",Super Built-up Area,"4,092 /sqft","Rajarhat, Kolkata","Corner Property
Vitrified Flooring","Situated in rajarhat, kolkata east, sabhasachi apartment is a well planned society that offers a pleasant living experience to its residents. This 3 bhk flat in kolkata east is your opportunity to be a part of this community. This is a west-Facing property. The floor plan additionally contains 3 bedroom(s), 2 bathrooms and 1 balcony. All in all, the flat is spread over a super built up area of ...",E81168865,"Sabhasachi Apartment, New Bookg, Rajarhat, Kolkata",,,[],"['Feng Shui / Vaastu Compliant', 'Security / Fire Alarm', 'Intercom Facility', 'Lift(s)', 'Maintenance Staff', 'Water Storage', 'Visitor Parking']","['Mukherjee Barir Durgadalan', 'Rekjoani Shitala Mandir', 'Dharmaraj Temple', 'Kali Mandir', 'Rajarhat Police Station Kali Temple']",['Pool'],3 Bedrooms,2 Bathrooms,1 Balcony,Others,3rd   of 4 Floors,1 to 5 Year Old,South-West
Sabyasachi Apartment,https://www.99acres.com/3-bhk-bedroom-apartment-flat-for-sale-in-sabyasachi-apartment-rajarhat-kolkata-east-1153-sq-ft-r1-spid-E81168487,3 BHK Flat,47.27 Lac,"1,153 sqft",Super Built-up Area,"4,099 /sqft","Rajarhat, Kolkata","Corner Property
Overlooking Main Road
+1","This 3 bhk apartment is available for sale in sabyasachi apartment, one of the most prominent projects for flats in rajarhat, kolkata east. The flat is facing the east direction. Containing 3 bedroom(s), 2 bathrooms and 1 balcony, this flat is spread over a super built up area of 1153 sq.Ft. This flat is situated on the 1st floor of this 4 floors tall residential building. Being a ready to move...",E81168487,"Sabyasachi Apartment, Rajarhat, Kolkata",Sabyasachi Apartment,,[],"['Power Back-up', 'Feng Shui / Vaastu Compliant', 'Security / Fire Alarm', 'Intercom Facility', 'Lift(s)', 'Maintenance Staff', 'Water Storage', 'Visitor Parking']","['Union bank of india ATM', 'State bank of india ATM', 'Axis bank ATM', 'Bank of baroda ATM', 'Hdfc bank ATM', 'Icici bank ATM']",['Main Road'],3 Bedrooms,2 Bathrooms,1 Balcony,,1st   of 4 Floors,1 to 5 Year Old,East
"Sabhasachi Apartment, New Booking",https://www.99acres.com/2-bhk-bedroom-apartment-flat-for-sale-in-rajarhat-kolkata-east-1040-sq-ft-r1-spid-L81168665,2 BHK Flat,42.62 Lac,"1,040 sqft",Super Built-up Area,"4,098 /sqft","Rajarhat, Kolkata","Corner Property
Overlooking Main Road
+1","Located in the popular residential address of rajarhat, kolkata east, sabhasachi apartment is one of the most preferred destination for apartments in kolkata east. This 2 bhk flat is your ticket to be a part of this community. The flat is east-Facing. The floor plan additionally contains 2 bedroom(s), 2 bathrooms and 1 balcony. All in all, the flat is spread over a super built up area of 1040 s...",L81168665,"Sabhasachi Apartment, New Bookg, Rajarhat, Kolkata",,,[],"['Feng Shui / Vaastu Compliant', 'Security / Fire Alarm', 'Intercom Facility', 'Lift(s)', 'Maintenance Staff', 'Water Storage', 'Visitor Parking']","['Mukherjee Barir Durgadalan', 'Rekjoani Shitala Mandir', 'Dharmaraj Temple', 'Kali Mandir', 'Rajarhat Police Station Kali Temple']","['Others,Main Road,Pool']",2 Bedrooms,2 Bathrooms,1 Balcony,Others,2nd   of 4 Floors,1 to 5 Year Old,South-West
A & S APARTMENT (New Booking),https://www.99acres.com/3-bhk-bedroom-apartment-flat-for-sale-in-madhyamgram-kolkata-north-1120-sq-ft-spid-W82979348,3 BHK Flat,34.2 Lac,"1,120 sqft",Super Built-up Area,"3,053 /sqft","Madhyamgram, Kolkata","Top Floor
Gated Society
+2","New booking... This 3 bhk apartment is available for sale in a & s apartment (New booking), one of the most prominent projects for flats in madhyamgram, kolkata north. The flat occupies a super built up area of 1120 sq.Ft. That consists of 3 bedrooms, 2 bathrooms and 1 balcony. The residential building has 4 floors in total and the flat for sale is located on the top floor. As the project is al...",W82979348,"A & S APARTMENT (New Bookg), Madhyamgram, Kolkata",,,[],"['Feng Shui / Vaastu Compliant', 'Security / Fire Alarm', 'Lift(s)', 'Maintenance Staff', 'Water Storage', 'Visitor Parking']","['Hari Mandir', 'Shri Shoni Temple', 'MAA MONOSHA TEMPLE', 'Dr. B.C Roy General Hospital and Maternity Home', 'New Barrackpur Nursing Home Nursing home']","['Pool,Club,Others,Sea facing,Main Road,Park/Garden']",3 Bedrooms,2 Bathrooms,1 Balcony,"Pooja Room,Others",4th   of 4 Floors,1 to 5 Year Old,South-East
On Request,https://www.99acres.com/2-bhk-bedroom-apartment-flat-for-sale-in-garia-kolkata-south-890-sq-ft-spid-P82627652,2 BHK Flat,42 Lac,890 sqft,Super Built-up Area,"4,719 /sqft","Garia, Kolkata","Gated Society
Overlooking Main Road
+1","This beautiful 2 bhk flat in garia, kolkata south is situated in on request, one of the popular residential society in kolkata south. This property faces the south-East direction. Containing 2 bedroom(s), 2 bathrooms and 1 balcony, this flat is spread over a super built up area of 890 sq.Ft. The property is located on the 2nd floor of a 4 floors tall building. This is a ready to move project an...",P82627652,"On Request, Garia, Kolkata",,,[],"['Feng Shui / Vaastu Compliant', 'Security / Fire Alarm', 'Lift(s)', 'High Ceiling Height', 'Water Storage', 'Visitor Parking', 'Natural Light', 'Airy Rooms', 'Waste Disposal']","['Shahid khudiram metro station', 'Kavi subhash metro station', 'Kavi nazrul metro station', 'Maa kali temple garia dhalua']","['Others,Main Road']",2 Bedrooms,2 Bathrooms,1 Balcony,,2nd   of 4 Floors,1 to 5 Year Old,South
On Request,https://www.99acres.com/3-bhk-bedroom-apartment-flat-for-sale-in-action-area-2-kolkata-east-1449-sq-ft-spid-T81660178,3 BHK Flat,85 Lac,"1,449 sqft",Super Built-up Area,"5,866 /sqft","Action Area 2, Kolkata","Overlooking Main Road
Vitrified Flooring","This 3 bhk apartment is available for sale in on request, one of the most prominent projects for flats in action area 2, kolkata east. This property faces the north direction. The flat occupies a super built up area of 1449 sq.Ft. That consists of 3 bedrooms, 3 bathrooms and 1 balcony. The property is located on the 1st floor of a 4 floors tall building. An added advantage of this 1-5 years old...",T81660178,"On Request, Action Area 2, Kolkata",,,[],"['Feng Shui / Vaastu Compliant', 'Security / Fire Alarm', 'Lift(s)', 'Maintenance Staff', 'Visitor Parking']","['Kali Temple', 'Kali Mandir', 'Rekjoani Shitala Mandir', 'Rajarhat Shitala Kali Temple', 'Dharmaraj Temple', 'Mukherjee Barir Durgadalan']",['Main Road'],3 Bedrooms,3 Bathrooms,1 Balcony,,1st   of 4 Floors,1 to 5 Year Old,South
Emami City,https://www.99acres.com/3-bhk-bedroom-apartment-flat-for-sale-in-emami-city-jessore-road-kolkata-north-1920-sq-ft-spid-A82552486,3 BHK Flat,1.85 Cr,"1,920 sqft",Super Built-up Area,"9,635 /sqft","Jessore Road, Kolkata","ILS HOSPITAL within 250m
BELGACHIA METRO within 1.5km
+2","Emami city is one of the most popular destination for buying apartments/ flats in jessore road, kolkata north. You too can be a part of this society by purchasing this 3 bhk flat here. This property faces the north-West direction. The floor plan additionally contains 3 bedroom(s), 3 bathrooms and 2 balconies. All in all, the flat is spread over a super built up area of 1882 sq.Ft. The residenti...",A82552486,"Emami City, Jessore Road, Kolkata",Emami City,,"['1 Water Purifier', '5 Fan', '1 Fridge', '1 Exhaust Fan', '1 Dining Table', '3 Geyser', '1 Stove', '13 Light', '5 AC', '3 TV', '1 Modular Kitchen', '1 Chimney', '1 Curtains', '3 Bed', '3 Wardrobe', '1 Sofa', '1 Washing Machine', '1 Microwave']","['Water purifier', 'Security / Fire Alarm', 'Feng Shui / Vaastu Compliant', 'Private Garden / Terrace', 'Intercom Facility', 'Lift(s)', 'High Ceiling Height', 'Maintenance Staff', 'False Ceiling Lighting', 'Water Storage', 'Recently Renovated', 'Visitor Parking', 'Swimming Pool', 'Park', 'Security Personnel', 'Natural Light', 'Airy Rooms', 'Spacious Interiors', 'Waste Disposal', 'Rain Water Harvesting', 'Water softening plant', 'Shopping Centre', 'Fitness Centre / GYM', 'Club house / Community Center']","['Local Market', 'Diamond Plaza', 'Sarojini Naidu College', 'St. Stephen School', 'Motijheel Science College', 'Dum Dum Commerce College']",['Park/Garden'],3 Bedrooms,3 Bathrooms,2 Balconies,,8th   of 13 Floors,10+ Year Old,North-West
On request,https://www.99acres.com/2-bhk-bedroom-apartment-flat-for-sale-in-airport-kolkata-north-781-sq-ft-r13-spid-X66345370,2 BHK Flat,27.5 Lac,781 sqft,Super Built-up Area,"3,521 /sqft","Airport, Dum Dum",,"A 2 bhk apartment in airport, kolkata north is available for sale. This property is a part of on request.It has a super built-Up area of 781 sq.Ft. It has a built up area of 683 sq.Ft. It has a carpet area of 585 sq.Ft. The apartment is spaciously designed with 2 bedrooms, 2 bathrooms and 1 balcony. The apartment is on the 5th floor of 5 floors and the ownership of the apartment is freehold. Th...",X66345370,"On request, Airport, Dum Dum",,,[],"['Feng Shui / Vaastu Compliant', 'Lift(s)']","['Shitala Mandir', 'Mother Teresa Church', 'Dr. Rathikul Hasan', 'Phoenix Hospital And Diagnostic Centre Pvt Ltd', 'North Dum Dum Municipality Hospital']",['Others'],2 Bedrooms,2 Bathrooms,1 Balcony,,5th   of 5 Floors,1 to 5 Year Old,South
On request,https://www.99acres.com/2-bhk-bedroom-apartment-flat-for-sale-in-dum-dum-cantt-kolkata-north-1085-sq-ft-r5-spid-R73767739,2 BHK Flat,42.31 Lac,"1,085 sqft",Super Built-up Area,"4,000 /sqft","Dum Dum Cantt, South Dumdum",,"This beautiful 2 bhk flat in dum dum cantt, kolkata north is situated in on request, one of the popular residential society in kolkata north. The flat occupies a super built up area of 1085 sq.Ft. That consists of 2 bedrooms, 2 bathrooms and 1 balcony. The property is located on the 3rd floor of a 4 floors tall building. As the project is already ready to move, so you can easily move into this ...",R73767739,"On request, Dum Dum Cantt, South Dumdum",,,[],"['Feng Shui / Vaastu Compliant', 'Intercom Facility', 'Lift(s)', 'Maintenance Staff']","['Noapara metro station', 'Lichubagan Radha Krishna Temple', 'Mother Teresa Church', 'Hanuman Mandir', 'Shitala Mandir']",['Main Road'],2 Bedrooms,2 Bathrooms,1 Balcony,,1st   of 4 Floors,1 to 5 Year Old,South-East
Anupama Heights Airport kolkata North,https://www.99acres.com/2-bhk-bedroom-apartment-flat-for-sale-in-airport-kolkata-north-973-sq-ft-r3-spid-I77409909,2 BHK Flat,39.9 Lac,973 sqft,Super Built-up Area,"4,100 /sqft","Airport, Dum Dum","East Facing
Top Floor
+2","Located in the popular residential address of airport, kolkata north, anupama heights airport kolkata north is one of the most preferred destination for apartments in kolkata north. This 2 bhk flat is your ticket to be a part of this community. This is a east-Facing property. The flat occupies a super built up area of 973 sq.Ft. That consists of 2 bedrooms, 2 bathrooms and 1 balcony. The proper...",I77409909,"Anupama Heights Airport kolkata North , Airport, Dum Dum",,,[],"['Feng Shui / Vaastu Compliant', 'Intercom Facility', 'Lift(s)', 'Maintenance Staff']","['Shitala Mandir', 'Mother Teresa Church', 'Lichubagan Radha Krishna Temple', 'Axis bank ATM', 'State bank of india ATM']",['Main Road'],2 Bedrooms,2 Bathrooms,1 Balcony,,5th   of 5 Floors,1 to 5 Year Old,East
on Request,https://www.99acres.com/2-bhk-bedroom-apartment-flat-for-sale-in-airport-kolkata-north-919-sq-ft-r1-spid-C80504485,2 BHK Flat,34 Lac,919 sqft,Super Built-up Area,"5,159 /sqft","Airport, Dum Dum","Gated Society
Corner Property
+1","On request is one of kolkata north's most sought after destination for apartments and this 2 bhk flat in airport is your opportunity to be a part of this community. This residential flat is east-Facing direction. Constructed on a super built up area of 919 sq.Ft., the flat comprises 2 bedroom(s), 2 bathrooms and 1 balcony. The residential building has 4 floors in total and the flat for sale is ...",C80504485,"on Request, Airport, Dum Dum",,,[],"['Feng Shui / Vaastu Compliant', 'Intercom Facility', 'Lift(s)', 'Maintenance Staff']","['Shitala Mandir', 'Mother Teresa Church', 'Aparna Nursing Home', 'Phoenix Hospital And Diagnostic Centre Pvt Ltd', 'Manorama Nursing Home']",['Others'],2 Bedrooms,2 Bathrooms,1 Balcony,,2nd   of 4 Floors,1 to 5 Year Old,North-West
on Request,https://www.99acres.com/3-bhk-bedroom-apartment-flat-for-sale-in-durganagar-kolkata-north-1129-sq-ft-spid-L81354047,3 BHK Flat,40.65 Lac,"1,129 sqft",Super Built-up Area,"3,600 /sqft","Durganagar, Belgharia Expressway, Kolkata","North-East Facing
Gated Society
+2","On request is one of the most popular destination for buying apartments/ flats in durganagar, kolkata north. You too can be a part of this society by purchasing this 3 bhk flat here. Containing 3 bedroom(s), 2 bathrooms and 1 balcony, this flat is spread over a super built up area of 1129 sq.Ft. The property is located on the 3rd floor of a 4 floors tall building. This is a ready to move projec...",L81354047,"on Request , Durganagar, Belgharia Expressway, Kolkata",,,[],"['Feng Shui / Vaastu Compliant', 'Lift(s)', 'Maintenance Staff', 'Club house / Community Center']","['Mother Teresa Church', 'Shitala Mandir', 'Manorama Nursing Home', 'Aparna Nursing Home', 'Matri Sadan-O-Swasthya Kendra And General Hospital']",['Others'],3 Bedrooms,2 Bathrooms,1 Balcony,,3rd   of 4 Floors,1 to 5 Year Old,North-East
point 30 Airport,https://www.99acres.com/2-bhk-bedroom-apartment-flat-for-sale-in-airport-kolkata-north-921-sq-ft-r2-spid-P77998231,2 BHK Flat,34.1 Lac,921 sqft,Super Built-up Area,"4,934 /sqft","Airport, Dum Dum","Gated Society
Corner Property
+1","Point 30 airport is one of kolkata north's most sought after destination for apartments and this 2 bhk flat in airport is your opportunity to be a part of this community. The flat is over 921 sq.Ft. Super built up area and comes with 2 bedroom(s), 2 bathrooms and 1 balcony. This flat lies on the 1st level of a 4 storey building. This 1-5 years old property is available for immediate possession ...",P77998231,"pot 30 Airport, Airport, Dum Dum",,,[],"['Feng Shui / Vaastu Compliant', 'Intercom Facility', 'Lift(s)', 'Maintenance Staff']","['Shitala Mandir', 'Mother Teresa Church', 'Aparna Nursing Home', 'Manorama Nursing Home', 'Phoenix Hospital And Diagnostic Centre Pvt Ltd']",['Others'],2 Bedrooms,2 Bathrooms,1 Balcony,,2nd   of 4 Floors,1 to 5 Year Old,North
on Request,https://www.99acres.com/2-bhk-bedroom-apartment-flat-for-sale-in-airport-kolkata-north-1019-sq-ft-spid-W81383325,2 BHK Flat,37.71 Lac,"1,019 sqft",Super Built-up Area,"3,700 /sqft","Airport, Dum Dum",,"Located in the popular residential address of airport, kolkata north, on request is one of the most preferred destination for apartments in kolkata north. This 2 bhk flat is your ticket to be a part of this community. The flat is facing the north direction. Constructed on a super built up area of 1019 sq.Ft., the flat comprises 2 bedroom(s), 2 bathrooms and 1 balcony. This flat lies on the top ...",W81383325,"on Request , Airport, Dum Dum",,,[],"['Security / Fire Alarm', 'Lift(s)', 'Maintenance Staff']","['Shitala Mandir', 'Mother Teresa Church', 'Lichubagan Radha Krishna Temple', 'Axis bank ATM', 'State bank of india ATM']",['Others'],2 Bedrooms,2 Bathrooms,1 Balcony,,5th   of 5 Floors,1 to 5 Year Old,North
On request,https://www.99acres.com/3-bhk-bedroom-apartment-flat-for-sale-in-durganagar-kolkata-north-1079-sq-ft-r7-spid-I70078514,3 BHK Flat,38.84 Lac,"1,079 sqft",Super Built-up Area,"3,599 /sqft","Durganagar, Belgharia Expressway, Kolkata",,"Situated in durganagar, kolkata north, on request is a well planned society that offers a pleasant living experience to its residents. This 3 bhk flat in kolkata north is your opportunity to be a part of this community. Containing 3 bedroom(s), 2 bathrooms and 1 balcony, this flat is spread over a super built up area of 1079 sq.Ft. The flat has a total of 5 floors and this property is situated ...",I70078514,"On request, Durganagar, Belgharia Expressway, Kolkata",,,[],"['Feng Shui / Vaastu Compliant', 'Lift(s)', 'Water purifier', 'Maintenance Staff', 'Bank Attached Property', 'Airy Rooms', 'Club house / Community Center']","['Shitala Mandir', 'Mother Teresa Church', 'Lichubagan Radha Krishna Temple', 'Aparna Nursing Home', 'Manorama Nursing Home']",['Others'],3 Bedrooms,2 Bathrooms,1 Balcony,,5th   of 5 Floors,1 to 5 Year Old,North-East
On request,https://www.99acres.com/2-bhk-bedroom-apartment-flat-for-sale-in-airport-kolkata-north-935-sq-ft-spid-M81383209,2 BHK Flat,34.6 Lac,935 sqft,Super Built-up Area,"3,700 /sqft","Airport, Dum Dum","Corner Property
Overlooking Main Road
+1","This 2 bhk flat is located in on request, which houses some of the most spacious flats in airport, kolkata north. The flat is facing the west direction. The flat is over 935 sq.Ft. Super built up area and comes with 2 bedroom(s), 2 bathrooms and 1 balcony. The residential building has 5 floors in total and the flat for sale is located on the 1st floor. Being a ready to move project, you can exp...",M81383209,"On request, Airport, Dum Dum",,,[],"['Feng Shui / Vaastu Compliant', 'Lift(s)', 'Maintenance Staff']","['Shitala Mandir', 'Mother Teresa Church', 'Lichubagan Radha Krishna Temple', 'Axis bank ATM', 'State bank of india ATM']",['Main Road'],2 Bedrooms,2 Bathrooms,1 Balcony,,1st   of 5 Floors,1 to 5 Year Old,East
shibaloy Apartment Airport Dum Dum,https://www.99acres.com/2-bhk-bedroom-apartment-flat-for-sale-in-airport-kolkata-north-1084-sq-ft-spid-R81342399,2 BHK Flat,37.94 Lac,"1,084 sqft",Super Built-up Area,"3,500 /sqft","Airport, Dum Dum","Corner Property
Vitrified Flooring","This 2 bhk apartment is available for sale in shibaloy apartment airport dum dum, one of the most prominent projects for flats in airport, kolkata north. The flat occupies a super built up area of 1084 sq.Ft. That consists of 2 bedrooms, 2 bathrooms and 1 balcony. The property is located on the 3rd floor of a 4 floors tall building. As the project is already ready to move, so you can easily mov...",R81342399,"shibaloy Apartment Airport Dum Dum, Airport, Dum Dum",,,[],"['Feng Shui / Vaastu Compliant', 'Lift(s)', 'Maintenance Staff']","['Nathpara Shib Mandir', 'Nathpara Temple', 'Dakbunglow Shani Kali Mandir', 'Masjid', 'Rajarhat Shitala Kali Temple']",['Others'],2 Bedrooms,2 Bathrooms,1 Balcony,,3rd   of 4 Floors,1 to 5 Year Old,South
Merlin Urvan,https://www.99acres.com/3-bhk-bedroom-apartment-flat-for-sale-in-merlin-urvan-dum-dum-kolkata-north-1163-sq-ft-spid-Q83581812,3 BHK Flat,1.45 Cr,"1,163 sqft",Built-up Area,"12,467 /sqft","Dum Dum, Kolkata","Dum Dum Metro Station within 500m
Overlooking Main Road
+2","Check out this 3 bhk apartment for sale in merlin urvan, a popular residential project that houses in-Demand flats in dum dum, kolkata north. The flat is facing the south-East direction. The flat is over 1163 sq.Ft. Built up area and comes with 3 bedroom(s), 2 bathrooms and 2 balconies. This flat is situated on the 7th floor of this 13 floors tall residential building. An added advantage of thi...",Q83581812,"Merl Urvan, Dum Dum, Kolkata",Merlin Urvan,,[],"['Centrally Air Conditioned', 'Security / Fire Alarm', 'Power Back-up', 'Feng Shui / Vaastu Compliant', 'Intercom Facility', 'Lift(s)', 'Maintenance Staff', 'Water Storage', 'Separate entry for servant room', 'Bank Attached Property', 'Visitor Parking', 'Swimming Pool', 'Park', 'Security Personnel', 'Natural Light', 'Airy Rooms', 'Spacious Interiors', 'Low Density Society', 'Waste Disposal', 'Rain Water Harvesting', 'Water softening plant', 'Shopping Centre', 'Fitness Centre / GYM', 'Club house / Community Center']","['Noapara Metro Station', 'Diamond Plaza Mall', 'Rajarhat Main Road', 'SH 1', 'Sarojini Naidu College for Women', 'Cossipore Aman School']","['Main Road,Park/Garden']",3 Bedrooms,2 Bathrooms,2 Balconies,Others,7th   of 13 Floors,0 to 1 Year Old,South-East
Siddhivinayak Green Apartment,https://www.99acres.com/3-bhk-bedroom-apartment-flat-for-sale-in-chinar-park-kolkata-east-1277-sq-ft-spid-N83026132,3 BHK Flat,67 Lac,"1,277 sqft",Super Built-up Area,"5,246 /sqft","Char Park, Kolkata","Club/ Community Center
City Centre 2 Metro Station within 1km
+2","3bhk ready-To-Move flat in green residenza, rajarhat never lived in, covered parking! Price: 67 lakhs Location: Green apartment, rajarhat, kolkata (Landmark: Derozio memorial college) Size: 1,277 sq. Ft. (Super build-Up) Floor: 4th floor (Ample natural light & ventilation) Facing: East-Facing, vaastu compliant Overview (Optional?): Discover this spacious 3bhk apartment in green residenza, rajar...",N83026132,"Siddhivayak Green Apartment, Char Park, Kolkata",,,[],"['Security / Fire Alarm', 'Feng Shui / Vaastu Compliant', 'Private Garden / Terrace', 'Intercom Facility', 'Lift(s)', 'Water purifier', 'High Ceiling Height', 'Maintenance Staff', 'Water Storage', 'Separate entry for servant room', 'Bank Attached Property', 'Visitor Parking', 'Swimming Pool', 'Park', 'Security Personnel', 'Natural Light', 'Airy Rooms', 'Spacious Interiors', 'Fitness Centre / GYM', 'Waste Disposal', 'Rain Water Harvesting', 'Club house / Community Center']","['Shitala Mandir', 'State bank of india ATM', 'Union bank of india ATM', 'Axis bank ATM', 'Bank of baroda ATM', 'Hdfc bank ATM']","['Main Road,Park/Garden']",3 Bedrooms,2 Bathrooms,2 Balconies,Others,4th   of 6 Floors,1 to 5 Year Old,South-East
