BHK,Price,Area,Bathrooms,Balcony,Floor,Total Floors,Store_Room,Study_Room,Pooja_Room,Servant_Room,Property_Age_Years,Area_Type_Encoded,Furnishing_Level_Code,Facility_Premium,Lift,Maintenance,WaterStorage,VaastuCompliant,FireSecurity,VisitorParking,Intercom,Park,AiryRooms,Gym,Overlook_Pool,Overlook_Club,Latitude,Longitude,Floor_Ratio
3,5000000.0,1059.0,2,2,4.0,4.0,0,0,0,0,7.5,0,0,3,1,1,1,0,1,0,1,0,1,0,0,0,22.4803617,88.3377899,1.0
3,7700000.0,2370.0,2,2,14.0,14.0,1,0,0,0,7.5,2,2,6,1,1,0,0,0,1,0,0,1,0,0,0,22.5132661,88.2229919,1.0
3,5100000.0,1350.0,2,2,4.0,4.0,0,0,1,0,7.5,0,1,0,1,0,0,0,0,0,0,0,1,0,0,0,22.4523378,88.3045283,1.0
2,12500000.0,1175.0,2,0,4.0,5.0,0,0,0,0,7.5,2,0,0,0,0,0,0,0,0,0,0,0,0,0,0,22.5044355,88.3721663,0.8
2,12200000.0,879.0,2,2,6.0,9.0,0,0,0,0,7.5,1,1,0,0,0,0,0,0,0,0,0,0,0,0,0,22.5959131,88.4878653,0.6666666666666666
1,2500000.0,402.0,1,1,3.0,4.0,0,0,0,0,0.5,1,0,3,1,0,1,1,1,1,1,1,1,0,0,0,22.6357323,88.3398223,0.75
3,6800000.0,1305.0,2,2,6.0,14.0,0,0,0,0,7.5,1,1,4,1,0,0,1,1,0,1,1,0,1,0,0,22.5132661,88.2229919,0.42857142857142855
2,3400000.0,1086.0,2,3,1.0,11.0,0,0,0,0,12.5,1,1,0,1,0,0,0,0,0,0,0,0,0,0,0,22.69972,88.3519784,0.09090909090909091
3,9000000.0,1150.0,2,3,5.0,14.0,0,1,1,0,-1.42,2,0,8,1,1,1,1,1,1,1,1,1,1,0,0,25.7967438,89.5446589,0.35714285714285715
3,6600000.0,1022.0,3,2,3.0,4.0,0,0,0,0,0.5,1,0,3,1,1,1,1,1,1,1,1,0,0,0,0,22.6357323,88.3398223,0.75
4,9000000.0,1700.0,3,1,1.0,4.0,0,1,0,0,12.5,2,1,0,1,0,1,0,0,0,0,0,0,0,0,0,22.7241945,88.4837829,0.25
2,3500000.0,654.0,2,1,3.0,4.0,0,0,0,0,0.5,1,0,3,1,0,1,1,1,1,0,1,1,0,0,0,22.6357323,88.3398223,0.75
2,5500000.0,860.0,2,2,11.0,13.0,0,0,0,0,0.5,2,0,0,1,1,1,1,1,1,1,1,0,0,0,0,22.4440966,88.3017146,0.8461538461538461
2,3500000.0,950.0,2,1,3.0,3.0,0,0,0,0,0.5,2,0,0,1,0,1,0,0,0,0,0,0,0,0,0,22.4803617,88.3377899,1.0
3,15000000.0,1457.0,3,2,9.0,9.0,0,0,0,0,3.0,2,1,4,1,1,1,0,1,0,0,1,1,1,0,0,22.5959131,88.4878653,1.0
2,5200000.0,515.0,2,1,11.0,12.0,0,0,0,0,0.5,0,2,5,1,1,1,1,1,1,1,1,1,1,0,0,22.4440966,88.3017146,0.9166666666666666
3,6000000.0,1223.0,2,2,4.0,4.0,0,0,0,0,7.5,0,2,0,1,1,0,0,0,0,0,0,0,0,0,0,22.6286173,88.44061,1.0
3,4000000.0,1101.0,2,2,4.0,4.0,1,0,0,0,3.0,2,1,4,1,0,0,1,0,0,0,1,1,1,0,0,22.7240295,88.4889199,1.0
2,4200000.0,840.0,2,2,3.0,14.0,0,0,0,0,3.0,1,0,5,1,1,1,1,1,1,1,1,1,1,0,0,22.6380124,88.3958929,0.21428571428571427
3,23000000.0,1458.0,2,2,19.0,35.0,0,0,0,1,12.5,0,2,3,1,0,0,0,0,0,1,0,1,1,0,0,22.5019776,88.3578139,0.5428571428571428
3,5500000.0,1175.0,2,2,10.0,14.0,0,0,0,0,3.0,2,0,0,1,1,0,0,0,0,1,1,0,0,0,0,22.7241945,88.4837829,0.7142857142857143
4,9250000.0,1850.0,3,2,4.0,5.0,0,0,0,0,12.5,1,2,0,0,0,0,0,0,0,0,0,0,0,0,0,22.6001077,88.4066981,0.8
3,5200000.0,1185.0,2,1,2.0,4.0,0,0,0,0,0.5,2,0,1,1,1,0,0,0,0,0,1,0,1,0,0,22.4495236,88.3955392,0.5
4,10000000.0,1700.0,3,1,3.0,4.0,0,0,0,0,7.5,2,0,0,0,0,0,0,0,0,0,0,0,0,0,0,22.4735864,88.3606732,0.75
3,15000000.0,1587.0,2,1,4.0,5.0,0,0,0,0,12.5,0,0,0,0,0,0,0,0,0,0,0,0,0,0,0,22.5264928,88.3323692,0.8
2,5000000.0,820.0,2,1,2.0,4.0,0,0,0,0,3.0,0,0,0,0,1,1,0,0,1,0,0,0,0,0,0,22.4727076,88.3977962,0.5
3,5400000.0,1250.0,2,2,1.0,4.0,0,0,0,0,12.5,2,0,0,0,0,1,0,0,0,0,0,0,0,0,0,22.7241945,88.4837829,0.25
3,7300000.0,1289.0,2,2,11.0,11.0,0,0,1,0,3.0,2,0,3,1,1,0,0,0,0,1,1,1,1,0,0,22.7240295,88.4889199,1.0
2,2600000.0,695.0,1,1,1.0,4.0,0,0,0,0,0.5,2,0,0,0,0,0,0,0,0,0,0,0,0,0,0,22.4681162,88.4196482,0.25
3,15000000.0,1483.0,3,1,4.0,4.0,0,0,0,0,12.5,0,2,0,0,0,0,0,0,0,0,0,0,0,0,0,22.5795389,88.3907166,1.0
4,9500000.0,1800.0,4,3,6.0,6.0,0,0,0,0,3.0,1,0,0,0,0,0,0,0,0,0,0,0,0,0,0,22.6656371,88.3980035,1.0
2,6000000.0,952.0,2,2,11.0,23.0,0,0,0,0,-2.42,2,0,3,1,0,0,0,0,0,1,1,0,1,0,0,22.4440966,88.3017146,0.4782608695652174
3,7000000.0,1261.0,2,2,4.0,7.0,0,0,0,0,-2.17,2,0,0,1,0,0,0,0,0,1,0,0,1,0,0,22.6947839,88.4530183,0.5714285714285714
3,9500000.0,1206.0,2,1,1.0,3.0,0,0,0,0,12.5,1,0,0,0,0,0,0,0,0,0,0,0,0,0,0,22.5053017,88.4009957,0.3333333333333333
3,13000000.0,2000.0,3,3,4.0,4.0,0,0,0,0,12.5,2,1,0,0,0,0,0,0,0,0,0,0,0,0,0,22.4873548,88.3133794,1.0
2,4200000.0,950.0,2,1,2.0,3.0,0,0,0,0,7.5,2,0,1,0,1,1,1,0,0,0,0,0,0,0,0,22.4767859,88.3047986,0.6666666666666666
2,3200000.0,749.0,2,1,2.0,4.0,0,0,0,0,3.0,2,0,0,0,0,0,0,0,0,0,0,0,0,0,0,22.1018905,88.3745163,0.5
2,2800000.0,863.0,2,1,3.0,3.0,0,0,0,0,7.5,2,0,0,0,0,1,0,0,1,0,0,0,0,0,0,22.5697,88.3630976,1.0
6,16000000.0,2640.0,4,2,3.0,5.0,0,0,0,0,7.5,0,2,2,1,0,0,0,0,0,0,0,1,0,0,0,22.6001077,88.4066981,0.6
2,5700000.0,965.0,2,1,3.0,12.0,0,0,0,0,0.5,2,0,3,1,0,1,0,1,0,1,1,1,1,0,0,25.7967438,89.5446589,0.25
3,5000000.0,1498.0,2,3,5.0,5.0,0,0,0,0,12.5,1,2,3,1,1,1,0,1,0,1,0,1,0,0,0,22.6947839,88.4530183,1.0
2,5000000.0,999.0,2,1,1.0,5.0,0,0,0,0,12.5,2,0,0,1,0,0,0,1,0,0,0,0,0,0,0,22.4960484,88.3822296,0.2
4,5800000.0,1310.0,2,2,7.0,7.0,0,1,0,0,7.5,2,2,5,1,1,0,1,0,0,1,1,0,1,0,0,22.6947839,88.4530183,1.0
3,6800000.0,1390.0,2,1,1.0,4.0,0,1,1,0,3.0,2,0,7,1,1,1,1,0,1,1,1,1,1,0,0,22.6947839,88.4530183,0.25
2,4500000.0,913.0,2,1,4.0,4.0,0,0,0,0,3.0,2,0,0,1,1,0,0,1,1,0,1,0,0,0,0,22.679688,88.4498321,1.0
2,6200000.0,1620.0,2,1,2.0,4.0,0,0,0,0,12.5,2,2,0,0,0,1,1,0,0,0,0,0,0,0,0,22.4956263,88.398449,0.5
3,14000000.0,1643.0,3,1,7.0,7.0,0,0,0,1,3.0,2,2,5,1,1,1,0,1,1,1,1,1,1,0,0,22.5959131,88.4878653,1.0
3,5500000.0,1427.0,2,1,4.0,4.0,0,0,1,0,12.5,2,2,4,1,1,1,0,0,1,0,1,1,1,0,0,25.7967438,89.5446589,1.0
3,8800000.0,1850.0,2,0,10.0,10.0,0,0,0,0,12.5,0,1,0,0,0,0,0,0,0,0,0,0,0,0,0,22.5932398,88.3441315,1.0
2,11200000.000000002,1195.0,2,1,4.0,4.0,0,0,0,0,12.5,1,1,3,1,1,1,0,1,1,0,1,0,1,0,0,22.498636,88.3453908,1.0
3,7700000.0,812.0,2,1,18.0,27.0,0,0,0,0,-2.42,1,0,3,1,0,0,0,0,0,1,1,0,1,0,0,25.7967438,89.5446589,0.6666666666666666
2,7000000.0,1090.0,2,1,2.0,9.0,0,0,0,0,0.5,0,2,0,0,1,0,0,0,0,0,0,0,0,0,0,22.6469581,88.343612,0.2222222222222222
3,6100000.0,1500.0,2,2,2.0,5.0,0,0,0,0,7.5,2,1,4,1,1,1,1,1,1,1,1,0,1,0,0,22.6947839,88.4530183,0.4
3,4200000.0,1236.0,2,1,9.0,15.0,0,0,1,0,7.5,2,1,6,1,1,1,1,1,1,0,1,1,1,0,0,22.5440241,88.2696868,0.6
2,9600000.0,926.0,2,2,5.0,6.0,0,0,0,0,3.0,2,0,1,1,0,0,0,0,0,1,1,0,0,0,0,22.5959131,88.4878653,0.8333333333333334
3,6300000.0,1500.0,2,2,1.0,5.0,0,1,1,0,3.0,1,2,0,1,0,1,0,0,1,0,0,0,0,0,0,22.5886606,88.2966655,0.2
2,4000000.0,1030.0,2,2,5.0,5.0,0,0,0,0,7.5,2,2,5,1,1,1,0,1,1,0,1,1,1,0,0,22.613274,88.4246327,1.0
2,11500000.0,1075.0,2,1,7.0,15.0,0,0,0,0,12.5,0,2,3,0,1,0,0,1,1,0,0,0,1,0,0,22.5264928,88.3323692,0.4666666666666667
3,7750000.0,1253.0,2,2,3.0,21.0,0,0,0,0,-0.67,2,0,4,1,1,0,1,0,0,1,1,0,1,0,0,22.7001796,88.3791567,0.14285714285714285
3,7000000.0,1306.0,2,2,11.0,12.0,0,1,0,0,3.0,2,1,6,1,0,0,0,0,0,0,1,1,1,0,0,22.501572,88.3209435,0.9166666666666666
2,9200000.0,1291.0,2,1,5.0,10.0,1,1,1,0,3.0,0,1,2,1,1,1,1,1,1,1,1,0,0,0,0,22.5822129,88.2798107,0.5
3,15600000.0,2113.0,4,2,11.0,28.0,0,0,0,1,7.5,2,2,7,1,1,1,0,1,1,1,1,1,1,0,0,22.5932398,88.3441315,0.39285714285714285
2,3050000.0,764.0,2,1,2.0,5.0,0,0,0,0,7.5,1,0,0,0,0,0,0,0,0,0,0,0,0,0,0,22.6286173,88.44061,0.4
3,11000000.0,980.0,2,2,2.0,4.0,0,0,0,0,12.5,0,0,0,0,0,1,0,0,0,0,0,0,0,0,0,22.5946735,88.4054907,0.5
3,5715000.0,1270.0,2,1,3.0,3.0,0,0,1,0,7.5,1,2,0,1,0,1,0,1,1,0,0,0,0,0,0,22.477646,88.4399813,1.0
1,4700000.0,550.0,1,0,1.0,3.0,0,0,0,0,12.5,1,0,0,0,0,0,1,0,0,0,1,0,0,0,0,22.5133442,88.3527932,0.3333333333333333
3,8000000.0,1000.0,2,1,2.0,4.0,0,0,0,0,7.5,0,0,0,1,0,0,0,1,0,0,0,0,0,0,0,22.5841465,88.3788957,0.5
2,2650000.0,712.0,2,1,8.0,14.0,0,0,0,0,7.5,2,2,2,1,1,1,1,1,1,1,1,0,1,0,0,22.5132661,88.2229919,0.5714285714285714
2,5500000.0,850.0,2,1,3.0,4.0,0,0,0,0,7.5,1,2,0,1,1,1,0,1,1,1,1,0,0,0,0,22.4727076,88.3977962,0.75
2,3500000.0,750.0,2,1,2.0,3.0,0,0,0,0,12.5,0,1,0,0,0,1,0,0,0,0,0,0,0,0,0,22.6380124,88.3958929,0.6666666666666666
3,7000000.0,1048.0,2,1,3.0,6.0,0,0,0,0,7.5,2,2,0,1,1,1,0,1,1,0,1,0,0,0,0,22.6286173,88.44061,0.5
3,6000000.0,1750.0,3,2,4.0,4.0,0,0,1,0,12.5,0,0,1,1,0,1,0,0,0,0,0,1,0,0,0,22.7001796,88.3791567,1.0
2,5100000.0,880.0,2,1,2.0,5.0,0,0,0,0,12.5,0,1,5,1,1,0,1,1,1,1,1,0,1,0,0,22.4727076,88.3977962,0.4
4,16000000.0,1995.0,3,1,6.0,6.0,0,0,0,1,7.5,2,2,6,1,1,1,1,1,1,1,1,1,1,0,0,22.5959131,88.4878653,1.0
2,2700000.0,720.0,2,1,2.0,3.0,0,0,0,0,3.0,2,1,0,1,0,0,0,0,0,0,0,0,0,0,0,22.4864389,88.2816299,0.6666666666666666
3,7000000.0,1050.0,3,1,1.0,4.0,0,0,0,0,12.5,2,1,0,0,1,1,0,0,0,0,0,0,0,0,0,22.506758,88.3817559,0.25
2,3600000.0,850.0,2,1,2.0,4.0,1,0,0,0,7.5,2,2,2,1,0,1,1,0,0,0,0,1,0,0,0,22.501572,88.3209435,0.5
2,3400000.0,720.0,2,1,3.0,5.0,0,0,0,0,12.5,0,0,0,0,0,0,0,0,0,0,0,0,0,0,0,22.6097509,88.4026439,0.6
2,4600000.0,905.0,2,1,1.0,5.0,0,0,0,0,0.5,2,0,0,0,0,0,0,0,0,0,0,0,0,0,0,22.4541674,88.4183764,0.2
2,5200000.0,897.0,2,0,12.0,12.0,0,0,0,0,7.5,0,2,3,1,1,1,1,1,0,1,1,0,1,0,0,25.7967438,89.5446589,1.0
3,6200000.0,900.0,2,1,1.0,14.0,0,0,0,0,7.5,0,2,5,1,1,1,1,1,1,0,1,1,1,0,0,22.5932398,88.3441315,0.07142857142857142
2,8000000.0,970.0,2,1,4.0,4.0,0,0,0,0,3.0,2,2,4,1,0,0,0,0,1,0,1,0,1,0,0,22.5959131,88.4878653,1.0
2,4000000.0,750.0,2,1,4.0,4.0,0,0,0,0,3.0,1,2,5,1,1,1,1,1,1,1,1,1,1,0,0,25.7967438,89.5446589,1.0
2,4850000.0,950.0,2,1,2.0,4.0,0,0,0,0,7.5,2,0,0,1,1,0,0,0,0,0,0,0,0,0,0,22.4767859,88.3047986,0.5
3,5100000.0,1220.0,2,2,2.0,4.0,0,0,0,0,0.5,2,0,0,1,0,1,1,0,0,0,0,0,0,0,0,22.6375838,88.412158,0.5
3,8000000.0,1215.0,2,1,6.0,11.0,0,0,0,0,3.0,2,0,5,1,1,0,0,0,0,1,0,1,1,0,0,22.4440966,88.3017146,0.5454545454545454
3,8000000.0,1790.0,3,3,8.0,28.0,0,0,0,0,3.0,2,1,0,0,1,0,0,0,1,1,0,0,0,0,0,22.5440241,88.2696868,0.2857142857142857
3,7500000.0,1353.0,2,1,1.0,5.0,0,0,0,0,3.0,0,1,0,1,1,1,0,1,1,1,1,0,0,0,0,22.578579,88.3551327,0.2
2,2500000.0,840.0,2,1,3.0,3.0,0,0,0,0,12.5,0,0,0,0,0,0,0,0,0,0,0,1,0,0,0,22.8909117,88.3702844,1.0
2,3000000.0,900.0,1,1,3.0,4.0,0,0,0,0,7.5,2,0,0,0,0,0,0,0,0,0,0,0,0,0,0,22.6546116,88.4249902,0.75
3,5400000.0,1274.0,2,2,2.0,4.0,0,0,0,0,3.0,2,2,7,1,0,1,1,1,1,1,1,1,1,0,0,22.6380124,88.3958929,0.5
3,19000000.0,2079.0,3,2,7.0,18.0,0,0,0,1,12.5,2,0,0,1,0,0,0,1,1,0,0,0,0,0,0,22.4727076,88.3977962,0.3888888888888889
2,14000000.0,1235.0,2,1,2.0,5.0,0,0,0,0,3.0,2,1,4,1,1,1,0,1,0,0,1,0,0,0,0,22.5280337,88.3659084,0.4
2,3000000.0,876.0,2,1,2.0,3.0,0,0,0,0,0.5,2,0,0,1,0,0,0,0,0,0,0,0,0,0,0,22.4541674,88.4183764,0.6666666666666666
3,13000000.0,1660.0,2,1,6.0,12.0,0,0,0,1,7.5,1,2,5,1,1,1,1,1,1,1,1,0,1,0,0,22.6286173,88.44061,0.5
2,4000000.0,1010.0,2,1,2.0,4.0,0,0,0,0,3.0,2,0,2,1,1,1,1,0,0,1,1,0,1,0,0,22.4541674,88.4183764,0.5
2,3000000.0,780.0,1,0,3.0,4.0,0,0,0,0,12.5,2,0,0,0,0,0,0,0,0,0,0,0,0,0,0,22.613274,88.4246327,0.75
2,2000000.0,712.0,2,1,11.0,14.0,0,1,0,0,3.0,1,1,4,1,1,1,1,1,0,1,1,1,1,0,0,22.5440241,88.2696868,0.7857142857142857
3,8000000.0,1245.0,2,1,2.0,4.0,0,0,0,0,12.5,2,0,5,1,1,1,0,1,0,0,1,1,1,0,0,22.6546116,88.4249902,0.5
2,2300000.0,759.0,2,1,3.0,4.0,0,0,0,0,0.5,2,0,0,1,0,1,0,0,1,0,0,0,0,0,0,22.6947839,88.4530183,0.75
2,3825000.0,850.0,2,1,2.0,4.0,0,0,1,0,0.5,2,0,0,0,0,0,0,0,0,0,0,0,0,0,0,22.5918828,88.281562,0.5
3,6200000.0,1057.0,2,2,2.0,4.0,0,0,0,0,7.5,2,2,6,1,1,0,1,1,1,1,1,1,1,0,1,25.7967438,89.5446589,0.5
3,6500000.0,1220.0,2,1,3.0,3.0,0,0,0,0,12.5,2,1,4,1,0,1,0,1,0,1,0,1,0,0,0,22.4690721,88.3912838,1.0
3,29000000.0,1677.0,3,2,20.0,46.0,0,0,0,0,0.5,0,0,2,1,1,1,1,1,1,1,1,0,1,0,0,22.4956263,88.398449,0.43478260869565216
2,2300000.0,840.0,2,1,1.0,5.0,0,0,0,0,7.5,1,1,0,1,0,1,1,0,0,0,0,0,0,0,0,22.7710139,88.3291849,0.2
3,6400000.0,1223.0,2,1,2.0,4.0,0,0,0,0,7.5,2,0,4,0,0,0,0,0,0,0,0,1,1,0,0,25.7967438,89.5446589,0.5
3,8000000.0,1245.0,2,1,2.0,4.0,0,0,0,0,12.5,0,0,4,1,1,0,0,0,0,0,1,0,1,0,0,22.6546116,88.4249902,0.5
3,33000000.0,2081.0,4,2,34.0,46.0,0,0,0,0,0.5,2,0,3,1,0,0,1,0,0,1,1,0,1,0,0,22.4956263,88.398449,0.7391304347826086
2,3900000.0,920.0,2,1,3.0,4.0,0,0,0,0,-0.5,2,0,3,1,1,1,1,1,1,1,1,0,1,0,0,22.6947839,88.4530183,0.75
4,13000000.0,1750.0,3,2,3.0,4.0,0,0,0,0,0.5,2,0,2,1,0,0,0,0,0,1,1,0,1,0,0,22.4727076,88.3977962,0.75
2,8600000.0,680.0,2,1,11.0,18.0,0,0,0,0,0.5,0,0,3,1,1,1,1,1,1,1,1,0,1,0,0,22.4690721,88.3912838,0.6111111111111112
2,9000000.0,954.0,2,1,22.0,23.0,0,0,0,0,0.5,1,0,3,1,0,0,1,1,1,0,0,0,1,0,0,25.7967438,89.5446589,0.9565217391304348
2,11500000.0,1068.0,2,1,4.0,16.0,0,0,0,0,12.5,1,0,2,1,1,1,1,1,1,0,1,0,0,0,0,22.5153313,88.3477052,0.25
3,4700000.0,1120.0,2,1,1.0,8.0,0,0,0,0,3.0,2,0,4,1,1,1,0,1,0,1,1,0,1,0,0,22.4727076,88.3977962,0.125
2,4000000.0,805.0,2,1,4.0,4.0,0,0,0,0,7.5,0,1,0,1,1,1,0,1,0,1,0,0,0,0,0,22.4727076,88.3977962,1.0
3,30000000.0,2400.0,3,2,1.0,4.0,0,1,0,0,12.5,2,1,3,1,0,1,1,1,0,0,0,1,0,0,0,22.3392659,88.285288,0.25
2,5500000.0,831.0,2,1,10.0,13.0,0,0,0,0,7.5,2,0,2,1,0,0,0,0,1,0,1,1,1,0,0,25.7967438,89.5446589,0.7692307692307693
2,14900000.0,1350.0,2,1,2.0,11.0,0,0,0,0,12.5,2,2,4,1,0,1,1,1,0,0,0,1,0,0,0,22.5276506,88.3673772,0.18181818181818182
2,8000000.0,830.0,2,1,1.0,4.0,0,0,0,0,12.5,2,2,0,1,0,1,0,1,0,0,0,0,0,0,0,22.5143251,88.3369583,0.25
4,20000000.0,2000.0,4,3,1.0,10.0,0,0,0,0,12.5,2,2,3,0,1,0,0,1,0,0,0,0,0,0,0,22.5280337,88.3659084,0.1
3,6000000.0,1227.0,2,1,3.0,4.0,0,0,0,0,3.0,2,1,0,1,0,0,0,0,0,0,1,0,0,0,0,22.477646,88.4399813,0.75
3,6200000.0,1277.0,2,1,4.0,7.0,0,0,0,0,3.0,2,0,3,1,1,1,0,1,1,1,0,0,1,0,0,22.6947839,88.4530183,0.5714285714285714
2,4200000.0,1058.0,2,2,5.0,27.0,0,0,0,0,12.5,2,1,5,1,0,0,0,0,0,1,1,0,1,0,0,22.6286173,88.44061,0.18518518518518517
2,12900000.0,700.0,2,1,17.0,17.0,0,0,0,0,0.5,1,2,6,1,1,1,1,1,1,1,1,1,1,0,0,22.498636,88.3453908,1.0
3,22000000.0,1100.0,3,2,9.0,12.0,0,0,0,0,0.5,0,0,1,1,0,0,0,0,0,0,1,0,1,0,0,22.5111647,88.3281116,0.75
2,9500000.0,1148.0,2,1,4.0,4.0,0,0,0,0,12.5,2,2,1,1,1,1,0,1,0,0,0,1,0,0,0,22.5111821,88.3781985,1.0
2,2500000.0,796.0,2,1,3.0,3.0,0,0,0,0,12.5,2,0,2,1,0,1,0,1,1,0,0,0,1,0,0,22.7191072,88.4826229,1.0
4,62400000.0,3200.0,4,0,5.0,10.0,0,0,1,1,12.5,2,2,2,1,0,1,1,1,1,0,0,0,0,0,0,22.5551591,88.3501171,0.5
3,5500000.0,1051.0,2,1,2.0,7.0,0,0,0,0,0.5,2,0,2,1,1,1,0,0,0,0,0,1,0,0,0,22.6182558,88.393065,0.2857142857142857
4,11500000.0,1817.0,3,1,11.0,13.0,0,0,0,0,7.5,2,0,2,1,1,1,1,1,1,1,1,0,1,0,0,22.6656371,88.3980035,0.8461538461538461
3,10000000.0,1330.0,2,1,4.0,5.0,0,0,0,0,7.5,2,0,0,0,0,0,0,0,0,0,0,0,0,0,0,22.4440966,88.3017146,0.8
3,5900000.0,1124.0,2,2,2.0,6.0,0,0,0,0,3.0,2,0,8,1,1,1,1,1,0,1,1,1,1,0,0,25.7967438,89.5446589,0.3333333333333333
3,10000000.0,1495.0,2,1,3.0,4.0,0,0,1,0,12.5,2,1,0,1,0,0,0,0,0,0,0,0,0,0,0,22.498636,88.3453908,0.75
3,5800000.0,1200.0,2,1,4.0,4.0,0,0,0,0,7.5,2,1,0,1,0,1,1,1,1,0,0,0,0,0,0,22.477646,88.4399813,1.0
3,10500000.0,1355.0,2,1,9.0,10.0,0,0,0,0,0.5,2,2,3,1,0,0,0,0,0,1,1,0,1,0,0,25.7967438,89.5446589,0.9
3,6500000.0,1314.0,2,2,4.0,5.0,0,0,0,0,3.0,2,0,2,1,0,0,0,0,0,1,0,0,1,0,0,25.7967438,89.5446589,0.8
3,4500000.0,1277.0,2,1,3.0,3.0,0,0,0,0,12.5,2,0,1,1,1,1,0,1,1,0,0,1,0,0,0,22.6743641,88.3432884,1.0
3,4800000.0,1524.0,3,1,12.0,15.0,0,0,0,0,7.5,1,0,4,1,1,1,0,0,1,0,1,0,1,0,0,22.5440241,88.2696868,0.8
3,8500000.0,1355.0,2,1,9.0,10.0,0,0,0,0,0.5,2,1,3,1,1,1,1,1,0,1,1,0,1,0,0,25.7967438,89.5446589,0.9
3,5000000.0,1300.0,2,2,5.0,5.0,0,0,0,0,3.0,0,0,2,1,0,1,0,1,1,1,1,0,1,1,0,25.7967438,89.5446589,1.0
3,18000000.0,1750.0,3,1,9.0,13.0,0,0,0,0,7.5,1,2,2,1,1,0,1,0,0,1,0,0,1,0,0,22.5565107,88.3795946,0.6923076923076923
2,4000000.0,750.0,2,1,1.0,2.0,0,0,0,0,7.5,0,1,0,0,0,1,0,0,0,0,0,0,0,0,0,22.7241945,88.4837829,0.5
3,12000000.0,1644.0,2,1,7.0,9.0,0,0,0,0,12.5,2,1,5,1,1,1,1,1,0,0,1,1,0,0,0,22.5008759,88.3739602,0.7777777777777778
3,7500000.0,1300.0,2,2,1.0,4.0,0,0,0,0,12.5,0,2,0,1,0,1,1,1,0,0,0,0,0,0,0,22.501572,88.3209435,0.25
5,10000000.0,2081.0,2,2,4.0,4.0,0,0,0,0,12.5,2,0,0,1,1,0,0,0,0,0,0,0,0,0,0,22.6286173,88.44061,1.0
4,31000000.0,2017.0,3,2,23.0,26.0,0,0,0,1,3.0,2,2,2,1,0,0,0,0,0,1,1,0,1,0,0,22.5565107,88.3795946,0.8846153846153846
2,8500000.0,1316.0,2,1,6.0,12.0,0,0,0,0,3.0,2,0,3,1,0,0,0,0,0,0,1,0,1,0,0,22.498636,88.3453908,0.5
2,5700000.0,792.0,2,3,1.0,5.0,0,0,0,0,-0.5,1,0,0,0,0,0,0,0,0,0,0,0,0,0,0,22.5959131,88.4878653,0.2
3,13500000.0,1475.0,2,1,17.0,25.0,0,0,0,0,0.5,2,0,2,1,1,1,0,1,1,1,1,0,1,0,0,22.5959131,88.4878653,0.68
2,4500000.0,1100.0,2,1,4.0,4.0,0,0,0,0,12.5,0,2,0,0,0,0,0,0,0,0,0,0,0,0,0,22.5685792,88.2942109,1.0
3,8500000.0,1220.0,2,1,4.0,4.0,0,0,0,0,3.0,2,1,0,1,0,0,0,0,0,0,0,0,0,0,0,22.495499,88.3709006,1.0
3,8500000.0,1565.0,3,3,3.0,4.0,0,0,0,0,7.5,2,2,2,1,1,1,1,1,0,0,0,1,0,0,0,22.566664,88.3653411,0.75
2,7400000.0,1090.0,2,1,4.0,11.0,0,0,0,0,7.5,0,0,0,0,0,0,0,0,0,0,0,0,0,0,0,22.4690721,88.3912838,0.36363636363636365
3,6000000.0,1119.0,2,2,11.0,14.0,0,0,0,0,-0.75,2,0,8,1,1,1,0,1,1,1,1,1,1,0,0,22.6670459,88.3411458,0.7857142857142857
2,3780000.0,700.0,1,1,4.0,4.0,0,0,0,0,7.5,0,1,0,0,0,0,1,0,0,0,0,1,0,0,0,22.6469581,88.343612,1.0
2,3700000.0,750.0,2,1,2.0,3.0,0,0,0,0,7.5,0,0,0,0,0,1,1,0,0,0,0,0,0,0,0,22.4765359,88.3654699,0.6666666666666666
2,5800000.0,638.0,2,1,11.0,27.0,0,0,0,0,-1.5,0,0,2,1,0,0,0,0,0,1,1,0,1,0,0,25.7967438,89.5446589,0.4074074074074074
3,7500000.0,1384.0,2,2,4.0,4.0,0,0,0,0,12.5,2,0,0,0,0,0,0,0,0,0,0,0,0,0,0,22.6286173,88.44061,1.0
3,9800000.0,830.0,2,2,1.0,13.0,0,0,0,0,0.5,0,0,6,1,1,1,1,1,1,1,1,1,1,0,0,22.6546116,88.4249902,0.07692307692307693
2,11200000.000000002,1202.0,2,1,7.0,7.0,0,0,0,0,12.5,2,2,3,1,0,1,0,0,1,0,1,1,1,0,0,22.5789725,88.3915174,1.0
4,8800000.0,3200.0,4,1,2.0,2.0,0,0,1,1,12.5,1,0,0,0,0,1,1,0,1,0,0,0,0,0,0,22.4440966,88.3017146,1.0
2,4500000.0,831.0,2,0,4.0,5.0,0,0,0,0,12.5,0,0,0,1,1,1,0,1,0,0,0,0,0,0,0,22.501572,88.3209435,0.8
2,4300000.0,1158.0,2,0,2.0,6.0,0,0,0,0,12.5,2,0,2,1,0,1,0,1,0,1,0,0,0,0,0,22.4734143,88.3608305,0.3333333333333333
2,3000000.0,736.0,2,1,5.0,10.0,0,0,0,0,7.5,2,2,2,1,0,1,0,1,1,1,0,0,0,0,0,22.5802652,88.2560296,0.5
2,2600000.0,680.0,1,0,1.0,3.0,0,0,0,0,0.5,0,0,2,0,0,1,1,0,0,0,0,1,0,0,0,22.4599654,88.3645317,0.3333333333333333
3,3500000.0,1114.0,2,1,2.0,5.0,0,0,0,0,3.0,2,1,2,1,1,1,0,1,1,0,1,1,1,0,0,22.5744025,88.0188847,0.4
3,7200000.0,1124.0,2,1,2.0,3.0,0,0,0,0,12.5,1,0,0,1,0,1,1,0,0,0,0,0,0,0,0,22.5240566,88.2710655,0.6666666666666666
3,5600000.0,1116.0,2,1,2.0,5.0,0,0,0,0,3.0,2,2,3,1,1,1,0,1,0,1,0,1,0,0,0,22.8909117,88.3702844,0.4
2,8200000.0,954.0,2,1,14.0,23.0,0,0,0,0,0.5,1,0,3,1,1,1,1,1,1,1,1,1,1,0,0,22.6286173,88.44061,0.6086956521739131
3,4700000.0,1015.0,2,1,3.0,4.0,0,0,1,0,3.0,0,1,0,1,0,1,1,0,0,0,0,0,0,0,0,22.5837959,88.4351768,0.75
2,7000000.0,650.0,2,1,2.0,4.0,0,0,0,0,12.5,0,2,0,0,1,0,0,0,0,0,0,1,0,0,0,22.7241945,88.4837829,0.5
3,7800000.0,792.0,3,2,12.0,14.0,0,0,0,0,0.5,0,0,3,1,1,1,0,1,1,1,1,0,1,0,0,22.4440966,88.3017146,0.8571428571428571
2,3400000.0,774.0,2,1,4.0,5.0,0,0,0,0,3.0,1,2,1,1,0,0,1,0,0,1,1,0,1,0,0,25.7967438,89.5446589,0.8
3,7770999.999999999,1274.0,2,1,2.0,2.0,0,0,0,0,7.5,2,0,1,1,1,1,1,1,0,1,0,0,0,0,0,22.5240566,88.2710655,1.0
2,3800000.0,970.0,2,1,2.0,3.0,0,0,0,0,12.5,2,2,0,0,1,1,0,0,0,0,1,0,0,0,0,22.4541674,88.4183764,0.6666666666666666
3,11000000.0,1490.0,2,1,3.0,3.0,0,0,0,0,12.5,2,1,0,1,1,1,0,0,0,0,0,0,0,0,0,22.5191703,88.3847542,1.0
2,2500000.0,592.0,1,1,3.0,4.0,0,0,0,0,0.5,2,0,0,1,0,0,0,0,0,0,0,0,0,0,0,22.7241945,88.4837829,0.75
2,9000000.0,1118.0,2,0,2.0,17.0,0,0,1,0,3.0,2,0,5,1,1,1,0,1,1,1,1,1,1,0,0,22.4690721,88.3912838,0.11764705882352941
3,12500000.0,1809.0,3,2,25.0,29.0,0,0,0,0,7.5,2,1,6,1,1,1,1,1,1,1,1,1,1,0,0,22.5932398,88.3441315,0.8620689655172413
4,32000000.0,3390.0,4,1,17.0,18.0,0,0,1,1,12.5,1,2,3,1,1,1,1,1,1,1,1,0,1,0,0,22.5959131,88.4878653,0.9444444444444444
2,2600000.0,740.0,2,1,9.0,14.0,0,0,0,0,3.0,1,0,3,1,0,0,0,0,0,1,1,0,1,0,0,22.5440241,88.2696868,0.6428571428571429
3,5500000.0,1250.0,2,1,2.0,5.0,0,0,0,0,3.0,2,0,0,1,0,1,0,1,1,1,0,0,0,0,0,22.6286173,88.44061,0.4
2,8000000.0,958.0,2,1,3.0,4.0,0,0,0,0,12.5,2,2,5,1,0,1,0,0,0,1,0,1,0,0,0,22.4735864,88.3606732,0.75
3,13500000.0,1200.0,2,1,1.0,4.0,0,0,0,0,12.5,0,0,0,0,0,0,0,0,0,0,0,0,0,0,0,22.5708433,88.411041,0.25
3,10700000.0,1665.0,2,1,7.0,11.0,0,0,0,0,7.5,2,2,4,1,1,0,0,1,1,1,0,0,1,0,0,22.4690721,88.3912838,0.6363636363636364
2,12500000.0,1116.0,2,1,2.0,4.0,0,0,0,0,7.5,2,2,0,1,1,1,0,1,0,0,0,0,0,0,0,22.5551591,88.3501171,0.5
3,9000000.0,1450.0,2,2,3.0,11.0,0,0,0,0,0.5,1,2,5,1,0,0,0,0,0,1,1,0,1,0,0,22.6670459,88.3411458,0.2727272727272727
3,6000000.0,1337.0,2,1,3.0,4.0,0,0,0,0,3.0,2,1,0,1,1,1,0,0,1,0,0,0,0,0,0,22.5932398,88.3441315,0.75
3,12000000.0,1345.0,2,1,2.0,5.0,1,0,1,0,12.5,0,2,6,1,1,1,1,0,1,0,0,1,0,0,0,22.5264928,88.3323692,0.4
3,4900000.0,1120.0,2,1,2.0,3.0,0,0,0,0,12.5,0,0,3,1,1,1,0,1,1,0,1,1,1,0,0,22.501572,88.3209435,0.6666666666666666
2,2800000.0,809.0,2,1,4.0,5.0,0,1,0,0,7.5,2,0,3,1,1,0,1,0,0,1,1,1,1,0,0,25.7967438,89.5446589,0.8
4,20300000.0,1700.0,3,1,2.0,4.0,0,0,0,0,12.5,1,0,2,1,1,1,0,1,1,0,0,1,0,0,0,22.6286173,88.44061,0.5
3,41000000.0,2550.0,3,2,4.0,45.0,0,0,0,0,-1.42,2,0,2,1,0,0,0,0,0,0,1,0,1,0,0,22.4690721,88.3912838,0.08888888888888889
1,2200000.0,567.0,1,1,3.0,4.0,0,0,0,0,12.5,1,0,0,0,0,0,0,0,1,0,1,0,0,0,0,22.501572,88.3209435,0.75
2,4600000.0,632.0,2,1,9.0,22.0,0,0,0,0,3.0,0,2,4,1,1,1,1,1,1,1,1,0,1,0,0,22.7549951,88.3416672,0.4090909090909091
2,1800000.0,500.0,1,1,3.0,4.0,0,0,0,0,12.5,0,0,0,0,1,0,0,1,0,0,0,0,0,0,0,22.5697,88.3630976,0.75
2,3500000.0,1050.0,1,1,3.0,4.0,0,0,0,0,12.5,2,1,0,0,0,0,0,0,0,0,0,0,0,0,0,22.4662366,88.4050198,0.75
2,4200000.0,897.0,2,1,5.0,5.0,0,0,0,0,7.5,2,1,3,1,1,0,1,0,0,1,1,0,1,0,0,22.6380124,88.3958929,1.0
3,24000000.0,1677.0,3,1,3.0,4.0,0,0,0,1,0.5,2,0,2,1,1,1,1,1,1,1,1,0,1,0,0,22.4956263,88.398449,0.75
2,4500000.0,987.0,2,1,4.0,5.0,0,0,0,0,0.5,2,0,0,1,0,0,0,0,0,0,0,0,0,0,0,22.6182558,88.393065,0.8
3,8200000.0,1295.0,3,1,10.0,18.0,0,0,0,0,3.0,2,1,8,1,1,0,0,0,0,1,1,1,1,0,0,22.4727076,88.3977962,0.5555555555555556
3,13500000.0,1400.0,2,2,6.0,13.0,0,0,0,0,-0.5,1,0,0,0,0,0,0,0,0,0,0,0,0,0,0,22.5959131,88.4878653,0.46153846153846156
3,3600000.0,1012.0,2,1,2.0,3.0,0,0,0,0,12.5,2,2,1,0,0,0,0,0,0,0,0,0,0,0,0,22.4872704,88.3685589,0.6666666666666666
2,4300000.0,720.0,2,1,2.0,4.0,0,0,0,0,3.0,2,1,0,0,0,0,0,0,0,0,0,0,0,0,0,22.5117562,88.3538887,0.5
3,3432000.0,1144.0,2,1,2.0,5.0,0,0,0,0,0.5,2,0,0,1,0,1,0,0,1,0,0,0,0,0,0,22.9420463,88.4147984,0.4
2,4900000.0,1017.0,2,2,1.0,4.0,0,0,0,0,12.5,0,1,0,0,0,0,0,0,0,0,0,0,0,0,0,22.4440966,88.3017146,0.25
2,5500000.0,915.0,2,1,3.0,14.0,0,0,0,0,0.5,2,0,4,1,1,1,0,1,1,1,1,0,1,0,0,22.3606792,88.4322502,0.21428571428571427
2,3500000.0,677.0,2,1,1.0,2.0,0,0,0,0,12.5,2,0,0,0,0,0,0,0,0,0,0,0,0,0,0,22.4727076,88.3977962,0.5
3,7200000.0,1265.0,2,1,3.0,4.0,0,0,0,0,7.5,2,0,0,1,1,1,0,1,1,1,1,0,0,0,0,22.4662345,88.4025921,0.75
3,7000000.0,1270.0,2,1,3.0,4.0,0,0,0,0,12.5,2,0,0,1,1,0,0,1,1,1,1,0,0,0,0,22.4727076,88.3977962,0.75
2,2600000.0,780.0,2,1,2.0,2.0,0,1,1,0,3.0,2,0,0,0,0,0,0,0,0,0,0,0,0,0,0,22.4735864,88.3606732,1.0
2,3500000.0,1100.0,2,1,3.0,4.0,0,0,0,0,7.5,2,0,0,0,0,0,0,0,0,0,0,0,0,0,0,22.9500602,88.4587242,0.75
4,25000000.0,2000.0,4,3,1.0,6.0,0,0,0,0,12.5,1,2,1,1,1,0,0,0,0,0,0,0,0,0,0,22.5395543,88.3584527,0.16666666666666666
2,3200000.0,805.0,2,1,3.0,3.0,0,0,0,0,12.5,1,2,0,0,0,1,0,1,0,0,0,0,0,0,0,22.6433833,88.424659,1.0
3,6400000.0,1293.0,2,1,5.0,5.0,0,0,0,0,12.5,0,0,0,1,0,1,0,1,1,0,0,0,0,0,0,22.578579,88.3551327,1.0
3,8700000.0,1292.0,2,0,8.0,9.0,0,0,0,0,7.5,2,0,0,0,0,0,0,0,0,0,0,0,0,0,0,22.498636,88.3453908,0.8888888888888888
3,6948000.0,1198.0,2,1,4.0,7.0,0,0,0,0,-0.25,2,0,0,0,1,1,0,1,1,0,0,0,0,0,0,22.6210988,88.3978255,0.5714285714285714
2,3500000.0,980.0,2,1,1.0,3.0,0,0,0,0,7.5,2,0,0,0,0,0,0,0,0,0,0,0,0,0,0,22.613274,88.4246327,0.3333333333333333
3,5206000.0,1157.0,2,1,2.0,3.0,0,0,0,0,-0.25,2,0,6,1,1,1,1,1,1,0,0,1,0,0,0,26.1692257,91.8294037,0.6666666666666666
2,2700000.0,820.0,1,1,1.0,3.0,0,0,0,0,7.5,2,0,0,0,0,0,0,0,0,0,0,0,0,0,0,22.4803617,88.3377899,0.3333333333333333
2,4200000.0,838.0,2,1,4.0,4.0,0,0,0,0,12.5,0,2,0,1,0,1,0,1,1,0,0,0,0,0,0,22.6380124,88.3958929,1.0
3,4400000.0,1238.0,2,1,1.0,1.0,0,0,1,0,12.5,0,0,1,0,1,1,1,0,1,0,0,0,0,0,0,22.613274,88.4246327,1.0
2,4900000.0,1000.0,2,2,5.0,5.0,0,0,0,0,12.5,2,1,0,1,1,1,0,1,1,0,0,0,0,0,0,22.498636,88.3453908,1.0
2,3400000.0,899.0,2,1,3.0,5.0,0,0,0,0,3.0,2,1,2,1,1,1,1,0,0,0,0,1,0,0,0,22.6380124,88.3958929,0.6
3,9100000.0,1188.0,2,3,1.0,12.0,0,0,0,0,0.5,2,0,2,1,1,1,1,1,1,1,1,0,1,0,0,22.5959131,88.4878653,0.08333333333333333
2,5500000.0,970.0,2,1,1.0,3.0,0,0,0,0,12.5,1,0,0,1,0,0,0,0,0,0,0,0,0,0,0,22.4954675,88.3166809,0.3333333333333333
2,4000000.0,1050.0,2,1,3.0,4.0,0,0,0,0,12.5,0,0,0,1,0,1,0,1,0,0,0,0,0,0,0,22.6001077,88.4066981,0.75
2,6150000.0,795.0,2,1,2.0,4.0,0,0,0,0,-0.5,2,0,0,0,0,0,0,0,0,0,0,0,0,0,0,22.495499,88.3709006,0.5
3,13000000.0,686.0,2,2,1.0,20.0,0,0,0,0,7.5,0,0,2,1,0,0,0,0,0,1,1,0,1,0,0,22.5959131,88.4878653,0.05
3,15000000.0,1122.0,2,2,1.0,4.0,0,1,1,0,3.0,0,2,0,1,1,0,0,1,0,0,0,0,0,0,0,22.6286173,88.44061,0.25
3,5430000.0,905.0,2,1,1.0,4.0,0,1,0,0,0.5,2,0,0,1,1,1,0,0,0,0,0,0,0,0,0,22.578579,88.3551327,0.25
2,11000000.0,1075.0,2,1,2.0,4.0,0,0,0,0,12.5,2,2,3,1,1,1,1,1,0,0,0,1,0,0,0,22.5326057,88.3546062,0.5
3,7200000.0,1110.0,2,1,1.0,4.0,0,0,0,0,7.5,2,0,1,1,1,0,0,1,0,1,0,0,1,0,0,22.5135613,88.3812157,0.25
3,7300000.0,1380.0,2,2,2.0,4.0,0,0,0,0,7.5,2,0,6,1,1,0,1,1,1,1,1,1,1,0,0,22.4662345,88.4025921,0.5
2,4300000.0,950.0,2,1,2.0,4.0,0,0,0,0,12.5,2,1,1,0,0,0,0,0,0,0,0,1,0,0,0,22.4809986,88.284838,0.5
2,4000000.0,812.0,2,0,3.0,4.0,0,0,0,0,7.5,2,2,3,1,1,1,0,1,1,0,0,1,1,0,0,22.4440966,88.3017146,0.75
2,3000000.0,476.0,2,0,3.0,4.0,0,0,0,0,-1.0,1,0,0,0,1,1,1,1,0,0,0,0,0,0,0,22.4727076,88.3977962,0.75
2,6000000.0,1800.0,2,1,5.0,5.0,0,0,0,0,12.5,2,2,2,1,1,0,0,0,0,1,1,0,1,0,0,25.7967438,89.5446589,1.0
2,5700000.0,823.0,2,2,3.0,4.0,0,0,0,0,12.5,0,1,0,0,0,0,0,0,0,0,0,0,0,0,0,22.5708433,88.411041,0.75
2,4700000.0,1100.0,2,1,1.0,5.0,0,0,0,0,3.0,2,2,0,1,1,1,0,1,1,1,1,0,0,0,0,22.6286173,88.44061,0.2
2,5600000.0,996.0,2,1,15.0,21.0,0,0,0,0,3.0,0,0,5,1,1,0,1,0,0,1,1,0,1,0,0,22.7001796,88.3791567,0.7142857142857143
3,13500000.0,1288.0,2,2,2.0,4.0,0,0,0,0,12.5,1,1,1,0,0,0,0,0,0,0,0,0,0,0,0,22.5056055,88.363674,0.5
3,6800000.0,1181.0,2,1,3.0,4.0,0,0,0,0,0.5,2,0,0,1,0,1,1,1,0,0,0,0,0,0,0,22.6286173,88.44061,0.75
3,10500000.0,1170.0,2,1,5.0,7.0,0,0,0,0,7.5,2,0,0,1,1,0,0,1,1,1,0,0,0,0,0,22.5008759,88.3739602,0.7142857142857143
3,8500000.0,1860.0,3,2,1.0,4.0,0,0,0,0,3.0,2,0,8,1,1,1,1,1,1,1,1,1,1,0,0,22.4541674,88.4183764,0.25
2,5600000.0,1200.0,2,1,12.0,13.0,0,0,0,0,12.5,2,2,0,1,0,1,0,0,0,0,0,0,0,0,0,22.5685792,88.2942109,0.9230769230769231
2,2300000.0,715.0,1,1,2.0,3.0,0,0,0,0,7.5,0,0,0,0,0,0,0,0,0,0,0,0,0,0,0,22.6530765,88.3805962,0.6666666666666666
2,4000000.0,835.0,2,1,2.0,3.0,0,0,0,0,7.5,2,0,1,0,0,0,1,0,0,0,0,0,0,0,0,22.477646,88.4399813,0.6666666666666666
1,2000000.0,560.0,1,1,5.0,5.0,0,0,0,0,7.5,0,1,0,0,0,1,0,0,0,0,0,0,0,0,0,22.6182558,88.393065,1.0
1,2115000.0,470.0,1,1,3.0,4.0,0,0,0,0,3.0,2,0,0,0,0,0,0,0,0,0,0,0,0,0,0,22.5008759,88.3739602,0.75
2,3200000.0,650.0,2,2,1.0,2.0,0,0,0,0,7.5,0,0,0,0,0,0,0,0,0,0,0,0,0,0,0,22.6065505,88.3952451,0.5
1,2200000.0,556.0,1,1,3.0,4.0,0,0,0,0,12.5,2,0,0,0,0,1,0,0,0,0,0,0,0,0,1,22.5008759,88.3739602,0.75
3,5800000.0,1039.0,2,1,17.0,29.0,0,0,0,0,0.5,2,0,6,1,0,0,0,0,0,0,1,1,1,0,0,22.7549951,88.3416672,0.5862068965517241
4,30000000.0,2400.0,3,0,1.0,5.0,0,1,0,1,7.5,2,2,0,0,0,0,0,0,0,0,0,0,0,0,0,22.5100135,88.3493094,0.2
3,7350000.0,876.0,2,1,3.0,4.0,0,0,0,0,0.5,0,0,0,1,1,1,0,1,1,1,0,0,0,0,0,22.5959131,88.4878653,0.75
2,4500000.0,916.0,2,1,2.0,4.0,0,0,0,0,3.0,0,1,0,1,1,1,0,0,0,0,0,0,0,0,0,22.6380124,88.3958929,0.5
3,6500000.0,1275.0,2,1,1.0,3.0,0,0,0,0,12.5,2,2,0,0,1,1,0,0,1,0,0,0,0,0,0,22.5053017,88.4009957,0.3333333333333333
3,7300000.0,1315.0,2,1,2.0,4.0,0,0,0,0,7.5,2,0,2,1,1,1,0,1,1,1,0,0,1,0,0,22.4662345,88.4025921,0.5
3,4600000.0,987.0,2,1,5.0,11.0,0,0,0,0,3.0,2,0,4,1,1,0,0,0,0,1,1,0,1,0,0,22.7240295,88.4889199,0.45454545454545453
3,7500000.0,1510.0,2,2,11.0,12.0,0,0,0,0,3.0,2,1,2,1,1,1,0,1,1,1,0,0,1,0,0,22.4495236,88.3955392,0.9166666666666666
3,12500000.0,1750.0,2,2,2.0,4.0,0,0,0,0,3.0,2,0,0,1,1,1,1,1,1,1,1,0,0,0,0,22.5743093,88.4558557,0.5
2,3100000.0,745.0,2,1,1.0,3.0,0,0,0,0,7.5,2,2,0,0,0,1,1,0,0,0,0,0,0,0,0,22.4727076,88.3977962,0.3333333333333333
2,3200000.0,675.0,2,1,2.0,6.0,0,0,0,0,12.5,0,0,0,0,0,0,0,0,0,0,0,0,0,0,0,22.5053017,88.4009957,0.3333333333333333
2,3200000.0,1260.0,2,1,2.0,4.0,0,0,1,0,12.5,0,0,0,0,0,0,0,0,0,0,0,0,0,0,0,22.7109969,88.4699989,0.5
2,2300000.0,780.0,2,1,4.0,4.0,0,0,0,0,7.5,2,1,0,1,1,0,0,0,0,0,1,0,0,0,0,22.6950342,88.4073585,1.0
2,10000000.0,1150.0,2,2,3.0,4.0,0,0,0,0,12.5,2,0,5,1,0,0,1,0,0,1,1,1,1,0,0,22.6059241,88.3863913,0.75
2,2700000.0,900.0,2,1,3.0,6.0,0,0,0,0,7.5,0,2,0,1,1,1,1,1,1,0,0,0,0,0,0,22.6129078,88.4665536,0.5
3,6000000.0,1171.0,2,1,4.0,5.0,0,0,0,0,3.0,2,0,0,1,1,1,0,1,0,0,0,1,0,0,0,22.501572,88.3209435,0.8
2,4000000.0,830.0,2,1,3.0,3.0,0,0,0,0,12.5,1,0,0,0,0,0,0,0,0,0,0,0,0,0,0,22.5044355,88.3721663,1.0
3,11200000.000000002,1460.0,2,1,10.0,10.0,0,0,0,0,7.5,2,2,5,1,1,0,0,1,1,1,1,1,1,0,0,22.5008759,88.3739602,1.0
3,10800000.0,1152.0,2,1,4.0,18.0,0,0,0,0,3.0,2,0,7,1,1,1,1,1,1,1,1,1,1,0,0,22.5008759,88.3739602,0.2222222222222222
2,3600000.0,850.0,2,1,1.0,4.0,0,0,0,0,12.5,0,1,0,0,0,0,0,0,0,0,0,0,0,0,0,22.501572,88.3209435,0.25
2,4000000.0,850.0,2,1,1.0,4.0,0,0,0,0,3.0,0,0,2,1,0,0,0,0,0,1,0,0,1,0,0,22.4145089,88.2839351,0.25
2,3690000.0,945.0,2,1,2.0,4.0,0,0,0,0,7.5,2,1,1,0,0,0,0,0,0,0,0,1,0,0,0,22.501572,88.3209435,0.5
3,12500000.0,1359.0,2,1,12.0,12.0,0,0,0,0,0.5,2,0,3,1,1,1,0,1,0,1,1,0,1,0,0,22.5959131,88.4878653,1.0
3,6000000.0,1130.0,2,1,3.0,4.0,0,0,0,0,12.5,2,0,4,1,1,0,0,1,1,1,1,0,1,0,0,22.4727076,88.3977962,0.75
2,4750000.0,975.0,2,2,4.0,4.0,0,0,0,0,7.5,2,1,2,1,0,1,1,0,1,0,1,1,0,0,0,22.6286173,88.44061,1.0
1,2000000.0,509.0,1,0,3.0,8.0,0,0,0,0,7.5,2,1,6,1,1,1,1,1,1,1,0,0,1,0,0,22.7240295,88.4889199,0.375
1,2600000.0,415.0,1,1,2.0,3.0,0,0,0,0,12.5,0,0,1,0,1,1,0,0,0,0,0,1,0,0,0,22.5044355,88.3721663,0.6666666666666666
2,2100000.0,620.0,1,1,2.0,3.0,0,0,0,0,7.5,0,0,0,0,0,0,0,1,0,0,1,0,0,0,0,22.7720477,88.3986838,0.6666666666666666
3,11000000.0,1480.0,2,2,2.0,4.0,0,0,0,0,0.5,2,0,0,1,1,1,1,1,1,1,1,0,0,0,0,22.5655274,88.4909785,0.5
3,16500000.0,1550.0,2,1,12.0,15.0,0,0,0,0,3.0,2,2,11,1,1,1,1,1,1,1,1,1,1,0,0,22.5959131,88.4878653,0.8
2,6200000.0,822.0,2,1,5.0,5.0,0,0,0,0,3.0,0,0,2,1,1,1,1,1,1,0,1,0,0,0,0,22.5565107,88.3795946,1.0
3,8500000.0,1265.0,2,1,4.0,12.0,0,0,0,0,3.0,1,0,0,0,0,0,0,0,0,0,0,0,0,0,0,22.1018905,88.3745163,0.3333333333333333
3,8700000.0,1274.0,2,1,7.0,11.0,0,0,0,0,3.0,2,2,5,1,1,1,1,1,1,1,1,1,1,0,0,22.4495236,88.3955392,0.6363636363636364
2,6100000.0,975.0,2,1,2.0,19.0,0,0,0,0,3.0,2,0,4,1,1,0,0,0,0,1,1,0,1,0,0,25.7967438,89.5446589,0.10526315789473684
2,4000000.0,1100.0,2,1,4.0,5.0,0,0,0,0,12.5,2,2,8,1,1,1,0,1,1,1,1,1,0,0,0,22.3786111,88.3175824,0.8
2,8500000.0,1053.0,2,1,10.0,13.0,0,0,0,0,0.5,2,0,2,1,1,1,0,1,0,1,1,0,1,0,0,22.578579,88.3551327,0.7692307692307693
2,6600000.0,1010.0,2,1,9.0,11.0,0,0,0,0,3.0,2,2,8,1,1,1,1,1,1,1,1,1,1,0,0,25.7967438,89.5446589,0.8181818181818182
2,3800000.0,956.0,2,1,4.0,5.0,0,0,0,0,12.5,0,2,4,1,1,0,0,0,0,1,1,0,1,0,0,13.0479657,77.6452691,0.8
3,17500000.0,1495.0,2,1,4.0,9.0,0,0,0,0,12.5,1,1,5,1,1,0,0,0,0,1,1,1,1,0,0,22.5376181,88.3158211,0.4444444444444444
3,8500000.0,1220.0,2,1,1.0,4.0,0,0,0,0,3.0,2,1,1,1,0,0,0,0,0,0,0,0,0,0,0,22.5959131,88.4878653,0.25
2,3500000.0,875.0,2,1,2.0,4.0,0,0,0,0,3.0,2,0,0,1,1,1,1,1,1,0,1,0,0,0,0,22.6546116,88.4249902,0.5
3,9900000.0,1300.0,3,1,21.0,24.0,0,0,0,0,3.0,2,0,2,1,0,0,0,0,0,1,1,0,1,0,0,22.7241945,88.4837829,0.875
2,4225000.0,529.0,2,1,6.0,12.0,0,0,0,0,0.5,0,0,4,1,1,1,0,1,1,1,1,0,1,0,0,22.7241945,88.4837829,0.5
3,6000000.0,1200.0,3,2,4.0,4.0,0,0,1,0,12.5,0,2,1,1,0,1,0,0,0,0,0,1,0,0,0,22.6469581,88.343612,1.0
2,3400000.0,848.0,2,1,2.0,3.0,0,0,0,0,12.5,1,1,0,1,1,1,0,1,1,0,0,0,0,0,1,22.4727076,88.3977962,0.6666666666666666
2,4536000.0,1080.0,2,1,5.0,6.0,0,0,0,0,0.5,2,0,0,0,0,0,0,0,0,0,0,0,0,0,0,22.9500602,88.4587242,0.8333333333333334
2,2750000.0,624.0,2,1,1.0,4.0,0,0,0,0,12.5,1,1,0,0,0,1,1,0,1,0,1,0,0,0,0,22.4851657,88.339032,0.25
3,4800000.0,1127.0,2,2,5.0,7.0,0,0,0,0,0.5,1,0,3,1,1,1,0,1,1,0,1,0,1,0,0,22.4541674,88.4183764,0.7142857142857143
2,2200000.0,723.0,2,1,1.0,4.0,0,0,0,0,7.5,2,0,0,0,1,1,0,1,0,0,1,0,0,0,0,22.7549951,88.3416672,0.25
2,5200000.0,1200.0,2,1,5.0,5.0,0,0,1,0,12.5,1,2,2,1,0,0,0,0,0,0,0,1,0,0,0,22.6286173,88.44061,1.0
2,3600000.0,868.0,2,2,1.0,5.0,0,0,0,0,12.5,0,0,0,0,0,0,0,0,0,0,0,0,0,0,0,22.506758,88.3817559,0.2
3,6800000.0,1254.0,2,1,6.0,19.0,0,0,0,0,7.5,2,1,4,1,1,0,1,1,0,1,1,1,1,0,0,22.7001796,88.3791567,0.3157894736842105
2,6559999.999999999,818.0,2,2,5.0,12.0,0,0,0,0,0.5,2,0,2,1,1,1,1,1,1,1,1,0,1,0,0,22.5959131,88.4878653,0.4166666666666667
3,12200000.0,1238.0,2,1,15.0,18.0,0,0,0,0,0.5,0,0,2,1,0,0,0,0,0,1,1,0,1,0,0,22.4690721,88.3912838,0.8333333333333334
3,25000000.0,1710.0,3,1,2.0,7.0,0,0,0,0,3.0,2,0,0,1,1,0,0,1,1,1,0,0,0,0,0,22.5179974,88.3577197,0.2857142857142857
2,4963000.0,1056.0,2,1,4.0,7.0,0,0,0,0,0.5,2,0,4,1,1,1,0,1,1,1,1,0,1,0,0,22.6344962,88.4157144,0.5714285714285714
3,4901000.0,1167.0,2,1,4.0,6.0,0,0,0,0,0.5,2,0,1,1,0,1,0,1,0,1,0,0,0,0,0,22.9500602,88.4587242,0.6666666666666666
4,24500000.0,2200.0,4,1,5.0,12.0,0,0,0,1,0.5,2,0,12,1,1,1,1,1,1,1,1,1,1,0,0,22.5959131,88.4878653,0.4166666666666667
2,2900000.0,840.0,2,1,4.0,4.0,0,0,0,0,3.0,0,2,0,1,1,1,0,1,1,1,1,0,0,0,0,22.2523362,88.306594,1.0
2,5200000.0,918.0,2,1,8.0,14.0,0,0,0,0,3.0,2,0,9,1,0,0,0,0,0,1,1,1,1,0,0,22.3606792,88.4322502,0.5714285714285714
3,6500000.0,1275.0,2,1,3.0,4.0,0,0,0,0,12.5,2,0,2,0,0,0,0,0,0,0,0,0,1,0,0,22.4727076,88.3977962,0.75
2,2100000.0,627.0,1,1,4.0,4.0,0,0,0,0,7.5,2,0,0,0,1,1,0,1,0,0,0,0,0,0,0,22.4727076,88.3977962,1.0
3,5200000.0,1185.0,2,1,2.0,4.0,0,0,0,0,7.5,2,0,3,1,1,1,1,1,1,1,1,0,1,0,0,22.4441922,88.4325557,0.5
3,7500000.0,1251.0,2,2,3.0,4.0,0,0,0,0,7.5,2,1,5,1,1,0,1,1,1,1,1,1,1,0,0,22.4662345,88.4025921,0.75
3,8500000.0,1209.0,3,1,9.0,18.0,0,0,0,0,3.0,2,2,9,1,1,1,1,1,1,1,1,1,1,0,0,22.4727076,88.3977962,0.5
3,11000000.0,1693.0,3,1,3.0,4.0,0,0,0,0,3.0,2,0,3,1,1,0,1,0,0,0,1,0,1,0,0,22.5053017,88.4009957,0.75
4,17000000.0,1493.0,3,1,4.0,4.0,0,0,0,1,0.5,2,0,3,1,0,1,1,0,1,1,0,1,0,0,0,22.5280337,88.3659084,1.0
2,3500000.0,850.0,2,1,1.0,3.0,0,0,0,0,3.0,2,1,0,1,0,1,0,1,0,0,0,0,0,0,0,22.501572,88.3209435,0.3333333333333333
2,2958000.0,870.0,2,1,3.0,4.0,0,0,0,0,0.5,2,0,1,1,1,1,0,0,1,1,0,0,1,0,0,22.4541674,88.4183764,0.75
3,19900000.0,1214.0,3,2,11.0,12.0,0,0,0,1,0.5,1,0,2,1,1,1,0,1,1,0,1,1,1,0,0,22.5111647,88.3281116,0.9166666666666666
4,48000000.0,2914.0,4,2,30.0,42.0,0,0,1,1,-2.25,2,0,9,1,1,1,0,1,1,1,1,1,1,0,0,22.7241945,88.4837829,0.7142857142857143
4,13500000.0,1958.0,3,1,3.0,9.0,0,0,0,0,3.0,2,0,3,1,1,1,1,1,1,1,1,0,1,0,0,25.7967438,89.5446589,0.3333333333333333
3,4250000.0,1050.0,2,1,1.0,2.0,0,0,0,0,0.5,2,0,2,0,0,0,1,0,0,0,0,1,0,0,0,22.4727076,88.3977962,0.5
2,5500000.0,1044.0,2,1,4.0,5.0,0,0,0,0,0.5,2,0,0,1,0,1,0,0,1,0,0,0,0,0,0,22.4662345,88.4025921,0.8
3,4838000.0,1008.0,2,1,4.0,5.0,0,0,0,0,3.0,2,0,0,1,1,1,1,1,1,0,0,0,0,0,0,25.7967438,89.5446589,0.8
3,7559999.999999999,1400.0,2,2,2.0,3.0,0,0,0,0,3.0,2,0,2,1,1,1,0,0,0,0,0,1,0,0,0,22.4960484,88.3822296,0.6666666666666666
2,5400000.0,900.0,2,1,2.0,3.0,0,0,0,0,3.0,2,0,1,1,1,1,1,0,0,0,0,1,0,0,0,22.5053017,88.4009957,0.6666666666666666
2,4400000.0,989.0,2,2,1.0,7.0,0,0,0,0,0.5,2,0,3,1,0,1,1,1,0,0,1,1,0,0,0,22.477646,88.4399813,0.14285714285714285
3,6250000.0,1202.0,2,1,2.0,4.0,0,0,0,0,0.5,2,0,3,1,0,0,1,0,0,0,0,1,0,0,0,22.4727076,88.3977962,0.5
3,4906000.0,1022.0,2,1,3.0,5.0,0,0,0,0,3.0,2,0,0,1,1,1,1,1,1,0,0,0,0,0,0,25.7967438,89.5446589,0.6
3,4400000.0,989.0,2,1,2.0,7.0,0,0,0,0,0.5,2,0,2,1,1,1,1,1,0,1,0,1,0,0,0,22.477646,88.4399813,0.2857142857142857
1,2500000.0,500.0,1,1,1.0,3.0,0,0,0,0,0.5,2,0,3,1,0,0,1,0,0,0,0,1,0,0,0,22.4727076,88.3977962,0.3333333333333333
2,4560000.0,950.0,2,1,3.0,5.0,0,0,0,0,3.0,2,0,0,1,1,1,1,1,1,0,1,0,0,0,0,25.7967438,89.5446589,0.6
2,4537000.0,945.0,2,1,3.0,5.0,0,0,0,0,3.0,2,0,0,1,1,1,1,1,1,0,0,0,0,0,0,25.7967438,89.5446589,0.6
2,4464000.0,930.0,2,1,3.0,5.0,0,0,0,0,3.0,2,0,0,1,1,1,1,1,1,0,0,0,0,0,0,25.7967438,89.5446589,0.6
2,4277000.0,891.0,2,1,4.0,5.0,0,0,0,0,3.0,2,0,0,1,1,1,1,1,1,0,0,0,0,0,0,25.7967438,89.5446589,0.8
2,4536000.0,945.0,2,1,4.0,5.0,0,0,0,0,3.0,2,0,0,1,1,1,1,1,1,0,0,0,0,0,0,25.7967438,89.5446589,0.8
3,10500000.0,1160.0,2,1,5.0,7.0,0,0,0,0,7.5,2,0,4,1,1,1,1,1,1,1,1,1,1,0,0,22.5008759,88.3739602,0.7142857142857143
4,45000000.0,2799.0,5,3,11.0,29.0,0,0,0,0,-1.67,2,0,6,1,0,0,0,0,0,0,1,1,1,0,0,22.498636,88.3453908,0.3793103448275862
3,7000000.0,1210.0,2,1,8.0,14.0,0,0,0,0,3.0,2,0,3,1,1,1,1,1,1,1,1,0,1,0,0,22.3606792,88.4322502,0.5714285714285714
3,25000000.0,1389.0,2,2,30.0,46.0,0,0,0,1,7.5,2,0,2,1,1,1,1,1,1,1,1,0,1,0,0,22.4956263,88.398449,0.6521739130434783
2,5300000.0,862.0,2,1,3.0,4.0,0,0,0,0,7.5,2,2,0,1,1,1,1,1,1,1,0,0,0,0,0,22.5959131,88.4878653,0.75
2,9500000.0,1242.0,2,1,2.0,13.0,0,0,1,0,7.5,2,2,0,1,1,1,1,1,1,1,1,0,0,0,0,22.6286173,88.44061,0.15384615384615385
3,7200000.0,560.0,2,1,2.0,5.0,0,0,1,0,3.0,0,0,0,0,1,1,0,1,1,0,0,0,0,0,0,22.5932398,88.3441315,0.4
2,8000000.0,1022.0,2,1,3.0,5.0,0,0,0,0,7.5,2,2,4,1,1,0,1,0,0,1,1,0,1,0,0,22.5959131,88.4878653,0.6
2,5100000.0,996.0,2,1,2.0,7.0,0,0,0,0,3.0,2,0,2,1,0,1,1,1,1,0,1,0,1,0,0,25.7967438,89.5446589,0.2857142857142857
4,16700000.0,3540.0,5,3,3.0,4.0,0,0,0,1,3.0,2,0,3,1,1,1,0,1,1,1,1,0,1,0,0,25.7967438,89.5446589,0.75
3,12000000.0,2500.0,3,3,2.0,4.0,0,0,0,1,7.5,2,0,3,1,1,1,0,1,1,1,1,0,1,0,0,25.7967438,89.5446589,0.5
3,5764000.0,1441.0,3,2,2.0,4.0,0,0,0,0,-1.0,2,0,0,0,0,0,0,0,0,0,0,0,0,0,0,13.0479657,77.6452691,0.5
3,4126000.0,1115.0,2,1,1.0,4.0,0,0,0,0,3.0,2,0,0,1,1,1,1,1,1,1,1,0,0,0,0,13.0479657,77.6452691,0.25
2,3000000.0,740.0,2,1,2.0,4.0,0,0,0,0,3.0,2,0,1,1,0,0,0,0,0,1,1,0,1,0,0,22.3606792,88.4322502,0.5
3,5300000.0,1125.0,2,1,4.0,4.0,0,0,0,0,7.5,2,0,2,1,1,1,0,1,0,1,1,0,1,0,0,22.4727076,88.3977962,1.0
3,10200000.0,1350.0,2,1,10.0,10.0,0,0,0,0,0.5,2,0,2,1,1,1,1,1,1,1,1,0,1,0,0,25.7967438,89.5446589,1.0
3,7600000.0,1226.0,3,1,15.0,15.0,0,0,0,0,3.0,2,0,5,1,1,0,0,0,0,1,1,1,1,0,0,22.4727076,88.3977962,1.0
4,16500000.0,2160.0,3,2,15.0,25.0,0,0,0,0,0.5,2,0,2,1,0,0,1,0,0,1,1,0,1,0,0,22.7241945,88.4837829,0.6
2,4400000.0,918.0,2,1,2.0,14.0,0,0,0,0,3.0,2,0,7,1,1,1,1,1,1,1,1,1,1,0,0,22.3606792,88.4322502,0.14285714285714285
3,8600000.0,1349.0,2,1,6.0,11.0,0,0,0,0,3.0,2,0,3,1,1,1,1,1,1,1,1,0,1,0,0,25.7967438,89.5446589,0.5454545454545454
3,13500000.0,1290.0,2,1,10.0,13.0,0,0,0,0,3.0,2,2,3,1,1,1,1,1,1,1,1,0,1,0,0,25.7967438,89.5446589,0.7692307692307693
2,7200000.0,920.0,2,1,5.0,9.0,0,0,0,0,0.5,2,0,2,1,1,1,1,1,1,1,1,0,1,0,0,25.7967438,89.5446589,0.5555555555555556
3,20000000.0,1415.0,2,1,8.0,25.0,0,0,0,0,3.0,2,2,3,1,1,1,1,1,1,1,1,0,1,0,0,22.6564623,88.4467245,0.32
1,5000000.0,560.0,1,0,3.0,4.0,0,0,0,0,0.5,0,0,0,0,0,0,0,0,0,0,0,0,0,0,0,22.5743093,88.4558557,0.75
3,13000000.0,1670.0,3,2,7.0,12.0,0,0,0,0,3.0,2,0,11,1,1,1,1,1,1,1,1,1,1,0,0,22.5959131,88.4878653,0.5833333333333334
4,12800000.0,1817.0,3,1,9.0,13.0,0,0,0,0,3.0,2,1,3,1,0,0,0,0,0,1,1,0,1,0,0,22.6656371,88.3980035,0.6923076923076923
3,10700000.0,1264.0,2,1,3.0,12.0,0,0,0,0,3.0,2,0,0,1,1,1,1,1,1,1,0,0,0,0,0,22.5959131,88.4878653,0.25
4,18000000.0,2071.0,3,1,21.0,25.0,0,0,0,0,3.0,2,0,6,1,0,0,1,0,0,1,1,0,1,0,0,22.7241945,88.4837829,0.84
3,11500000.0,1261.0,2,1,9.0,12.0,0,0,0,0,0.5,2,2,3,1,1,1,1,1,1,1,1,0,1,0,0,22.5959131,88.4878653,0.75
2,6000000.0,950.0,2,1,3.0,5.0,0,0,0,0,7.5,0,2,0,0,1,1,0,1,1,0,0,0,0,0,0,22.5240566,88.2710655,0.6
2,6300000.0,980.0,2,1,3.0,4.0,0,0,0,0,0.5,2,0,0,1,1,0,0,1,0,0,0,0,0,0,0,22.6202131,88.4681187,0.75
3,7250000.0,1368.0,2,2,3.0,4.0,0,0,0,0,0.5,2,0,0,1,1,0,0,1,0,0,0,0,0,0,0,22.6202131,88.4681187,0.75
3,11600000.0,1400.0,3,1,6.0,10.0,0,0,0,0,0.5,2,0,2,1,1,1,1,1,1,1,1,0,1,0,0,25.7967438,89.5446589,0.6
3,24000000.0,1475.0,3,2,20.0,46.0,0,0,0,0,0.5,1,0,6,1,1,1,1,1,1,1,1,1,1,0,0,22.4956263,88.398449,0.43478260869565216
2,6200000.0,970.0,2,1,1.0,4.0,0,0,0,0,12.5,2,0,2,1,1,1,0,1,0,1,1,1,1,0,0,22.5008759,88.3739602,0.25
6,32500000.0,3000.0,4,3,3.0,4.0,0,0,0,0,7.5,2,0,1,1,1,1,0,0,0,1,0,0,0,0,0,22.5056055,88.363674,0.75
4,29000000.0,3620.0,4,3,3.0,22.0,0,0,0,1,12.5,2,0,6,1,1,1,0,1,1,1,1,1,1,0,0,22.4727076,88.3977962,0.13636363636363635
2,7500000.0,1027.0,2,1,4.0,11.0,0,0,0,0,3.0,2,0,4,1,0,1,0,1,0,1,1,1,1,0,0,22.477646,88.4399813,0.36363636363636365
3,4500000.0,931.0,2,2,1.0,10.0,0,0,0,0,0.5,2,0,4,1,1,0,1,1,1,1,1,1,1,0,0,22.4440966,88.3017146,0.1
3,6900000.0,1278.0,2,1,8.0,14.0,1,0,0,0,3.0,2,0,9,1,0,0,0,0,0,1,1,1,1,0,0,22.3606792,88.4322502,0.5714285714285714
3,5600000.0,1225.0,2,1,4.0,4.0,0,0,0,0,7.5,2,0,3,1,1,1,0,1,1,1,1,0,1,0,0,22.4727076,88.3977962,1.0
2,3000000.0,799.0,2,1,4.0,4.0,0,0,0,0,3.0,2,0,0,1,0,0,0,0,0,0,0,0,0,0,0,25.7967438,89.5446589,1.0
3,15300000.0,1551.0,2,2,1.0,13.0,0,1,1,0,0.5,2,2,3,1,1,1,1,1,1,1,1,0,1,0,0,22.6546116,88.4249902,0.07692307692307693
1,2230000.0,531.0,1,1,2.0,4.0,0,0,0,0,3.0,2,0,0,1,0,0,0,0,0,0,0,0,0,0,0,22.6546116,88.4249902,0.5
3,5200000.0,1060.0,2,1,8.0,29.0,0,0,0,0,0.5,2,0,2,1,1,1,1,1,1,1,1,0,1,0,0,22.7549951,88.3416672,0.27586206896551724
3,16500000.0,1373.0,2,2,12.0,17.0,0,0,0,0,3.0,2,0,3,1,1,1,1,1,1,1,1,0,1,0,0,22.4690721,88.3912838,0.7058823529411765
3,11399999.999999998,1360.0,2,1,11.0,11.0,0,0,0,0,0.5,2,0,2,1,1,1,1,1,1,1,1,0,1,0,0,22.578579,88.3551327,1.0
3,10700000.0,1650.0,2,1,1.0,4.0,0,1,0,0,7.5,2,1,3,1,1,1,1,1,1,0,1,0,1,0,0,22.4727076,88.3977962,0.25
4,21000000.0,2850.0,4,2,1.0,4.0,0,0,0,0,12.5,2,2,2,1,1,1,0,0,0,0,0,1,0,0,0,22.4933548,88.3433104,0.25
1,15000000.0,970.0,1,1,11.0,23.0,0,0,0,0,0.5,2,2,10,1,1,1,1,1,1,1,1,1,1,0,0,22.5959131,88.4878653,0.4782608695652174
3,16500000.0,2054.0,3,2,11.0,33.0,0,0,0,0,3.0,2,0,11,1,1,1,1,1,1,1,1,1,1,0,0,22.5959131,88.4878653,0.3333333333333333
3,9500000.0,1255.0,2,2,3.0,11.0,0,0,0,0,0.5,2,0,2,1,1,1,1,1,1,1,1,0,1,0,0,22.578579,88.3551327,0.2727272727272727
2,3705000.0,950.0,2,1,2.0,5.0,0,0,0,0,0.5,2,0,0,1,0,0,0,0,0,0,0,0,0,0,0,13.0479657,77.6452691,0.4
2,3825000.0,805.0,2,1,4.0,5.0,0,0,0,0,0.5,2,0,0,1,0,0,0,0,0,0,0,0,0,0,0,13.0479657,77.6452691,0.8
3,5900000.0,1000.0,2,1,13.0,15.0,0,0,0,0,3.0,2,0,2,1,0,0,1,0,0,1,0,1,1,0,0,22.4440966,88.3017146,0.8666666666666667
3,6600000.0,1128.0,2,3,3.0,15.0,0,0,0,0,3.0,2,0,2,1,0,0,1,0,0,1,0,1,1,0,0,22.4440966,88.3017146,0.2
3,13700000.000000002,1551.0,2,2,5.0,13.0,0,0,0,0,3.0,2,0,4,1,0,0,1,0,0,1,1,0,1,0,0,22.6546116,88.4249902,0.38461538461538464
2,6000000.0,1010.0,2,1,8.0,11.0,0,0,0,0,3.0,2,0,8,1,1,1,1,1,1,1,1,1,1,0,0,25.7967438,89.5446589,0.7272727272727273
2,5100000.0,1158.0,2,2,1.0,7.0,0,0,0,0,3.0,2,0,8,1,1,1,1,1,1,1,1,1,1,0,0,25.7967438,89.5446589,0.14285714285714285
3,9200000.0,1474.0,2,1,6.0,9.0,0,0,0,0,3.0,2,0,8,1,1,1,1,1,1,1,1,1,1,0,0,25.7967438,89.5446589,0.6666666666666666
3,12300000.0,1369.0,2,1,4.0,12.0,0,0,0,0,3.0,2,0,6,1,1,0,0,0,0,1,1,0,1,0,0,22.5959131,88.4878653,0.3333333333333333
3,9400000.0,1260.0,2,1,3.0,11.0,0,0,0,0,0.5,2,0,2,1,1,1,1,1,1,1,1,0,1,0,0,22.578579,88.3551327,0.2727272727272727
2,6000000.0,971.0,2,1,10.0,10.0,0,0,0,0,0.5,2,0,4,1,0,0,0,1,1,1,1,0,1,0,0,25.7967438,89.5446589,1.0
4,17500000.0,1493.0,3,1,2.0,4.0,0,0,0,1,0.5,2,0,3,1,0,1,1,0,1,1,0,1,0,0,0,22.5280337,88.3659084,0.5
3,6300000.0,1326.0,2,2,2.0,11.0,0,0,0,0,7.5,2,2,5,1,1,1,1,1,1,1,1,1,1,0,0,22.4873548,88.3133794,0.18181818181818182
2,4100000.0,1052.0,2,1,8.0,11.0,0,0,0,0,7.5,2,0,5,1,1,1,1,1,1,1,1,1,1,0,0,22.4809986,88.284838,0.7272727272727273
2,5500000.0,940.0,2,1,4.0,14.0,0,0,0,0,3.0,2,0,7,1,1,1,1,1,1,1,1,1,1,0,0,22.4440966,88.3017146,0.2857142857142857
2,5500000.0,940.0,2,1,4.0,14.0,0,0,0,0,3.0,2,0,7,1,1,1,1,1,1,1,1,1,1,0,0,22.4440966,88.3017146,0.2857142857142857
2,5200000.0,890.0,2,2,12.0,14.0,0,0,0,0,3.0,2,0,7,1,1,1,1,1,1,1,1,1,1,0,0,22.4440966,88.3017146,0.8571428571428571
3,8700000.0,1412.0,2,2,1.0,5.0,0,0,0,0,7.5,2,2,2,1,1,1,1,1,1,0,0,1,0,0,0,22.501572,88.3209435,0.2
2,3000000.0,839.0,2,1,1.0,2.0,1,0,0,0,0.5,2,0,0,0,0,1,1,0,0,0,0,1,0,0,0,22.4727076,88.3977962,0.5
3,4448000.0,1055.0,2,1,2.0,4.0,0,0,0,0,3.0,2,0,0,1,1,1,0,0,1,0,0,0,0,0,0,22.5959131,88.4878653,0.5
3,8500000.0,1298.0,2,1,3.0,4.0,0,0,0,0,3.0,2,0,0,1,1,1,1,1,1,1,1,0,0,0,0,22.5053017,88.4009957,0.75
2,5100000.0,860.0,2,2,4.0,15.0,0,0,0,0,3.0,2,0,2,1,0,0,1,0,0,1,0,0,1,1,0,22.4440966,88.3017146,0.26666666666666666
2,8500000.0,1000.0,2,1,3.0,8.0,0,0,0,0,12.5,2,0,4,1,1,1,0,0,0,0,0,1,1,0,0,22.5363513,88.3542021,0.375
3,4500000.0,1200.0,2,2,1.0,4.0,0,0,0,0,12.5,2,0,0,0,0,0,0,0,0,0,0,0,0,0,0,13.0479657,77.6452691,0.25
2,5088000.0,960.0,2,1,2.0,4.0,0,0,0,0,0.5,2,0,0,1,1,0,0,1,1,0,0,0,0,0,0,22.6202131,88.4681187,0.5
3,8500000.0,764.0,2,1,2.0,11.0,0,0,0,0,3.0,0,0,3,1,1,1,1,1,1,1,1,0,1,0,0,22.7241945,88.4837829,0.18181818181818182
4,25000000.0,2452.0,4,1,18.0,19.0,0,0,0,0,3.0,2,0,6,1,1,1,1,1,1,1,1,1,1,0,0,22.5008759,88.3739602,0.9473684210526315
3,21100000.0,1985.0,3,1,16.0,19.0,0,0,0,0,3.0,2,0,6,1,1,1,1,1,1,1,1,1,1,0,0,22.5008759,88.3739602,0.8421052631578947
3,5500000.0,1150.0,2,1,3.0,5.0,0,0,0,0,3.0,2,0,2,1,1,1,1,1,1,1,1,0,1,0,0,25.7967438,89.5446589,0.6
4,17000000.0,3500.0,4,2,3.0,4.0,0,0,0,0,3.0,2,0,5,1,1,1,1,1,1,1,1,1,1,0,0,25.7967438,89.5446589,0.75
2,7700000.0,910.0,2,1,3.0,24.0,0,0,0,0,3.0,2,0,5,1,1,1,1,1,1,1,1,1,1,0,0,22.7241945,88.4837829,0.125
4,24500000.0,1235.0,4,2,16.0,20.0,0,1,0,0,3.0,0,0,10,1,0,0,0,0,0,1,1,1,1,0,0,22.5959131,88.4878653,0.8
4,22000000.0,2621.0,4,3,4.0,22.0,0,0,0,0,3.0,2,0,6,1,0,0,0,0,0,1,1,1,1,0,0,22.5008759,88.3739602,0.18181818181818182
3,12000000.0,1328.0,2,1,10.0,27.0,0,0,0,0,12.5,2,1,6,1,1,1,0,1,1,1,1,1,1,1,0,22.4690721,88.3912838,0.37037037037037035
3,7500000.0,1404.0,2,2,4.0,4.0,0,0,0,0,7.5,0,0,3,1,1,1,0,1,0,0,1,1,1,0,0,22.4662345,88.4025921,1.0
2,6300000.0,1145.0,2,3,3.0,6.0,0,1,0,0,3.0,2,0,10,1,1,1,1,1,1,1,1,1,1,0,0,22.9500602,88.4587242,0.5
2,6500000.0,1175.0,2,3,5.0,6.0,0,1,0,0,3.0,2,0,10,1,1,1,1,1,1,1,1,1,1,0,0,22.9500602,88.4587242,0.8333333333333334
2,5700000.0,1022.0,2,3,2.0,6.0,0,0,0,0,3.0,2,0,9,1,1,1,1,1,1,1,1,1,1,0,0,22.9500602,88.4587242,0.3333333333333333
3,5200000.0,1437.0,2,1,4.0,9.0,0,0,0,0,7.5,2,1,0,1,1,1,1,1,1,0,0,0,0,0,0,22.6950342,88.4073585,0.4444444444444444
3,7400000.0,1225.0,2,1,1.0,4.0,0,0,0,0,12.5,2,0,5,1,1,1,0,0,0,1,1,1,1,0,0,22.4690721,88.3912838,0.25
3,6906000.0,1303.0,2,2,1.0,4.0,0,0,0,0,0.5,2,0,0,1,1,0,0,1,0,0,0,0,0,0,0,22.6202131,88.4681187,0.25
3,12000000.0,1765.0,2,2,5.0,10.0,0,0,0,0,12.5,2,0,2,1,1,0,0,0,0,1,1,0,1,0,0,22.4727076,88.3977962,0.5
2,3529999.9999999995,954.0,2,1,4.0,4.0,0,0,0,0,0.5,2,0,1,1,0,1,1,1,1,0,0,1,1,0,0,25.7967438,89.5446589,1.0
4,24500000.0,2945.0,4,2,9.0,13.0,1,0,0,0,12.5,2,0,5,1,1,0,0,1,1,1,1,1,1,0,0,22.4922238,88.3922906,0.6923076923076923
4,34000000.0,2800.0,3,1,17.0,17.0,0,0,0,1,3.0,2,0,5,1,1,1,1,1,1,1,1,1,1,0,0,22.498636,88.3453908,1.0
1,2256000.0,480.0,1,1,4.0,7.0,0,0,0,0,0.5,2,0,5,1,1,1,0,1,0,1,1,0,1,0,0,22.6344962,88.4157144,0.5714285714285714
2,2250000.0,750.0,2,1,4.0,4.0,0,0,0,0,3.0,2,0,0,1,1,1,1,0,1,0,0,0,0,0,0,22.6993196,88.3896675,1.0
4,55000000.0,3200.0,4,3,1.0,4.0,1,0,0,1,12.5,1,0,5,1,1,1,1,1,0,1,1,1,1,0,0,22.5280337,88.3659084,0.25
2,5500000.0,1158.0,2,2,6.0,7.0,0,0,0,0,3.0,2,0,8,1,1,1,1,1,1,1,1,1,1,0,0,25.7967438,89.5446589,0.8571428571428571
3,5700000.0,1160.0,2,1,3.0,4.0,0,0,0,0,3.0,2,0,2,1,1,1,1,1,1,0,0,1,0,0,0,22.4495236,88.3955392,0.75
2,6200000.0,920.0,2,1,2.0,4.0,0,0,0,0,0.5,2,0,2,1,1,1,1,1,1,0,0,1,0,0,0,22.4727076,88.3977962,0.5
3,8600000.0,1300.0,2,2,2.0,3.0,0,0,0,0,3.0,2,0,1,1,0,1,0,1,1,0,0,1,0,0,0,22.4727076,88.3977962,0.6666666666666666
2,5000000.0,1060.0,2,1,4.0,7.0,0,0,0,0,7.5,2,0,5,1,1,1,1,1,1,1,1,1,1,0,0,22.4541674,88.4183764,0.5714285714285714
2,4310000.0,917.0,2,1,1.0,4.0,0,0,0,0,3.0,2,0,1,1,1,1,1,1,1,0,0,1,0,0,0,22.4727076,88.3977962,0.25
3,12500000.0,1468.0,3,1,4.0,7.0,0,0,0,0,3.0,2,0,4,1,1,1,1,1,1,1,0,1,1,0,0,22.4727076,88.3977962,0.5714285714285714
2,5550000.0,895.0,2,1,1.0,4.0,0,0,0,0,3.0,2,0,1,1,1,1,1,1,1,0,0,1,0,0,0,22.4727076,88.3977962,0.25
3,5500000.0,1100.0,2,1,1.0,3.0,0,0,0,0,3.0,2,0,1,0,0,1,1,1,1,0,0,1,0,0,0,22.4727076,88.3977962,0.3333333333333333
3,8100000.0,1200.0,2,1,1.0,3.0,0,0,0,0,3.0,2,0,1,1,0,1,1,1,1,0,0,1,0,0,0,22.4727076,88.3977962,0.3333333333333333
2,6700000.0,980.0,2,1,3.0,3.0,0,0,0,0,3.0,2,0,1,1,0,1,1,1,1,0,0,1,0,0,0,22.4727076,88.3977962,1.0
3,5200000.0,1200.0,2,1,1.0,4.0,0,0,0,0,12.5,2,0,2,1,1,1,1,1,1,0,0,1,1,0,0,22.4727076,88.3977962,0.25
3,7600000.0,1680.0,2,1,2.0,4.0,0,0,0,0,3.0,2,0,1,1,0,1,1,1,1,0,0,1,0,0,0,22.4727076,88.3977962,0.5
3,5200000.0,1338.0,2,1,1.0,5.0,0,0,0,0,7.5,2,0,5,1,1,1,1,1,1,1,1,1,1,0,0,22.4541674,88.4183764,0.2
2,5700000.0,1060.0,2,1,3.0,5.0,0,0,0,0,7.5,2,2,3,1,1,1,1,1,1,1,1,1,1,0,0,22.4541674,88.4183764,0.6
3,6800000.0,1280.0,2,1,4.0,4.0,0,0,0,0,7.5,2,2,7,1,0,0,0,0,0,1,1,1,1,0,0,22.4662345,88.4025921,1.0
4,5180000.0,1400.0,4,2,1.0,3.0,1,0,0,0,3.0,2,0,1,1,0,1,1,1,0,0,0,1,0,0,0,22.4727076,88.3977962,0.3333333333333333
3,6700000.0,1202.0,2,1,4.0,4.0,0,0,0,0,3.0,2,0,0,1,1,1,1,1,1,1,1,0,0,0,0,22.6202131,88.4681187,1.0
3,8600000.0,1250.0,2,1,4.0,4.0,0,0,0,0,3.0,2,0,0,1,1,0,1,1,1,0,0,0,0,0,0,22.5743093,88.4558557,1.0
3,10300000.0,1341.0,2,1,1.0,4.0,0,0,0,0,3.0,2,0,0,1,1,0,1,1,1,0,0,0,0,0,0,22.5743093,88.4558557,0.25
3,6919000.0,1193.0,2,1,2.0,3.0,0,0,0,0,0.5,2,0,2,1,1,1,1,0,0,1,0,1,0,0,0,22.5053017,88.4009957,0.6666666666666666
3,5200000.0,1111.0,2,1,3.0,3.0,0,0,0,0,3.0,2,0,2,1,1,1,1,0,0,0,0,1,0,0,0,22.477646,88.4399813,1.0
3,7800000.0,1300.0,2,1,2.0,3.0,0,0,0,0,3.0,2,0,2,1,1,1,1,0,0,1,0,1,0,0,0,22.5053017,88.4009957,0.6666666666666666
3,7041000.0,1214.0,2,1,1.0,3.0,0,0,0,0,3.0,2,0,2,1,1,1,1,0,0,0,0,1,0,0,0,22.5240566,88.2710655,0.3333333333333333
2,2400000.0,600.0,2,1,3.0,4.0,0,0,0,0,12.5,0,0,0,0,0,1,0,0,0,0,0,0,0,0,0,22.6469581,88.343612,0.75
2,7000000.0,842.0,2,1,4.0,24.0,0,0,0,0,0.5,2,0,5,1,1,1,1,1,1,1,1,1,1,0,0,22.7241945,88.4837829,0.16666666666666666
2,7400000.0,896.0,2,1,14.0,24.0,0,0,0,0,3.0,2,0,6,1,1,1,1,1,1,1,1,1,1,0,0,22.7241945,88.4837829,0.5833333333333334
3,23000000.0,1770.0,3,2,15.0,29.0,0,0,0,0,0.5,2,0,3,1,1,1,1,1,1,1,1,0,1,0,0,22.5959131,88.4878653,0.5172413793103449
3,16700000.0,2185.0,4,3,3.0,21.0,0,0,0,1,3.0,2,0,4,1,1,1,1,1,1,1,1,0,1,0,0,22.5959131,88.4878653,0.14285714285714285
2,6600000.0,972.0,2,1,4.0,4.0,0,0,0,0,7.5,2,2,6,1,1,1,1,1,1,1,1,1,1,0,0,22.4727076,88.3977962,1.0
2,10000000.0,1464.0,2,2,6.0,21.0,0,0,0,0,3.0,2,0,4,1,1,1,1,1,1,1,1,0,1,0,0,22.5959131,88.4878653,0.2857142857142857
3,7000000.0,1320.0,2,2,1.0,3.0,0,0,0,0,3.0,2,2,0,1,1,1,0,0,1,0,0,1,0,0,0,22.5240566,88.2710655,0.3333333333333333
3,5200000.0,1040.0,2,1,23.0,26.0,0,0,0,0,0.5,2,1,7,1,1,1,1,1,1,1,1,1,1,0,0,22.7549951,88.3416672,0.8846153846153846
2,5800000.0,1054.0,2,1,6.0,6.0,0,0,0,0,0.5,2,0,4,1,1,1,1,1,1,1,1,0,1,0,0,22.6947839,88.4530183,1.0
2,5300000.0,1056.0,2,1,6.0,6.0,0,0,0,0,0.5,2,0,4,1,1,1,1,1,1,1,1,0,1,0,0,22.6947839,88.4530183,1.0
2,5300000.0,1023.0,2,1,5.0,6.0,0,0,0,0,0.5,2,0,4,1,1,1,1,1,1,1,1,0,1,0,0,22.6947839,88.4530183,0.8333333333333334
3,4300000.0,1108.0,2,1,2.0,4.0,1,0,0,0,0.5,2,0,7,1,1,1,0,1,1,1,1,1,1,0,0,22.3606792,88.4322502,0.5
2,3700000.0,820.0,2,1,2.0,4.0,1,0,0,0,3.0,2,0,8,1,1,1,0,0,1,1,1,1,1,0,0,22.3606792,88.4322502,0.5
3,7500000.0,1264.0,2,1,8.0,15.0,0,0,0,0,0.5,2,2,3,1,0,0,1,0,0,1,1,0,1,0,0,22.4690721,88.3912838,0.5333333333333333
4,30000000.0,4500.0,4,3,22.0,27.0,0,0,0,0,7.5,2,2,2,1,0,0,0,0,0,0,1,0,0,0,0,22.4690721,88.3912838,0.8148148148148148
2,3800000.0,890.0,2,1,4.0,5.0,0,0,0,0,3.0,0,0,3,1,1,1,0,1,1,1,1,0,1,0,0,25.7967438,89.5446589,0.8
3,6000000.0,1260.0,3,1,1.0,4.0,0,0,0,0,12.5,2,0,4,1,1,0,0,0,0,1,0,1,1,0,0,22.4690721,88.3912838,0.25
2,7200000.0,1105.0,2,1,2.0,4.0,0,0,0,0,0.5,2,0,5,1,1,1,1,0,1,1,0,1,1,0,0,22.5044355,88.3721663,0.5
3,17000000.0,1479.0,2,2,9.0,17.0,0,0,0,0,3.0,1,0,6,1,1,1,1,1,1,1,1,1,1,0,0,22.498636,88.3453908,0.5294117647058824
3,7900000.0,1567.0,3,1,3.0,7.0,0,0,0,0,3.0,2,0,5,1,1,1,1,1,1,1,1,1,1,0,0,25.7967438,89.5446589,0.42857142857142855
3,9500000.0,1250.0,2,2,4.0,11.0,0,0,0,0,0.5,2,0,2,1,1,1,1,1,1,1,1,0,1,0,0,22.578579,88.3551327,0.36363636363636365
3,9600000.0,1144.0,2,1,10.0,12.0,0,0,0,0,3.0,2,0,3,1,0,0,0,0,0,1,1,0,1,0,0,22.5959131,88.4878653,0.8333333333333334
2,7900000.0,952.0,2,1,14.0,25.0,0,0,0,0,3.0,2,0,3,1,0,0,1,0,0,1,1,0,1,0,0,22.7241945,88.4837829,0.56
2,4200000.0,1000.0,2,1,4.0,4.0,0,0,1,0,12.5,2,1,3,1,1,0,0,0,1,0,0,1,0,0,0,22.7241945,88.4837829,1.0
3,9500000.0,1480.0,3,2,4.0,4.0,0,0,0,0,3.0,2,0,0,1,1,1,1,1,1,1,1,0,0,0,0,22.5758538,88.4586199,1.0
3,10200000.0,1480.0,3,3,4.0,4.0,0,0,0,0,3.0,2,0,0,1,1,1,1,1,1,1,1,0,0,0,0,22.5743093,88.4558557,1.0
2,5900000.0,989.0,2,1,5.0,6.0,0,0,0,0,3.0,2,0,6,1,1,1,1,1,1,1,1,1,1,0,0,22.6947839,88.4530183,0.8333333333333334
3,8500000.0,1250.0,2,1,1.0,4.0,0,0,0,0,3.0,2,0,0,1,1,0,1,0,0,0,0,0,0,0,0,22.5743093,88.4558557,0.25
2,6300000.0,891.0,2,1,2.0,16.0,0,0,0,0,3.0,2,0,3,1,1,0,1,1,1,1,1,0,1,0,0,22.4690721,88.3912838,0.125
2,5083000.0,959.0,2,1,4.0,5.0,0,0,0,0,3.0,2,0,0,1,1,1,1,1,1,1,0,0,0,0,0,22.6129078,88.4665536,0.8
3,10000000.0,1300.0,2,1,1.0,4.0,0,0,0,0,3.0,0,0,0,0,0,0,0,0,0,0,0,0,0,0,0,22.6001077,88.4066981,0.25
2,4500000.0,979.0,2,1,2.0,3.0,0,0,0,0,3.0,2,0,3,1,1,1,0,0,0,0,0,1,0,0,0,22.477646,88.4399813,0.6666666666666666
3,11000000.0,1454.0,2,1,7.0,20.0,0,0,0,0,3.0,2,1,5,1,1,1,1,1,1,1,1,1,1,0,0,22.4690721,88.3912838,0.35
2,3208000.0,867.0,2,1,2.0,4.0,0,0,0,0,0.5,2,0,1,1,0,1,1,1,1,0,0,1,1,0,0,25.7967438,89.5446589,0.5
2,3547999.9999999995,959.0,2,1,4.0,4.0,0,0,0,0,0.5,2,0,1,1,0,1,1,1,1,0,0,1,1,0,0,25.7967438,89.5446589,1.0
2,3254999.9999999995,1050.0,2,1,1.0,4.0,0,0,1,0,3.0,2,0,0,1,1,1,1,1,1,0,0,0,0,0,0,22.6950342,88.4073585,0.25
2,3013000.0,837.0,2,1,5.0,5.0,0,0,0,0,0.5,2,0,0,1,0,0,0,0,0,0,0,0,0,0,0,13.0479657,77.6452691,1.0
3,11500000.0,1264.0,3,1,14.0,27.0,0,0,0,0,3.0,2,0,6,1,1,1,1,1,1,1,1,1,1,1,0,22.4690721,88.3912838,0.5185185185185185
2,2800000.0,730.0,2,1,3.0,3.0,0,0,0,0,12.5,2,2,1,1,1,0,0,0,0,0,0,0,0,0,0,22.4873548,88.3133794,1.0
3,7547000.0,1424.0,2,1,7.0,20.0,1,0,0,0,3.0,2,0,4,1,1,0,0,0,0,1,1,0,1,0,0,22.4541674,88.4183764,0.35
3,7120000.0,1424.0,2,1,7.0,19.0,0,0,0,0,3.0,2,0,4,1,1,1,1,1,1,1,1,0,1,0,0,22.4541674,88.4183764,0.3684210526315789
3,6888000.0,1379.0,2,2,13.0,19.0,0,0,0,0,3.0,2,0,4,1,1,1,1,1,1,1,1,0,1,0,0,22.4541674,88.4183764,0.6842105263157895
2,5858000.0,1011.0,2,1,9.0,9.0,0,0,0,0,3.0,2,0,4,1,1,0,0,1,1,0,0,1,0,0,0,22.4541674,88.4183764,1.0
3,6500000.0,1049.0,2,1,4.0,4.0,0,0,0,0,0.5,2,0,3,1,0,0,0,0,0,1,1,1,1,0,0,22.477646,88.4399813,1.0
3,6000000.0,1223.0,3,1,2.0,3.0,0,0,0,0,3.0,2,0,2,1,1,0,0,0,0,1,0,1,0,0,0,22.477646,88.4399813,0.6666666666666666
3,8600000.0,889.0,2,1,15.0,24.0,0,0,0,0,3.0,0,0,5,1,1,1,1,1,1,1,1,1,1,0,0,22.7241945,88.4837829,0.625
2,2450000.0,827.0,2,1,3.0,4.0,0,0,1,0,3.0,2,1,0,1,1,1,1,1,1,0,0,0,0,0,0,22.679688,88.4498321,0.75
2,2250000.0,844.0,2,1,1.0,4.0,0,0,1,0,3.0,2,0,0,1,1,1,1,1,1,0,0,0,0,0,0,22.679688,88.4498321,0.25
3,5500000.0,901.0,2,1,5.0,14.0,0,0,0,0,0.5,1,0,1,1,0,0,0,0,0,0,1,0,0,0,0,22.5932398,88.3441315,0.35714285714285715
3,5200000.0,901.0,2,1,7.0,14.0,0,0,0,0,0.5,1,0,1,1,1,1,0,1,1,0,1,0,0,0,0,22.5932398,88.3441315,0.5
3,7800000.0,1185.0,2,2,9.0,11.0,0,0,0,0,3.0,2,2,3,1,1,1,1,1,1,1,1,0,1,0,0,22.6286173,88.44061,0.8181818181818182
2,2270000.0,810.0,2,1,2.0,4.0,0,0,1,0,3.0,2,0,0,1,1,1,1,1,1,0,0,0,0,0,0,22.679688,88.4498321,0.5
3,6900000.0,1231.0,2,3,1.0,6.0,0,0,0,0,3.0,2,0,9,1,1,1,1,1,1,1,1,1,1,0,0,22.9500602,88.4587242,0.16666666666666666
2,2220000.0,765.0,2,1,4.0,4.0,0,0,1,0,3.0,2,0,0,1,1,1,1,1,1,0,0,0,0,0,0,22.679688,88.4498321,1.0
3,5850000.0,1300.0,2,1,2.0,4.0,0,0,1,0,0.5,2,0,0,1,0,0,0,0,0,0,0,0,0,0,0,22.9500602,88.4587242,0.5
2,3600000.0,890.0,2,1,1.0,3.0,1,0,0,0,3.0,2,0,0,0,0,1,1,1,0,0,0,1,0,0,0,22.4727076,88.3977962,0.3333333333333333
3,2853000.0,1019.0,2,1,1.0,5.0,0,0,0,0,0.5,2,0,3,1,1,1,1,1,1,1,1,1,0,0,0,22.69972,88.3519784,0.2
2,2745000.0,915.0,2,1,2.0,5.0,0,0,0,0,3.0,2,0,2,1,1,1,1,1,1,0,1,1,0,0,0,22.69972,88.3519784,0.4
3,3440999.9999999995,1110.0,2,1,5.0,5.0,0,0,0,0,3.0,2,0,2,1,1,1,1,1,1,0,0,1,0,0,0,22.69972,88.3519784,1.0
2,1798999.9999999998,692.0,2,1,2.0,5.0,0,0,0,0,3.0,2,0,2,1,1,1,1,1,1,0,0,1,0,0,0,22.69972,88.3519784,0.4
2,2007000.0,772.0,2,1,1.0,5.0,0,0,0,0,3.0,2,0,2,1,1,1,1,1,1,0,0,1,0,0,0,22.69972,88.3519784,0.2
2,2077000.0,799.0,2,1,2.0,5.0,0,0,0,0,3.0,2,0,2,1,1,1,1,1,1,0,0,1,0,0,0,22.69972,88.3519784,0.4
3,2694000.0,1036.0,2,2,3.0,5.0,0,0,0,0,3.0,2,0,2,1,1,1,1,1,1,1,0,1,0,0,0,22.69972,88.3519784,0.6
2,2140000.0,778.0,2,1,5.0,5.0,0,0,0,0,3.0,2,0,1,1,1,1,1,1,1,0,0,1,0,0,0,22.69972,88.3519784,1.0
3,2650000.0,1060.0,2,1,2.0,5.0,0,0,0,0,3.0,2,0,2,1,1,1,1,1,1,0,0,1,0,0,0,22.69972,88.3519784,0.4
3,7600000.0,1404.0,3,3,2.0,6.0,0,0,0,0,3.0,2,0,10,1,1,1,1,1,1,1,1,1,1,0,0,22.9500602,88.4587242,0.3333333333333333
3,4800000.0,1150.0,2,1,1.0,5.0,0,0,0,0,3.0,0,0,3,1,1,1,0,1,1,1,1,0,1,0,0,25.7967438,89.5446589,0.2
4,21500000.0,1508.0,3,3,12.0,12.0,0,0,0,0,3.0,1,0,5,1,1,1,1,1,1,1,1,1,1,0,0,22.498636,88.3453908,1.0
4,11700000.0,1885.0,3,2,3.0,4.0,0,0,0,0,3.0,2,0,0,1,1,1,1,1,1,1,1,0,0,0,0,22.5053017,88.4009957,0.75
4,11200000.000000002,1874.0,3,2,2.0,4.0,0,0,0,0,3.0,2,0,0,1,1,1,1,1,1,1,1,0,0,0,0,22.5053017,88.4009957,0.5
2,2040000.0,680.0,1,1,2.0,6.0,0,0,0,0,0.5,2,0,0,1,1,1,1,0,0,0,1,0,0,0,0,22.7241945,88.4837829,0.3333333333333333
3,11000000.0,1328.0,3,1,9.0,27.0,0,0,0,0,7.5,2,0,2,1,1,1,0,1,1,1,1,0,0,0,0,22.4690721,88.3912838,0.3333333333333333
3,5200000.0,1040.0,3,1,17.0,29.0,0,0,0,0,3.0,0,0,3,1,0,0,0,0,0,0,1,0,1,0,0,22.7549951,88.3416672,0.5862068965517241
2,3050000.0,870.0,2,1,2.0,4.0,0,0,0,0,3.0,2,0,1,1,1,1,0,0,1,1,0,0,1,0,0,22.4541674,88.4183764,0.5
3,4510000.0,1287.0,2,2,2.0,4.0,0,0,0,0,3.0,2,0,1,1,1,1,0,0,1,1,0,0,1,0,0,22.4541674,88.4183764,0.5
3,4690000.0,1339.0,2,2,1.0,4.0,0,0,0,0,3.0,2,0,0,1,1,1,0,0,1,1,0,0,1,0,0,22.4541674,88.4183764,0.25
2,3374000.0,978.0,2,1,1.0,4.0,0,0,0,0,3.0,2,0,1,1,0,0,0,0,0,1,0,0,1,0,0,22.4541674,88.4183764,0.25
3,4550000.0,1339.0,3,2,4.0,4.0,0,0,0,0,0.5,2,0,4,1,0,0,0,0,0,1,0,0,1,0,0,22.4541674,88.4183764,1.0
2,3372000.0,992.0,2,1,1.0,4.0,0,0,0,0,0.5,2,0,1,1,1,1,0,0,1,1,0,0,1,0,0,22.4541674,88.4183764,0.25
2,9000000.0,675.0,2,1,10.0,12.0,0,0,0,0,3.0,1,0,5,1,1,1,1,1,1,1,1,1,1,0,0,22.498636,88.3453908,0.8333333333333334
3,11100000.000000002,1264.0,2,1,15.0,27.0,0,0,0,0,12.5,2,1,6,1,1,1,0,1,1,1,1,1,1,0,0,22.4690721,88.3912838,0.5555555555555556
3,12000000.0,1751.0,3,1,2.0,4.0,0,0,0,0,3.0,1,0,0,1,1,0,1,1,1,0,0,0,0,0,0,22.5743093,88.4558557,0.5
3,18000000.0,1645.0,3,1,12.0,15.0,0,0,0,0,7.5,2,0,4,1,0,0,0,0,1,1,0,1,1,0,0,22.4884467,88.3560125,0.8
4,28500000.0,1501.0,5,2,7.0,20.0,0,0,0,1,3.0,0,0,6,1,0,0,0,0,0,1,1,1,1,0,0,22.5959131,88.4878653,0.35
4,9500000.0,1648.0,3,2,2.0,6.0,0,0,0,0,0.5,2,0,4,1,1,1,1,1,1,1,1,0,1,0,0,22.6947839,88.4530183,0.3333333333333333
2,5800000.0,1056.0,2,1,1.0,6.0,0,0,0,0,0.5,2,0,4,1,1,1,1,1,1,1,1,0,1,0,0,22.6947839,88.4530183,0.16666666666666666
2,2420000.0,834.0,2,1,1.0,4.0,0,0,1,0,3.0,2,0,0,1,1,1,1,1,1,0,0,0,0,0,0,22.6950342,88.4073585,0.25
2,2400000.0,750.0,1,0,5.0,5.0,0,0,0,0,3.0,2,0,0,1,0,0,0,0,0,0,0,0,0,0,0,13.0479657,77.6452691,1.0
3,6200000.0,1000.0,2,1,1.0,4.0,0,0,0,0,3.0,2,0,1,1,1,1,1,1,1,0,0,1,0,0,0,22.4727076,88.3977962,0.25
3,7500000.0,1239.0,2,2,10.0,23.0,0,0,0,0,3.0,2,0,5,1,0,0,0,0,0,1,1,1,1,0,0,22.4440966,88.3017146,0.43478260869565216
3,6450000.0,1128.0,2,3,3.0,15.0,0,0,0,0,3.0,2,0,5,1,1,1,1,1,1,1,1,1,1,0,0,22.4440966,88.3017146,0.2
2,5000000.0,906.0,2,2,3.0,15.0,0,0,0,0,3.0,2,0,4,1,0,0,1,0,0,1,0,1,1,0,0,22.4440966,88.3017146,0.2
3,6509999.999999999,1128.0,2,3,3.0,15.0,0,0,0,0,3.0,2,0,5,1,1,1,1,1,1,1,0,1,1,0,0,22.4440966,88.3017146,0.2
3,7500000.0,1528.0,2,3,1.0,15.0,0,0,0,0,3.0,2,0,5,1,1,1,1,1,1,1,1,1,1,0,0,22.4440966,88.3017146,0.06666666666666667
3,10500000.0,1545.0,2,2,2.0,11.0,0,0,0,0,7.5,2,0,8,1,1,1,1,1,1,1,1,1,1,0,0,22.4690721,88.3912838,0.18181818181818182
3,7200000.0,1370.0,2,1,3.0,4.0,0,0,0,0,7.5,2,0,2,1,0,0,0,0,0,1,1,0,1,0,0,22.5008759,88.3739602,0.75
2,4000000.0,935.0,2,1,2.0,4.0,0,0,0,0,12.5,2,0,4,1,1,0,1,0,0,1,1,1,1,0,0,22.4690721,88.3912838,0.5
3,10000000.0,1409.0,2,1,4.0,4.0,0,0,0,0,12.5,1,0,4,1,1,1,1,0,0,1,1,1,1,0,0,22.4727076,88.3977962,1.0
3,7500000.0,1344.0,2,1,10.0,23.0,0,0,0,0,0.5,2,0,2,1,1,1,1,1,1,1,1,0,1,0,0,22.4440966,88.3017146,0.43478260869565216
2,5100000.0,914.0,2,1,5.0,14.0,0,0,0,0,3.0,2,0,4,1,1,1,1,1,1,1,1,0,1,0,0,22.4440966,88.3017146,0.35714285714285715
3,6200000.0,1228.0,2,2,7.0,11.0,0,0,0,0,3.0,2,0,3,1,1,1,0,1,1,1,1,0,1,0,0,22.6286173,88.44061,0.6363636363636364
3,6220000.0,1885.0,2,1,5.0,11.0,0,0,0,0,3.0,2,0,3,1,0,0,0,0,0,1,1,0,1,0,0,22.6286173,88.44061,0.45454545454545453
3,7500000.0,1170.0,2,1,8.0,11.0,0,0,0,0,3.0,2,1,3,1,1,0,1,1,1,1,1,0,1,0,0,25.7967438,89.5446589,0.7272727272727273
3,7286000.0,1386.0,2,2,3.0,4.0,0,0,0,0,0.5,2,0,0,1,1,0,1,1,1,1,1,0,1,0,0,22.5959131,88.4878653,0.75
2,5300000.0,1008.0,2,1,9.0,11.0,0,0,0,0,7.5,1,0,3,1,1,1,1,0,1,1,1,0,1,0,0,25.7967438,89.5446589,0.8181818181818182
2,5100000.0,897.0,2,1,3.0,11.0,0,0,0,0,7.5,2,0,3,1,1,0,1,0,0,1,1,0,1,0,0,25.7967438,89.5446589,0.2727272727272727
2,5280000.0,992.0,2,1,4.0,11.0,0,0,0,0,7.5,2,0,3,1,1,0,1,0,0,1,1,0,1,0,0,25.7967438,89.5446589,0.36363636363636365
2,5150000.0,897.0,2,1,10.0,11.0,0,0,0,0,7.5,2,0,3,1,1,0,1,0,0,1,1,0,1,0,0,25.7967438,89.5446589,0.9090909090909091
3,7300000.0,1369.0,2,1,1.0,4.0,0,0,0,0,0.5,2,0,2,1,1,1,1,1,1,0,0,1,1,0,0,22.5959131,88.4878653,0.25
2,5100000.0,959.0,2,1,1.0,4.0,0,0,0,0,0.5,2,0,2,1,1,1,1,1,1,0,0,1,1,0,0,22.5959131,88.4878653,0.25
2,5160000.0,897.0,2,1,10.0,11.0,0,0,0,0,3.0,2,0,4,1,1,0,1,0,0,1,1,0,1,0,0,25.7967438,89.5446589,0.9090909090909091
2,5140000.0,897.0,2,1,5.0,11.0,0,0,0,0,3.0,2,0,4,1,1,0,1,0,0,1,1,0,1,0,0,25.7967438,89.5446589,0.45454545454545453
2,5110000.0,897.0,2,1,4.0,11.0,0,0,0,0,3.0,2,0,4,1,1,0,1,0,0,1,1,0,1,0,0,25.7967438,89.5446589,0.36363636363636365
2,3342000.0,955.0,2,2,4.0,4.0,0,0,0,0,3.0,2,0,0,1,1,0,1,1,0,0,0,0,0,0,0,22.6286173,88.44061,1.0
2,2870000.0,820.0,2,1,3.0,4.0,0,0,0,0,3.0,2,0,0,1,1,1,1,1,0,0,0,0,0,0,0,22.6286173,88.44061,0.75
3,3990000.0,1140.0,2,1,1.0,4.0,0,0,0,0,3.0,2,0,0,1,0,1,1,1,0,0,0,0,0,0,0,22.6286173,88.44061,0.25
3,7256000.0,1369.0,2,2,3.0,4.0,0,0,0,0,3.0,2,0,6,1,1,1,1,0,0,0,0,1,1,0,0,22.5959131,88.4878653,0.75
2,5088000.0,960.0,2,1,3.0,4.0,0,0,0,0,3.0,2,0,4,1,1,1,1,0,0,0,0,1,1,0,0,22.5959131,88.4878653,0.75
2,5083000.0,959.0,2,1,3.0,4.0,0,0,0,0,3.0,2,0,5,1,1,1,1,0,0,0,0,1,1,0,0,22.5959131,88.4878653,0.75
3,6540000.000000001,1234.0,2,1,1.0,4.0,0,0,0,0,3.0,2,0,4,1,1,1,1,0,0,0,0,1,1,0,0,22.5959131,88.4878653,0.25
3,12000000.0,1150.0,2,1,8.0,12.0,0,0,0,0,0.5,2,0,3,1,1,1,1,1,1,1,1,0,1,0,0,22.5959131,88.4878653,0.6666666666666666
2,9500000.0,1105.0,2,1,2.0,12.0,0,0,1,0,12.5,2,0,0,1,1,1,1,1,1,1,1,0,0,0,0,22.6286173,88.44061,0.16666666666666666
4,25000000.0,2200.0,3,2,5.0,12.0,0,0,0,1,0.5,2,0,4,1,1,1,1,1,1,1,1,0,1,0,0,22.5959131,88.4878653,0.4166666666666667
3,14200000.0,1500.0,3,3,10.0,11.0,0,0,0,0,3.0,2,1,0,1,1,1,1,1,1,1,0,0,0,0,0,22.5743093,88.4558557,0.9090909090909091
3,16500000.0,1535.0,2,1,12.0,15.0,0,0,0,0,3.0,2,2,6,1,1,1,1,1,1,1,1,1,1,0,0,22.5959131,88.4878653,0.8
3,17000000.0,1748.0,3,1,2.0,12.0,0,0,0,0,3.0,2,0,3,1,0,0,0,0,0,1,1,0,1,0,0,22.5959131,88.4878653,0.16666666666666666
3,13000000.0,1454.0,0,0,3.0,4.0,0,0,0,0,3.0,2,0,0,0,0,0,0,0,0,0,0,0,0,0,0,22.4690721,88.3912838,0.75
3,7000000.0,1199.0,2,1,2.0,4.0,0,0,0,0,7.5,2,0,4,1,1,0,0,0,0,1,1,0,1,0,0,22.4495236,88.3955392,0.5
3,10000000.0,1185.0,2,1,14.0,23.0,0,0,0,0,0.5,2,0,5,1,1,0,0,0,1,1,1,0,1,0,0,22.5959131,88.4878653,0.6086956521739131
2,1958000.0,725.0,2,1,4.0,4.0,0,0,0,0,0.5,2,0,2,1,1,1,1,1,1,1,1,1,0,0,0,22.6836507,88.3417989,1.0
2,3290999.9999999995,927.0,2,1,4.0,4.0,0,0,0,0,0.5,2,0,0,1,0,0,0,0,0,0,0,0,0,0,0,22.6344962,88.4157144,1.0
3,7320000.0,1464.0,2,1,3.0,4.0,0,0,0,0,3.0,1,0,0,1,1,1,1,1,1,1,1,0,0,0,0,22.5053017,88.4009957,0.75
2,2650000.0,831.0,2,1,1.0,3.0,0,0,0,0,3.0,0,0,0,1,0,1,0,0,0,0,1,0,0,0,0,22.9500602,88.4587242,0.3333333333333333
3,12800000.0,1503.0,2,1,4.0,33.0,0,0,0,0,3.0,2,2,4,1,1,1,1,1,1,1,1,0,1,0,0,22.5959131,88.4878653,0.12121212121212122
3,16000000.0,1557.0,2,1,9.0,13.0,0,0,0,0,12.5,2,0,3,1,1,0,0,1,1,1,1,1,1,0,0,22.4727076,88.3977962,0.6923076923076923
3,10500000.0,1525.0,2,1,3.0,4.0,0,0,0,0,3.0,2,2,3,1,1,1,1,1,1,1,1,0,1,0,0,22.5240566,88.2710655,0.75
3,12500000.0,1752.0,2,1,2.0,4.0,0,0,0,0,3.0,2,0,0,1,1,0,1,1,1,0,0,0,0,0,0,22.5743093,88.4558557,0.5
3,12500000.0,1750.0,3,1,3.0,4.0,0,0,0,0,3.0,2,0,0,1,1,0,1,1,1,0,0,0,0,0,0,22.5743093,88.4558557,0.75
3,7700000.0,1295.0,2,1,3.0,4.0,0,0,0,0,3.0,2,0,0,1,1,0,0,1,1,0,1,0,0,0,0,22.5053017,88.4009957,0.75
3,6700000.0,1201.0,2,1,4.0,4.0,0,0,0,0,3.0,2,0,0,1,1,1,1,1,1,1,1,0,0,0,0,22.6202131,88.4681187,1.0
3,8450000.0,1300.0,2,2,4.0,4.0,0,0,0,0,0.5,2,0,0,1,1,1,0,0,0,0,0,0,0,0,0,22.5008759,88.3739602,1.0
2,7500000.0,977.0,2,1,3.0,12.0,0,0,0,0,3.0,2,0,3,1,1,0,0,1,1,1,1,0,1,0,0,22.5959131,88.4878653,0.25
2,7600000.0,977.0,2,1,4.0,12.0,0,0,0,0,3.0,2,0,3,1,0,0,0,0,0,1,1,0,1,0,0,22.5959131,88.4878653,0.3333333333333333
4,27000000.0,2000.0,3,3,11.0,12.0,0,0,0,1,0.5,2,0,7,1,1,1,1,1,1,1,1,1,1,0,0,22.5111647,88.3281116,0.9166666666666666
3,8400000.0,1355.0,2,1,8.0,10.0,0,0,0,0,0.5,2,0,4,1,0,0,0,0,0,1,1,0,1,0,0,25.7967438,89.5446589,0.8
2,4500000.0,710.0,2,1,5.0,9.0,0,0,0,0,12.5,2,0,5,0,1,1,1,1,1,1,1,1,1,0,0,25.7967438,89.5446589,0.5555555555555556
2,2100000.0,712.0,2,1,1.0,4.0,0,0,1,0,3.0,2,0,0,1,1,1,1,1,1,0,0,0,0,0,0,22.679688,88.4498321,0.25
2,3278000.0,874.0,2,1,1.0,7.0,0,0,0,0,0.5,2,0,1,0,0,0,0,0,0,0,1,1,1,0,0,22.4541674,88.4183764,0.14285714285714285
2,3315000.0,884.0,2,1,5.0,7.0,0,0,0,0,0.5,2,0,1,0,0,0,0,0,0,0,1,1,1,0,0,22.4541674,88.4183764,0.7142857142857143
3,6534999.999999999,1233.0,2,2,4.0,5.0,0,0,1,0,3.0,2,0,0,1,1,1,1,1,1,1,1,0,0,0,0,22.6129078,88.4665536,0.8
3,28000000.0,2250.0,3,1,24.0,32.0,0,0,0,1,7.5,2,0,4,1,1,1,1,1,1,1,1,0,1,0,0,22.5959131,88.4878653,0.75
2,8000000.0,1013.0,2,1,3.0,4.0,0,0,0,0,3.0,2,2,4,1,1,1,1,1,1,1,1,1,1,0,0,22.5959131,88.4878653,0.75
3,10700000.0,1264.0,2,1,10.0,27.0,0,0,0,0,12.5,2,1,6,1,1,1,0,1,1,1,1,1,1,0,0,22.4690721,88.3912838,0.37037037037037035
3,7250000.0,1368.0,2,2,3.0,4.0,0,0,0,0,0.5,2,0,1,1,0,1,1,1,1,0,0,0,1,0,0,22.5959131,88.4878653,0.75
2,5083000.0,959.0,2,1,2.0,4.0,0,0,0,0,0.5,2,0,1,1,0,1,1,1,1,0,0,0,1,0,0,22.5959131,88.4878653,0.5
2,5088000.0,960.0,2,1,3.0,4.0,0,0,0,0,0.5,2,0,1,1,0,1,1,1,1,0,0,0,1,0,0,22.5959131,88.4878653,0.75
3,6906000.0,1303.0,2,2,1.0,4.0,0,0,0,0,0.5,2,0,1,1,0,1,1,1,1,0,0,0,1,0,0,22.5959131,88.4878653,0.25
3,5102000.0,1063.0,2,1,4.0,4.0,0,0,0,0,0.5,2,0,0,1,1,1,1,1,0,0,0,0,0,0,0,25.7967438,89.5446589,1.0
3,7968000.000000001,1660.0,2,2,4.0,5.0,0,0,0,0,3.0,2,0,0,1,1,1,1,1,1,0,0,0,0,0,0,22.6286173,88.44061,0.8
2,6050000.0,1100.0,2,1,1.0,4.0,0,0,0,0,3.0,2,0,0,1,1,1,1,1,0,0,0,0,0,0,0,22.6202131,88.4681187,0.25
3,9000000.0,1480.0,2,2,2.0,4.0,0,0,0,0,3.0,2,0,0,1,1,1,1,1,1,0,0,0,0,0,0,22.6202131,88.4681187,0.5
3,8470000.0,1303.0,2,1,2.0,4.0,0,0,0,0,3.0,2,0,0,1,1,1,0,1,1,1,0,0,0,0,0,22.6202131,88.4681187,0.5
2,3553000.0,935.0,2,1,3.0,4.0,0,0,0,0,3.0,2,0,0,1,1,1,1,1,1,0,0,0,0,0,0,25.7967438,89.5446589,0.75
2,3363000.0000000005,885.0,2,1,2.0,4.0,0,0,0,0,3.0,2,0,5,1,1,1,0,1,0,0,0,1,0,0,0,25.7967438,89.5446589,0.5
2,3420000.0000000005,900.0,2,2,2.0,4.0,0,0,0,0,3.0,2,0,0,1,1,1,1,0,0,0,0,0,0,0,0,25.7967438,89.5446589,0.5
1,4010000.0,891.0,1,1,2.0,4.0,0,1,0,0,3.0,2,0,6,1,1,1,1,1,1,0,0,1,1,0,0,25.7967438,89.5446589,0.5
2,6840000.000000001,1520.0,2,2,3.0,4.0,0,0,0,0,3.0,2,0,6,1,1,1,1,1,1,0,0,1,1,0,0,25.7967438,89.5446589,0.75
2,4437000.0,986.0,2,1,2.0,4.0,0,0,0,0,3.0,2,0,6,1,1,1,1,1,1,0,0,1,1,0,0,25.7967438,89.5446589,0.5
3,5276000.0,1319.0,2,1,2.0,4.0,0,0,0,0,0.5,2,0,0,1,1,1,1,1,0,0,0,0,0,0,0,25.7967438,89.5446589,0.5
3,6252000.0,1563.0,2,1,2.0,4.0,0,0,0,0,0.5,2,0,0,1,1,1,1,1,0,0,0,0,0,0,0,25.7967438,89.5446589,0.5
3,6275000.0,1255.0,2,1,2.0,5.0,0,0,0,0,3.0,2,0,0,1,1,0,1,0,0,0,0,0,0,0,0,25.7967438,89.5446589,0.4
2,5665000.0,1076.0,2,1,5.0,8.0,0,0,0,0,0.5,2,0,6,1,1,1,1,0,0,0,1,1,1,0,0,22.6286173,88.44061,0.625
3,8715000.0,1660.0,2,2,3.0,8.0,0,0,0,0,0.5,2,0,0,1,1,1,1,1,1,1,1,0,0,0,0,22.6286173,88.44061,0.375
2,6442000.0,1227.0,2,1,5.0,8.0,0,0,0,0,0.5,2,0,0,1,1,1,1,1,1,1,1,0,0,0,0,22.6286173,88.44061,0.625
2,6625000.0,1262.0,2,1,6.0,8.0,0,0,0,0,0.5,2,0,5,1,1,1,1,1,1,1,0,1,1,0,0,22.6286173,88.44061,0.75
2,6211000.0,1183.0,2,1,4.0,8.0,0,1,0,0,0.5,2,0,0,1,1,1,1,1,0,1,1,0,0,0,0,22.6286173,88.44061,0.5
3,3680000.0,1150.0,2,1,4.0,4.0,0,0,1,0,3.0,2,0,0,1,1,1,1,1,1,0,0,0,0,0,0,22.6950342,88.4073585,1.0
3,6500000.0,1271.0,2,1,3.0,5.0,0,0,0,0,7.5,2,2,0,1,0,1,1,0,1,0,0,0,0,0,0,22.708831,88.3741094,0.6
3,13500000.0,1328.0,2,1,6.0,27.0,0,0,0,0,12.5,2,1,5,1,1,1,0,1,1,1,1,1,1,1,0,22.4690721,88.3912838,0.2222222222222222
3,7000000.0,1320.0,2,1,3.0,7.0,0,0,0,0,3.0,2,1,3,1,0,1,1,1,1,1,1,0,1,0,0,22.4541674,88.4183764,0.42857142857142855
4,16100000.000000002,1934.0,3,2,18.0,24.0,0,0,0,0,3.0,2,0,3,1,0,0,0,0,0,1,1,0,1,1,0,22.7241945,88.4837829,0.75
3,14200000.0,2550.0,3,2,2.0,2.0,0,0,0,0,7.5,1,2,4,1,1,0,1,0,0,1,1,0,1,0,0,25.7967438,89.5446589,1.0
5,95000000.0,6198.0,6,3,21.0,24.0,0,0,0,1,3.0,2,0,5,1,1,1,1,1,1,1,1,0,1,0,0,22.4956263,88.398449,0.875
2,2902000.0,691.0,2,1,2.0,4.0,0,0,0,0,3.0,2,0,0,1,0,0,0,0,0,0,0,0,0,0,0,22.6546116,88.4249902,0.5
3,6200000.0,1130.0,2,1,3.0,5.0,0,0,0,0,7.5,2,2,4,1,1,0,0,0,0,1,1,0,1,0,0,22.1018905,88.3745163,0.6
4,56000000.0,4036.0,3,2,8.0,24.0,0,0,0,0,3.0,2,1,6,1,1,0,0,0,0,1,1,0,1,0,0,22.4956263,88.398449,0.3333333333333333
3,7200000.0,1303.0,2,0,3.0,4.0,0,0,0,0,7.5,2,0,0,0,0,0,0,0,0,0,0,0,0,0,0,22.501572,88.3209435,0.75
2,3272999.9999999995,935.0,2,2,4.0,4.0,0,0,0,0,3.0,2,0,0,1,1,1,1,1,0,0,0,0,0,0,0,22.6286173,88.44061,1.0
3,21000000.0,1235.0,3,2,20.0,20.0,0,0,0,0,3.0,0,0,3,1,1,1,1,1,1,1,1,0,1,0,0,22.5959131,88.4878653,1.0
3,6500000.0,1250.0,2,1,2.0,4.0,0,0,0,0,0.5,2,0,0,1,1,0,0,1,0,0,0,0,0,0,0,22.6129078,88.4665536,0.5
3,6800000.0,1125.0,2,1,3.0,4.0,0,0,0,0,3.0,2,0,0,1,1,0,0,1,0,0,0,0,0,0,0,22.6129078,88.4665536,0.75
2,3218000.0,894.0,2,1,3.0,4.0,0,0,0,0,3.0,2,0,0,1,1,1,1,1,1,1,1,0,0,0,0,25.7967438,89.5446589,0.75
2,3726000.0,1035.0,2,1,1.0,4.0,0,0,0,0,3.0,2,0,0,1,1,1,1,1,1,1,1,0,0,0,0,25.7967438,89.5446589,0.25
3,4600000.0,1124.0,2,1,3.0,4.0,0,0,0,0,3.0,2,0,0,1,1,1,1,1,1,1,0,0,0,1,0,25.7967438,89.5446589,0.75
3,4727000.0,1153.0,2,1,1.0,4.0,0,0,0,0,3.0,2,0,1,1,1,1,1,1,1,1,0,0,0,0,0,25.7967438,89.5446589,0.25
2,4262000.0,1040.0,2,1,2.0,4.0,0,0,0,0,3.0,2,0,0,1,1,1,1,1,1,1,0,0,0,0,0,25.7967438,89.5446589,0.5
3,3420000.0000000005,1120.0,2,1,4.0,4.0,0,0,1,0,3.0,2,0,0,1,1,1,1,1,1,0,0,0,0,0,0,22.6947839,88.4530183,1.0
2,4200000.0,890.0,2,1,2.0,4.0,0,0,0,0,3.0,2,0,1,1,0,1,1,1,1,0,0,1,0,0,0,22.4727076,88.3977962,0.5
3,8500000.0,1449.0,3,1,1.0,4.0,0,0,0,0,3.0,2,0,0,1,1,0,1,1,1,0,0,0,0,0,0,22.6202131,88.4681187,0.25
3,18500000.0,1920.0,3,2,8.0,13.0,0,0,0,0,12.5,2,2,8,1,1,1,1,1,1,1,1,1,1,0,0,22.6059241,88.3863913,0.6153846153846154
2,2750000.0,781.0,2,1,5.0,5.0,0,0,0,0,3.0,2,0,0,1,0,0,1,0,0,0,0,0,0,0,0,13.0479657,77.6452691,1.0
2,4231000.0,1085.0,2,1,1.0,4.0,0,0,0,0,3.0,2,0,0,1,1,0,1,0,0,1,0,0,0,0,0,22.6375838,88.412158,0.25
2,3990000.0,973.0,2,1,5.0,5.0,0,0,0,0,3.0,2,0,0,1,1,0,1,0,0,1,0,0,0,0,0,13.0479657,77.6452691,1.0
2,3400000.0,919.0,2,1,2.0,4.0,0,0,0,0,3.0,2,0,0,1,1,0,1,0,0,1,0,0,0,0,0,13.0479657,77.6452691,0.5
3,4065000.0,1129.0,2,1,3.0,4.0,0,0,0,0,3.0,2,0,1,1,1,0,1,0,0,0,0,0,0,0,0,22.9500602,88.4587242,0.75
2,3410000.0,921.0,2,1,2.0,4.0,0,0,0,0,3.0,2,0,0,1,1,0,1,0,0,1,0,0,0,0,0,13.0479657,77.6452691,0.5
2,3771000.0,1019.0,2,1,5.0,5.0,0,0,0,0,3.0,2,0,0,1,1,0,0,1,0,0,0,0,0,0,0,13.0479657,77.6452691,1.0
3,3884000.000000001,1079.0,2,1,5.0,5.0,0,0,0,0,3.0,2,0,1,1,1,0,1,0,0,0,0,1,0,0,0,22.9500602,88.4587242,1.0
2,3460000.0,935.0,2,1,1.0,5.0,0,0,0,0,3.0,2,0,0,1,1,0,1,0,0,0,0,0,0,0,0,13.0479657,77.6452691,0.2
2,3794000.0,1084.0,2,1,3.0,4.0,0,0,0,0,3.0,2,0,0,1,1,0,1,0,0,0,0,0,0,0,0,13.0479657,77.6452691,0.75
3,14500000.0,1163.0,2,2,7.0,13.0,0,0,0,0,0.5,1,0,9,1,1,1,1,1,1,1,1,1,1,0,0,22.6546116,88.4249902,0.5384615384615384
3,6700000.0,1277.0,2,2,4.0,6.0,0,0,0,0,3.0,2,0,6,1,1,1,1,1,1,1,1,1,1,0,0,22.578579,88.3551327,0.6666666666666666
2,5491000.0,1036.0,2,1,15.0,19.0,0,0,0,0,3.0,2,0,2,1,1,1,1,1,1,1,1,0,1,0,0,22.4541674,88.4183764,0.7894736842105263
2,5491000.0,1036.0,2,1,9.0,19.0,0,0,0,0,3.0,2,0,5,1,1,0,0,0,0,1,1,0,1,0,0,22.4541674,88.4183764,0.47368421052631576
3,6500000.0,1200.0,2,1,3.0,4.0,0,0,0,0,3.0,2,0,3,1,1,1,0,1,1,0,1,1,0,0,0,22.5959131,88.4878653,0.75
3,8300000.0,1250.0,2,1,1.0,4.0,0,0,0,0,3.0,2,0,4,1,1,1,1,1,1,0,0,1,0,0,0,22.5743093,88.4558557,0.25
2,6500000.0,1050.0,2,1,2.0,4.0,0,0,1,0,3.0,2,0,0,1,1,1,1,0,1,1,0,0,0,0,0,22.5743093,88.4558557,0.5
3,6895000.0,1379.0,2,2,7.0,19.0,0,0,0,0,3.0,2,0,3,1,0,0,0,0,0,1,1,0,1,0,0,22.4541674,88.4183764,0.3684210526315789
3,10900000.0,1285.0,2,2,1.0,13.0,0,0,0,0,0.5,2,0,6,1,1,1,1,1,1,1,1,1,1,0,0,22.6546116,88.4249902,0.07692307692307693
3,7547000.0,1424.0,2,1,13.0,19.0,0,0,0,0,3.0,2,0,1,1,0,0,0,0,0,1,1,0,1,0,0,22.4541674,88.4183764,0.6842105263157895
2,5300000.0,992.0,2,1,9.0,11.0,0,0,0,0,3.0,2,0,4,1,1,0,1,0,0,1,1,0,1,0,0,25.7967438,89.5446589,0.8181818181818182
2,3800000.0,800.0,2,1,3.0,3.0,0,0,0,0,3.0,2,0,0,1,1,0,0,1,0,0,0,0,0,0,0,22.4637529,88.3864655,1.0
3,2562000.0,915.0,2,1,3.0,3.0,0,0,0,0,0.5,2,0,2,1,1,1,1,1,1,0,0,1,0,0,0,22.6836507,88.3417989,1.0
2,1713000.0,685.0,1,1,4.0,4.0,0,0,0,0,0.5,2,0,2,1,1,1,1,1,1,1,1,1,0,0,0,22.6836507,88.3417989,1.0
3,8000000.0,1204.0,3,1,2.0,10.0,0,0,0,1,0.5,0,0,1,1,1,1,0,1,1,0,1,0,1,0,0,25.7967438,89.5446589,0.2
2,6500000.0,900.0,2,1,2.0,4.0,0,0,0,0,0.5,2,0,0,0,1,1,1,0,1,1,0,0,0,0,0,22.5743093,88.4558557,0.5
2,5250000.0,992.0,2,1,4.0,11.0,0,0,0,0,3.0,2,0,4,1,1,0,1,0,0,1,1,0,1,0,0,25.7967438,89.5446589,0.36363636363636365
3,8800000.0,1300.0,2,1,3.0,4.0,0,0,0,0,3.0,2,0,0,1,1,1,1,0,1,1,1,0,0,0,0,22.5743093,88.4558557,0.75
2,9900000.0,893.0,2,1,2.0,4.0,0,0,0,1,0.5,2,0,3,1,0,1,1,0,1,1,0,1,0,0,0,22.5262287,88.3526209,0.5
3,14200000.0,1284.0,2,1,3.0,4.0,0,0,0,0,3.0,2,0,3,1,1,1,1,0,1,1,0,0,0,0,0,22.5194439,88.365148,0.75
3,7500000.0,1215.0,2,1,7.0,14.0,0,0,0,0,3.0,2,0,5,1,1,1,1,1,1,1,1,1,1,0,0,22.4440966,88.3017146,0.5
3,9000000.0,1356.0,3,3,14.0,15.0,0,0,0,0,0.5,2,0,6,1,1,1,1,1,1,1,1,1,1,0,0,22.4440966,88.3017146,0.9333333333333333
3,7500000.0,1400.0,2,2,3.0,3.0,0,0,1,0,0.5,2,0,0,1,1,1,0,1,1,0,0,0,0,0,0,22.477646,88.4399813,1.0
3,12000000.0,2500.0,3,2,3.0,4.0,0,0,0,0,3.0,2,0,6,1,1,1,1,1,1,1,1,1,1,0,0,25.7967438,89.5446589,0.75
3,12700000.0,1008.0,2,2,12.0,12.0,0,0,0,0,3.0,1,0,5,1,1,1,1,1,1,1,1,1,1,0,0,22.498636,88.3453908,1.0
3,7600000.0,1489.0,2,1,3.0,4.0,0,0,0,0,3.0,2,0,0,1,1,1,1,1,1,1,1,0,0,0,0,22.5053017,88.4009957,0.75
2,3800000.0,936.0,2,3,11.0,11.0,0,0,0,0,0.5,2,2,3,1,1,1,1,1,1,1,1,0,1,0,0,22.7240295,88.4889199,1.0
4,30000000.0,2072.0,3,1,2.0,4.0,0,0,0,0,0.5,2,0,3,1,0,1,1,0,1,1,0,1,0,0,0,22.5138598,88.3661554,0.5
3,11000000.0,1400.0,2,1,2.0,4.0,0,0,0,0,0.5,2,0,0,1,1,1,1,0,1,1,1,0,0,0,0,22.5743093,88.4558557,0.5
2,6700000.0,850.0,2,1,1.0,3.0,0,0,0,0,3.0,2,2,0,1,0,1,1,1,1,0,1,0,0,0,0,22.5685792,88.2942109,0.3333333333333333
3,7500000.0,1100.0,2,1,3.0,4.0,0,0,0,0,0.5,2,0,2,1,1,1,1,1,1,0,0,1,0,0,0,22.4727076,88.3977962,0.75
2,5000000.0,1035.0,2,1,6.0,6.0,0,0,0,0,3.0,2,2,11,1,1,1,1,1,1,1,1,1,1,0,0,22.6313786,88.4424235,1.0
3,3930000.0,1310.0,2,2,2.0,5.0,0,0,0,0,0.5,2,0,2,1,1,1,1,1,1,0,0,1,0,0,0,22.69972,88.3519784,0.4
3,2800000.0,1000.0,2,1,4.0,5.0,0,0,0,0,3.0,2,0,2,1,1,1,1,1,1,0,0,1,0,0,0,22.69972,88.3519784,0.8
2,1931000.0,702.0,2,1,5.0,5.0,0,0,0,0,3.0,2,0,2,1,1,1,1,1,1,0,0,1,0,0,0,22.69972,88.3519784,1.0
3,5200000.0,1277.0,2,1,2.0,4.0,0,0,0,0,3.0,2,0,3,1,0,0,1,0,0,0,0,1,0,0,0,22.477646,88.4399813,0.5
3,6919000.0,1193.0,2,1,2.0,3.0,0,0,0,0,0.5,2,0,2,1,1,1,1,0,0,1,0,1,0,0,0,22.5240566,88.2710655,0.6666666666666666
3,6688000.0,1153.0,2,1,1.0,3.0,0,0,0,0,0.5,2,0,2,1,1,1,0,1,0,0,0,1,0,0,0,22.5240566,88.2710655,0.3333333333333333
3,7041000.0,1214.0,2,1,1.0,3.0,0,0,0,0,3.0,2,0,2,1,1,1,1,0,0,1,0,1,0,0,0,22.5240566,88.2710655,0.3333333333333333
3,6780000.0,1169.0,2,2,2.0,3.0,0,0,0,0,3.0,2,0,2,1,1,1,1,0,0,0,0,1,0,0,0,22.5240566,88.2710655,0.6666666666666666
3,7000000.0,1465.0,2,1,3.0,4.0,0,0,0,0,12.5,2,0,0,1,1,1,0,0,1,0,0,1,0,0,0,22.5240566,88.2710655,0.75
3,8000000.0,1460.0,2,2,2.0,3.0,0,0,0,0,3.0,2,0,0,1,1,1,0,0,1,0,0,1,0,0,0,22.4960484,88.3822296,0.6666666666666666
3,7830000.0,1224.0,2,1,1.0,3.0,0,0,0,0,3.0,2,0,0,1,1,1,0,0,1,0,0,1,0,0,0,22.5019776,88.3578139,0.3333333333333333
3,4350000.0,1240.0,2,2,1.0,4.0,0,0,0,0,3.0,2,0,1,1,1,1,0,0,1,1,0,0,1,0,0,22.4541674,88.4183764,0.25
3,7000000.0,1432.0,2,1,1.0,4.0,0,0,0,0,3.0,2,0,2,1,1,1,1,0,0,1,0,1,0,0,0,22.5240566,88.2710655,0.25
3,5040000.0,1200.0,2,1,2.0,3.0,0,0,0,0,3.0,2,0,2,1,1,1,1,0,0,0,0,1,0,0,0,22.477646,88.4399813,0.6666666666666666
3,7200000.0,1260.0,2,1,2.0,4.0,0,0,0,0,3.0,2,0,0,1,1,1,0,0,1,0,0,1,0,0,0,22.5003756,88.3750985,0.5
3,6000000.0,1460.0,2,1,2.0,4.0,0,0,0,0,0.5,2,0,3,1,0,1,1,0,0,0,0,1,0,0,0,22.477646,88.4399813,0.5
2,3057000.0,861.0,2,1,5.0,5.0,0,0,0,0,0.5,2,0,0,1,0,0,0,0,0,0,0,0,0,0,0,22.6344962,88.4157144,1.0
3,6802000.0,1308.0,2,2,2.0,5.0,0,0,1,0,3.0,2,0,0,1,1,1,1,1,1,1,1,0,0,0,0,22.6129078,88.4665536,0.4
3,10500000.0,1450.0,2,1,3.0,4.0,0,0,0,0,3.0,2,0,0,1,1,1,1,0,1,0,1,0,0,0,0,22.5743093,88.4558557,0.75
3,12000000.0,1749.0,3,1,2.0,4.0,0,0,0,0,0.5,2,0,0,0,1,0,1,1,1,0,0,0,0,0,0,22.5743093,88.4558557,0.5
2,2153000.0,769.0,2,1,2.0,5.0,0,0,0,0,3.0,2,0,2,1,1,1,1,1,1,0,1,1,0,0,0,22.69972,88.3519784,0.4
2,4390000.0,878.0,2,1,3.0,4.0,0,0,0,0,3.0,2,0,0,1,1,1,0,1,0,0,0,0,0,0,0,22.6286173,88.44061,0.75
2,4300000.0,860.0,2,1,3.0,4.0,0,0,0,0,3.0,2,0,0,1,1,1,1,1,0,0,0,0,0,0,0,22.6286173,88.44061,0.75
2,2950000.0,870.0,2,1,2.0,4.0,0,0,0,0,0.5,2,0,1,1,1,1,0,0,1,1,0,0,1,0,0,22.4541674,88.4183764,0.5
3,7000000.0,1000.0,2,1,1.0,4.0,0,0,0,0,-0.5,2,0,0,1,0,1,0,0,0,0,0,0,0,0,0,22.6202131,88.4681187,0.25
2,3550000.0,816.0,2,1,4.0,4.0,0,0,0,0,3.0,2,0,0,1,0,1,0,0,0,0,0,0,0,0,0,22.5135613,88.3812157,1.0
3,14000000.0,1568.0,2,3,17.0,17.0,0,0,1,0,3.0,2,2,5,1,1,1,1,1,1,1,1,0,1,0,0,22.8285164,88.3801893,1.0
2,14500000.0,1100.0,2,1,15.0,20.0,0,1,0,0,3.0,2,0,5,1,1,1,1,1,1,1,1,1,1,0,0,22.5959131,88.4878653,0.75
2,3040000.0,870.0,2,1,1.0,4.0,0,0,0,0,3.0,2,0,1,1,1,1,0,0,1,1,0,0,1,0,0,22.4541674,88.4183764,0.25
3,16000000.0,1360.0,2,1,2.0,4.0,0,0,0,0,0.5,2,0,0,1,0,1,1,0,0,0,0,1,0,0,0,22.5056055,88.363674,0.5
2,9700000.0,1118.0,2,1,1.0,3.0,0,0,0,0,0.5,2,0,1,1,0,1,1,0,0,0,0,1,0,0,0,22.5080547,88.3533289,0.3333333333333333
3,6216000.0,1295.0,2,1,3.0,5.0,0,0,0,0,3.0,2,0,0,1,1,1,1,1,0,0,0,0,0,0,0,22.6380124,88.3958929,0.6
3,10500000.0,1395.0,3,1,8.0,24.0,0,0,0,0,3.0,2,0,3,1,0,0,0,0,0,1,1,0,1,0,0,22.7241945,88.4837829,0.3333333333333333
2,6100000.0,850.0,2,1,11.0,24.0,0,0,0,0,3.0,2,0,3,1,0,0,0,0,0,1,1,0,1,0,0,22.7241945,88.4837829,0.4583333333333333
2,9500000.0,958.0,2,2,10.0,18.0,0,0,0,0,3.0,2,0,4,1,0,0,1,0,0,1,1,0,1,0,0,22.6059241,88.3863913,0.5555555555555556
3,5200000.0,1018.0,2,1,1.0,4.0,0,0,0,0,0.5,2,0,6,1,0,1,1,1,0,1,1,1,1,0,0,22.4541674,88.4183764,0.25
2,3200000.0,850.0,2,1,2.0,4.0,0,0,0,0,3.0,1,0,8,1,1,1,1,1,1,1,1,1,1,0,0,22.4145089,88.2839351,0.5
3,10500000.0,1390.0,2,1,4.0,4.0,0,0,0,0,7.5,2,0,0,1,0,1,0,0,0,0,0,1,0,0,0,22.4956263,88.398449,1.0
3,4000000.0,1210.0,3,1,1.0,4.0,0,0,0,0,0.5,2,0,4,1,1,1,0,1,1,0,0,1,1,0,0,22.69972,88.3519784,0.25
2,3676000.0,855.0,2,1,1.0,5.0,0,0,0,0,0.5,2,0,0,1,1,0,1,1,1,0,0,0,0,0,0,22.6375838,88.412158,0.2
3,12500000.0,1480.0,2,2,5.0,16.0,0,0,0,0,3.0,2,0,5,1,1,0,1,0,0,1,1,0,1,0,0,22.5959131,88.4878653,0.3125
3,9500000.0,1460.0,2,1,3.0,4.0,0,0,0,0,3.0,2,0,0,1,1,1,0,0,1,0,0,0,0,0,0,22.5758538,88.4586199,0.75
3,7400000.0,1251.0,2,2,3.0,4.0,0,0,0,0,7.5,2,1,4,1,1,1,0,1,1,1,1,1,1,1,0,22.4662345,88.4025921,0.75
2,3200000.0,800.0,2,1,3.0,4.0,0,0,0,0,12.5,0,2,2,0,1,1,0,0,0,0,0,0,0,0,0,22.4817518,88.3543065,0.75
3,13000000.0,1670.0,3,2,7.0,12.0,0,0,0,0,0.5,2,0,12,1,1,1,1,1,1,1,1,1,1,0,0,22.5959131,88.4878653,0.5833333333333334
2,9000000.0,1214.0,2,2,15.0,33.0,0,0,0,0,3.0,2,2,4,1,1,1,1,1,1,1,1,0,1,0,0,22.5959131,88.4878653,0.45454545454545453
3,10200000.0,1264.0,2,1,6.0,27.0,0,0,0,0,12.5,2,1,6,1,1,1,0,1,1,1,1,1,1,0,0,22.4690721,88.3912838,0.2222222222222222
3,4986000.0,1108.0,2,1,1.0,4.0,0,0,0,0,0.5,2,0,0,1,1,0,0,1,0,0,0,0,0,0,0,22.477646,88.4399813,0.25
3,14400000.0,1284.0,2,1,3.0,4.0,0,0,0,1,3.0,2,0,3,1,0,1,1,0,1,1,0,1,0,0,0,22.5194439,88.365148,0.75
3,16100000.000000002,1381.0,2,1,2.0,4.0,0,0,0,1,0.5,2,0,3,1,0,1,1,0,1,1,0,1,0,0,0,22.5194439,88.365148,0.5
2,3306000.0,870.0,2,1,2.0,4.0,0,0,0,0,3.0,2,0,5,1,0,1,1,1,1,0,0,1,1,0,0,25.7967438,89.5446589,0.5
3,6813000.0,1514.0,2,2,2.0,4.0,0,0,0,0,3.0,2,0,6,1,1,1,1,1,1,0,0,1,1,0,0,25.7967438,89.5446589,0.5
3,10000000.0,1264.0,2,1,10.0,27.0,0,0,0,0,7.5,2,0,2,1,1,1,1,1,1,1,1,0,0,0,0,22.4690721,88.3912838,0.37037037037037035
3,9200000.0,1700.0,2,1,2.0,7.0,0,0,0,0,3.0,2,0,4,1,0,1,1,1,1,1,1,0,1,0,0,22.4727076,88.3977962,0.2857142857142857
2,2595000.0,811.0,2,1,5.0,6.0,0,0,0,0,0.5,2,0,0,1,0,1,1,0,1,0,0,0,0,0,0,22.7001796,88.3791567,0.8333333333333334
3,6082000.0,1448.0,2,1,4.0,6.0,0,0,0,0,0.5,2,0,0,1,0,1,0,1,0,1,0,0,0,0,0,22.9453159,88.4597926,0.6666666666666666
2,3100000.0,837.0,2,1,4.0,4.0,0,0,0,0,3.0,2,0,0,1,1,0,1,0,0,0,0,0,0,0,0,13.0479657,77.6452691,1.0
2,4018000.0,980.0,2,1,3.0,5.0,0,0,0,0,3.0,2,0,0,1,1,0,1,0,0,1,0,0,0,0,0,13.0479657,77.6452691,0.6
3,4125000.0,1115.0,2,1,1.0,4.0,0,0,0,0,3.0,2,0,0,1,1,0,1,0,0,1,0,0,0,0,0,13.0479657,77.6452691,0.25
2,3000000.0,811.0,2,1,3.0,5.0,0,0,0,0,3.0,2,0,0,1,0,0,1,0,0,0,0,0,0,0,0,13.0479657,77.6452691,0.6
3,5400000.0,1350.0,2,1,1.0,5.0,0,0,0,0,3.0,2,0,0,1,1,0,1,0,0,0,0,0,0,0,0,13.0479657,77.6452691,0.2
2,3461999.9999999995,989.0,2,1,3.0,4.0,0,0,0,0,3.0,2,0,0,1,1,0,1,0,0,0,0,0,0,0,0,13.0479657,77.6452691,0.75
2,2730000.0,780.0,2,1,3.0,4.0,0,0,0,0,3.0,2,0,0,1,1,0,1,0,0,0,0,0,0,0,0,13.0479657,77.6452691,0.75
3,3815000.0,1100.0,2,1,2.0,4.0,0,0,0,0,3.0,2,0,0,1,0,0,1,0,0,0,0,0,0,0,0,13.0479657,77.6452691,0.5
3,6000000.0,1406.0,2,1,5.0,7.0,0,0,0,0,7.5,2,0,5,1,1,1,1,1,1,1,1,1,1,0,0,22.4541674,88.4183764,0.7142857142857143
3,4193000.0,1198.0,2,1,4.0,4.0,0,0,0,0,0.5,2,0,2,1,1,1,1,1,1,0,0,1,0,0,0,22.6743641,88.3432884,1.0
3,4162000.0,1287.0,2,2,1.0,4.0,0,0,0,0,3.0,2,0,1,1,0,0,0,0,0,1,0,0,1,0,0,22.4541674,88.4183764,0.25
3,4216000.0,1240.0,2,2,2.0,4.0,0,0,0,0,0.5,2,0,1,1,1,1,0,0,1,1,0,0,1,0,0,22.4541674,88.4183764,0.5
3,15000000.0,2185.0,3,2,8.0,13.0,0,1,0,0,7.5,2,2,4,1,1,0,1,1,1,1,1,0,1,0,0,22.5959131,88.4878653,0.6153846153846154
3,9500000.0,1200.0,2,2,3.0,9.0,0,0,0,0,7.5,2,2,3,1,1,1,1,1,1,1,1,0,1,0,0,22.5959131,88.4878653,0.3333333333333333
2,1893000.0,728.0,2,1,4.0,4.0,0,0,0,0,0.5,2,0,2,1,1,1,1,1,1,0,1,1,0,0,0,22.6836507,88.3417989,1.0
3,2730000.0,1050.0,2,1,4.0,4.0,0,0,0,0,0.5,2,0,2,1,1,1,1,1,0,1,1,1,0,0,0,22.6836507,88.3417989,1.0
2,2198000.0,785.0,2,1,1.0,3.0,0,0,0,0,0.5,2,0,2,1,1,1,1,1,1,0,0,1,0,0,0,22.6836507,88.3417989,0.3333333333333333
3,4032000.0,1440.0,2,1,3.0,3.0,0,0,0,0,0.5,2,0,2,1,1,1,1,1,1,0,1,1,0,0,0,22.6836507,88.3417989,1.0
3,2850000.0,1000.0,2,1,4.0,4.0,0,0,0,0,0.5,2,0,2,1,1,1,1,1,1,0,0,1,0,0,0,22.6836507,88.3417989,1.0
2,2163000.0,865.0,2,1,4.0,4.0,0,0,0,0,0.5,2,0,2,1,1,1,1,1,1,1,1,1,0,0,0,22.6836507,88.3417989,1.0
2,2010000.0,773.0,2,1,2.0,3.0,0,0,0,0,0.5,2,0,2,1,1,1,1,1,1,1,1,1,0,0,0,22.6836507,88.3417989,0.6666666666666666
3,3538000.0000000005,931.0,2,1,3.0,4.0,0,0,0,0,3.0,2,0,5,1,1,1,1,1,1,0,1,1,1,0,0,25.7967438,89.5446589,0.75
4,8707000.0,1935.0,4,2,2.0,4.0,0,0,0,0,3.0,2,0,6,1,1,1,1,1,0,1,0,1,1,0,0,25.7967438,89.5446589,0.5
3,19600000.0,1085.0,3,3,6.0,20.0,0,1,0,0,0.5,0,0,3,1,1,1,1,1,1,1,1,0,1,0,0,22.5959131,88.4878653,0.3
2,2635000.0,732.0,2,1,2.0,4.0,0,0,0,0,3.0,2,0,0,1,1,1,1,1,1,1,0,0,0,0,0,25.7967438,89.5446589,0.5
2,3575000.0,872.0,2,1,1.0,4.0,0,0,0,0,3.0,2,0,1,1,1,0,1,1,0,1,0,0,0,0,0,25.7967438,89.5446589,0.25
3,9000000.0,1070.0,2,1,2.0,10.0,0,0,0,0,7.5,0,0,4,1,1,1,1,1,1,1,1,0,1,0,0,22.5959131,88.4878653,0.2
2,5100000.0,906.0,2,2,11.0,15.0,0,0,0,0,3.0,2,0,5,1,1,1,1,1,1,1,1,1,1,0,0,22.4440966,88.3017146,0.7333333333333333
2,5400000.0,998.0,2,1,4.0,5.0,0,0,0,0,0.5,2,0,0,1,0,1,1,0,1,0,0,0,0,0,0,22.4662345,88.4025921,0.8
3,10500000.0,1500.0,2,2,1.0,12.0,0,0,0,0,0.5,2,0,4,1,1,1,1,1,1,1,0,1,0,0,0,22.5743093,88.4558557,0.08333333333333333
3,6200000.0,1379.0,2,1,4.0,4.0,0,0,0,0,12.5,2,0,1,1,0,1,0,1,1,0,1,1,0,1,0,22.4727076,88.3977962,1.0
3,8200000.0,1150.0,2,1,3.0,4.0,0,0,0,0,3.0,2,0,3,1,1,1,1,1,1,0,0,1,0,0,0,22.5743093,88.4558557,0.75
3,3300000.0,815.0,2,1,1.0,4.0,0,0,0,0,3.0,2,0,1,1,0,0,0,0,0,0,0,1,0,0,0,22.6380124,88.3958929,0.25
3,23500000.0,918.0,3,2,17.0,20.0,0,0,1,0,3.0,0,0,4,1,1,1,0,1,0,1,1,0,1,0,0,22.5959131,88.4878653,0.85
2,14500000.0,1100.0,2,1,10.0,20.0,0,0,1,0,3.0,2,0,5,1,1,1,0,1,0,1,1,0,1,0,0,22.5959131,88.4878653,0.5
2,10000000.0,1057.0,2,1,6.0,18.0,0,1,0,0,3.0,2,0,2,1,0,0,0,0,0,1,1,0,1,0,0,22.5959131,88.4878653,0.3333333333333333
3,13500000.0,1156.0,2,1,2.0,18.0,0,0,1,0,3.0,2,0,3,1,0,0,0,0,0,1,1,0,1,0,0,22.5959131,88.4878653,0.1111111111111111
2,3329999.9999999995,740.0,1,1,3.0,5.0,0,0,0,0,3.0,2,0,1,1,0,0,1,0,1,0,0,1,0,0,0,22.6380124,88.3958929,0.6
2,4600000.0,668.0,2,1,2.0,4.0,0,0,0,0,3.0,2,2,2,1,0,1,1,1,1,0,0,1,0,0,0,22.4495236,88.3955392,0.5
2,4100000.0,837.0,2,1,3.0,3.0,0,0,0,0,3.0,2,0,0,1,0,1,1,0,1,0,0,0,0,0,0,22.4727076,88.3977962,1.0
2,3200000.0,900.0,2,1,1.0,3.0,0,0,0,0,3.0,2,0,0,1,0,1,1,1,1,0,0,0,0,0,0,22.4662366,88.4050198,0.3333333333333333
2,3800000.0,815.0,2,1,3.0,3.0,0,0,0,0,7.5,2,0,1,0,0,1,0,0,1,0,0,1,0,0,0,22.4960484,88.3822296,1.0
2,3450000.0,852.0,2,1,3.0,3.0,0,0,0,0,3.0,2,0,1,1,0,1,1,1,1,0,0,1,0,0,0,22.4286007,88.3882694,1.0
2,3600000.0,882.0,2,1,3.0,3.0,0,0,0,0,3.0,2,0,1,1,0,1,1,1,1,0,0,1,0,0,0,22.4286007,88.3882694,1.0
2,3800000.0,768.0,2,1,4.0,4.0,0,0,0,0,7.5,0,0,7,1,1,1,1,1,1,1,1,1,1,0,0,22.4727076,88.3977962,1.0
2,4100000.0,975.0,2,1,2.0,4.0,0,0,0,0,3.0,2,0,1,1,0,1,1,1,1,0,0,1,0,0,0,22.4727076,88.3977962,0.5
2,4640000.0,800.0,2,1,3.0,3.0,0,0,0,0,0.5,2,0,0,1,1,1,0,0,0,0,0,1,0,0,0,22.506758,88.3817559,1.0
4,55000000.0,4450.0,4,2,26.0,32.0,0,0,0,1,7.5,2,0,6,1,1,1,1,1,1,1,1,1,1,0,0,22.5959131,88.4878653,0.8125
3,14500000.0,1181.0,2,1,2.0,4.0,0,0,0,1,3.0,2,0,3,1,0,1,1,0,1,1,0,1,0,0,0,22.5108385,88.3492653,0.5
2,2490000.0,859.0,2,1,2.0,4.0,0,0,1,0,3.0,2,0,0,1,1,1,1,1,1,0,0,0,0,0,0,22.679688,88.4498321,0.5
2,2420000.0,803.0,2,1,2.0,4.0,0,0,1,0,3.0,2,0,0,1,1,1,1,1,1,0,0,0,0,0,0,22.6950342,88.4073585,0.5
3,7500000.0,1300.0,2,1,3.0,4.0,0,0,0,0,7.5,2,0,4,1,1,0,0,0,0,1,1,0,1,0,0,22.4495236,88.3955392,0.75
3,7200000.0,1201.0,2,1,2.0,4.0,0,0,0,0,3.0,2,0,0,1,1,1,1,0,0,0,0,0,0,0,0,22.6202131,88.4681187,0.5
3,6443000.000000001,1239.0,2,1,4.0,4.0,0,0,0,0,3.0,2,0,3,1,0,0,1,0,0,0,0,1,0,0,0,22.4727076,88.3977962,1.0
3,4500000.0,1100.0,2,1,4.0,5.0,0,0,0,0,7.5,2,0,0,1,0,1,0,1,0,0,0,1,0,0,0,22.6286173,88.44061,0.8
3,11500000.0,1291.0,2,2,5.0,13.0,0,0,0,0,3.0,2,0,3,1,1,1,1,1,1,1,1,0,1,0,0,25.7967438,89.5446589,0.38461538461538464
1,4000000.0,615.0,2,1,1.0,10.0,0,0,0,0,3.0,2,0,3,1,1,1,1,1,1,1,1,1,1,0,0,22.5959131,88.4878653,0.1
2,4040000.0,808.0,2,1,3.0,4.0,0,0,0,0,3.0,2,0,0,1,1,1,1,1,0,0,0,0,0,0,0,22.6286173,88.44061,0.75
3,4800000.0,1107.0,2,1,1.0,3.0,0,0,0,0,0.5,2,0,2,1,1,1,1,0,0,0,0,1,0,0,0,22.477646,88.4399813,0.3333333333333333
2,4505000.0,850.0,1,1,3.0,3.0,0,0,0,0,0.5,2,0,2,1,1,1,1,0,0,0,0,1,0,0,0,22.4960484,88.3822296,1.0
3,41000000.0,2630.0,3,1,2.0,10.0,0,0,0,0,3.0,2,1,0,1,1,1,1,1,1,1,1,1,0,0,0,22.5264928,88.3323692,0.2
2,2220000.0,764.0,2,1,4.0,4.0,0,0,1,0,3.0,2,0,0,1,1,1,1,1,1,0,0,0,0,0,0,22.6950342,88.4073585,1.0
2,2275000.0,650.0,1,1,3.0,4.0,0,0,0,0,0.5,2,0,0,1,0,0,0,0,0,0,0,0,0,0,0,13.0479657,77.6452691,0.75
2,3157000.0,872.0,2,1,5.0,5.0,0,0,0,0,0.5,2,0,0,1,0,0,0,0,0,0,0,0,0,0,0,13.0479657,77.6452691,1.0
3,7859999.999999999,1497.0,2,2,6.0,8.0,0,0,0,0,0.5,2,0,0,1,1,1,1,1,1,1,1,0,0,0,0,22.6286173,88.44061,0.75
2,6000000.0,885.0,2,1,6.0,9.0,0,0,0,0,3.0,2,0,8,1,1,1,1,1,1,1,1,1,1,0,0,22.578579,88.3551327,0.6666666666666666
3,9900000.0,1300.0,3,1,11.0,24.0,0,0,0,0,3.0,2,1,2,1,0,0,0,0,0,1,1,0,1,0,0,22.7241945,88.4837829,0.4583333333333333
2,5900000.0,840.0,2,1,24.0,25.0,0,0,0,0,3.0,2,0,2,1,0,0,0,0,0,1,1,0,1,0,0,22.7241945,88.4837829,0.96
3,8300000.0,1300.0,2,1,1.0,3.0,0,0,0,0,3.0,2,0,0,1,1,1,0,0,1,0,0,1,0,0,0,22.5053017,88.4009957,0.3333333333333333
3,9046000.0,1350.0,2,1,1.0,4.0,0,0,0,0,3.0,2,0,0,1,0,1,1,0,1,0,0,0,0,0,0,22.5003756,88.3750985,0.25
3,8800000.0,1244.0,2,1,3.0,4.0,0,0,0,0,3.0,2,0,0,1,1,0,1,1,1,0,0,0,0,0,0,22.5743093,88.4558557,0.75
3,12000000.0,1700.0,2,2,2.0,4.0,0,0,0,0,0.5,2,0,0,1,1,1,1,0,0,0,1,0,0,0,0,22.5743093,88.4558557,0.5
3,4410000.0,1050.0,2,1,2.0,4.0,1,1,0,0,-0.5,2,0,0,0,0,0,0,0,0,0,0,0,0,0,0,22.477646,88.4399813,0.5
2,4805000.0,1001.0,2,1,1.0,6.0,0,0,0,0,3.0,2,0,4,1,1,1,1,0,0,0,0,1,1,0,0,22.578579,88.3551327,0.16666666666666666
3,5900000.0,1160.0,2,2,5.0,19.0,0,0,0,0,3.0,2,0,5,1,1,1,1,1,1,1,1,0,1,0,0,22.7001796,88.3791567,0.2631578947368421
3,5851000.0,1245.0,2,1,3.0,4.0,0,0,0,0,0.5,2,0,0,1,1,0,0,0,0,0,0,0,0,0,0,22.477646,88.4399813,0.75
4,8970000.0,1795.0,3,2,2.0,4.0,0,0,0,0,3.0,2,0,0,1,1,1,1,1,1,1,1,0,0,0,0,22.5053017,88.4009957,0.5
2,2750000.0,720.0,1,1,1.0,3.0,0,0,0,0,3.0,2,0,0,0,0,0,0,0,0,0,0,0,0,0,0,22.6286173,88.44061,0.3333333333333333
3,10600000.0,1450.0,2,2,1.0,4.0,0,0,0,0,0.5,2,0,0,1,1,1,1,0,1,0,1,0,0,0,0,22.5743093,88.4558557,0.25
2,3556000.0,1016.0,2,1,5.0,5.0,0,0,0,0,3.0,2,0,0,1,1,0,1,0,0,0,0,0,0,0,0,22.9453159,88.4597926,1.0
3,12500000.0,1720.0,3,1,2.0,4.0,0,0,0,0,0.5,2,0,0,1,0,1,0,0,0,0,0,0,0,0,0,22.5743093,88.4558557,0.5
3,7200000.0,1511.0,2,1,1.0,7.0,0,0,0,0,7.5,2,0,5,1,1,1,1,1,1,1,1,1,1,0,0,22.6670459,88.3411458,0.14285714285714285
3,3800000.0,1357.0,2,1,1.0,3.0,0,0,0,0,0.5,2,0,2,1,1,1,1,1,1,0,1,1,0,0,0,22.6836507,88.3417989,0.3333333333333333
3,8200000.0,1250.0,2,1,1.0,4.0,0,0,0,0,3.0,2,0,0,1,1,1,1,0,1,1,1,0,0,0,0,22.5743093,88.4558557,0.25
1,4100000.0,780.0,2,1,4.0,6.0,0,0,0,0,7.5,1,2,4,1,1,0,1,0,0,0,1,0,1,0,0,25.7967438,89.5446589,0.6666666666666666
2,5500000.0,931.0,2,1,4.0,4.0,0,0,0,0,7.5,2,0,4,1,1,0,0,0,0,1,1,0,1,0,0,22.4495236,88.3955392,1.0
3,7000000.0,1181.0,2,1,3.0,4.0,0,0,0,0,0.5,2,0,0,1,1,0,1,1,1,0,0,0,0,0,0,22.6202131,88.4681187,0.75
2,2974000.0,826.0,2,1,2.0,4.0,0,0,0,0,3.0,2,0,0,1,1,0,1,1,0,0,0,0,0,0,0,22.9453159,88.4597926,0.5
3,10700000.0,1261.0,3,1,3.0,12.0,0,0,0,0,3.0,2,0,4,1,1,1,1,1,1,1,1,0,1,0,0,22.5959131,88.4878653,0.25
3,3732000.0,1357.0,2,1,4.0,5.0,0,0,0,0,3.0,2,0,2,1,1,1,1,1,1,1,1,0,0,0,0,22.69972,88.3519784,0.8
3,2750000.0,1000.0,2,1,4.0,5.0,0,0,0,0,3.0,2,0,2,1,1,1,1,1,1,1,1,1,0,0,0,22.69972,88.3519784,0.8
2,2558000.0,930.0,2,1,2.0,5.0,0,0,0,0,3.0,2,0,2,1,1,1,1,1,1,1,1,1,0,0,0,22.69972,88.3519784,0.4
2,2382000.0,866.0,2,1,3.0,5.0,0,0,0,0,3.0,2,0,2,1,1,1,1,1,1,1,1,1,0,0,0,22.69972,88.3519784,0.6
2,2247000.0,817.0,2,1,2.0,5.0,0,0,0,0,3.0,2,0,2,1,1,1,1,1,1,1,1,1,0,0,0,22.69972,88.3519784,0.4
2,2142000.0,779.0,2,1,2.0,5.0,0,0,0,0,3.0,2,0,2,1,1,1,1,1,1,0,1,1,0,0,0,22.69972,88.3519784,0.4
3,2802000.0,1019.0,2,1,1.0,5.0,0,0,0,0,3.0,2,0,2,1,1,1,1,1,1,0,1,1,0,0,0,22.69972,88.3519784,0.2
3,2699000.0,1038.0,2,2,1.0,5.0,0,0,0,0,3.0,2,0,2,1,1,1,1,1,1,1,1,1,0,0,0,22.69972,88.3519784,0.2
2,2145000.0,825.0,2,1,3.0,5.0,0,0,0,0,3.0,2,0,2,1,1,1,1,1,1,1,1,1,0,0,0,22.69972,88.3519784,0.6
3,2223000.0,855.0,2,1,2.0,5.0,0,0,0,0,3.0,2,0,2,1,1,1,1,1,1,1,1,1,0,0,0,22.69972,88.3519784,0.4
3,2808000.0,1080.0,2,1,2.0,5.0,0,0,0,0,3.0,2,0,2,1,1,1,1,1,1,1,1,1,0,0,0,22.69972,88.3519784,0.4
2,1925000.0,550.0,1,1,2.0,4.0,0,0,0,0,3.0,2,0,2,1,1,1,1,1,1,0,0,1,0,0,0,22.6836507,88.3417989,0.5
3,3500000.0,1000.0,2,1,2.0,4.0,0,0,0,0,3.0,2,0,0,1,1,1,1,1,1,0,0,0,0,0,0,22.6836507,88.3417989,0.5
3,2684000.0,976.0,2,1,3.0,4.0,0,0,0,0,3.0,2,0,2,1,1,1,1,1,1,0,0,1,0,0,0,22.6743641,88.3432884,0.75
2,2760000.0,920.0,2,1,3.0,3.0,0,0,0,0,3.0,2,0,2,1,1,1,1,1,1,0,0,1,0,0,0,22.6743641,88.3432884,1.0
3,8500000.0,1373.0,2,1,7.0,11.0,0,0,0,0,3.0,2,0,5,1,1,1,0,1,1,1,1,1,1,0,0,22.6670459,88.3411458,0.6363636363636364
2,2991000.0,787.0,2,1,2.0,4.0,0,0,0,0,3.0,2,0,5,1,1,1,1,0,0,0,0,1,1,0,0,25.7967438,89.5446589,0.5
2,4408000.0,1160.0,2,1,3.0,4.0,0,0,0,0,3.0,2,0,0,1,1,1,1,1,0,0,0,0,0,0,0,25.7967438,89.5446589,0.75
2,5800000.0,1025.0,2,0,4.0,11.0,0,0,0,0,3.0,2,1,5,1,1,1,1,1,1,1,1,1,1,0,0,22.6670459,88.3411458,0.36363636363636365
2,9900000.0,1075.0,2,1,2.0,13.0,0,0,0,0,3.0,2,0,0,1,1,1,1,1,1,1,1,0,1,0,0,22.5053017,88.4009957,0.15384615384615385
3,4560000.0,1339.0,2,2,4.0,4.0,0,0,0,0,3.0,2,0,1,1,0,0,0,0,0,1,0,0,1,0,0,22.4541674,88.4183764,1.0
2,2300000.0,605.0,1,1,3.0,4.0,0,0,0,0,3.0,2,0,1,1,0,0,0,0,0,0,0,1,0,0,0,22.6380124,88.3958929,0.75
2,2950000.0,850.0,2,1,3.0,4.0,0,0,0,0,3.0,2,0,1,1,0,0,0,0,0,0,0,1,0,0,0,22.6380124,88.3958929,0.75
3,7000000.0,1150.0,2,1,3.0,4.0,0,0,0,0,3.0,2,0,0,1,1,0,1,1,1,0,0,0,0,0,0,22.6202131,88.4681187,0.75
2,2960000.0,800.0,1,1,3.0,4.0,0,0,0,0,3.0,2,0,1,1,0,0,0,0,0,0,0,1,0,0,0,22.6380124,88.3958929,0.75
3,9500000.0,1178.0,3,1,3.0,7.0,0,0,1,0,3.0,2,0,5,1,1,1,1,1,1,1,1,1,1,0,0,22.5565107,88.3795946,0.42857142857142855
3,7600000.0,1176.0,2,1,3.0,4.0,0,0,0,0,3.0,2,0,0,1,1,1,1,1,1,1,1,0,0,0,0,22.5053017,88.4009957,0.75
3,5200000.0,1050.0,2,1,1.0,3.0,0,0,0,0,0.5,2,0,0,1,1,1,0,0,1,0,0,1,0,0,0,22.4960484,88.3822296,0.3333333333333333
3,4200000.0,1167.0,2,1,3.0,4.0,0,0,0,0,3.0,2,0,0,1,1,1,1,1,1,1,1,0,0,0,0,25.7967438,89.5446589,0.75
2,4000000.0,890.0,2,1,4.0,5.0,0,0,0,0,3.0,2,0,2,1,1,1,1,1,1,1,1,0,1,0,0,25.7967438,89.5446589,0.8
2,4700000.0,1019.0,2,1,10.0,23.0,0,1,0,0,3.0,2,0,3,1,1,1,1,1,1,1,1,0,1,0,0,22.4440966,88.3017146,0.43478260869565216
3,4333000.0,1239.0,2,1,3.0,4.0,0,0,0,0,3.0,2,0,0,1,1,1,1,1,0,0,0,0,0,0,0,22.6286173,88.44061,0.75
2,3390000.0,945.0,2,2,2.0,4.0,0,0,0,0,0.5,2,0,0,1,0,1,0,1,1,0,0,0,0,0,0,22.6286173,88.44061,0.5
2,4500000.0,1274.0,2,2,1.0,4.0,0,0,0,0,7.5,2,0,3,1,0,0,0,0,0,1,1,0,1,0,0,22.4145089,88.2839351,0.25
2,3308000.0,945.0,2,1,4.0,4.0,0,0,0,0,0.5,2,0,0,1,1,1,1,1,0,0,0,0,0,0,0,22.6286173,88.44061,1.0
2,3274000.0,935.0,2,2,1.0,4.0,0,0,0,0,0.5,2,0,0,0,0,1,1,1,0,0,0,0,0,0,0,22.6286173,88.44061,0.25
3,4334000.0,1238.0,2,1,2.0,4.0,0,0,0,0,0.5,2,0,0,1,0,1,1,1,1,0,0,0,0,0,0,22.6286173,88.44061,0.5
3,4333000.0,1238.0,2,1,4.0,4.0,0,0,0,0,0.5,2,0,0,1,1,1,1,1,0,0,0,0,0,0,0,22.6286173,88.44061,1.0
3,3991000.0,1142.0,2,1,2.0,4.0,0,0,0,0,0.5,2,0,0,1,1,1,1,1,0,0,0,0,0,0,0,22.6286173,88.44061,0.5
3,3990000.0,1140.0,2,1,4.0,4.0,0,0,0,0,0.5,2,0,0,1,1,1,0,1,1,0,0,0,0,0,0,22.6286173,88.44061,1.0
2,3272999.9999999995,935.0,2,2,3.0,4.0,0,0,0,0,0.5,2,0,0,1,1,1,1,1,0,0,0,0,0,0,0,22.6286173,88.44061,0.75
2,2876000.0,821.0,2,1,3.0,4.0,0,0,0,0,0.5,2,0,0,1,1,1,0,1,0,0,0,0,0,0,0,22.6286173,88.44061,0.75
2,2870000.0,820.0,2,1,4.0,4.0,0,0,0,0,0.5,2,0,0,1,1,1,1,1,0,0,0,0,0,0,0,22.6286173,88.44061,1.0
3,4505000.0,1274.0,2,2,1.0,4.0,0,0,0,0,7.5,2,0,3,1,1,1,0,1,1,1,1,0,1,0,0,22.4145089,88.2839351,0.25
2,3000000.0,850.0,2,1,2.0,4.0,0,0,0,0,7.5,2,0,3,1,1,1,0,1,1,1,1,0,1,0,0,22.4145089,88.2839351,0.5
2,4330000.0,980.0,2,1,1.0,11.0,0,0,0,0,3.0,2,0,3,1,1,1,0,1,0,1,1,0,1,0,0,22.6286173,88.44061,0.09090909090909091
2,4500000.0,928.0,2,1,3.0,11.0,0,0,0,0,3.0,2,0,3,1,0,0,0,0,0,1,1,0,1,0,0,22.6286173,88.44061,0.2727272727272727
2,6500000.0,1050.0,2,1,4.0,4.0,0,0,0,0,3.0,2,2,0,1,1,1,1,0,1,1,1,0,0,0,0,22.5743093,88.4558557,1.0
2,3272000.0,935.0,2,2,3.0,5.0,0,0,0,0,0.5,2,0,1,1,1,1,1,0,0,0,0,1,0,0,0,22.6286173,88.44061,0.6
2,3220000.0000000005,920.0,2,1,4.0,5.0,0,0,1,0,0.5,2,0,0,1,1,1,1,0,0,0,0,0,0,0,0,22.6286173,88.44061,0.8
3,4333000.0,1238.0,2,1,3.0,5.0,0,0,0,0,0.5,2,0,0,1,1,1,0,1,0,0,0,0,0,0,0,22.6286173,88.44061,0.6
2,3339000.0,954.0,2,2,3.0,5.0,0,0,0,0,0.5,2,0,2,1,1,1,1,1,0,0,0,1,0,0,0,22.6286173,88.44061,0.6
3,7700000.0,1432.0,3,1,3.0,4.0,0,0,0,0,7.5,0,0,4,1,1,1,0,1,0,1,1,1,1,0,0,22.4662345,88.4025921,0.75
3,5496000.0,1145.0,2,1,4.0,4.0,0,0,0,0,0.5,2,0,0,1,1,1,1,1,1,1,0,0,0,0,0,25.7967438,89.5446589,1.0
2,4800000.0,700.0,2,0,3.0,4.0,0,0,0,0,3.0,2,0,0,1,1,1,0,0,0,0,1,0,0,0,0,22.5743093,88.4558557,0.75
3,9500000.0,1470.0,2,2,3.0,4.0,0,0,0,0,0.5,2,0,0,1,1,0,1,0,1,1,1,0,0,0,0,22.6129078,88.4665536,0.75
3,11000000.0,1293.0,2,2,5.0,13.0,0,0,0,0,0.5,2,0,12,1,1,1,1,1,1,1,1,1,1,0,0,25.7967438,89.5446589,0.38461538461538464
2,4000000.0,884.0,2,1,12.0,24.0,0,0,0,0,3.0,2,0,4,1,0,0,1,0,0,1,1,0,1,0,0,22.7348814,88.3510816,0.5
2,4200000.0,936.0,2,1,3.0,4.0,0,0,0,0,7.5,0,1,0,0,0,0,0,0,0,0,0,0,0,0,0,22.4727076,88.3977962,0.75
2,2260000.0,868.0,2,1,3.0,3.0,0,0,1,0,3.0,2,0,0,1,1,1,1,1,1,0,0,0,0,0,0,22.7109969,88.4699989,1.0
3,11500000.0,1512.0,2,1,4.0,8.0,0,0,0,0,7.5,2,0,5,1,1,1,1,1,1,1,1,1,1,0,0,25.7967438,89.5446589,0.5
3,5600000.0,1185.0,2,2,6.0,11.0,0,0,0,0,3.0,0,0,3,1,1,0,0,1,1,1,1,0,1,0,0,22.6286173,88.44061,0.5454545454545454
2,3740000.0,1084.0,2,1,3.0,5.0,0,0,0,0,0.5,2,0,0,1,0,0,0,0,0,0,0,0,0,0,0,13.0479657,77.6452691,0.6
3,7950000.0,1155.0,2,1,11.0,24.0,0,0,0,0,3.0,2,0,3,1,0,0,0,0,0,1,1,0,1,0,0,22.7241945,88.4837829,0.4583333333333333
2,3457000.0,804.0,2,1,1.0,5.0,0,0,0,0,0.5,2,0,0,1,1,0,1,1,1,0,0,0,0,0,0,22.6375838,88.412158,0.2
2,2350000.0,905.0,2,1,4.0,4.0,0,0,1,0,3.0,2,0,0,1,1,1,1,1,1,0,0,0,0,0,0,22.679688,88.4498321,1.0
3,16500000.0,1601.0,3,1,12.0,18.0,0,0,0,0,7.5,2,0,4,1,1,0,0,1,1,1,1,1,1,0,0,22.4690721,88.3912838,0.6666666666666666
3,9000000.0,1242.0,2,1,3.0,4.0,0,0,0,0,0.5,2,0,0,1,1,1,1,1,1,0,0,0,0,0,0,22.5758538,88.4586199,0.75
2,2800000.0,726.0,2,1,3.0,3.0,0,0,0,0,12.5,2,0,1,0,0,1,1,0,1,0,0,1,0,0,0,22.4727076,88.3977962,1.0
2,6051000.0,1100.0,2,1,2.0,4.0,0,0,0,0,3.0,2,0,0,1,1,1,0,1,0,0,0,0,0,0,0,22.6202131,88.4681187,0.5
3,3410000.0,1100.0,2,1,5.0,5.0,0,0,0,0,0.5,2,0,2,1,1,1,1,1,1,1,0,1,0,0,0,22.69972,88.3519784,1.0
3,6100000.0,1050.0,2,1,2.0,3.0,0,0,0,0,12.5,2,0,0,1,1,1,0,1,0,0,0,0,0,0,0,22.5240566,88.2710655,0.6666666666666666
3,13000000.0,1660.0,3,1,8.0,8.0,0,0,0,0,7.5,2,0,5,1,1,1,1,1,1,1,1,1,1,0,0,25.7967438,89.5446589,1.0
3,8000000.0,1396.0,2,1,2.0,3.0,0,0,0,0,3.0,2,0,2,1,1,1,1,0,0,0,0,1,0,0,0,22.5240566,88.2710655,0.6666666666666666
2,5600000.0,972.0,2,1,1.0,3.0,0,0,0,0,0.5,2,0,0,1,1,1,0,0,1,0,0,1,0,0,0,22.5240566,88.2710655,0.3333333333333333
3,7250000.0,1407.0,3,1,2.0,3.0,0,0,0,0,0.5,2,0,0,1,1,1,0,0,1,0,0,1,0,0,0,22.5240566,88.2710655,0.6666666666666666
3,9600000.0,1650.0,2,1,2.0,4.0,0,0,0,0,3.0,2,0,0,1,1,0,1,1,1,0,0,0,0,0,0,22.5743093,88.4558557,0.5
3,7000000.0,1136.0,2,1,15.0,15.0,0,0,0,0,0.5,2,0,8,1,0,1,1,1,1,1,1,1,1,0,0,22.4690721,88.3912838,1.0
2,2330000.0,845.0,2,1,2.0,4.0,0,0,1,0,3.0,2,0,0,1,1,1,1,1,1,0,0,0,0,0,0,22.679688,88.4498321,0.5
3,7200000.0,1274.0,2,1,9.0,15.0,0,0,0,0,0.5,2,0,2,1,0,0,1,0,0,1,1,0,1,0,0,22.4690721,88.3912838,0.6
2,2088000.0,696.0,2,1,3.0,4.0,0,0,0,0,3.0,2,0,0,1,1,1,1,1,0,0,0,0,0,0,0,22.6210988,88.3978255,0.75
2,2871000.0,776.0,2,1,5.0,5.0,0,0,0,0,3.0,2,0,0,1,1,0,1,0,0,0,0,0,0,0,0,13.0479657,77.6452691,1.0
3,4850000.0,1228.0,2,1,4.0,6.0,0,0,0,0,3.0,2,0,0,1,1,1,1,0,1,1,0,0,0,0,0,22.6375838,88.412158,0.6666666666666666
3,3710000.0,1060.0,2,1,1.0,4.0,0,0,0,0,3.0,2,0,0,1,1,0,1,0,0,0,0,0,0,0,0,13.0479657,77.6452691,0.25
2,3649000.0,760.0,2,1,4.0,4.0,0,0,0,0,3.0,2,0,0,1,1,1,1,1,1,0,0,0,0,0,0,22.578579,88.3551327,1.0
2,4130000.0,860.0,2,1,4.0,4.0,0,0,0,0,3.0,2,0,0,1,1,1,1,1,1,0,0,0,0,0,0,22.578579,88.3551327,1.0
2,4082000.0,850.0,2,1,4.0,4.0,0,0,0,0,3.0,2,0,0,1,1,1,1,1,1,0,0,0,0,0,0,22.578579,88.3551327,1.0
2,3183000.0,663.0,2,1,4.0,4.0,0,0,0,0,3.0,2,0,0,1,1,1,1,1,1,0,0,0,0,0,0,22.578579,88.3551327,1.0
2,4080000.0,850.0,2,1,3.0,4.0,0,0,0,0,3.0,2,0,0,1,1,1,1,1,0,0,0,0,0,0,0,22.578579,88.3551327,0.75
2,3811000.0,794.0,2,1,4.0,4.0,0,0,0,0,0.5,2,0,0,1,1,1,1,1,1,0,0,0,0,0,0,22.6313786,88.4424235,1.0
2,3648000.0,760.0,2,1,3.0,4.0,0,0,0,0,3.0,2,0,0,1,1,1,1,1,1,0,0,0,0,0,0,22.578579,88.3551327,0.75
2,4128000.0,860.0,2,1,3.0,4.0,0,0,0,0,3.0,2,0,0,1,1,0,0,1,1,0,0,0,0,0,0,22.578579,88.3551327,0.75
2,4435000.0,924.0,2,1,3.0,4.0,0,0,0,0,0.5,2,0,0,1,1,1,1,1,0,0,0,0,0,0,0,25.7967438,89.5446589,0.75
2,3182000.0,663.0,2,1,3.0,4.0,0,0,0,0,3.0,2,0,0,1,1,1,1,1,1,0,0,0,0,0,0,22.578579,88.3551327,0.75
2,4138000.000000001,862.0,2,1,2.0,4.0,0,0,0,0,0.5,2,0,0,1,1,1,0,1,0,0,0,0,0,0,0,25.7967438,89.5446589,0.5
2,3859000.000000001,804.0,2,1,2.0,4.0,0,0,0,0,0.5,2,0,0,1,1,1,1,1,0,0,1,0,0,0,0,25.7967438,89.5446589,0.5
2,4574000.0,953.0,2,1,4.0,5.0,0,0,0,0,3.0,2,0,0,1,1,1,1,1,1,0,0,0,0,0,0,25.7967438,89.5446589,0.8
2,4340000.0,904.0,2,1,3.0,5.0,0,0,0,0,3.0,2,0,0,1,1,1,1,1,1,0,0,0,0,0,0,25.7967438,89.5446589,0.6
2,3162000.0,832.0,2,1,4.0,4.0,0,0,0,0,3.0,2,0,0,1,1,1,1,1,0,0,0,0,0,0,0,25.7967438,89.5446589,1.0
2,3549000.0,934.0,2,1,1.0,4.0,0,0,0,0,3.0,2,0,0,1,1,1,1,1,1,0,0,0,0,0,0,25.7967438,89.5446589,0.25
2,3120000.0,780.0,2,1,4.0,5.0,0,0,0,0,0.5,2,0,0,1,1,0,1,0,0,0,0,0,0,0,0,25.7967438,89.5446589,0.8
3,4300000.0,1075.0,2,1,4.0,5.0,0,0,0,0,0.5,2,0,0,1,1,0,1,0,0,0,0,0,0,0,0,25.7967438,89.5446589,0.8
2,2660000.0,856.0,2,1,3.0,4.0,0,0,1,0,3.0,2,0,0,1,1,1,1,1,1,0,0,0,0,0,0,22.6947839,88.4530183,0.75
3,11000000.0,1480.0,2,2,3.0,16.0,0,0,0,0,3.0,2,0,5,1,1,0,1,0,0,1,1,0,1,0,0,22.5959131,88.4878653,0.1875
3,5300000.0,980.0,2,1,1.0,4.0,0,0,0,0,3.0,2,2,3,1,0,0,0,0,0,0,0,1,0,0,0,22.477646,88.4399813,0.25
2,4600000.0,830.0,2,1,17.0,21.0,0,0,0,0,7.5,2,2,4,1,1,0,1,0,0,1,1,0,1,0,0,22.7001796,88.3791567,0.8095238095238095
2,2150000.0,765.0,2,1,4.0,6.0,0,0,0,0,0.5,2,0,0,1,0,1,1,0,1,0,0,0,0,0,0,22.6950342,88.4073585,0.6666666666666666
2,4680000.0,900.0,2,1,1.0,6.0,0,0,0,0,3.0,2,0,0,1,1,1,1,0,0,0,0,0,0,0,0,22.6380124,88.3958929,0.16666666666666666
3,4800000.0,1174.0,2,1,4.0,4.0,0,0,0,0,3.0,2,2,3,1,0,0,0,0,0,1,1,0,1,0,0,22.4541674,88.4183764,1.0
2,3600000.0,750.0,2,1,5.0,20.0,0,0,0,0,7.5,2,0,0,1,1,0,0,1,0,0,1,0,0,0,0,22.5822129,88.2798107,0.25
2,3700000.0,1012.0,2,2,1.0,4.0,0,0,0,0,3.0,2,0,0,1,1,1,1,1,1,1,1,0,1,0,0,25.7967438,89.5446589,0.25
2,3125000.0,906.0,2,1,1.0,4.0,0,0,0,0,3.0,2,0,0,1,1,1,1,1,1,1,1,0,0,0,0,25.7967438,89.5446589,0.25
2,2995000.0,894.0,2,1,3.0,4.0,0,0,0,0,3.0,2,0,0,1,1,1,1,1,1,1,0,0,0,0,0,22.6286173,88.44061,0.75
2,5500000.0,1000.0,2,1,3.0,4.0,0,0,0,0,0.5,2,0,0,1,1,0,0,1,0,0,0,0,0,0,0,22.6129078,88.4665536,0.75
2,2331000.0,777.0,2,1,3.0,4.0,0,0,0,0,3.0,2,0,0,1,1,1,1,1,1,1,0,0,0,0,0,22.6286173,88.44061,0.75
2,3158000.0,987.0,2,2,4.0,4.0,0,0,0,0,3.0,2,0,1,1,1,1,1,1,0,0,0,0,0,0,0,25.7967438,89.5446589,1.0
2,2961000.0,911.0,2,1,1.0,4.0,0,0,0,0,3.0,2,0,3,1,1,1,1,1,1,0,0,1,0,1,0,25.7967438,89.5446589,0.25
2,3244000.0,998.0,2,1,2.0,4.0,0,0,0,0,3.0,2,0,3,1,1,1,1,1,1,0,0,0,0,0,0,25.7967438,89.5446589,0.5
2,3547999.9999999995,959.0,2,1,3.0,4.0,0,0,0,0,3.0,2,0,4,1,1,1,1,1,1,1,1,1,1,0,0,25.7967438,89.5446589,0.75
3,4235000.0,1100.0,2,1,2.0,4.0,0,0,0,0,3.0,2,0,0,1,1,1,1,1,1,1,1,0,0,0,0,25.7967438,89.5446589,0.5
3,4490000.0,1166.0,2,1,2.0,4.0,0,0,0,0,3.0,2,0,0,1,1,1,1,1,1,1,1,0,0,0,0,25.7967438,89.5446589,0.5
2,3892000.0,1011.0,2,1,2.0,4.0,0,0,0,0,3.0,2,0,0,1,1,1,1,1,1,1,1,0,0,0,0,25.7967438,89.5446589,0.5
2,3950000.0,1027.0,2,1,2.0,4.0,0,0,0,0,3.0,2,0,0,1,1,1,1,1,1,1,1,0,0,0,0,25.7967438,89.5446589,0.5
3,4543000.0,1180.0,2,1,2.0,4.0,0,0,0,0,3.0,2,0,0,1,1,1,1,1,1,1,1,0,0,0,0,25.7967438,89.5446589,0.5
2,5400000.0,867.0,2,1,2.0,5.0,0,0,0,0,3.0,2,2,3,1,0,1,0,0,0,0,0,1,0,0,0,22.6546116,88.4249902,0.4
2,1914000.0,661.0,2,1,4.0,4.0,0,0,0,0,0.5,2,0,0,1,1,0,1,1,1,0,0,0,0,0,0,22.6950342,88.4073585,1.0
2,2030000.0,700.0,1,1,4.0,4.0,0,0,0,0,0.5,2,0,0,1,1,0,1,1,1,0,0,0,0,0,0,22.6950342,88.4073585,1.0
2,2204000.0,760.0,2,1,3.0,4.0,0,0,0,0,0.5,2,0,0,1,1,0,1,1,1,0,0,0,0,0,0,22.6950342,88.4073585,0.75
2,1739999.9999999998,600.0,1,1,3.0,4.0,0,0,0,0,0.5,2,0,0,1,1,0,1,1,1,0,0,0,0,0,0,22.6950342,88.4073585,0.75
2,2300000.0,735.0,1,1,1.0,4.0,0,0,0,0,0.5,2,0,0,1,1,0,1,1,1,0,0,0,0,0,0,22.6950342,88.4073585,0.25
2,2450000.0,785.0,2,1,1.0,4.0,0,0,0,0,0.5,2,0,0,1,1,0,1,1,1,0,0,0,0,0,0,22.6950342,88.4073585,0.25
3,3490000.0,1091.0,2,1,2.0,3.0,0,0,1,0,3.0,2,0,0,1,1,1,1,1,1,0,0,0,0,0,0,22.6947839,88.4530183,0.6666666666666666
3,7400000.0,1283.0,2,1,1.0,4.0,0,0,0,0,7.5,2,2,0,1,0,0,1,1,1,1,1,0,0,0,0,22.6286173,88.44061,0.25
2,2350000.0,804.0,2,1,2.0,2.0,0,0,0,0,0.5,2,0,0,1,0,0,0,0,0,0,0,0,0,0,0,22.9453159,88.4597926,1.0
2,6000000.0,908.0,2,1,6.0,10.0,0,0,0,0,3.0,2,0,7,1,1,1,1,1,1,1,1,1,1,0,0,25.7967438,89.5446589,0.6
2,2000000.0,840.0,1,1,1.0,4.0,0,0,0,0,12.5,2,0,2,1,0,1,0,0,1,0,0,1,0,0,0,22.7549951,88.3416672,0.25
2,3800000.0,884.0,2,1,11.0,24.0,0,0,0,0,3.0,2,1,4,1,0,0,1,0,0,1,1,0,1,0,0,22.7549951,88.3416672,0.4583333333333333
2,4373000.0,841.0,2,1,1.0,4.0,0,0,0,0,0.5,2,0,3,1,0,1,1,0,0,0,0,1,0,0,0,22.4727076,88.3977962,0.25
3,4738000.0,1089.0,2,1,3.0,4.0,0,0,0,0,3.0,2,0,2,1,1,1,1,0,0,0,0,1,0,0,0,22.4681162,88.4196482,0.75
2,3850000.0,770.0,2,1,1.0,3.0,0,0,0,0,3.0,2,0,3,1,0,1,1,0,0,0,0,1,0,0,0,22.4681162,88.4196482,0.3333333333333333
3,7000000.0,1300.0,2,1,3.0,3.0,0,0,0,0,12.5,2,0,2,1,1,1,1,0,0,0,0,1,0,0,0,22.5240566,88.2710655,1.0
2,3570000.0000000005,850.0,2,1,2.0,4.0,0,0,0,0,3.0,2,0,3,0,0,1,1,0,0,0,1,1,0,0,0,22.4662345,88.4025921,0.5
2,3641000.0,867.0,2,1,2.0,4.0,0,0,0,0,3.0,2,0,3,1,0,1,1,0,0,0,0,1,0,0,0,22.4662345,88.4025921,0.5
3,6000000.0,1107.0,2,1,3.0,3.0,0,0,0,0,12.5,2,1,0,1,1,1,0,0,1,0,1,1,0,0,0,22.5240566,88.2710655,1.0
3,4885000.0,1085.0,2,1,2.0,3.0,0,0,0,0,3.0,2,0,3,1,0,1,1,0,0,0,0,1,0,0,0,22.477646,88.4399813,0.6666666666666666
2,4000000.0,973.0,2,1,3.0,4.0,0,0,0,0,3.0,2,0,3,0,0,1,1,0,1,0,0,1,0,0,0,22.477646,88.4399813,0.75
2,3150000.0,800.0,2,1,1.0,3.0,0,0,0,0,0.5,0,0,3,1,0,1,1,0,0,0,0,1,0,0,0,22.4662345,88.4025921,0.3333333333333333
2,11500000.0,1555.0,3,3,7.0,24.0,0,0,0,1,3.0,2,0,3,1,1,1,1,1,1,1,1,0,1,0,0,22.5959131,88.4878653,0.2916666666666667
2,2340000.0,777.0,2,1,1.0,4.0,0,0,1,0,3.0,2,0,0,1,1,1,1,1,1,0,0,0,0,0,0,22.6950342,88.4073585,0.25
2,2170000.0,788.0,2,1,4.0,4.0,0,0,1,0,3.0,2,0,0,1,1,1,1,1,1,0,0,0,0,0,0,22.679688,88.4498321,1.0
2,2170000.0,804.0,2,1,2.0,4.0,0,0,0,0,0.5,2,0,0,1,0,1,0,0,0,0,0,1,0,0,0,22.7710139,88.3291849,0.5
3,7500000.0,1480.0,2,2,4.0,4.0,0,0,0,0,3.0,2,0,0,1,1,0,0,1,1,1,1,0,0,0,0,22.5932398,88.3441315,1.0
2,2864000.0,682.0,2,1,1.0,2.0,1,0,0,0,0.5,2,0,0,0,0,1,1,0,0,0,0,1,0,0,0,22.4602389,88.3644484,0.5
3,3162000.0,930.0,2,1,1.0,4.0,0,0,0,0,3.0,2,0,1,1,0,1,1,1,0,0,0,1,0,0,0,22.5697,88.3630976,0.25
3,3952000.000000001,1040.0,2,1,1.0,3.0,1,0,0,0,3.0,2,0,0,1,0,1,1,1,0,0,0,1,0,0,0,22.5697,88.3630976,0.3333333333333333
3,3950000.0,1124.0,2,1,2.0,4.0,0,0,1,0,3.0,2,0,0,1,1,1,1,1,1,0,0,0,0,0,0,22.6974185,88.4619034,0.5
2,3200000.0,850.0,2,1,4.0,5.0,0,0,0,0,0.5,2,2,3,1,1,1,1,1,1,0,1,0,1,0,0,22.7240295,88.4889199,0.8
2,5000000.0,960.0,2,1,3.0,4.0,0,0,0,0,7.5,2,0,2,1,1,1,0,1,1,1,1,0,1,0,0,22.4662366,88.4050198,0.75
2,4500000.0,960.0,2,1,3.0,5.0,0,0,0,0,12.5,2,0,2,1,0,1,1,1,1,1,1,1,0,0,0,22.4690721,88.3912838,0.6
1,1831000.0,436.0,1,1,2.0,2.0,1,0,0,0,0.5,2,0,0,0,0,1,1,0,0,0,0,1,0,0,0,22.4735864,88.3606732,1.0
3,4900000.0,1225.0,2,1,1.0,6.0,0,0,0,0,0.5,2,0,0,1,1,1,0,0,1,0,0,0,0,0,0,13.0479657,77.6452691,0.16666666666666666
2,6200000.0,1036.0,2,2,4.0,6.0,0,0,0,0,7.5,2,2,4,1,1,1,1,1,1,1,1,0,1,0,0,22.6286173,88.44061,0.6666666666666666
3,7700000.0,1090.0,2,1,4.0,11.0,0,0,0,0,0.5,2,0,4,1,0,0,0,0,0,1,1,1,1,0,0,22.7241945,88.4837829,0.36363636363636365
2,2800000.0,840.0,2,1,3.0,4.0,0,0,0,0,7.5,2,0,3,1,1,1,1,1,1,1,1,0,1,0,0,22.4145089,88.2839351,0.75
3,15000000.0,1525.0,3,1,4.0,7.0,0,0,1,0,3.0,2,0,6,1,1,0,0,0,0,1,1,0,1,0,0,22.4690721,88.3912838,0.5714285714285714
3,10400000.0,1340.0,2,1,2.0,4.0,0,0,0,0,0.5,2,0,0,1,1,1,1,1,1,1,1,0,0,0,0,22.6286173,88.44061,0.5
3,4880000.0,1220.0,2,1,2.0,4.0,0,0,0,0,3.0,2,0,0,1,1,0,1,0,0,0,0,0,0,0,0,22.6375838,88.412158,0.5
3,4811000.0,1218.0,2,1,2.0,6.0,0,0,0,0,3.0,2,0,1,1,1,0,1,1,0,1,0,1,0,0,0,22.6375838,88.412158,0.3333333333333333
3,6900000.0,1250.0,2,2,3.0,4.0,0,0,0,0,3.0,2,0,0,1,1,1,1,1,0,0,0,0,0,0,0,22.6202131,88.4681187,0.75
2,2247000.0,817.0,2,1,3.0,5.0,0,0,0,0,0.5,2,0,2,1,1,1,0,0,0,0,0,1,0,0,0,22.69972,88.3519784,0.6
2,2303000.0,853.0,2,1,3.0,5.0,0,0,0,0,0.5,2,0,2,1,1,1,1,0,0,0,0,1,0,0,0,22.69972,88.3519784,0.6
2,2267000.0,817.0,2,1,3.0,5.0,0,0,0,0,0.5,2,0,2,1,1,1,0,0,0,0,1,1,0,0,0,22.69972,88.3519784,0.6
2,2226000.0,817.0,2,1,3.0,5.0,0,0,0,0,0.5,2,0,2,1,1,1,0,0,0,0,1,1,0,0,0,22.69972,88.3519784,0.6
2,2367000.0,853.0,2,1,3.0,5.0,0,0,0,0,0.5,2,0,2,1,1,1,1,0,0,0,1,1,0,0,0,22.69972,88.3519784,0.6
2,2346000.0,853.0,2,1,3.0,5.0,0,0,0,0,0.5,2,0,1,1,1,1,1,0,0,0,0,0,0,0,0,22.69972,88.3519784,0.6
2,2137000.0,770.0,2,1,3.0,5.0,0,0,0,0,0.5,2,0,2,1,1,1,1,0,0,0,1,1,0,0,0,22.69972,88.3519784,0.6
2,2575000.0,928.0,2,1,3.0,5.0,0,0,0,0,0.5,2,0,2,1,1,0,0,0,0,1,1,1,0,0,0,22.69972,88.3519784,0.6
2,2552000.0,928.0,2,1,3.0,5.0,0,0,0,0,0.5,2,0,2,1,1,1,0,0,0,0,1,1,0,0,0,22.69972,88.3519784,0.6
2,2506000.0,928.0,2,1,3.0,5.0,0,0,0,0,0.5,2,0,2,1,1,1,0,0,0,0,1,1,0,0,0,22.69972,88.3519784,0.6
3,3680000.0,1363.0,2,1,4.0,5.0,0,0,0,0,0.5,2,0,2,1,1,0,0,0,0,1,1,1,0,0,0,22.69972,88.3519784,0.8
3,3714000.0,1363.0,2,1,4.0,5.0,0,0,0,0,0.5,2,0,2,1,1,1,0,0,0,0,1,1,0,0,0,22.69972,88.3519784,0.8
3,2775000.0,1000.0,2,1,4.0,5.0,0,0,0,0,0.5,2,0,2,1,1,1,1,0,0,0,0,1,0,0,0,22.69972,88.3519784,0.8
3,2750000.0,1000.0,2,1,4.0,5.0,0,0,0,0,0.5,2,0,2,1,1,1,1,0,0,0,0,1,0,0,0,22.69972,88.3519784,0.8
3,2725000.0,1000.0,2,1,4.0,5.0,0,0,0,0,0.5,2,0,2,1,1,1,1,0,0,0,0,1,0,0,0,22.69972,88.3519784,0.8
3,2700000.0,1000.0,2,1,4.0,5.0,0,0,0,0,0.5,2,0,2,1,1,1,1,0,0,0,0,1,0,0,0,22.69972,88.3519784,0.8
1,955000.0,344.0,1,1,1.0,5.0,0,0,0,0,0.5,2,0,2,1,1,1,0,0,0,0,0,1,0,0,0,22.69972,88.3519784,0.2
3,2761000.0,995.0,2,1,1.0,5.0,0,0,0,0,0.5,2,0,2,1,1,1,1,0,0,0,1,1,0,0,0,22.69972,88.3519784,0.2
3,2673000.0,1038.0,2,2,3.0,5.0,0,0,0,0,0.5,2,0,2,1,1,1,1,0,0,0,0,1,0,0,0,22.69972,88.3519784,0.6
3,2202000.0,855.0,2,1,3.0,5.0,0,0,0,0,0.5,2,0,2,1,1,1,1,0,0,0,0,1,0,0,0,22.69972,88.3519784,0.6
2,1666000.0,647.0,2,1,1.0,5.0,0,0,0,0,0.5,2,0,1,1,1,0,1,0,0,0,0,1,0,0,0,22.69972,88.3519784,0.2
2,2124000.0,825.0,2,1,2.0,5.0,0,0,0,0,0.5,2,0,2,1,1,1,1,0,0,0,0,1,0,0,0,22.69972,88.3519784,0.4
2,2001000.0,777.0,2,1,4.0,5.0,0,0,0,0,0.5,2,0,2,1,1,1,1,0,0,0,0,1,0,0,0,22.69972,88.3519784,0.8
2,4565000.0,830.0,2,1,3.0,6.0,0,0,0,0,3.0,2,0,0,1,1,1,1,0,0,0,0,0,0,0,0,22.6546116,88.4249902,0.5
2,2300000.0,838.0,2,1,2.0,4.0,0,0,1,0,3.0,2,0,0,1,1,1,1,1,1,0,0,0,0,0,0,22.6947839,88.4530183,0.5
3,2808000.0,1040.0,2,1,2.0,4.0,0,0,0,0,0.5,2,0,2,1,1,1,1,1,1,1,1,1,0,0,0,22.6836507,88.3417989,0.5
2,2650000.0,855.0,2,1,3.0,4.0,0,0,1,0,3.0,2,0,3,1,1,1,1,1,1,0,0,1,0,0,0,22.6947839,88.4530183,0.75
2,2741000.0,783.0,2,1,2.0,4.0,0,0,0,0,0.5,2,0,2,1,1,1,1,1,1,0,1,1,0,0,0,22.6743641,88.3432884,0.5
2,3750000.0,850.0,2,1,4.0,5.0,0,0,0,0,0.5,2,0,3,1,1,1,1,1,1,0,0,1,0,0,0,22.6286173,88.44061,0.8
2,4200000.0,1052.0,2,1,4.0,11.0,0,0,0,0,7.5,2,0,5,1,1,1,1,1,1,1,1,1,1,0,0,22.4873548,88.3133794,0.36363636363636365
3,6600000.0,1050.0,2,0,3.0,4.0,0,0,0,0,0.5,2,0,0,1,1,1,1,0,1,0,1,0,0,0,0,22.5786581,88.4684426,0.75
2,3500000.0,930.0,2,1,1.0,3.0,1,0,0,0,3.0,2,0,0,1,0,1,1,1,0,0,0,1,0,0,0,22.4727076,88.3977962,0.3333333333333333
2,3600000.0,900.0,2,1,3.0,4.0,0,0,0,0,3.0,2,0,3,1,1,1,1,1,1,0,0,1,0,0,0,22.578579,88.3551327,0.75
2,1682000.0,647.0,2,1,1.0,5.0,0,0,0,0,3.0,2,0,3,1,1,1,1,1,1,1,1,1,0,0,0,22.69972,88.3519784,0.2
2,2109000.0,703.0,2,1,3.0,3.0,0,0,0,0,3.0,2,0,2,1,1,1,1,1,1,0,0,1,0,0,0,22.6743641,88.3432884,1.0
2,2577000.0,859.0,2,2,1.0,3.0,0,0,0,0,3.0,2,0,2,1,1,1,1,1,1,1,1,1,0,0,0,22.6743641,88.3432884,0.3333333333333333
3,5482000.0,1246.0,2,2,2.0,4.0,0,0,0,0,3.0,2,0,1,1,0,0,0,0,0,0,0,1,0,0,0,22.6543211,88.3592454,0.5
2,3167000.0,918.0,2,1,2.0,4.0,0,0,0,0,3.0,2,0,0,1,1,1,1,1,1,1,1,0,0,0,0,25.7967438,89.5446589,0.5
2,2950000.0,812.0,2,1,3.0,4.0,0,0,0,0,3.0,2,0,3,1,0,0,0,0,0,0,0,1,0,0,0,22.6380124,88.3958929,0.75
2,2590000.0,700.0,1,1,2.0,4.0,0,0,0,0,3.0,2,0,1,1,0,0,0,0,0,0,0,1,0,0,0,22.6380124,88.3958929,0.5
3,3765000.0,1046.0,2,1,3.0,5.0,0,0,0,0,3.0,2,0,0,1,1,0,1,0,0,0,0,0,0,0,0,22.9453159,88.4597926,0.6
2,4478000.0,933.0,2,1,2.0,6.0,0,0,0,0,3.0,2,0,4,1,1,1,1,1,0,0,0,1,1,0,0,22.578579,88.3551327,0.3333333333333333
2,3385000.0,915.0,2,1,1.0,4.0,0,0,0,0,3.0,2,0,4,1,1,1,1,1,1,1,1,1,1,0,0,25.7967438,89.5446589,0.25
2,4635000.0,927.0,2,1,4.0,4.0,0,0,0,0,3.0,2,0,0,1,1,1,1,1,1,1,1,0,0,0,0,22.5053017,88.4009957,1.0
2,2260000.0,960.0,2,1,3.0,4.0,0,0,1,0,3.0,2,0,0,1,1,1,1,1,1,0,0,0,0,0,0,22.6947839,88.4530183,0.75
2,4900000.0,864.0,2,1,4.0,4.0,0,0,0,0,0.5,2,0,0,1,1,1,1,1,0,0,0,0,0,0,0,22.6202131,88.4681187,1.0
2,4396000.0,1142.0,2,1,2.0,4.0,0,0,0,0,3.0,2,0,0,1,1,1,1,1,1,1,1,0,0,0,0,25.7967438,89.5446589,0.5
2,4200000.0,850.0,2,1,2.0,3.0,0,0,0,0,12.5,2,2,3,0,0,0,1,0,0,0,0,1,0,0,0,22.5003756,88.3750985,0.6666666666666666
3,5800000.0,1338.0,2,1,2.0,3.0,0,0,0,0,3.0,2,0,3,1,0,1,1,0,0,0,0,1,0,0,0,22.4727076,88.3977962,0.6666666666666666
2,3655000.0,731.0,2,1,3.0,4.0,0,0,0,0,3.0,2,0,0,1,1,1,1,1,0,0,0,0,0,0,0,22.6286173,88.44061,0.75
3,6185000.0,1237.0,2,1,4.0,4.0,0,0,0,0,3.0,2,0,0,1,1,1,1,1,0,0,0,0,0,0,0,22.613274,88.4246327,1.0
2,4250000.0,850.0,2,1,2.0,3.0,1,0,0,0,3.0,2,0,1,1,0,1,1,1,0,0,0,1,0,0,0,22.4735864,88.3606732,0.6666666666666666
2,4517000.0,961.0,2,1,5.0,6.0,0,0,0,0,0.5,2,1,6,1,1,1,1,1,1,0,0,1,1,0,0,22.578579,88.3551327,0.8333333333333334
2,2595000.0,810.0,2,1,2.0,4.0,0,0,1,0,3.0,2,0,0,1,1,1,1,1,1,0,0,0,0,0,0,22.6950342,88.4073585,0.5
3,6240000.0,1200.0,2,1,6.0,6.0,0,0,0,0,3.0,2,0,1,1,1,1,1,0,0,0,0,1,0,0,0,22.6380124,88.3958929,1.0
2,1926000.0,642.0,2,1,2.0,3.0,0,0,0,0,3.0,2,0,1,0,0,1,1,1,0,0,0,1,0,0,0,22.5697,88.3630976,0.6666666666666666
2,3063000.0,806.0,2,1,2.0,3.0,1,0,0,0,0.5,2,0,0,1,0,1,1,0,0,0,0,1,0,0,0,22.4727076,88.3977962,0.6666666666666666
3,4715000.0,1241.0,2,1,1.0,4.0,0,0,0,0,3.0,2,0,0,1,1,1,1,1,1,1,0,0,0,0,0,22.6286173,88.44061,0.25
2,4728000.0,892.0,2,1,4.0,4.0,0,0,0,0,3.0,2,0,0,1,1,0,0,1,0,0,0,0,0,0,0,22.6202131,88.4681187,1.0
2,2100000.0,935.0,2,1,1.0,4.0,0,0,1,0,3.0,2,0,0,1,1,1,1,1,1,0,0,0,0,0,0,22.679688,88.4498321,0.25
2,4598000.0,836.0,2,1,3.0,4.0,0,0,0,0,0.5,2,0,0,1,1,0,0,0,0,0,1,0,0,0,0,22.6202131,88.4681187,0.75
3,4700000.0,1250.0,2,2,4.0,4.0,0,0,0,0,3.0,2,0,2,1,1,1,1,1,1,1,1,1,0,0,0,22.6670459,88.3411458,1.0
3,7690000.000000001,1183.0,2,1,2.0,4.0,0,0,0,0,3.0,2,0,0,1,1,1,1,1,1,0,0,0,0,0,0,22.6202131,88.4681187,0.5
2,2233000.0,812.0,2,1,1.0,5.0,0,0,0,0,0.5,2,0,2,0,1,0,1,1,0,0,0,1,0,0,0,22.69972,88.3519784,0.2
2,2300000.0,803.0,2,1,1.0,4.0,0,0,1,0,3.0,2,0,0,1,0,0,1,1,1,0,0,0,0,0,0,22.7001796,88.3791567,0.25
3,5700000.0,1101.0,2,1,12.0,19.0,0,0,0,0,3.0,2,0,5,1,1,1,1,1,1,1,1,0,1,0,0,22.7001796,88.3791567,0.631578947368421
3,3980000.0,1206.0,2,1,1.0,4.0,0,0,0,0,3.0,2,0,0,1,1,0,1,0,0,0,0,0,0,0,0,22.6375838,88.412158,0.25
2,2574000.0,780.0,2,1,4.0,4.0,0,0,0,0,3.0,2,0,0,1,1,0,1,0,0,0,0,0,0,0,0,22.6375838,88.412158,1.0
3,5700000.0,1070.0,2,1,1.0,4.0,0,0,0,0,12.5,2,0,0,1,1,1,0,0,0,0,0,0,0,0,0,22.5053017,88.4009957,0.25
1,2264000.0,621.0,1,1,2.0,4.0,0,0,0,0,3.0,2,0,0,1,1,0,0,1,0,1,0,0,0,0,0,13.0479657,77.6452691,0.5
2,3150000.0,700.0,2,1,3.0,4.0,0,0,0,0,0.5,2,0,4,1,1,1,1,1,1,0,0,1,0,0,0,22.6286173,88.44061,0.75
2,3121000.0,918.0,2,1,3.0,4.0,0,0,0,0,3.0,2,0,4,1,1,1,1,1,0,0,1,1,1,0,0,25.7967438,89.5446589,0.75
2,2425000.0,866.0,2,1,2.0,5.0,0,0,0,0,3.0,2,0,2,1,1,1,1,1,1,1,1,1,0,0,0,22.69972,88.3519784,0.4
2,4600000.0,917.0,2,1,2.0,4.0,0,0,0,0,0.5,2,0,0,1,0,1,0,0,0,0,0,0,0,0,0,22.4727076,88.3977962,0.5
2,2083000.0,817.0,2,1,2.0,3.0,0,0,0,0,0.5,2,0,2,1,1,1,1,1,1,0,0,1,0,0,0,22.6836507,88.3417989,0.6666666666666666
1,1494000.0,610.0,1,1,2.0,3.0,0,0,0,0,0.5,2,0,2,1,1,1,1,1,1,0,1,1,0,0,0,22.6836507,88.3417989,0.6666666666666666
2,3200000.0,780.0,1,1,3.0,3.0,0,0,0,0,3.0,2,0,1,0,0,0,0,0,0,0,0,1,0,0,0,22.5135613,88.3812157,1.0
3,6800000.0,1112.0,2,1,3.0,4.0,0,0,0,0,0.5,2,0,0,1,1,1,1,0,0,0,0,0,0,0,0,22.6202131,88.4681187,0.75
3,4550000.0,1120.0,2,1,3.0,4.0,0,0,0,0,0.5,2,0,0,1,0,0,0,0,0,0,0,0,0,0,0,22.6344962,88.4157144,0.75
3,7500000.0,1260.0,2,1,5.0,14.0,0,0,0,0,3.0,2,0,7,1,1,1,1,1,1,1,1,1,1,0,0,22.4440966,88.3017146,0.35714285714285715
2,3150000.0,852.0,1,1,3.0,3.0,0,0,0,0,3.0,2,0,1,1,0,0,0,0,0,0,0,1,0,0,0,22.6530765,88.3805962,1.0
2,4594000.0,957.0,2,1,5.0,6.0,0,0,0,0,3.0,2,0,4,1,1,1,1,1,0,0,0,1,1,0,0,22.578579,88.3551327,0.8333333333333334
3,14200000.0,798.0,2,2,17.0,20.0,0,1,0,0,0.5,0,0,3,1,1,1,1,1,1,1,1,0,1,0,0,22.5959131,88.4878653,0.85
2,2668000.0,667.0,2,1,4.0,4.0,0,0,0,0,3.0,2,0,2,1,1,1,1,0,0,1,0,1,0,0,0,22.477646,88.4399813,1.0
2,2085000.0,695.0,2,1,4.0,4.0,0,0,0,0,3.0,2,0,0,1,1,1,1,1,0,0,0,0,0,0,0,22.6210988,88.3978255,1.0
2,2696000.0,793.0,2,1,3.0,4.0,0,0,0,0,3.0,2,0,4,1,0,0,0,0,0,0,1,1,1,0,0,25.7967438,89.5446589,0.75
2,1669000.0000000002,642.0,2,1,1.0,5.0,0,0,0,0,0.5,2,0,3,1,1,1,1,1,1,0,0,1,0,0,0,22.69972,88.3519784,0.2
3,8800000.0,1245.0,2,1,4.0,4.0,0,0,0,0,3.0,2,0,0,1,1,0,1,1,1,0,0,0,0,0,0,22.5743093,88.4558557,1.0
2,3600000.0,850.0,2,0,3.0,4.0,0,0,0,0,3.0,2,1,0,0,1,1,0,0,0,0,0,1,0,0,0,22.506758,88.3817559,0.75
3,7600000.0,1167.0,2,1,14.0,15.0,0,0,0,0,0.5,2,2,2,1,1,1,1,1,1,1,1,0,1,0,0,22.4690721,88.3912838,0.9333333333333333
2,2562000.0,754.0,2,1,2.0,4.0,0,0,0,0,3.0,2,0,0,1,1,1,1,1,0,0,1,0,1,0,0,25.7967438,89.5446589,0.5
3,6800000.0,1125.0,2,1,3.0,4.0,0,0,0,0,3.0,2,0,0,1,1,1,1,1,0,0,0,0,0,0,0,22.6202131,88.4681187,0.75
2,4600000.0,1000.0,2,1,1.0,4.0,0,0,0,0,12.5,2,0,1,1,1,1,1,1,1,1,1,1,0,0,0,22.4727076,88.3977962,0.25
2,9800000.0,1260.0,2,1,9.0,13.0,0,0,0,0,7.5,2,0,3,1,1,1,1,1,1,1,1,0,1,0,0,22.495499,88.3709006,0.6923076923076923
3,5014000.0,1166.0,2,1,3.0,5.0,0,0,0,0,0.5,2,0,0,1,1,0,1,1,1,0,0,0,0,0,0,22.6375838,88.412158,0.6
3,8200000.0,1450.0,3,1,1.0,4.0,0,0,0,0,3.0,2,0,0,1,1,0,1,1,1,0,0,0,0,0,0,22.6202131,88.4681187,0.25
2,2600000.0,705.0,2,1,1.0,3.0,1,0,0,0,3.0,2,0,1,1,0,1,1,1,0,0,0,1,0,0,0,22.4727076,88.3977962,0.3333333333333333
2,2800000.0,776.0,2,1,2.0,3.0,0,0,0,0,3.0,2,0,0,0,1,1,0,1,0,0,0,0,0,0,0,22.4727076,88.3977962,0.6666666666666666
4,13000000.0,1940.0,4,3,9.0,17.0,0,0,0,1,3.0,2,0,2,1,1,1,1,1,1,0,1,0,1,0,0,25.7967438,89.5446589,0.5294117647058824
3,7000000.0,1050.0,2,1,2.0,3.0,0,0,0,0,12.5,2,1,0,0,0,0,0,0,0,0,0,0,0,0,0,22.4690721,88.3912838,0.6666666666666666
2,6237000.0,945.0,2,1,3.0,4.0,1,0,0,0,0.5,2,0,0,1,1,1,1,1,0,1,0,1,0,0,0,22.4933548,88.3433104,0.75
2,3121000.0,918.0,2,1,2.0,4.0,0,0,0,0,3.0,2,0,0,1,1,1,1,0,0,0,1,0,1,0,0,25.7967438,89.5446589,0.5
2,2100000.0,700.0,1,1,3.0,4.0,0,0,0,0,3.0,2,0,0,1,0,0,1,1,0,0,0,0,0,0,0,22.7001796,88.3791567,0.75
2,2848000.0,850.0,2,1,2.0,4.0,0,0,0,0,3.0,2,0,0,1,1,1,1,1,1,1,0,0,0,0,0,25.7967438,89.5446589,0.5
2,3200000.0,867.0,2,1,1.0,4.0,0,0,0,0,3.0,2,0,0,1,1,1,1,1,1,1,1,0,1,0,0,25.7967438,89.5446589,0.25
3,7000000.0,1359.0,2,2,17.0,19.0,0,0,0,0,3.0,2,0,5,1,1,1,1,1,1,1,1,0,1,0,0,22.7001796,88.3791567,0.8947368421052632
2,2747000.0,820.0,2,1,2.0,4.0,0,0,0,0,3.0,2,0,0,1,1,1,1,1,0,1,0,0,0,0,0,25.7967438,89.5446589,0.5
2,4758000.0,865.0,2,1,2.0,7.0,0,0,0,0,0.5,2,0,4,1,1,1,1,1,1,0,0,1,0,0,0,22.6210988,88.3978255,0.2857142857142857
3,6600000.0,1200.0,2,1,6.0,7.0,0,0,0,0,0.5,2,0,4,1,1,1,1,1,0,0,0,1,0,0,0,22.6210988,88.3978255,0.8571428571428571
3,2365000.0,946.0,2,1,4.0,4.0,0,0,0,0,0.5,2,0,2,1,1,1,1,1,1,0,1,1,0,0,0,22.6836507,88.3417989,1.0
2,2047000.0,758.0,2,1,1.0,4.0,0,0,0,0,0.5,2,0,2,1,1,1,1,1,1,1,1,1,0,0,0,22.6836507,88.3417989,0.25
2,5700000.0,1050.0,2,1,3.0,9.0,0,0,0,0,3.0,2,0,7,1,1,1,1,1,1,1,1,1,1,0,0,25.7967438,89.5446589,0.3333333333333333
3,17500000.0,1836.0,3,3,2.0,12.0,0,0,0,0,0.5,2,0,4,1,1,1,1,0,1,1,1,1,1,0,0,22.5586562,88.4108018,0.16666666666666666
3,15000000.0,1460.0,2,2,6.0,6.0,0,0,1,1,12.5,0,2,3,0,0,0,0,0,0,0,0,0,0,0,0,22.5539125,88.3302038,1.0
3,6780000.0,1169.0,2,2,2.0,3.0,0,0,0,0,3.0,2,0,2,1,1,1,0,1,0,1,0,1,0,0,0,22.5003756,88.3750985,0.6666666666666666
1,946000.0,344.0,1,1,3.0,5.0,0,0,0,0,3.0,2,0,2,1,1,1,1,1,1,0,1,1,0,0,0,22.69972,88.3519784,0.6
2,2650000.0,895.0,2,1,2.0,4.0,0,0,0,0,3.0,2,0,3,1,0,0,1,1,1,0,1,0,1,0,0,22.3606792,88.4322502,0.5
3,4100000.0,1038.0,2,1,2.0,4.0,0,0,0,0,3.0,2,0,0,1,1,0,1,1,1,0,0,0,0,0,0,22.6286173,88.44061,0.5
2,3134000.0,814.0,2,1,1.0,4.0,0,0,0,0,3.0,2,0,0,1,1,0,1,1,1,0,0,0,0,0,0,22.6286173,88.44061,0.25
